neuron_i,neuron_label,area,ramp_type,condition,slope,mean_fr
2,M021519_005_2,11ml,Positive,short,0.005434203387073667,0.5125370323224095
2,M021519_005_2,11ml,Positive,medium,0.005096895549307877,0.24204849562771966
2,M021519_005_2,11ml,Positive,long,0.006874729398392113,0.5699443762653977
8,M021519_025_4,11ml,Negative,short,-0.0025246649269879333,0.8216470635981111
8,M021519_025_4,11ml,Negative,medium,-0.004207461348213434,0.6477051709992455
8,M021519_025_4,11ml,Negative,long,-0.002659922698994033,-1.3140454481227228
12,M021519_036_2,12o,Positive,short,0.0018508295343282709,0.19095955204881865
12,M021519_036_2,12o,Positive,medium,0.002562908133275164,1.1832404495178166
12,M021519_036_2,12o,Positive,long,8.001404256274753e-05,2.2643294015065605
20,M021519_066_1,45,Negative,short,-0.0017641276600536434,0.5051195287447754
20,M021519_066_1,45,Negative,medium,-0.0012729893568763073,-0.2831415097238287
20,M021519_066_1,45,Negative,long,-0.00032915923695078623,-0.6543361180386011
22,M021519_066_7,45,Negative,short,-0.001151823436224001,-0.5937893227759297
22,M021519_066_7,45,Negative,medium,-0.000439968214224237,-1.131635796111356
22,M021519_066_7,45,Negative,long,-0.0003450982262682676,-1.1743261585021376
23,M021519_069_1,12o,Negative,short,-0.0015924090711506428,0.413148797691938
23,M021519_069_1,12o,Negative,medium,-0.002359616475701012,0.48508012568858605
23,M021519_069_1,12o,Negative,long,-0.0007882293451430395,0.28508037521037816
25,M021519_091_2,AI,Positive,short,0.0015401190714949724,-1.194899598096254
25,M021519_091_2,AI,Positive,medium,0.0037712408429319637,-0.7910794202383986
25,M021519_091_2,AI,Positive,long,0.002980835335369828,0.25924053973229305
37,M021519_128_1,AMG,Positive,short,0.002530363407441439,-0.45928028016680456
37,M021519_128_1,AMG,Positive,medium,0.003164299258865292,0.06076978997462205
37,M021519_128_1,AMG,Positive,long,0.004051479980521215,-0.019250465603467826
45,M022219_025_3,11ml,Negative,short,-0.0024893561003154928,0.8477570367839494
45,M022219_025_3,11ml,Negative,medium,-0.004552609050832658,0.26989450301671286
45,M022219_025_3,11ml,Negative,long,-0.00397386541443828,-0.4582108097838954
49,M022219_060_3,13l,Positive,short,0.0026570636732329385,0.6348957067641031
49,M022219_060_3,13l,Positive,medium,0.0016284082211067356,1.4973666075858816
49,M022219_060_3,13l,Positive,long,0.0015866224041405565,1.924496288505846
63,M022219_119_2,AMG,Positive,short,0.003076296168555191,1.023228992028034
63,M022219_119_2,AMG,Positive,medium,0.0021464219185401354,1.0291386995706304
63,M022219_119_2,AMG,Positive,long,0.00177544413288872,1.134783549832425
69,M022819_005_2,11ml,Positive,short,0.005259013269945441,0.41160675290122223
69,M022819_005_2,11ml,Positive,medium,0.00444857926981034,0.36870274788540436
69,M022819_005_2,11ml,Positive,long,0.003556444248355309,-0.01264767081611565
77,M022819_077_3,45,Negative,short,-0.003518952110032692,-0.25269450471672955
77,M022819_077_3,45,Negative,medium,-0.000559655395270629,-0.8449097768637582
77,M022819_077_3,45,Negative,long,0.0004668801009018116,-0.8014153450380348
83,M022819_078_7,AI,Positive,short,0.0015360316630382564,-0.3792585757457131
83,M022819_078_7,AI,Positive,medium,0.0010713903431165362,-0.4490698462851135
83,M022819_078_7,AI,Positive,long,0.0014551312391047865,-0.4829620013825387
98,M030118_005_2,11ml,Positive,short,0.003088791941674968,0.06517344293767235
98,M030118_005_2,11ml,Positive,medium,0.002445805858932786,0.35209538477911506
98,M030118_005_2,11ml,Positive,long,0.0013612973344985136,0.3173207017796861
107,M030118_016_4,46d,Negative,short,-0.0015779405794633336,-0.16762149782528146
107,M030118_016_4,46d,Negative,medium,-0.001873416359618504,-0.5398528229910844
107,M030118_016_4,46d,Negative,long,-0.000693002014169553,-1.0570842921733856
108,M030118_017_2,12l,Positive,short,0.003430901146009728,0.657417290951722
108,M030118_017_2,12l,Positive,medium,0.0027226906966132053,1.1850657579109396
108,M030118_017_2,12l,Positive,long,0.0020038336586431214,1.2159593793100207
123,M030118_042_3,46df,Negative,short,-0.004457778847584991,0.12401388227449925
123,M030118_042_3,46df,Negative,medium,-0.0028758761378434796,0.005444186346794474
123,M030118_042_3,46df,Negative,long,-0.0032523302019001102,-0.11317874922048295
127,M030118_051_1,46df,Negative,short,-0.001281013331779036,0.6877768797547744
127,M030118_051_1,46df,Negative,medium,-0.003868451096157804,0.3411837902006084
127,M030118_051_1,46df,Negative,long,-0.0022486149216887556,-0.40192889370304685
146,M030118_090_2,8A,Negative,short,-0.0013685046710964523,1.094760357292242
146,M030118_090_2,8A,Negative,medium,-0.0030264412276590773,-0.3898935558107029
146,M030118_090_2,8A,Negative,long,-0.0021072887220373805,-0.8265029639145127
166,M030118_125_2,6DR,Positive,short,0.0043121097093194154,0.7973789296469077
166,M030118_125_2,6DR,Positive,medium,0.0031838590102674083,0.15181021059951597
166,M030118_125_2,6DR,Positive,long,0.0027541968897773156,0.4894174629885908
169,M030118_128_6,6DC,Positive,short,0.0035892881317121177,-0.28905733931527244
169,M030118_128_6,6DC,Positive,medium,0.0027248912914071503,0.06276971603838259
169,M030118_128_6,6DC,Positive,long,0.0016774848182955916,0.30665058017779645
175,M030118_140_2,6DC,Positive,short,0.0010232130076622437,-0.4578476900549658
175,M030118_140_2,6DC,Positive,medium,0.0006398135031018095,-0.4512352468864295
175,M030118_140_2,6DC,Positive,long,0.0005960532651350294,-0.42711270410883645
177,M030118_142_2,6DC,Negative,short,-0.0026067053261765467,0.26749207711055684
177,M030118_142_2,6DC,Negative,medium,-0.0015348403614820426,-0.687078167548639
177,M030118_142_2,6DC,Negative,long,-0.000688472134218976,-1.1479770697888836
186,M030118_155_2,6DC,Negative,short,-0.0015693864668661949,1.1782645551416522
186,M030118_155_2,6DC,Negative,medium,-0.0015716414717297995,0.523170147648433
186,M030118_155_2,6DC,Negative,long,-0.0013362904205589095,0.06416445525764827
190,M030119_005_3,11ml,Positive,short,0.004072234785146756,0.16078491830584685
190,M030119_005_3,11ml,Positive,medium,0.004474824800152954,0.1109600658691217
190,M030119_005_3,11ml,Positive,long,0.004665600185183849,-0.007617799416432365
202,M030119_119_3,AMG,Positive,short,0.003264467587250241,0.6500396442381873
202,M030119_119_3,AMG,Positive,medium,0.002375293148285117,0.8608488001660777
202,M030119_119_3,AMG,Positive,long,0.0008130822416227674,0.6797269117861937
203,M030119_129_2,AMG,Positive,short,0.0028172702643884415,0.3249946583828795
203,M030119_129_2,AMG,Positive,medium,0.000580283392862288,-0.4134185412596871
203,M030119_129_2,AMG,Positive,long,0.003711690062257738,-0.3059831117717596
232,M030218_094_2,46d,Positive,short,0.0019546543899849433,0.7965285109616382
232,M030218_094_2,46d,Positive,medium,0.0026392463803996515,-0.43723434794030946
232,M030218_094_2,46d,Positive,long,0.002813957030403202,-0.19880678782794708
239,M030218_108_2,6DR,Positive,short,0.0035886649739648247,-0.7823116726113387
239,M030218_108_2,6DR,Positive,medium,0.0032453626550190194,-0.3183179918615405
239,M030218_108_2,6DR,Positive,long,0.002646771520698332,-0.21378406785318502
245,M030218_128_6,6DC,Positive,short,0.003667778763719333,-0.30045080162513016
245,M030218_128_6,6DC,Positive,medium,0.003999431484071954,0.12454207118960119
245,M030218_128_6,6DC,Positive,long,0.0036537800442626635,0.6058783853627687
255,M030518_005_2,11ml,Positive,short,0.0026719692199224285,0.4731610659322006
255,M030518_005_2,11ml,Positive,medium,0.0009228791731101004,0.6526577518803506
255,M030518_005_2,11ml,Positive,long,0.0010144009135228621,0.8255691491129394
320,M030618_068_3,46v,Negative,short,-0.0017565848494789915,-0.5827153827014442
320,M030618_068_3,46v,Negative,medium,-0.0012204807064464572,-1.1014309340031097
320,M030618_068_3,46v,Negative,long,4.903096305162449e-05,-1.395479343893524
326,M030618_097_2,6DR,Positive,short,0.004798031728173215,-0.2051168166331679
326,M030618_097_2,6DR,Positive,medium,0.002709360344436061,0.00881031983127754
326,M030618_097_2,6DR,Positive,long,-0.0012263983602444806,0.7831071329010229
332,M030618_128_2,6DC,Positive,short,0.0014073836029151062,-0.22598721802807234
332,M030618_128_2,6DC,Positive,medium,0.0011267896193002894,1.1970590294498373
332,M030618_128_2,6DC,Positive,long,0.0007040043049611554,2.4288971523278566
336,M030618_140_2,6DC,Negative,short,-0.0006947381887434074,-0.6908941023212899
336,M030618_140_2,6DC,Negative,medium,-0.0008047240379869483,-0.8181846569758683
336,M030618_140_2,6DC,Negative,long,-0.000761108732709307,-1.1781754956864279
343,M030618_150_2,6DC,Negative,short,-0.0023070258662668142,-0.03910419675862469
343,M030618_150_2,6DC,Negative,medium,-0.0022737346238144236,-0.14186712364721757
343,M030618_150_2,6DC,Negative,long,-0.000936388039030747,-0.5592268327167397
345,M030618_152_3,6DC,Negative,short,-0.0010622137717577673,1.1742339023635313
345,M030618_152_3,6DC,Negative,medium,-0.0032236511017035585,0.5888419576816745
345,M030618_152_3,6DC,Negative,long,-0.0025719319445713547,0.20510080427678298
359,M030718_017_3,12l,Positive,short,0.002762737977303002,-0.02882462756312336
359,M030718_017_3,12l,Positive,medium,0.0014453808255186077,0.8898935489280586
359,M030718_017_3,12l,Positive,long,0.0009655724466295923,0.5204794607339083
366,M030718_029_2,12o,Positive,short,0.001717732088255521,0.9506592310208846
366,M030718_029_2,12o,Positive,medium,0.0033517991741406476,0.6263479851145114
366,M030718_029_2,12o,Positive,long,0.00035545661496840647,0.9621403826998791
383,M030718_078_2,8A,Negative,short,-0.001484981449031707,-0.4336685341578124
383,M030718_078_2,8A,Negative,medium,-0.0003144151111640742,-1.2424136262368441
383,M030718_078_2,8A,Negative,long,-0.0006690901689300439,-1.2133702494935465
402,M030718_142_2,6DC,Positive,short,0.0019479814425869442,-0.8495366935489991
402,M030718_142_2,6DC,Positive,medium,0.0024033866990016165,0.2514253040481616
402,M030718_142_2,6DC,Positive,long,0.0017332254495795907,0.006751874203370658
421,M030818_018_3,12l,Positive,short,0.003951745402687868,-0.32592538764685575
421,M030818_018_3,12l,Positive,medium,0.0018126735387897503,0.1485456510238929
421,M030818_018_3,12l,Positive,long,0.0031555414257425363,0.592670348150572
426,M030818_028_2,45,Positive,short,0.0031706139944421,-0.1291441436083724
426,M030818_028_2,45,Positive,medium,0.005228618005725789,-0.05676052148474036
426,M030818_028_2,45,Positive,long,0.006668357320579305,0.5526401290465487
427,M030818_032_1,46v,Positive,short,0.003055601637792668,-0.8182469962724367
427,M030818_032_1,46v,Positive,medium,0.0031572301281642006,1.2181379239527375
427,M030818_032_1,46v,Positive,long,0.0015458654554086424,1.3174602633803933
439,M030818_078_2,8A,Negative,short,-0.002658712599570291,0.11723786120909459
439,M030818_078_2,8A,Negative,medium,-0.002274705623494689,-1.0907140815267944
439,M030818_078_2,8A,Negative,long,-0.000316795182451743,-1.500464075020268
448,M030818_128_2,6DC,Positive,short,0.0018268790225858533,-0.4263326273689677
448,M030818_128_2,6DC,Positive,medium,0.0024976243306683065,0.8841499233497412
448,M030818_128_2,6DC,Positive,long,0.0023935819069805866,2.336625046817316
449,M030818_128_3,6DC,Positive,short,0.0027137308051316234,-0.02715283591600876
449,M030818_128_3,6DC,Positive,medium,0.003980595593102575,-0.030627404386100177
449,M030818_128_3,6DC,Positive,long,0.004202665033298458,-0.22209918601945905
453,M030818_135_3,6DR,Negative,short,-0.002352742540018448,0.4416081275459311
453,M030818_135_3,6DR,Negative,medium,-0.0021061897227765344,-0.7187547315711685
453,M030818_135_3,6DR,Negative,long,-0.003957899829095366,-0.7475275210222654
455,M030818_140_1,6DC,Negative,short,-0.0007001728124912482,-0.2595854539470379
455,M030818_140_1,6DC,Negative,medium,-0.001761581858045308,-0.5955130604146894
455,M030818_140_1,6DC,Negative,long,-0.0017519764322099208,-0.6190065841458602
457,M030818_142_1,6DC,Negative,short,-0.0011725751850234164,1.2579585001889164
457,M030818_142_1,6DC,Negative,medium,-0.0026055329983124117,-0.11121794610410562
457,M030818_142_1,6DC,Negative,long,-0.0024234781550060507,-1.1293997887937282
476,M030918_018_2,12l,Positive,short,0.0009965791632118163,0.13930331878890959
476,M030918_018_2,12l,Positive,medium,0.0002763049104556907,-0.1030223993959389
476,M030918_018_2,12l,Positive,long,0.0037968571602517323,0.38555337745036167
478,M030918_023_2,46v,Negative,short,-0.002892736642910654,-0.009573605858771976
478,M030918_023_2,46v,Negative,medium,-0.0021570367457538465,-0.7123116902862141
478,M030918_023_2,46v,Negative,long,-0.0006363678845825942,-1.3536619750314862
491,M030918_045_2,46v,Positive,short,0.002605278603780023,-0.2063953767857324
491,M030918_045_2,46v,Positive,medium,0.0003210491082170531,0.8214256174098421
491,M030918_045_2,46v,Positive,long,0.002785765031300815,2.7375643594491104
497,M030918_055_2,46v,Positive,short,0.0020746563190096197,-0.5634057690863444
497,M030918_055_2,46v,Positive,medium,0.0029403628420300114,0.9317464287510566
497,M030918_055_2,46v,Positive,long,0.0020685161124211443,2.141797839504312
500,M030918_072_2,8B,Negative,short,-0.0020549289714919443,-0.4804825715793486
500,M030918_072_2,8B,Negative,medium,-0.0012281929259900862,-0.6231658826032018
500,M030918_072_2,8B,Negative,long,-0.00020655985701132216,-0.6658445912073931
509,M030918_100_2,6DR,Negative,short,-0.002688254826131028,1.0125581038226303
509,M030918_100_2,6DR,Negative,medium,-0.0033906828010779352,-0.0764624160000072
509,M030918_100_2,6DR,Negative,long,-0.0018645938920055535,-0.833357340484213
516,M030918_128_2,6DC,Positive,short,0.0022319278790351297,-0.20628966676449395
516,M030918_128_2,6DC,Positive,medium,0.003242709071854576,-0.5143317072849857
516,M030918_128_2,6DC,Positive,long,0.004689426451777342,-0.2728304418237584
517,M030918_128_4,6DC,Positive,short,0.0017577439675453888,-0.12479102813118462
517,M030918_128_4,6DC,Positive,medium,0.0016407842909881313,1.1530794925281094
517,M030918_128_4,6DC,Positive,long,0.0009266188729840704,2.2880200597886833
523,M030918_140_2,6DC,Negative,short,-0.0004956229371387888,-0.23562068273299785
523,M030918_140_2,6DC,Negative,medium,-0.0005907965682116191,-0.6727538445527462
523,M030918_140_2,6DC,Negative,long,-0.0010419112418125057,-0.8413657278764665
525,M030918_142_2,6DC,Negative,short,-0.002609334091932915,0.43287500189291855
525,M030918_142_2,6DC,Negative,medium,-0.0033384698301797845,-0.24612794218436906
525,M030918_142_2,6DC,Negative,long,-0.002299772120303443,-1.3420508841855356
527,M030918_150_2,6DC,Negative,short,-0.00118165472668258,0.14421999122559662
527,M030918_150_2,6DC,Negative,medium,-0.0010688790510817896,-0.2826163503145737
527,M030918_150_2,6DC,Negative,long,-0.0010390633619398683,-0.6364934420036447
538,M031218_005_2,11ml,Positive,short,0.004260836305761579,0.4618365979869075
538,M031218_005_2,11ml,Positive,medium,0.003481431262732355,0.668022448499716
538,M031218_005_2,11ml,Positive,long,0.00104615708812505,1.210683004530813
564,M031218_083_2,8A,Positive,short,0.004031770243735509,0.08210754803863793
564,M031218_083_2,8A,Positive,medium,0.003103592850806234,0.42794607163608067
564,M031218_083_2,8A,Positive,long,0.0034097855438707577,0.711651827786174
569,M031218_109_2,8B,Negative,short,-0.0007689071019900674,1.1020263476102008
569,M031218_109_2,8B,Negative,medium,-0.004380071043684563,1.1823987855532807
569,M031218_109_2,8B,Negative,long,-0.0031890169569577975,0.8003194072491454
571,M031218_117_1,6DC,Positive,short,0.001634081470722452,0.01224587929533669
571,M031218_117_1,6DC,Positive,medium,0.0008357552820710916,0.3739807938009395
571,M031218_117_1,6DC,Positive,long,0.0010060737356345436,0.5721519713887803
573,M031218_125_2,6DR,Negative,short,-0.0017592458228332568,-0.9065590747087782
573,M031218_125_2,6DR,Negative,medium,-0.003746404876263368,0.024309519877093233
573,M031218_125_2,6DR,Negative,long,-0.00532615379037517,0.177355602312331
574,M031218_128_2,6DC,Positive,short,0.002449538050959046,-0.2904362865082901
574,M031218_128_2,6DC,Positive,medium,0.0040324341832969745,-0.6264664712212841
574,M031218_128_2,6DC,Positive,long,0.0039890037048381875,-0.4243470907053242
585,M031218_140_2,6DC,Negative,short,-0.0003386468755988731,-0.5869133492773663
585,M031218_140_2,6DC,Negative,medium,-0.0013846630798284103,-0.6530027353575146
585,M031218_140_2,6DC,Negative,long,-0.0007452027611396775,-0.7683575837167844
587,M031218_142_1,6DC,Negative,short,-0.0017644951885579972,-0.23833476801185144
587,M031218_142_1,6DC,Negative,medium,-0.0024339418279559744,-0.6945292333953745
587,M031218_142_1,6DC,Negative,long,-0.002497784102060768,-1.6909079120282127
606,M031318_010_2,12r,Negative,short,-0.0016964592210511325,-0.48397670184157887
606,M031318_010_2,12r,Negative,medium,-0.0012141904463583548,-0.9311842635745018
606,M031318_010_2,12r,Negative,long,-0.0007796945695608858,-1.204722183913042
643,M031318_110_2,6DR,Negative,short,-0.002410156701846654,-0.4997363902130412
643,M031318_110_2,6DR,Negative,medium,2.931938443623312e-06,-1.2418720144995437
643,M031318_110_2,6DR,Negative,long,-0.0017606761678618788,-1.3109036931975708
645,M031318_117_2,6DC,Positive,short,0.0008605213737768869,0.024652073217537283
645,M031318_117_2,6DC,Positive,medium,0.0024672736540398807,-0.2509982640145191
645,M031318_117_2,6DC,Positive,long,0.0016574719231750076,0.4343798235202124
649,M031318_128_2,6DC,Positive,short,0.002039822007306941,0.07480168033208381
649,M031318_128_2,6DC,Positive,medium,0.0025450710099769744,0.4511426841768865
649,M031318_128_2,6DC,Positive,long,0.0019402636939636132,1.3215042306559652
662,M031318_149_1,6DC,Positive,short,0.0018087872745666549,-0.923248388232685
662,M031318_149_1,6DC,Positive,medium,0.003285116505596989,-0.7114828908424701
662,M031318_149_1,6DC,Positive,long,0.0019555148004117093,-0.32672079623278755
671,M032618_006_3,11ml,Positive,short,0.002934661267923602,-0.482520769512941
671,M032618_006_3,11ml,Positive,medium,0.0020112074389325397,0.13750576313345628
671,M032618_006_3,11ml,Positive,long,0.0020346035238935417,0.25015969724726
682,M032618_032_2,46v,Negative,short,-0.002182423785428299,-0.09524873295293722
682,M032618_032_2,46v,Negative,medium,-0.0005747577884874037,-0.24059333667269878
682,M032618_032_2,46v,Negative,long,-0.000686263288279137,-0.6421618710540099
720,M032618_117_2,6DC,Negative,short,-0.0016097539364873915,-0.5048104692556541
720,M032618_117_2,6DC,Negative,medium,-0.0008192162166714867,-0.7116676869487604
720,M032618_117_2,6DC,Negative,long,0.00019055838755601027,-1.4443399814916729
722,M032618_117_4,6DC,Negative,short,-0.004543121286333626,0.9497442188694125
722,M032618_117_4,6DC,Negative,medium,-0.004095960753158224,0.030422379180615435
722,M032618_117_4,6DC,Negative,long,-0.00039821085172062054,-1.0749676628735616
739,M032618_147_2,6DC,Positive,short,0.00030637525492742304,-0.43535281911693025
739,M032618_147_2,6DC,Positive,medium,0.0017530384321977454,0.0009469148230672305
739,M032618_147_2,6DC,Positive,long,0.0028379567452350672,0.5035072974685367
746,M032718_006_2,11ml,Positive,short,0.0036913831817778245,-0.03919373783313928
746,M032718_006_2,11ml,Positive,medium,0.0016557422513878942,0.2805438022378727
746,M032718_006_2,11ml,Positive,long,-0.0004340529477126269,0.6417136640007455
747,M032718_006_3,11ml,Positive,short,0.003431339694786703,-0.10929278606632585
747,M032718_006_3,11ml,Positive,medium,0.0014276134456823904,-0.5010660520788701
747,M032718_006_3,11ml,Positive,long,0.0011965575122814059,0.06638511784284448
770,M032718_067_3,8A,Negative,short,-0.003952764947242824,-0.9810346025328915
770,M032718_067_3,8A,Negative,medium,-0.0007905470001152798,-0.9138298449737985
770,M032718_067_3,8A,Negative,long,-0.00036342175528932815,-1.5787355042932036
788,M032718_117_3,6DC,Negative,short,-0.003222478962742981,1.195305720445841
788,M032718_117_3,6DC,Negative,medium,-0.0035590773933416035,-0.0852269060228302
788,M032718_117_3,6DC,Negative,long,-0.001739759474159807,-1.0239718146064316
791,M032718_123_2,6DR,Negative,short,-0.0024799395368626446,0.4083588847444205
791,M032718_123_2,6DR,Negative,medium,-0.002215108044055319,-0.2670439217272935
791,M032718_123_2,6DR,Negative,long,-0.0015967016843432325,-1.0565780985871092
793,M032718_128_2,6DC,Positive,short,0.002111120757946549,0.6694847436024406
793,M032718_128_2,6DC,Positive,medium,0.0025545964047326564,0.563096065256068
793,M032718_128_2,6DC,Positive,long,0.003690858682231227,0.603107377414525
799,M032718_140_2,6DC,Positive,short,0.001858036571193665,-0.6764159472608867
799,M032718_140_2,6DC,Positive,medium,0.0021239997167065575,-0.3163015428945436
799,M032718_140_2,6DC,Positive,long,0.003378483155789133,0.9273480327200213
812,M032818_006_2,11ml,Positive,short,0.002739225535811675,-0.4893873965597406
812,M032818_006_2,11ml,Positive,medium,0.0015102499575058283,0.28025277520312203
812,M032818_006_2,11ml,Positive,long,0.0010275700504604065,0.3937450923943662
813,M032818_006_3,11ml,Positive,short,0.00256677277047223,-0.20526178829688052
813,M032818_006_3,11ml,Positive,medium,0.0018078812237875934,0.4390666872416367
813,M032818_006_3,11ml,Positive,long,0.001315736503727282,0.6163728229403992
823,M032818_019_2,12m,Positive,short,0.0037459369887051647,0.01827074893395387
823,M032818_019_2,12m,Positive,medium,0.002918073026828394,-0.07407043618537461
823,M032818_019_2,12m,Positive,long,0.002766063007028194,-0.32959512086002507
842,M032818_068_2,46v,Negative,short,-0.00237796038537052,0.134476275969306
842,M032818_068_2,46v,Negative,medium,-0.0013963677409780189,-0.5977740655947607
842,M032818_068_2,46v,Negative,long,-0.00038371647830321825,-0.8224429892819257
843,M032818_068_3,46v,Positive,short,0.002060564923611707,1.081082506554694
843,M032818_068_3,46v,Positive,medium,0.00046899279691968036,1.0551230731899053
843,M032818_068_3,46v,Positive,long,0.0006871676927146593,0.7468101929705869
867,M032818_123_1,6DR,Negative,short,-0.002014318719481444,0.5411912405956575
867,M032818_123_1,6DR,Negative,medium,-0.002350982654214273,-0.24253276946447702
867,M032818_123_1,6DR,Negative,long,-0.0024502561161204427,-0.750388828513775
872,M032818_128_3,6DC,Positive,short,0.002083537952354375,-0.005808104292959124
872,M032818_128_3,6DC,Positive,medium,0.002600057941341082,-0.33462541735887574
872,M032818_128_3,6DC,Positive,long,0.004062402114563048,-0.09732976283187732
875,M032818_135_2,6DR,Negative,short,-0.001582948107681064,-0.7111288288444708
875,M032818_135_2,6DR,Negative,medium,-0.000523397478794855,-1.028363925248335
875,M032818_135_2,6DR,Negative,long,-0.0011493114703390224,-1.0694370308453947
887,M032818_147_8,6DC,Positive,short,0.001272565735884402,0.2570638527935634
887,M032818_147_8,6DC,Positive,medium,0.002739645683972811,0.3119098251705258
887,M032818_147_8,6DC,Positive,long,0.0004728805535528629,0.9093991126772171
930,M033018_097_3,6DR,Negative,short,-0.001964215385003076,-0.3745356863533825
930,M033018_097_3,6DR,Negative,medium,-0.001077601335030764,-0.6771881961683663
930,M033018_097_3,6DR,Negative,long,-0.0006452037302506871,-1.0450129977081857
934,M033018_105_2,6DR,Positive,short,0.00029363275952197314,-0.8218823917296881
934,M033018_105_2,6DR,Positive,medium,0.00023286367048569557,-0.6561792998663003
934,M033018_105_2,6DR,Positive,long,0.0007642165424388501,-0.43627582599537545
936,M033018_106_3,6DR,Negative,short,-0.0025443028518867534,0.20558467073313358
936,M033018_106_3,6DR,Negative,medium,-0.0017925492684180934,-0.0488549570335864
936,M033018_106_3,6DR,Negative,long,-0.0009628665463709744,-0.5229333489800116
940,M033018_117_1,6DC,Negative,short,-0.002066073961989382,0.3290367460233964
940,M033018_117_1,6DC,Negative,medium,-0.003974727794412747,0.03679943804433701
940,M033018_117_1,6DC,Negative,long,-0.0012275408793581458,-2.0784385852924796
959,M033018_147_1,6DC,Positive,short,0.00306949670880552,0.24901056228191615
959,M033018_147_1,6DC,Positive,medium,0.002289939761339692,-0.6114666111821141
959,M033018_147_1,6DC,Positive,long,0.000924688260358249,0.06028260536019817
978,M040218_036_1,45,Positive,short,0.0021823695893818324,-0.9638789281328077
978,M040218_036_1,45,Positive,medium,0.0015440650630701791,-0.3745467763358476
978,M040218_036_1,45,Positive,long,0.002262666248903418,-0.025481137666718015
998,M040218_077_2,8A,Positive,short,0.0017636858329383193,0.20877326669414742
998,M040218_077_2,8A,Positive,medium,0.0007397053005211975,0.5790717828888663
998,M040218_077_2,8A,Positive,long,-5.6214821693446406e-05,0.5299325890330824
1000,M040218_079_2,46v,Negative,short,-0.0012021047444162802,-0.499276754829859
1000,M040218_079_2,46v,Negative,medium,3.9452607162849004e-05,-0.67820677860406
1000,M040218_079_2,46v,Negative,long,4.181686477600193e-19,-0.6951540112495422
1010,M040218_110_1,6DR,Negative,short,-0.0025552374357616153,0.32781720643002266
1010,M040218_110_1,6DR,Negative,medium,-0.0031298919384079517,-0.6699530595794209
1010,M040218_110_1,6DR,Negative,long,-0.0015011575785409985,-0.6828136852517811
1018,M040218_123_1,6DR,Negative,short,-0.0020404273012728704,0.017758776930007988
1018,M040218_123_1,6DR,Negative,medium,-0.0013179966304056828,-0.5596986111600615
1018,M040218_123_1,6DR,Negative,long,-0.000935024509340258,-0.8297901814571038
1019,M040218_125_1,6DR,Positive,short,0.002543644460392698,-0.46335576818372665
1019,M040218_125_1,6DR,Positive,medium,0.0026248795551316187,-0.12243950137620196
1019,M040218_125_1,6DR,Positive,long,0.0018215633731492238,0.05829574888341203
1046,M040418_006_3,11ml,Positive,short,0.0028972021619799795,-0.04553192074971581
1046,M040418_006_3,11ml,Positive,medium,0.001769729789199265,0.4064562590268446
1046,M040418_006_3,11ml,Positive,long,0.0007385614700198394,0.7300919690068669
1050,M040418_010_4,12r,Negative,short,-0.0019839890737398114,-0.06741778752995119
1050,M040418_010_4,12r,Negative,medium,-0.001763509061875796,-0.28767736866673493
1050,M040418_010_4,12r,Negative,long,-0.0008717744644359395,-0.6397591094531354
1051,M040418_010_5,12r,Positive,short,0.0021034658573431406,0.6357209182852072
1051,M040418_010_5,12r,Positive,medium,0.0006193736575018697,1.5482218603722864
1051,M040418_010_5,12r,Positive,long,0.0031142399523861955,1.4872924911598993
1052,M040418_011_1,46v,Negative,short,-0.0041695961620403085,-0.6162654322333507
1052,M040418_011_1,46v,Negative,medium,-0.0011821945241030848,-1.1054406337628486
1052,M040418_011_1,46v,Negative,long,-0.0011434553566667274,-1.4814193833885891
1054,M040418_012_2,12r,Negative,short,-0.0052262719712123885,0.8707813131291738
1054,M040418_012_2,12r,Negative,medium,-0.003504983705948308,-0.3250181201625361
1054,M040418_012_2,12r,Negative,long,-0.0021190764645874784,-0.5368794438540749
1069,M040418_036_3,45,Positive,short,0.0026303140860577333,-0.7520429114537396
1069,M040418_036_3,45,Positive,medium,0.0023085228361778122,-0.22905357219497696
1069,M040418_036_3,45,Positive,long,0.0020762961163620264,0.21175683475952134
1077,M040418_065_2,6DR,Negative,short,-0.0012324653731337226,0.675317118813407
1077,M040418_065_2,6DR,Negative,medium,-0.0030620908692291734,-0.29886313666474884
1077,M040418_065_2,6DR,Negative,long,-0.002628156857746302,-0.6290393496810082
1079,M040418_067_1,8A,Negative,short,-0.0014034599535926577,1.304066588299445
1079,M040418_067_1,8A,Negative,medium,-0.002237278126216129,1.1895881620500726
1079,M040418_067_1,8A,Negative,long,-0.0019213270941067409,0.6231508848839246
1085,M040418_077_1,8A,Positive,short,0.0024017319343324645,0.38500816717822517
1085,M040418_077_1,8A,Positive,medium,0.00135658144301776,0.7370559195809674
1085,M040418_077_1,8A,Positive,long,-7.061149679298622e-05,0.7345259868463938
1092,M040418_109_3,8B,Negative,short,-0.0023640730930395734,0.0442788794702779
1092,M040418_109_3,8B,Negative,medium,-0.0005457210226253387,-0.5543900041348191
1092,M040418_109_3,8B,Negative,long,-8.906828269739098e-05,-0.5678666202280168
1100,M040418_128_3,6DC,Positive,short,0.0029570537636378225,0.30611197920144223
1100,M040418_128_3,6DC,Positive,medium,0.0025587040808396394,1.5347929573098753
1100,M040418_128_3,6DC,Positive,long,0.0007018231760971071,1.5887826121785675
1110,M040418_147_1,6DC,Positive,short,0.0005878510817505846,-0.3668701427117724
1110,M040418_147_1,6DC,Positive,medium,0.002504299551407487,0.0999234791522762
1110,M040418_147_1,6DC,Positive,long,0.0029786887688506057,1.7112032048614965
1112,M040418_147_5,6DC,Positive,short,0.00223416908600338,-0.6973781059350828
1112,M040418_147_5,6DC,Positive,medium,0.00046332756439885933,-0.440758819649997
1112,M040418_147_5,6DC,Positive,long,0.0017460201281086463,0.23396965080475862
1113,M040418_152_1,6DC,Negative,short,-0.0010342430760494664,0.7933221759054556
1113,M040418_152_1,6DC,Negative,medium,-0.002221891308078233,0.48182850265286603
1113,M040418_152_1,6DC,Negative,long,-0.0019077657547751585,-0.5503952389630642
1118,M040418_153_3,6DC,Negative,short,-0.0014105650091067868,-0.03696273615023589
1118,M040418_153_3,6DC,Negative,medium,-0.0013112199175122857,-0.15439507791297621
1118,M040418_153_3,6DC,Negative,long,-0.0016106329344791036,-0.6773289063966332
1133,M041018_017_2,12l,Positive,short,0.0036508643223419675,0.7171638098363485
1133,M041018_017_2,12l,Positive,medium,0.0021885342240457136,0.6609384191397596
1133,M041018_017_2,12l,Positive,long,0.0020115298753108786,-0.11613187511986064
1139,M041018_036_2,45,Positive,short,0.0025395521288687356,-0.6811092207700281
1139,M041018_036_2,45,Positive,medium,0.0024591052900036574,-0.3246722238187906
1139,M041018_036_2,45,Positive,long,0.0019503484931438079,0.2210978202222724
1144,M041018_067_1,8A,Negative,short,-0.0023782855267762675,1.3710516914849273
1144,M041018_067_1,8A,Negative,medium,-0.0033340585586851337,0.833005362793109
1144,M041018_067_1,8A,Negative,long,-0.002320138104036315,0.6915543041143182
1165,M041018_108_2,6DR,Positive,short,0.004790072544127255,0.8824307832378243
1165,M041018_108_2,6DR,Positive,medium,0.006340815770182594,1.0399188524958198
1165,M041018_108_2,6DR,Positive,long,0.0071743531030681665,0.8838936824300412
1172,M041018_125_2,6DR,Positive,short,0.004325421237022862,0.044274399191932504
1172,M041018_125_2,6DR,Positive,medium,0.003219330054314652,0.4844768674037506
1172,M041018_125_2,6DR,Positive,long,0.0024312603398273483,0.22123062436448754
1174,M041018_128_3,6DC,Negative,short,-0.000819733805828057,1.4061212529755274
1174,M041018_128_3,6DC,Negative,medium,-0.0031301273683320236,0.09195099237633361
1174,M041018_128_3,6DC,Negative,long,-0.0018429846938267168,-1.0646515247261326
1210,M041118_036_2,45,Positive,short,0.0023312948203055924,-0.7628379765254509
1210,M041118_036_2,45,Positive,medium,0.0026804151164609973,-0.18306369081251136
1210,M041118_036_2,45,Positive,long,0.001972450139327318,0.30559075688108406
1222,M041118_067_2,8A,Negative,short,-0.00029708943086491905,1.4630253969532083
1222,M041118_067_2,8A,Negative,medium,-0.001757437324864157,0.2865604369555555
1222,M041118_067_2,8A,Negative,long,-0.0016295042399175656,-0.10061434777465164
1223,M041118_067_3,8A,Negative,short,-0.0014606293511779098,1.2780404070054434
1223,M041118_067_3,8A,Negative,medium,-0.0029045371673203464,0.822807947892739
1223,M041118_067_3,8A,Negative,long,-0.0019810544639072454,0.7072754361962716
1229,M041118_077_2,8A,Positive,short,0.0020585239183672165,0.17419584870366334
1229,M041118_077_2,8A,Positive,medium,0.0009604427862091312,0.6609487461666894
1229,M041118_077_2,8A,Positive,long,-1.425760236385085e-05,0.7540819970224543
1231,M041118_080_4,46d,Positive,short,0.002314283953666373,-0.5831691005969182
1231,M041118_080_4,46d,Positive,medium,0.001961127030640778,0.23349979071451363
1231,M041118_080_4,46d,Positive,long,0.0016285402108587891,0.5630935971879529
1236,M041118_106_2,6DR,Positive,short,0.0024980250722848887,-0.3617427607546513
1236,M041118_106_2,6DR,Positive,medium,0.0022924708442880297,-0.3858031920148075
1236,M041118_106_2,6DR,Positive,long,0.002497763790593632,-0.09897867649152081
1242,M041118_128_3,6DC,Negative,short,0.0006150305352120274,1.2514043547051916
1242,M041118_128_3,6DC,Negative,medium,-0.0032090283882054782,0.17345435488364735
1242,M041118_128_3,6DC,Negative,long,-0.0033117932649218244,-0.9403237867493147
1250,M041118_147_1,6DC,Positive,short,0.0017551231488922632,-1.034146951458815
1250,M041118_147_1,6DC,Positive,medium,0.0038866317279121626,0.423982533395849
1250,M041118_147_1,6DC,Positive,long,0.004101872771340064,0.9922328054030951
1282,M041618_036_1,45,Positive,short,0.0022588946512525224,-0.6006399825693398
1282,M041618_036_1,45,Positive,medium,0.0017048294949962828,-0.5352395902193707
1282,M041618_036_1,45,Positive,long,0.0018726083060218747,-0.19788616315962224
1303,M041618_097_3,6DR,Negative,short,-0.003952700130530603,-0.3456654154014512
1303,M041618_097_3,6DR,Negative,medium,-0.0015600821555989295,-0.7131975857648373
1303,M041618_097_3,6DR,Negative,long,-0.0012494744280554411,-1.2305288170766513
1314,M041618_118_2,6DC,Positive,short,0.0018831694363908012,-0.21072779862104732
1314,M041618_118_2,6DC,Positive,medium,0.001685432247397957,1.2998997307260103
1314,M041618_118_2,6DC,Positive,long,0.0013403845258314242,1.1559326400772705
1315,M041618_125_1,6DR,Positive,short,0.003550615672614576,0.06674147456010397
1315,M041618_125_1,6DR,Positive,medium,0.0025790204521163045,0.5247164853771423
1315,M041618_125_1,6DR,Positive,long,0.001816327842138176,0.29641448263002995
1321,M041618_136_2,6DR,Positive,short,0.0011342480587406116,-0.36199207344640993
1321,M041618_136_2,6DR,Positive,medium,0.0036984400715902458,-0.24217154053171566
1321,M041618_136_2,6DR,Positive,long,0.0032369671423209357,1.196658389940362
1325,M041618_147_2,6DC,Positive,short,0.0012929820317937324,-0.5336861119973224
1325,M041618_147_2,6DC,Positive,medium,0.0024805501693468015,-0.6978749514885941
1325,M041618_147_2,6DC,Positive,long,0.002640198290088744,0.6545143026412374
1355,M041718_042_2,46df,Negative,short,-0.003957841394652301,-0.08663600692006383
1355,M041718_042_2,46df,Negative,medium,-0.0010446863610241897,-0.8486586678742172
1355,M041718_042_2,46df,Negative,long,0.0004898035077984914,-0.37741845457443884
1403,M041818_017_2,12l,Positive,short,0.004167197433866633,0.5946122437962308
1403,M041818_017_2,12l,Positive,medium,0.003179575896485542,0.531153786528531
1403,M041818_017_2,12l,Positive,long,0.0031792004167045433,-0.03293417173030224
1408,M041818_026_2,12l,Negative,short,-0.0005484089752958145,-0.8067111004013785
1408,M041818_026_2,12l,Negative,medium,-0.00111380321830357,-0.7603299840912843
1408,M041818_026_2,12l,Negative,long,-0.0003179760311941608,-0.8450938030308772
1412,M041818_036_2,45,Positive,short,0.0007976118151528731,-0.007451349063936481
1412,M041818_036_2,45,Positive,medium,0.0015297138809911251,0.07140222288293922
1412,M041818_036_2,45,Positive,long,0.0020891376867890527,0.47313138936586624
1453,M041818_147_1,6DC,Positive,short,0.0025794866275532617,-1.2522862771287337
1453,M041818_147_1,6DC,Positive,medium,0.0023576898064272796,-0.06221556774926133
1453,M041818_147_1,6DC,Positive,long,0.0011534970123824428,0.20488795090909398
1466,M041918_014_2,46v,Negative,short,0.0005122554550582976,0.6249018776251434
1466,M041918_014_2,46v,Negative,medium,-0.003467447008807816,0.12256550382868853
1466,M041918_014_2,46v,Negative,long,-0.0017356841740566746,-0.3261529841797718
1470,M041918_017_1,12l,Positive,short,0.0042781864293946,0.670682499024976
1470,M041918_017_1,12l,Positive,medium,0.002053021541278654,0.30416006632067866
1470,M041918_017_1,12l,Positive,long,0.0025929337895274074,0.11485562622393035
1481,M041918_036_1,45,Positive,short,0.003071470926336651,-0.06311846605677177
1481,M041918_036_1,45,Positive,medium,0.0011190910592767233,-0.14101013990815267
1481,M041918_036_1,45,Positive,long,0.0025460965842451604,0.06223871144724695
1491,M041918_080_3,46d,Negative,short,-0.0022242748782357997,0.15549736890297725
1491,M041918_080_3,46d,Negative,medium,-0.0014984235234940402,-0.4857481955912835
1491,M041918_080_3,46d,Negative,long,-0.0025106161425685392,-0.6651401062360995
1498,M041918_110_2,6DR,Negative,short,-0.0026031738663311937,-0.4504879976864114
1498,M041918_110_2,6DR,Negative,medium,-0.002045770482030569,0.11305323349653446
1498,M041918_110_2,6DR,Negative,long,-0.0012319686179718516,-1.4717637341153404
1499,M041918_113_1,6DR,Positive,short,0.0007015460331981546,-0.5792520148385186
1499,M041918_113_1,6DR,Positive,medium,0.0030190799725886212,-1.0933988908965904
1499,M041918_113_1,6DR,Positive,long,0.0026336614882910836,-0.5410163199400045
1500,M041918_113_2,6DR,Positive,short,0.003536582699580659,0.1090072838282724
1500,M041918_113_2,6DR,Positive,medium,0.0029376440205093955,0.576084555820376
1500,M041918_113_2,6DR,Positive,long,-0.00039722428017501915,0.8920759737844921
1505,M041918_128_1,6DC,Negative,short,-0.0029086557237480467,0.3190640145704173
1505,M041918_128_1,6DC,Negative,medium,-0.003298537980697364,-0.40542178775513926
1505,M041918_128_1,6DC,Negative,long,-0.0022944825002647854,-1.3032800392005608
1514,M041918_147_2,6DC,Positive,short,0.003550971157662917,-0.06693469953840248
1514,M041918_147_2,6DC,Positive,medium,0.00018721105084577383,-0.5543608936650086
1514,M041918_147_2,6DC,Positive,long,0.002689593684547467,0.4585557574322587
1515,M041918_147_4,6DC,Positive,short,0.0014094943913719256,-0.5018203159493585
1515,M041918_147_4,6DC,Positive,medium,0.00267929370841426,-0.4280983307516288
1515,M041918_147_4,6DC,Positive,long,0.0029283150888369577,0.9485625156421565
1532,M042018_036_2,45,Positive,short,0.0025653684164231,-0.17886544378960936
1532,M042018_036_2,45,Positive,medium,0.002013505669232024,-0.13857127644258013
1532,M042018_036_2,45,Positive,long,0.003097574019843143,-0.11518210690226809
1536,M042018_039_5,46v,Positive,short,0.004479294365696255,0.30921269262100287
1536,M042018_039_5,46v,Positive,medium,0.0025623565485932936,0.6006896100499003
1536,M042018_039_5,46v,Positive,long,0.0013416156523409603,0.616389325486741
1540,M042018_061_2,46df,Positive,short,0.0024839486822042242,-0.0037875710642732334
1540,M042018_061_2,46df,Positive,medium,0.0016043914548113441,0.7097627775681231
1540,M042018_061_2,46df,Positive,long,0.0005103213730729875,1.3110586802495299
1541,M042018_071_3,46v,Negative,short,-0.0040158955423556094,0.16285174416958087
1541,M042018_071_3,46v,Negative,medium,-0.00179550331938763,-0.7178216835626474
1541,M042018_071_3,46v,Negative,long,0.00039410258319850854,-0.507157574777341
1557,M042018_109_6,8B,Positive,short,0.003721764239777771,-0.1339828810822521
1557,M042018_109_6,8B,Positive,medium,0.0030471512081300914,0.7258826210789677
1557,M042018_109_6,8B,Positive,long,0.0018396287390747153,1.5584747448142078
1559,M042018_113_4,6DR,Positive,short,0.0006357614511166826,-0.770059861304756
1559,M042018_113_4,6DR,Positive,medium,0.004521125143187127,-0.6462894666645255
1559,M042018_113_4,6DR,Positive,long,0.004882702593772379,-0.2650453888798774
1566,M042018_118_3,6DC,Positive,short,0.0016415045150192102,-0.7823697687335895
1566,M042018_118_3,6DC,Positive,medium,0.0014310318400759816,0.14641925520743995
1566,M042018_118_3,6DC,Positive,long,0.0018186245692664406,0.9568058031959035
1572,M042018_138_2,6DC,Positive,short,0.001586659307533795,0.45145640900058703
1572,M042018_138_2,6DC,Positive,medium,0.002191669510281772,1.217669727599958
1572,M042018_138_2,6DC,Positive,long,0.0023125206483509526,1.914474595108762
1577,M042018_147_1,6DC,Positive,short,0.0003107599910983326,-0.47968365124232304
1577,M042018_147_1,6DC,Positive,medium,0.002517392536864224,0.3365964824244321
1577,M042018_147_1,6DC,Positive,long,0.0026240442211179172,0.21868410655924936
1579,M042018_147_5,6DC,Positive,short,0.001644826606325001,-0.91777305084338
1579,M042018_147_5,6DC,Positive,medium,0.0027036274292955094,0.020110140273738003
1579,M042018_147_5,6DC,Positive,long,0.0010267734885736786,0.2213246761609106
1585,M042318_005_3,11ml,Positive,short,0.0023629692862062405,0.14993290666269196
1585,M042318_005_3,11ml,Positive,medium,0.0034571901311376513,0.9442485014918863
1585,M042318_005_3,11ml,Positive,long,0.001238369061124388,1.693291561079898
1590,M042318_024_4,46df,Negative,short,-0.004167561683128456,0.4393430247030433
1590,M042318_024_4,46df,Negative,medium,-0.002121276842066326,-0.7279424417749227
1590,M042318_024_4,46df,Negative,long,-0.0008183870472021095,-1.4690317149473953
1595,M042318_032_1,46v,Negative,short,-0.002897755147966686,-0.02871069661438459
1595,M042318_032_1,46v,Negative,medium,-0.0048645953863150244,-0.8701943486697271
1595,M042318_032_1,46v,Negative,long,0.0028306377689105416,-1.8363653853808386
1609,M042318_092_1,46v,Negative,short,-0.001856109609144102,-0.5196144739549827
1609,M042318_092_1,46v,Negative,medium,-0.0004390493464853038,-0.8636370169342853
1609,M042318_092_1,46v,Negative,long,0.00042607498749436663,-0.795480507880003
1619,M042318_113_6,6DR,Positive,short,0.0003087562657829083,-0.7897322140448105
1619,M042318_113_6,6DR,Positive,medium,0.0030706553038719075,-0.6962990192555534
1619,M042318_113_6,6DR,Positive,long,0.004172049223665294,0.3071573344293669
1625,M042318_118_1,6DC,Negative,short,-0.0018669423425354103,-0.5637864872314247
1625,M042318_118_1,6DC,Negative,medium,-0.0023801619324071268,-0.4925143682246233
1625,M042318_118_1,6DC,Negative,long,-0.00253592220776672,-0.7147973801948138
1628,M042318_128_1,6DC,Negative,short,-0.0018033978239076428,-0.5019716328380323
1628,M042318_128_1,6DC,Negative,medium,-0.0007861137790398308,-1.105228766427064
1628,M042318_128_1,6DC,Negative,long,4.3777500922609e-05,-1.3935077265772764
1635,M042318_139_3,6DC,Positive,short,0.0038493685809751392,-0.21375532606604994
1635,M042318_139_3,6DC,Positive,medium,0.0024708222369195032,-0.2483427016178422
1635,M042318_139_3,6DC,Positive,long,0.0011553613052038985,-0.34832023779556354
1700,M042418_139_6,6DC,Positive,short,0.002731047193028546,-0.2946023953795362
1700,M042418_139_6,6DC,Positive,medium,0.0018360958344912828,-0.3783428382265328
1700,M042418_139_6,6DC,Positive,long,0.0014448828860465991,-0.19578835729014876
1706,M042418_147_1,6DC,Positive,short,0.0018920797744150057,-0.4812342546739423
1706,M042418_147_1,6DC,Positive,medium,0.0013028701537369809,-0.9054387142376574
1706,M042418_147_1,6DC,Positive,long,0.001545423095226231,0.5347681756049221
1727,M042518_028_3,12o,Positive,short,0.00354832241647882,0.3265287092737327
1727,M042518_028_3,12o,Positive,medium,0.0019003946227493687,1.161832403029763
1727,M042518_028_3,12o,Positive,long,0.000907965319294281,1.9678703961078816
1736,M042518_045_5,46v,Negative,short,-0.00446569545319743,0.5112641342542136
1736,M042518_045_5,46v,Negative,medium,0.000891009096327435,0.11119101726633657
1736,M042518_045_5,46v,Negative,long,8.308736299599497e-05,0.5185150194058146
1753,M042518_092_1,46v,Negative,short,-0.0022545504565899795,-0.5603347949330353
1753,M042518_092_1,46v,Negative,medium,0.00011697188341250102,-1.0284283827624583
1753,M042518_092_1,46v,Negative,long,0.00021025399736809673,-0.9518034098152313
1757,M042518_104_2,6DR,Positive,short,0.00017844437061760186,-0.6923182188175284
1757,M042518_104_2,6DR,Positive,medium,0.0030027452531936087,0.49273444111954834
1757,M042518_104_2,6DR,Positive,long,0.0049368914490082235,1.6413945260453047
1760,M042518_109_4,8B,Negative,short,-0.0010341009754242605,-0.5649059227235405
1760,M042518_109_4,8B,Negative,medium,-9.137650287259095e-05,-0.9324624023699324
1760,M042518_109_4,8B,Negative,long,-0.0006656657082895562,-0.8145204256854319
1762,M042518_113_3,6DR,Positive,short,0.0012039752165057156,-0.8490731772190323
1762,M042518_113_3,6DR,Positive,medium,0.003459352114479144,-0.7566619953646181
1762,M042518_113_3,6DR,Positive,long,0.004827834130551604,0.7848079680099935
1763,M042518_113_4,6DR,Positive,short,0.001858711489389131,-0.8861099830991317
1763,M042518_113_4,6DR,Positive,medium,0.000929086928741771,-0.6600603893355752
1763,M042518_113_4,6DR,Positive,long,0.0013642544204680355,-0.29214043972946735
1768,M042518_128_4,6DC,Negative,short,-0.0005281197531572659,1.2038605697143097
1768,M042518_128_4,6DC,Negative,medium,-0.0031183727976538747,0.40592264636929537
1768,M042518_128_4,6DC,Negative,long,-0.0035846860231879083,-1.1954870786728606
1779,M042518_142_5,6DC,Negative,short,-0.0007309082879484555,-0.3102177512910823
1779,M042518_142_5,6DC,Negative,medium,-0.0021189883708910714,-1.0922438142086672
1779,M042518_142_5,6DC,Negative,long,-0.0014326541374117452,-1.545078466319403
1784,M042518_147_6,6DC,Positive,short,0.0015225776461564085,-0.3317771710179585
1784,M042518_147_6,6DC,Positive,medium,0.004083083120605451,-0.370241134594847
1784,M042518_147_6,6DC,Positive,long,0.0025314257984757225,1.408274527471743
1813,M042618_066_3,8A,Positive,short,0.0027604720168714664,0.5107689942497669
1813,M042618_066_3,8A,Positive,medium,0.004669850032864646,-0.22746087190502953
1813,M042618_066_3,8A,Positive,long,0.006388240860060079,0.976602824362996
1814,M042618_066_5,8A,Negative,short,-0.0012050687834070965,1.7696489969426503
1814,M042618_066_5,8A,Negative,medium,-0.004237736637646071,0.5557503429571354
1814,M042618_066_5,8A,Negative,long,-0.0016900367452181537,-0.24435101865989137
1819,M042618_080_3,46d,Negative,short,-0.002214691051834366,0.385354707661554
1819,M042618_080_3,46d,Negative,medium,-0.001724561644015948,-0.36563996875637517
1819,M042618_080_3,46d,Negative,long,-0.0014624748536746657,-0.6519686346021349
1829,M042618_113_4,6DR,Positive,short,-0.0002996531806804186,-1.0024487099016763
1829,M042618_113_4,6DR,Positive,medium,0.00505559574559141,-0.7083359089278664
1829,M042618_113_4,6DR,Positive,long,0.0029814305272522277,0.08064099288171316
1830,M042618_115_2,6DC,Positive,short,0.000922698106689852,-0.5106514132536712
1830,M042618_115_2,6DC,Positive,medium,0.0018152900872094805,-0.23521681622189072
1830,M042618_115_2,6DC,Positive,long,0.002227014743016338,0.057734359552798646
1842,M042618_139_2,6DC,Positive,short,0.0028394571509850635,-0.33211390421409687
1842,M042618_139_2,6DC,Positive,medium,0.002767185125808487,0.367582937228764
1842,M042618_139_2,6DC,Positive,long,0.0015804478149498754,0.021286039047672286
1848,M042618_147_1,6DC,Positive,short,0.0016072344961261126,-0.8517450841125132
1848,M042618_147_1,6DC,Positive,medium,0.003492317995576798,0.249550173656485
1848,M042618_147_1,6DC,Positive,long,0.0023575874653000034,0.8979693204652636
1869,M042718_032_2,46v,Negative,short,-0.003773498231879845,0.1793432592477951
1869,M042718_032_2,46v,Negative,medium,-0.002726127617530042,-1.1791824942916482
1869,M042718_032_2,46v,Negative,long,0.0014858483758899439,-1.6214540068202725
1873,M042718_039_2,46v,Negative,short,-0.0014095726029488675,0.13125268123019643
1873,M042718_039_2,46v,Negative,medium,-0.0010794376078351303,-0.6107941137102995
1873,M042718_039_2,46v,Negative,long,-0.001328024078446169,-0.8457634115278622
1895,M042718_115_3,6DC,Positive,short,-0.0001838454112213888,-0.6543092717677695
1895,M042718_115_3,6DC,Positive,medium,0.00222233365791284,-0.4088880156844133
1895,M042718_115_3,6DC,Positive,long,0.0020474195386580678,0.05586122203705067
1902,M042718_135_3,6DR,Negative,short,-0.0021047231658425643,-0.21072079912106972
1902,M042718_135_3,6DR,Negative,medium,-0.002588145063222356,-1.1039443630942092
1902,M042718_135_3,6DR,Negative,long,-0.0012901079291005146,-1.5760237654909715
1906,M042718_139_4,6DC,Positive,short,0.0029493114300606117,-0.5358174287808204
1906,M042718_139_4,6DC,Positive,medium,0.005111791223222175,-0.15691699405941112
1906,M042718_139_4,6DC,Positive,long,0.003799255553423453,0.029599520548273143
1916,M050118_005_3,11ml,Positive,short,0.0003622196118435044,0.5527809812453345
1916,M050118_005_3,11ml,Positive,medium,0.0037302155814917803,0.999597564371405
1916,M050118_005_3,11ml,Positive,long,0.0020724406843935957,1.1024840386854036
1927,M050118_017_2,12l,Positive,short,0.003610601976588091,0.21888004542915723
1927,M050118_017_2,12l,Positive,medium,0.0030390823310003402,-0.29640809104727944
1927,M050118_017_2,12l,Positive,long,0.003792138703450437,-0.3117955817988982
1929,M050118_018_5,12l,Negative,short,-0.0012577978741488362,0.5506881712796399
1929,M050118_018_5,12l,Negative,medium,-0.002982389722696378,0.5436631486318795
1929,M050118_018_5,12l,Negative,long,-0.001597944982551499,-0.40254671004685183
1930,M050118_022_2,11ml,Negative,short,-0.0008955364366251357,0.5348828900973476
1930,M050118_022_2,11ml,Negative,medium,-0.0027649131689516247,-0.46461599058371356
1930,M050118_022_2,11ml,Negative,long,-0.003178393064785122,-0.6693217124008944
1943,M050118_053_5,46df,Negative,short,-0.0028019228801506365,-0.14947011375022254
1943,M050118_053_5,46df,Negative,medium,-0.0002694800322938121,-0.5705749174384726
1943,M050118_053_5,46df,Negative,long,-0.00015463221715717408,-0.9133838123569076
1946,M050118_055_5,45,Positive,short,0.001612159426246111,-0.7493784178339701
1946,M050118_055_5,45,Positive,medium,0.0022189362143874344,0.2651067349870694
1946,M050118_055_5,45,Positive,long,0.003646535974061159,1.8137096945001139
1956,M050118_097_4,8B,Negative,short,-0.0024990841953766436,0.7988281025591549
1956,M050118_097_4,8B,Negative,medium,-0.0035064645889052973,0.23493664672295292
1956,M050118_097_4,8B,Negative,long,-0.0029954676969937083,-0.6575861873706421
1962,M050118_114_3,45,Positive,short,0.0029422345473521703,-0.34593111576943253
1962,M050118_114_3,45,Positive,medium,0.0015010656392907675,0.38193770145043227
1962,M050118_114_3,45,Positive,long,0.0007222294861881903,0.8207947548832155
1967,M050118_125_1,6DR,Negative,short,-0.002556915538749395,-0.18831410989345063
1967,M050118_125_1,6DR,Negative,medium,-0.0006339802603573453,-1.0185691754948876
1967,M050118_125_1,6DR,Negative,long,-0.00010594749902361778,-0.8337873780786892
1978,M050118_147_9,6DC,Positive,short,0.0012313168104499243,-0.841870973491034
1978,M050118_147_9,6DC,Positive,medium,0.0015754320556069894,-0.7991012531315626
1978,M050118_147_9,6DC,Positive,long,0.0006844247611993767,-0.3037480577937782
1979,M050118_152_1,6DC,Positive,short,0.0027521026538181847,0.49677122263928386
1979,M050118_152_1,6DC,Positive,medium,0.002370905238492417,0.6664149384796867
1979,M050118_152_1,6DC,Positive,long,-8.562668491587357e-05,0.5843917616785771
1994,M050218_017_4,12l,Positive,short,0.00431043055977525,0.4596252645214418
1994,M050218_017_4,12l,Positive,medium,0.004881376487240228,0.23633226206320448
1994,M050218_017_4,12l,Positive,long,0.003674559856625802,0.3396412680985502
2010,M050218_055_2,45,Positive,short,0.0017843874356156888,0.2489416141046704
2010,M050218_055_2,45,Positive,medium,0.0016369274911707521,1.3769836027590487
2010,M050218_055_2,45,Positive,long,0.001175876438685908,2.698837743424338
2012,M050218_066_2,8A,Positive,short,0.006064366638837347,1.1002982650726985
2012,M050218_066_2,8A,Positive,medium,0.004167719537062369,1.1003086101737758
2012,M050218_066_2,8A,Positive,long,0.002227552887780567,1.4422659164855562
2018,M050218_080_2,46d,Negative,short,-0.004047128919770228,0.6210638117029668
2018,M050218_080_2,46d,Negative,medium,-0.0017853741892110064,0.42479701253226004
2018,M050218_080_2,46d,Negative,long,-0.0011886038899428355,-0.34122123753083655
2025,M050218_109_3,8B,Negative,short,-0.002142596278102158,0.8764931339129012
2025,M050218_109_3,8B,Negative,medium,-0.005360942125742406,-0.39947514394964534
2025,M050218_109_3,8B,Negative,long,-0.0020047962377995844,-0.6629095344882483
2036,M050218_125_1,6DR,Negative,short,-0.0018126741571046847,-0.1415639932219136
2036,M050218_125_1,6DR,Negative,medium,-0.0015665644011685484,-0.016825723662870176
2036,M050218_125_1,6DR,Negative,long,-0.002195262990236328,-0.23095893944821286
2040,M050218_138_3,6DC,Positive,short,0.0024392404432149422,-0.4158995289226898
2040,M050218_138_3,6DC,Positive,medium,0.0008348680293193331,-0.14421503364880214
2040,M050218_138_3,6DC,Positive,long,0.0014202746216641952,-0.1157419832724767
2061,M050318_017_2,12l,Positive,short,0.005935776496932764,0.6129844859819431
2061,M050318_017_2,12l,Positive,medium,0.00534367968891644,0.2596544464957124
2061,M050318_017_2,12l,Positive,long,0.003947864433867724,0.5933979218503183
2064,M050318_018_5,12l,Positive,short,0.0051717497286619665,-0.054272443102595214
2064,M050318_018_5,12l,Positive,medium,0.003906409089393898,-0.3890223506707915
2064,M050318_018_5,12l,Positive,long,0.0031254243352572754,-0.562508088974716
2072,M050318_036_3,45,Negative,short,-0.0012729040164702258,-1.1141061328611834
2072,M050318_036_3,45,Negative,medium,-0.0006318932807036766,-1.4536573803563682
2072,M050318_036_3,45,Negative,long,-0.00027045280311795107,-1.5848728003795451
2090,M050318_115_6,6DC,Negative,short,-0.0016624244316746119,-0.06738404524334382
2090,M050318_115_6,6DC,Negative,medium,-0.0011654647546822325,-0.5376264262640734
2090,M050318_115_6,6DC,Negative,long,-0.0003930583546802672,-0.36383628729109446
2091,M050318_116_3,6DC,Positive,short,0.0025769297175185072,0.5059430124455081
2091,M050318_116_3,6DC,Positive,medium,0.002287338225782386,1.7001110173501508
2091,M050318_116_3,6DC,Positive,long,0.0004312157010363353,2.2174501845523245
2110,M050418_007_3,46v,Negative,short,-0.002292946768737501,-0.8460345756229224
2110,M050418_007_3,46v,Negative,medium,-0.0021658893376154476,-0.5195484835568881
2110,M050418_007_3,46v,Negative,long,-0.001782104492069912,-0.7170114716741189
2129,M050418_035_2,45,Positive,short,0.004374063798247858,0.7560023858047578
2129,M050418_035_2,45,Positive,medium,0.00555745507771253,1.1910145400779069
2129,M050418_035_2,45,Positive,long,0.00410309140054026,1.3879845612953585
2138,M050418_067_5,8A,Negative,short,-0.0027419093450881064,-0.026695410811850576
2138,M050418_067_5,8A,Negative,medium,-0.001306717872905603,-0.4975892286685709
2138,M050418_067_5,8A,Negative,long,-0.00024657057804193793,-0.7081809791669671
2139,M050418_067_6,8A,Negative,short,-0.0038270401606759555,0.14368608236675479
2139,M050418_067_6,8A,Negative,medium,-0.0021710130859104826,-0.5681158530714917
2139,M050418_067_6,8A,Negative,long,-0.0002706466103744594,-1.0236822196132134
2140,M050418_080_1,46d,Negative,short,-0.0018221457448916924,0.0444496420797847
2140,M050418_080_1,46d,Negative,medium,-0.0019734328103521775,0.1243652310051929
2140,M050418_080_1,46d,Negative,long,-0.0017187138707783322,-0.5159670879751587
2150,M050418_119_3,pu,Positive,short,0.002156956036940875,-0.37393684862661924
2150,M050418_119_3,pu,Positive,medium,0.0034338653008784,0.7077728784139486
2150,M050418_119_3,pu,Positive,long,0.0021782678580928726,2.1538232943777635
2153,M050418_135_3,6DR,Negative,short,-0.0013833015668630278,0.46175759703776303
2153,M050418_135_3,6DR,Negative,medium,-0.0026778502571300285,-0.532305508029156
2153,M050418_135_3,6DR,Negative,long,-0.0017800356550512016,-0.406256308120725
2163,M050718_013_1,11ml,Negative,short,-0.000972799209511923,0.7868369305366882
2163,M050718_013_1,11ml,Negative,medium,-0.0011909326935084796,0.3214215044572968
2163,M050718_013_1,11ml,Negative,long,-0.000919371883455039,-0.10007494250304699
2172,M050718_036_1,45,Negative,short,-0.0032284175778808984,0.0908146328215306
2172,M050718_036_1,45,Negative,medium,-0.0021764726064286786,-0.5351692306274121
2172,M050718_036_1,45,Negative,long,-0.0014478154237089482,-1.2126106277678452
2179,M050718_067_2,8A,Negative,short,-0.003277460966969515,0.4320957825353335
2179,M050718_067_2,8A,Negative,medium,-0.0023949436324019746,-0.5107117229623227
2179,M050718_067_2,8A,Negative,long,-0.00031972050128426156,-0.7946303258719738
2181,M050718_080_8,46d,Positive,short,0.003284374870970173,0.7812519899904908
2181,M050718_080_8,46d,Positive,medium,0.0010219947491327862,1.3000881260326023
2181,M050718_080_8,46d,Positive,long,0.0012061903312083281,1.4123243508045369
2182,M050718_090_2,45,Positive,short,0.0010000327645524254,0.0957874285635438
2182,M050718_090_2,45,Positive,medium,0.000993537728040277,-0.44653130556687637
2182,M050718_090_2,45,Positive,long,0.0021935658900304913,-0.35292217406689735
2191,M050718_113_3,6DR,Negative,short,-0.003702879229402328,0.7379336451496402
2191,M050718_113_3,6DR,Negative,medium,-0.0026557570598465348,-0.49643013801560515
2191,M050718_113_3,6DR,Negative,long,-0.0009661351616510807,-1.3364267812394064
2208,M050818_018_2,12l,Positive,short,0.0055627122716116854,1.0467525386079501
2208,M050818_018_2,12l,Positive,medium,0.0032940077224345803,0.9345759902569386
2208,M050818_018_2,12l,Positive,long,0.0012482501756213482,0.812110913939117
2218,M050818_036_2,45,Negative,short,-0.0027874657642639727,0.20527938377848667
2218,M050818_036_2,45,Negative,medium,-0.002262445382444607,-0.48399127017654914
2218,M050818_036_2,45,Negative,long,-0.0014138107642264262,-0.9728053402087454
2224,M050818_065_5,6DR,Negative,short,-0.0049594240818228875,0.8292215676953436
2224,M050818_065_5,6DR,Negative,medium,-0.001808853496397932,0.2901836479726075
2224,M050818_065_5,6DR,Negative,long,-0.0028829370552523386,-0.2437973585116914
2227,M050818_068_3,AI,Negative,short,-0.0007539271243100672,-0.46570103914492816
2227,M050818_068_3,AI,Negative,medium,-0.003266408329269764,-0.03311429191659671
2227,M050818_068_3,AI,Negative,long,-0.0013221840439915705,-0.3451660278142556
2229,M050818_080_4,46d,Negative,short,-0.002069535562417419,1.070009274609672
2229,M050818_080_4,46d,Negative,medium,-0.004821065835565654,0.39675318892927414
2229,M050818_080_4,46d,Negative,long,-0.0036847490339444846,-0.5153840484735657
2230,M050818_091_2,44,Positive,short,0.0009979534225627534,-0.7517946605476088
2230,M050818_091_2,44,Positive,medium,0.0015591533874679871,-0.7153034250278293
2230,M050818_091_2,44,Positive,long,0.0018328802338406637,-0.5031702142400968
2231,M050818_101_4,46v,Negative,short,-0.0038507173883418023,1.0647067761886633
2231,M050818_101_4,46v,Negative,medium,-0.0028133776691170284,-0.4892503775248673
2231,M050818_101_4,46v,Negative,long,-0.00042174798893127475,-0.9724604897015107
2234,M050818_109_5,8B,Positive,short,0.00019905625371534845,-0.7584596908528872
2234,M050818_109_5,8B,Positive,medium,0.0017453026343096155,-0.9799526199921593
2234,M050818_109_5,8B,Positive,long,0.002414953273130743,-0.680339222216191
2237,M050818_118_5,pu,Negative,short,-0.0013574064618403488,0.31435447754942736
2237,M050818_118_5,pu,Negative,medium,-0.0009094769834567293,-0.3105607870036423
2237,M050818_118_5,pu,Negative,long,-0.001099223629436569,-0.18118396839115322
2238,M050818_119_1,pu,Negative,short,-0.0016574075023769086,-0.17188071874326744
2238,M050818_119_1,pu,Negative,medium,-0.0005643071218501428,-0.589341669134213
2238,M050818_119_1,pu,Negative,long,-3.7323919104539725e-06,-0.7427952840006887
2250,M050918_006_3,11ml,Positive,short,0.0036924677043082893,0.2025313322907298
2250,M050918_006_3,11ml,Positive,medium,0.004504076039885205,1.0686690973616926
2250,M050918_006_3,11ml,Positive,long,0.0028298400765088853,0.8604070838140215
2267,M050918_036_2,45,Negative,short,-0.0024540497916763263,0.2802258393628067
2267,M050918_036_2,45,Negative,medium,-0.0018644473523381313,-0.42655470203406826
2267,M050918_036_2,45,Negative,long,-0.000998837905888502,-0.7672415701997856
2273,M050918_067_2,8A,Positive,short,0.003435157490089168,0.3741138521711669
2273,M050918_067_2,8A,Positive,medium,0.003572114255143461,1.1187587205890857
2273,M050918_067_2,8A,Positive,long,0.004175307581602253,2.003436727055694
2278,M050918_101_1,46v,Negative,short,-0.004205489059448542,0.720046267224888
2278,M050918_101_1,46v,Negative,medium,-0.0034746440120582887,-0.2146831391915406
2278,M050918_101_1,46v,Negative,long,-0.00025469599634071234,-1.1115764843644
2288,M050918_125_2,24c,Negative,short,-0.0028515547727887324,-0.09679785889039551
2288,M050918_125_2,24c,Negative,medium,-0.0013645697904520798,-0.4267800722364956
2288,M050918_125_2,24c,Negative,long,-0.0004918921764413086,-0.25208347232943745
2295,M050918_142_3,6DC,Positive,short,0.0017773779799845927,-0.6706408427527698
2295,M050918_142_3,6DC,Positive,medium,0.0026947278120353518,0.08189961231180379
2295,M050918_142_3,6DC,Positive,long,0.004766769643972459,1.044421279343056
2315,M051018_036_2,45,Negative,short,-0.0025245881132812203,0.07561944944866608
2315,M051018_036_2,45,Negative,medium,-0.0018376294260039059,-0.4931371855158622
2315,M051018_036_2,45,Negative,long,-0.0008146122152828754,-0.8306926572679878
2320,M051018_067_2,8A,Positive,short,0.0019585491940466845,-0.09365261455224176
2320,M051018_067_2,8A,Positive,medium,0.004564030442174492,0.08847857844673357
2320,M051018_067_2,8A,Positive,long,0.005534414340707369,1.2524117396264252
2324,M051018_080_1,46d,Negative,short,-0.001854611171687587,0.651405290946885
2324,M051018_080_1,46d,Negative,medium,-0.0008132010668829342,0.9662759201895575
2324,M051018_080_1,46d,Negative,long,-0.0018790504990725267,0.6077083040124887
2331,M051018_109_4,8B,Negative,short,-0.0011806624625629505,-0.5398613195804361
2331,M051018_109_4,8B,Negative,medium,-0.0007905161372917778,-0.7456364562973603
2331,M051018_109_4,8B,Negative,long,-0.000854438085737143,-0.8955952632248699
2339,M051018_134_5,6DR,Negative,short,-0.0023030012929237463,0.12365905740437796
2339,M051018_134_5,6DR,Negative,medium,-0.0030986739991607204,-0.723791987558489
2339,M051018_134_5,6DR,Negative,long,-0.0006992438458536267,-0.803708463361775
2365,M051118_018_6,12l,Positive,short,0.005403529023156817,0.2606474289352139
2365,M051118_018_6,12l,Positive,medium,0.0036422945191266418,-0.20753766761584433
2365,M051118_018_6,12l,Positive,long,0.0060524985746388425,0.24871402376404222
2368,M051118_036_2,45,Negative,short,-0.0026788235213606733,-0.0031320604082100485
2368,M051118_036_2,45,Negative,medium,-0.001187868756041598,-0.7108092553008615
2368,M051118_036_2,45,Negative,long,-0.0008376891918533897,-0.9494296269686567
2375,M051118_067_3,8A,Negative,short,-0.004288723082101352,-0.04278275660657945
2375,M051118_067_3,8A,Negative,medium,-0.000565387404176988,-0.7589597820045547
2375,M051118_067_3,8A,Negative,long,0.0003143425497355508,-0.7687699724850361
2380,M051118_090_3,45,Positive,short,0.00443418770988284,0.5763363207823298
2380,M051118_090_3,45,Positive,medium,0.0032857725353427052,-0.07614470747440508
2380,M051118_090_3,45,Positive,long,0.004126219962755514,-0.07905189867548648
2391,M051118_118_6,pu,Negative,short,-0.0024819017447296524,-0.3488618693064229
2391,M051118_118_6,pu,Negative,medium,-0.0010106994386475685,-0.6764046921551277
2391,M051118_118_6,pu,Negative,long,0.00031491520675970937,-0.8598208393709433
2393,M051118_123_3,cd,Positive,short,-0.00045448143810604305,0.14075548698520907
2393,M051118_123_3,cd,Positive,medium,0.0033946322732868683,0.8322966748564977
2393,M051118_123_3,cd,Positive,long,0.0033190749786492415,1.8201884087949942
2408,M051418_005_3,11ml,Positive,short,0.003933391784557525,0.20854614072087255
2408,M051418_005_3,11ml,Positive,medium,0.0035430553903729877,0.7780687236364624
2408,M051418_005_3,11ml,Positive,long,0.0034240192581598103,1.566090957346851
2414,M051418_013_4,11ml,Positive,short,0.003284317812505002,1.21231727582246
2414,M051418_013_4,11ml,Positive,medium,0.00262532987812185,1.457592588296151
2414,M051418_013_4,11ml,Positive,long,0.0018429807994802749,1.2997779616103593
2422,M051418_036_3,45,Positive,short,0.002529440439593262,-0.16170064129978232
2422,M051418_036_3,45,Positive,medium,0.002968580928191978,-0.027966205041527054
2422,M051418_036_3,45,Positive,long,0.004097022277744334,0.31038390491591666
2432,M051418_078_1,45,Negative,short,-0.004271288043711283,0.647280342377933
2432,M051418_078_1,45,Negative,medium,-0.002488867194648358,-0.4229911382324814
2432,M051418_078_1,45,Negative,long,-0.00044141480066966837,-0.8569919961859501
2439,M051418_104_2,6VaVb,Negative,short,-0.001311537122302933,-0.7100210556893698
2439,M051418_104_2,6VaVb,Negative,medium,-0.0003857085696744189,-0.9878200058532436
2439,M051418_104_2,6VaVb,Negative,long,-0.00014781804483945406,-1.0612563236977615
2443,M051418_116_3,6DC,Negative,short,-0.0033772744251200533,0.1780550809001423
2443,M051418_116_3,6DC,Negative,medium,-0.002423818610021184,-0.5725339204599824
2443,M051418_116_3,6DC,Negative,long,-0.0025477366359185605,-1.2455553819306082
2444,M051418_116_4,6DC,Negative,short,-0.0027008241812338735,-0.3850699479712217
2444,M051418_116_4,6DC,Negative,medium,-0.00016273940546129154,-0.8281267829822027
2444,M051418_116_4,6DC,Negative,long,8.331282402506917e-05,-0.8394420602158976
2446,M051418_118_3,pu,Negative,short,-0.001603947416211769,-0.17547679250310164
2446,M051418_118_3,pu,Negative,medium,-0.00048628382950548595,-0.6644878550099453
2446,M051418_118_3,pu,Negative,long,2.109786568146448e-05,-0.77907819329403
2456,M051418_147_4,6DC,Negative,short,0.00013645281377244278,-0.5275451397142077
2456,M051418_147_4,6DC,Negative,medium,-0.0009438890668650131,-0.7853472447534171
2456,M051418_147_4,6DC,Negative,long,-0.0016219531672408364,-0.9861865440839143
2462,M051518_005_2,11ml,Positive,short,0.0038713895031886685,0.5081160581860917
2462,M051518_005_2,11ml,Positive,medium,0.004149931597226166,0.9333203511561076
2462,M051518_005_2,11ml,Positive,long,0.0037565893579754777,1.3772375995724055
2466,M051518_013_3,11ml,Positive,short,0.0030939734382788957,0.976836070099838
2466,M051518_013_3,11ml,Positive,medium,0.0037723467133002255,1.2918983549127563
2466,M051518_013_3,11ml,Positive,long,0.0022461549141493445,1.5513048369356877
2484,M051518_078_1,45,Negative,short,-0.002629426391479126,0.17668595792920935
2484,M051518_078_1,45,Negative,medium,-0.001779774412804714,-0.9273799638559859
2484,M051518_078_1,45,Negative,long,0.0005632883487022224,-1.6490903947992055
2486,M051518_090_3,45,Positive,short,0.004492643615562311,0.5414011537929542
2486,M051518_090_3,45,Positive,medium,0.004515168063135243,0.10957637228406408
2486,M051518_090_3,45,Positive,long,0.00497373181787112,0.09739374511793082
2490,M051518_100_4,6DR,Negative,short,-0.0029610537921652786,0.5293046513637177
2490,M051518_100_4,6DR,Negative,medium,-0.003120879331066192,-0.10365091425563501
2490,M051518_100_4,6DR,Negative,long,-0.0008759971364967941,-0.8915526909062549
2491,M051518_101_2,46v,Negative,short,-0.0014962331253872301,1.1915413277121432
2491,M051518_101_2,46v,Negative,medium,-0.002062296542418359,1.065807724901523
2491,M051518_101_2,46v,Negative,long,-0.00265647966144289,0.8793309399534246
2492,M051518_104_2,6VaVb,Negative,short,-0.0009331376160105987,-0.7429578403962432
2492,M051518_104_2,6VaVb,Negative,medium,-0.00013609645152844272,-0.9490410653802995
2492,M051518_104_2,6VaVb,Negative,long,-0.00013272446568693964,-0.9901292394480967
2500,M051518_118_3,pu,Negative,short,-0.001928362307817765,-0.16625226749813868
2500,M051518_118_3,pu,Negative,medium,-0.0008220323818504154,-0.6632709846074093
2500,M051518_118_3,pu,Negative,long,-4.930399299664822e-05,-0.774059871568061
2501,M051518_119_1,pu,Negative,short,-0.0037933534879063804,0.4742698387331763
2501,M051518_119_1,pu,Negative,medium,-0.0024306347803454875,-0.3183579457549052
2501,M051518_119_1,pu,Negative,long,-0.0015643510216636009,-1.2127644787612255
2530,M051618_013_4,11ml,Positive,short,0.0035691787684662647,1.1293443812432384
2530,M051618_013_4,11ml,Positive,medium,0.0030586028583406907,1.1249000735568524
2530,M051618_013_4,11ml,Positive,long,0.00221065328835923,1.509827308765862
2544,M051618_060_3,13l,Positive,short,0.005001105543907711,0.9652346292288452
2544,M051618_060_3,13l,Positive,medium,0.003974606895590634,1.076323248359209
2544,M051618_060_3,13l,Positive,long,0.0027166050318315417,1.1165193328246499
2549,M051618_078_3,45,Positive,short,0.003692442401485132,-0.27784107180839923
2549,M051618_078_3,45,Positive,medium,0.002842218252089609,-0.0991430601626929
2549,M051618_078_3,45,Positive,long,0.004133769340338225,0.08943153289882792
2550,M051618_078_4,45,Negative,short,-0.005503895480123886,0.5380203675950073
2550,M051618_078_4,45,Negative,medium,-0.0003863785884673016,-0.15962827088901235
2550,M051618_078_4,45,Negative,long,2.5014640115876447e-05,-0.5642459690276403
2552,M051618_090_3,45,Positive,short,0.004878523270307563,0.5967424109348789
2552,M051618_090_3,45,Positive,medium,0.0046099230150046765,0.07628809031371814
2552,M051618_090_3,45,Positive,long,0.004778359513211191,-0.0985381152117067
2555,M051618_097_2,8B,Negative,short,-0.0035404624587439706,0.475925533760714
2555,M051618_097_2,8B,Negative,medium,-0.0028933859200611423,-0.5108123359188264
2555,M051618_097_2,8B,Negative,long,-0.0005375363240810636,-0.9970769770133515
2564,M051618_113_6,6DR,Positive,short,0.001257400149764452,-0.2933997603684599
2564,M051618_113_6,6DR,Positive,medium,0.0016049851819629193,0.1712264673156391
2564,M051618_113_6,6DR,Positive,long,0.0011928052431640834,0.7744140275901249
2566,M051618_116_2,6DC,Positive,short,0.0016608181555983626,-0.8177896711797904
2566,M051618_116_2,6DC,Positive,medium,0.0027269949154585618,-0.9537322757523135
2566,M051618_116_2,6DC,Positive,long,0.0030109672270785402,-0.35836897395588396
2572,M051618_125_1,24c,Positive,short,0.004086954171416504,0.5823350088686733
2572,M051618_125_1,24c,Positive,medium,0.002816045056539262,0.6339132385943418
2572,M051618_125_1,24c,Positive,long,0.002946947328455838,0.45739759236071925
2577,M051618_144_3,6DC,Positive,short,0.00205342651992512,-0.13462036441425135
2577,M051618_144_3,6DC,Positive,medium,0.0011041847227709516,-0.14149484575015372
2577,M051618_144_3,6DC,Positive,long,0.0009426390139476137,-0.35608476718716064
2586,M051618_154_2,cd,Negative,short,-0.0024530572628715394,-0.4618655220789838
2586,M051618_154_2,cd,Negative,medium,-5.72851801835072e-05,-0.8277351436718133
2586,M051618_154_2,cd,Negative,long,0.0003768220426283734,-0.7744189850899225
2590,M051718_005_2,11ml,Positive,short,0.004456823866994728,0.503708180568542
2590,M051718_005_2,11ml,Positive,medium,0.0041085858380602025,0.5915557698506673
2590,M051718_005_2,11ml,Positive,long,0.0032721816251343665,0.7990711192653116
2598,M051718_013_3,11ml,Positive,short,0.0038388796777028013,1.0619464868961674
2598,M051718_013_3,11ml,Positive,medium,0.002715138825083735,1.370938745294752
2598,M051718_013_3,11ml,Positive,long,0.0018217514576116874,1.3274882745227083
2606,M051718_060_2,13l,Positive,short,0.004633482707954107,0.7866770160859435
2606,M051718_060_2,13l,Positive,medium,0.003218671354187228,0.7338906792565846
2606,M051718_060_2,13l,Positive,long,0.0017445537098672488,1.1545752321126654
2609,M051718_065_6,6DR,Positive,short,0.0027026143004931285,-0.46160582774043213
2609,M051718_065_6,6DR,Positive,medium,0.00363707852311235,-0.412262622225168
2609,M051718_065_6,6DR,Positive,long,0.0047645759490569945,0.4111876151298433
2610,M051718_066_2,45,Negative,short,-0.0026165644672510157,0.35406945777836935
2610,M051718_066_2,45,Negative,medium,-0.0015419136094279211,-0.34205197880183974
2610,M051718_066_2,45,Negative,long,-0.000580674098225385,-0.5271922248770512
2613,M051718_078_3,45,Negative,short,-0.0016620904010860279,-0.24694467016543936
2613,M051718_078_3,45,Negative,medium,-0.002300211105155969,-0.7636506396923803
2613,M051718_078_3,45,Negative,long,-0.001112608663328095,-1.169331161630729
2614,M051718_090_3,45,Positive,short,0.005216258574425559,0.5123928101987465
2614,M051718_090_3,45,Positive,medium,0.0030442449271307196,-0.02049538756437141
2614,M051718_090_3,45,Positive,long,0.0038122959855925263,-0.20969866781019778
2618,M051718_101_1,46v,Negative,short,-0.0026442154302942964,1.491729021865794
2618,M051718_101_1,46v,Negative,medium,-0.0035661303672505193,0.6685972237648998
2618,M051718_101_1,46v,Negative,long,-0.0024536921618462043,-0.5295687602376162
2629,M051718_118_4,pu,Negative,short,-0.0016667194528152802,-0.23299014926795072
2629,M051718_118_4,pu,Negative,medium,-0.0009395837903909671,-0.6388431760403459
2629,M051718_118_4,pu,Negative,long,-1.283603797142648e-05,-0.8408004834925672
2642,M051718_146_4,6DC,Positive,short,0.0022839431820904452,0.3129837433146057
2642,M051718_146_4,6DC,Positive,medium,0.0016672348900460179,1.2188924748121999
2642,M051718_146_4,6DC,Positive,long,0.002210770871388744,0.08572910914286473
2648,M051718_154_2,cd,Negative,short,-0.0018611745980885745,-0.4522961086745431
2648,M051718_154_2,cd,Negative,medium,-0.00013347794688744693,-0.7950243169376735
2648,M051718_154_2,cd,Negative,long,0.0002476534976999349,-0.8025460986051702
2651,M051818_005_2,11ml,Positive,short,0.003675559365952887,0.7546273323516195
2651,M051818_005_2,11ml,Positive,medium,0.003326325978073671,1.0172835127907665
2651,M051818_005_2,11ml,Positive,long,0.0036588157643850172,1.0669879037112047
2661,M051818_013_3,11ml,Positive,short,0.0034257315210532028,1.2531352905485278
2661,M051818_013_3,11ml,Positive,medium,0.002496601805139421,1.3526896356346207
2661,M051818_013_3,11ml,Positive,long,0.001333510574691875,1.5650173863039636
2669,M051818_054_3,13m,Negative,short,-0.002526555257167815,0.08428463693332398
2669,M051818_054_3,13m,Negative,medium,-0.001690771262064884,-0.26775548420923945
2669,M051818_054_3,13m,Negative,long,-0.0007951924329512721,-0.4141892691122712
2670,M051818_065_2,6DR,Positive,short,0.0023705473956106638,-0.3911738699902943
2670,M051818_065_2,6DR,Positive,medium,0.005136298435052866,-0.14420031531080107
2670,M051818_065_2,6DR,Positive,long,0.003135990163897244,0.7285350139094781
2671,M051818_066_3,45,Negative,short,-0.002600835541129637,0.4983931247519946
2671,M051818_066_3,45,Negative,medium,-0.0013844711020980377,0.024825043192634223
2671,M051818_066_3,45,Negative,long,-0.0009947475445387796,-0.24485363160239101
2673,M051818_078_2,45,Negative,short,-0.002608419180140406,0.07587525032461852
2673,M051818_078_2,45,Negative,medium,-0.0031238031412594573,-0.5896216436692056
2673,M051818_078_2,45,Negative,long,-0.00020155800320528238,-0.6345887459665784
2674,M051818_080_2,46v,Positive,short,0.0008187544883592936,0.1534270602758794
2674,M051818_080_2,46v,Positive,medium,0.003409649505330622,0.7209951697543462
2674,M051818_080_2,46v,Positive,long,0.0032236177285229154,1.6612942473662275
2677,M051818_090_3,45,Positive,short,0.0057478447047633816,0.8259431176002257
2677,M051818_090_3,45,Positive,medium,0.004471040919548915,0.16556253442509772
2677,M051818_090_3,45,Positive,long,0.0038844098796343685,-0.2177824326337605
2681,M051818_100_3,6DR,Negative,short,-0.0011723986355823145,-0.1381609372832594
2681,M051818_100_3,6DR,Negative,medium,-0.0017755770903405115,-0.3964023815457106
2681,M051818_100_3,6DR,Negative,long,-0.001669276381279383,-0.6990425386551316
2683,M051818_104_2,6VaVb,Positive,short,0.0017072382287419898,0.8288575819199177
2683,M051818_104_2,6VaVb,Positive,medium,0.0015404444882987295,0.9848026204823257
2683,M051818_104_2,6VaVb,Positive,long,0.0023716029920122436,1.3134707663202048
2691,M051818_116_3,6DC,Positive,short,0.0012821323071235161,-0.4382656194430818
2691,M051818_116_3,6DC,Positive,medium,0.0024716340598946638,0.2577647910199241
2691,M051818_116_3,6DC,Positive,long,0.0020521019040922422,1.4230732121404117
2704,M051818_152_2,6DC,Positive,short,0.0025878523586162724,-0.5390019290069407
2704,M051818_152_2,6DC,Positive,medium,0.0029557068151619837,-0.16182247256300725
2704,M051818_152_2,6DC,Positive,long,0.002381630254633189,-0.4563587994169502
2705,M051818_152_4,6DC,Positive,short,0.001916114440803881,0.7616017320985207
2705,M051818_152_4,6DC,Positive,medium,0.0010616200443396197,0.8317452687491196
2705,M051818_152_4,6DC,Positive,long,0.00014563108835705907,1.423204320837773
2709,M052118_005_2,11ml,Positive,short,0.004357555666721547,0.7154568681908797
2709,M052118_005_2,11ml,Positive,medium,0.003661305216282837,0.7506958108008708
2709,M052118_005_2,11ml,Positive,long,0.004383649125838309,1.1603853467870473
2710,M052118_005_3,11ml,Positive,short,0.0004285931396462369,-0.6530098318061892
2710,M052118_005_3,11ml,Positive,medium,0.0005359711800331122,-0.590101644371988
2710,M052118_005_3,11ml,Positive,long,0.00028713803409218094,-0.602653128087223
2717,M052118_013_4,11ml,Positive,short,0.003129740808546652,0.9130199598318923
2717,M052118_013_4,11ml,Positive,medium,0.001922778391462984,1.4111199154830019
2717,M052118_013_4,11ml,Positive,long,0.0011878617388583446,1.5553880750438736
2719,M052118_017_2,12l,Positive,short,0.002357459688626063,-0.25300634385424803
2719,M052118_017_2,12l,Positive,medium,0.0028333264189368073,-0.19916505627171407
2719,M052118_017_2,12l,Positive,long,0.003907236885673573,0.0803423473437529
2727,M052118_025_3,46v,Negative,short,-0.002619702179886602,0.42627724832802866
2727,M052118_025_3,46v,Negative,medium,-0.0009076667357842667,-0.23161224208089573
2727,M052118_025_3,46v,Negative,long,-0.0005860879255218547,-0.2552267423610686
2732,M052118_036_5,45,Negative,short,-0.0017245361902346933,-0.14263176749043552
2732,M052118_036_5,45,Negative,medium,-0.0012667082140950764,-0.6463121498087282
2732,M052118_036_5,45,Negative,long,-0.0006557761517303353,-0.8290214534607188
2739,M052118_065_4,6DR,Positive,short,0.00426847552154521,-0.7089961707760919
2739,M052118_065_4,6DR,Positive,medium,0.005072521086114381,0.06466408605306113
2739,M052118_065_4,6DR,Positive,long,0.005989633360076928,0.7833665390987067
2745,M052118_091_2,44,Positive,short,0.002614058363833625,-0.6094049614608735
2745,M052118_091_2,44,Positive,medium,0.0030823603393894568,-0.04755205023650641
2745,M052118_091_2,44,Positive,long,0.0034555974852760857,1.165750615049259
2751,M052118_101_3,46v,Negative,short,-0.0007060467392424812,1.3930401974628848
2751,M052118_101_3,46v,Negative,medium,-0.004361563757949754,0.8995749156909705
2751,M052118_101_3,46v,Negative,long,-0.00319860958418245,-0.3754308575287015
2752,M052118_104_1,6VaVb,Positive,short,0.0013877347319023825,0.7727357187306821
2752,M052118_104_1,6VaVb,Positive,medium,0.0012202117584233926,0.8482329316325672
2752,M052118_104_1,6VaVb,Positive,long,0.0018226178818463714,1.4107418386591055
2761,M052118_117_1,6DC,Positive,short,0.0015145818894997715,0.9579565053969968
2761,M052118_117_1,6DC,Positive,medium,0.0019736484783002104,1.0332993911129862
2761,M052118_117_1,6DC,Positive,long,0.001391422067742054,1.5451667439719405
2772,M052118_152_1,6DC,Positive,short,0.001751608516671535,0.39696779141989774
2772,M052118_152_1,6DC,Positive,medium,0.0026121331033412873,0.5247297857905224
2772,M052118_152_1,6DC,Positive,long,0.001609093725469443,1.4299257711047142
2774,M052118_152_5,6DC,Positive,short,0.0011126677429854433,-0.49737399510966424
2774,M052118_152_5,6DC,Positive,medium,0.0015257061168255286,-0.3774093491667006
2774,M052118_152_5,6DC,Positive,long,0.0018866840239191841,-0.7766959537440499
2775,M052118_154_2,cd,Negative,short,-0.0024241481406726616,-0.37979709914577087
2775,M052118_154_2,cd,Negative,medium,0.0001724448300435436,-0.7366957881684708
2775,M052118_154_2,cd,Negative,long,9.754993437589962e-05,-0.7416882910664983
2780,M052218_005_3,11ml,Positive,short,0.004979476884670437,0.3131066115910866
2780,M052218_005_3,11ml,Positive,medium,0.004572230817048852,0.7021418410961734
2780,M052218_005_3,11ml,Positive,long,0.004110530177951564,0.9479307825529882
2786,M052218_013_5,11ml,Positive,short,0.0028092767308262726,1.262322468636635
2786,M052218_013_5,11ml,Positive,medium,0.0014337039498149233,1.586080220495405
2786,M052218_013_5,11ml,Positive,long,0.0012830299898491842,1.4653823881498391
2794,M052218_036_3,45,Negative,short,-0.002363035350572191,0.13155630892630785
2794,M052218_036_3,45,Negative,medium,-0.0005731065094514793,-0.6397094495978808
2794,M052218_036_3,45,Negative,long,-8.134587849372436e-06,-0.9804404949685698
2804,M052218_065_3,6DR,Positive,short,0.0040722079418023345,-0.31453154283767865
2804,M052218_065_3,6DR,Positive,medium,0.003679310470564496,-0.08580342587529094
2804,M052218_065_3,6DR,Positive,long,0.00687345648404167,0.5553891968428345
2806,M052218_078_1,45,Negative,short,-0.002211041111270999,-0.04138965071190595
2806,M052218_078_1,45,Negative,medium,-0.0009997721497014172,-0.6125846508140373
2806,M052218_078_1,45,Negative,long,-0.0003917769403414298,-0.8614667915861539
2807,M052218_078_4,45,Negative,short,-0.002157063663771362,-0.6993961584818065
2807,M052218_078_4,45,Negative,medium,-0.0008946588215710318,-1.1816049934722819
2807,M052218_078_4,45,Negative,long,5.851982866887553e-05,-1.2860720429364934
2809,M052218_080_1,46v,Positive,short,0.0017614765933650974,-0.9756129094695489
2809,M052218_080_1,46v,Positive,medium,0.0013104417177027205,-0.4030661537030521
2809,M052218_080_1,46v,Positive,long,0.002442969160112275,0.1747726835012157
2811,M052218_090_3,45,Positive,short,0.004077688389633171,0.32141145594903664
2811,M052218_090_3,45,Positive,medium,0.004469451176306728,0.24387049721621717
2811,M052218_090_3,45,Positive,long,0.004095966190074102,-0.30201244296466534
2812,M052218_096_3,8B,Negative,short,-0.0017347516640256217,0.607520893326931
2812,M052218_096_3,8B,Negative,medium,-0.002068171259142111,-0.026835135981896133
2812,M052218_096_3,8B,Negative,long,-0.0019388398375254667,-0.16130610258817657
2821,M052218_104_3,6VaVb,Positive,short,0.0018805123002265,0.5406505431817765
2821,M052218_104_3,6VaVb,Positive,medium,0.0005408057482368932,0.8517848289945161
2821,M052218_104_3,6VaVb,Positive,long,0.0021023941442046942,1.3156662033917306
2843,M052218_152_6,6DC,Positive,short,0.003443950714898237,0.33482603421888024
2843,M052218_152_6,6DC,Positive,medium,0.0015824931631651632,0.7390948372851196
2843,M052218_152_6,6DC,Positive,long,0.000876195755727633,0.8508377587438225
2854,M052318_013_3,11ml,Positive,short,0.0023361363607442964,1.3732219079568264
2854,M052318_013_3,11ml,Positive,medium,0.001769742463335017,1.431316645490548
2854,M052318_013_3,11ml,Positive,long,0.0015473903267630863,1.4884774781106513
2862,M052318_025_4,46v,Positive,short,0.0023986782599822306,-0.9030892855554398
2862,M052318_025_4,46v,Positive,medium,0.0014255594180687247,-0.3289684867210816
2862,M052318_025_4,46v,Positive,long,0.0025190526818228962,0.05926797794179678
2863,M052318_033_4,11ml,Negative,short,-0.002056627312095107,-0.43346651905090755
2863,M052318_033_4,11ml,Negative,medium,-0.00038352178907911797,-0.7850975624336776
2863,M052318_033_4,11ml,Negative,long,-0.0005071035675985073,-0.8524153453736456
2875,M052318_065_3,6DR,Positive,short,0.003452201404704992,-0.12133105207054865
2875,M052318_065_3,6DR,Positive,medium,0.005353845984919982,0.12413628230206691
2875,M052318_065_3,6DR,Positive,long,0.005083362283314344,0.833220045774274
2885,M052318_090_1,45,Positive,short,0.004742053395070409,0.46642413789471504
2885,M052318_090_1,45,Positive,medium,0.004330932402960617,-0.04823377626690822
2885,M052318_090_1,45,Positive,long,0.0046969771321764536,-0.06217277681430997
2887,M052318_091_6,44,Positive,short,0.0007941444218908318,-0.6264220917482741
2887,M052318_091_6,44,Positive,medium,0.002040307786610036,-0.23011234680503706
2887,M052318_091_6,44,Positive,long,0.0025059383197474053,0.4015993360402182
2888,M052318_091_7,44,Positive,short,0.0012282207448888654,-0.6479161280624184
2888,M052318_091_7,44,Positive,medium,0.0018541059538197213,-0.4680400079517868
2888,M052318_091_7,44,Positive,long,0.0022519879504002537,-0.2827646354219265
2896,M052318_104_1,6VaVb,Positive,short,0.0012768336028435494,0.42836739101908955
2896,M052318_104_1,6VaVb,Positive,medium,0.0014431125485722326,0.5055926313346597
2896,M052318_104_1,6VaVb,Positive,long,0.0028450379467158237,1.0536880228364724
2902,M052318_113_5,6DR,Negative,short,-0.001458178984771549,0.8562038192082314
2902,M052318_113_5,6DR,Negative,medium,-0.0034904273754618855,0.16336449594279526
2902,M052318_113_5,6DR,Negative,long,-0.00011175980992414465,-0.2645688534235061
2904,M052318_116_3,6DC,Positive,short,0.0031612244906730467,0.09143545476722836
2904,M052318_116_3,6DC,Positive,medium,0.0022336794921789115,0.751967089322941
2904,M052318_116_3,6DC,Positive,long,0.0024589276636877338,1.4886560840237755
2906,M052318_117_1,6DC,Positive,short,0.0008630469336819574,0.42356943352901055
2906,M052318_117_1,6DC,Positive,medium,0.001605399177172369,1.2376923503574238
2906,M052318_117_1,6DC,Positive,long,0.0017751980444352248,1.8884275575445812
2918,M052318_136_8,24c,Negative,short,-0.0019209885010332487,-0.4140265219404785
2918,M052318_136_8,24c,Negative,medium,-0.0016799730707930027,-0.2164833349537588
2918,M052318_136_8,24c,Negative,long,-0.0010137246942644815,-1.0703215050617987
2927,M052318_152_2,6DC,Positive,short,0.001514776315873481,0.3535539993610289
2927,M052318_152_2,6DC,Positive,medium,0.0010812756087700773,0.9833002196076309
2927,M052318_152_2,6DC,Positive,long,0.001748085327244607,1.1975507963318595
2928,M052318_152_4,6DC,Positive,short,0.0016807298385838189,-0.9059034883975983
2928,M052318_152_4,6DC,Positive,medium,0.0009758383584713899,-0.652376165765395
2928,M052318_152_4,6DC,Positive,long,0.0011662801917192392,-0.6987753033315679
2933,M052418_005_2,11ml,Positive,short,0.004003955240376797,0.3278701240626844
2933,M052418_005_2,11ml,Positive,medium,0.004266800862458271,1.0005453290059827
2933,M052418_005_2,11ml,Positive,long,0.003145416119864184,1.125637947620449
2935,M052418_006_5,11ml,Positive,short,0.0029400210007779503,-0.3695506342076937
2935,M052418_006_5,11ml,Positive,medium,0.004515990437827765,0.07445609999923058
2935,M052418_006_5,11ml,Positive,long,0.003560642964733581,-0.06535357237985659
2941,M052418_013_4,11ml,Positive,short,0.0033914234240575245,1.021366593023505
2941,M052418_013_4,11ml,Positive,medium,0.0032995466145524627,1.3972761270012117
2941,M052418_013_4,11ml,Positive,long,0.001970096088659171,1.3208862831707604
2943,M052418_017_3,12l,Positive,short,0.0020082899223383753,-0.3635670649757091
2943,M052418_017_3,12l,Positive,medium,0.0032386108365748257,-0.01788528305040626
2943,M052418_017_3,12l,Positive,long,0.0030140691630375703,-0.1463213349125362
2953,M052418_061_4,13l,Positive,short,0.0013641722035058086,0.4768160250319359
2953,M052418_061_4,13l,Positive,medium,0.0014959563358227395,0.9467857094611756
2953,M052418_061_4,13l,Positive,long,0.0016979060341773718,0.7092337561457476
2954,M052418_065_2,6DR,Positive,short,0.0021904020729828565,-0.8916459939165192
2954,M052418_065_2,6DR,Positive,medium,0.005469671811076943,0.38062533879430926
2954,M052418_065_2,6DR,Positive,long,0.004403475423842178,0.7324617863686975
2960,M052418_078_4,45,Negative,short,-0.001259778752249597,-0.42765116541295434
2960,M052418_078_4,45,Negative,medium,-0.0001431814374496997,-0.7377162788949672
2960,M052418_078_4,45,Negative,long,-0.0002752363630393127,-0.91147025234489
2962,M052418_090_2,45,Positive,short,0.003604054122235187,0.23743541308247892
2962,M052418_090_2,45,Positive,medium,0.00583617750228536,0.20314745999912975
2962,M052418_090_2,45,Positive,long,0.003946881809952456,-0.27767564359736224
2963,M052418_090_5,45,Positive,short,0.003850511748408482,-0.025230520510249547
2963,M052418_090_5,45,Positive,medium,0.0064449429191319706,0.2718493440444155
2963,M052418_090_5,45,Positive,long,0.004872013624055602,-0.1835993481722479
2966,M052418_091_6,44,Positive,short,0.0010240165714881823,-0.6820830592944499
2966,M052418_091_6,44,Positive,medium,0.0020415676423409424,-0.35645696660968634
2966,M052418_091_6,44,Positive,long,0.0018397538142945562,-0.2561770113205968
2970,M052418_101_1,46v,Negative,short,-0.001910163054827973,1.5134423724228452
2970,M052418_101_1,46v,Negative,medium,-0.006253331395792547,-0.23367365891774017
2970,M052418_101_1,46v,Negative,long,-0.00218805998020287,-0.5390805669699156
2978,M052418_113_4,6DR,Positive,short,0.0016300599269467677,-0.05962167431820438
2978,M052418_113_4,6DR,Positive,medium,0.0010465222153123184,-0.6121802379295056
2978,M052418_113_4,6DR,Positive,long,0.001277623553781228,-0.9152945004366401
2986,M052418_136_1,24c,Negative,short,-0.00420491325843861,-0.11559253350402324
2986,M052418_136_1,24c,Negative,medium,-0.001846873122364419,-0.6095406441033482
2986,M052418_136_1,24c,Negative,long,-0.0003656984399349796,-0.8940329380370614
3001,M052518_005_3,11ml,Positive,short,0.004696523632636391,0.2863537667384263
3001,M052518_005_3,11ml,Positive,medium,0.003892920031010743,0.7724876945958234
3001,M052518_005_3,11ml,Positive,long,0.0027330814310180095,0.8919978355508478
3004,M052518_006_6,11ml,Positive,short,0.004265083179971301,-0.14399865053192132
3004,M052518_006_6,11ml,Positive,medium,0.003019637777046197,-0.07136862802287461
3004,M052518_006_6,11ml,Positive,long,0.0029298820231839877,0.18024700877745597
3009,M052518_013_1,11ml,Positive,short,0.003598390691693912,1.0154108086882931
3009,M052518_013_1,11ml,Positive,medium,0.0022992942754385725,1.5593756223081947
3009,M052518_013_1,11ml,Positive,long,0.0015765014961498203,1.4740069301275167
3019,M052518_026_3,45,Positive,short,0.0032172943961860973,-0.20005788607677807
3019,M052518_026_3,45,Positive,medium,0.004077149514332351,0.26511121548699856
3019,M052518_026_3,45,Positive,long,0.002920348540442388,0.5622758414721645
3028,M052518_061_4,13l,Positive,short,0.001286811490304304,0.4024870779220799
3028,M052518_061_4,13l,Positive,medium,0.002561570061850328,0.8003046953666741
3028,M052518_061_4,13l,Positive,long,0.001160670320337398,0.9889871114105631
3029,M052518_065_2,6DR,Positive,short,0.004515840437223827,-0.5194625781706461
3029,M052518_065_2,6DR,Positive,medium,0.00454265897554257,0.13246662741524637
3029,M052518_065_2,6DR,Positive,long,0.003482069215546871,0.7865420452635983
3031,M052518_078_3,45,Positive,short,0.0013694067088400206,-0.06574156814333366
3031,M052518_078_3,45,Positive,medium,0.001449473812263392,0.8504823494621997
3031,M052518_078_3,45,Positive,long,0.0008114179452938632,1.2772534895260599
3032,M052518_090_2,45,Positive,short,0.005560127114282613,0.16923980198152822
3032,M052518_090_2,45,Positive,medium,0.005205117448279492,0.04866785026417298
3032,M052518_090_2,45,Positive,long,0.005584310103045369,0.10478680246291115
3035,M052518_091_2,44,Positive,short,0.004151499540420206,0.8692658331699223
3035,M052518_091_2,44,Positive,medium,0.004410517126279351,0.7449610449111062
3035,M052518_091_2,44,Positive,long,0.0024461321475808687,0.8477349650916668
3037,M052518_091_7,44,Positive,short,0.0012554902712239773,-0.685238347536018
3037,M052518_091_7,44,Positive,medium,0.0018287899605699406,-0.44542571442100426
3037,M052518_091_7,44,Positive,long,0.002025906032109399,-0.3330527204559095
3041,M052518_101_2,46v,Negative,short,-0.003148865155299616,1.600757591661915
3041,M052518_101_2,46v,Negative,medium,-0.004976615552514567,1.0438821711833162
3041,M052518_101_2,46v,Negative,long,-0.003366647301695708,0.03207931389021819
3044,M052518_106_4,6DR,Positive,short,0.0013508829080247054,-0.05867896222210367
3044,M052518_106_4,6DR,Positive,medium,0.002026011109696458,-0.013010956497301973
3044,M052518_106_4,6DR,Positive,long,0.002284028588287313,0.02416447064329478
3071,M052518_147_1,6DC,Negative,short,-0.0009662418295530754,-0.5582306816578904
3071,M052518_147_1,6DC,Negative,medium,-0.0008123628709850823,-0.9497539372293405
3071,M052518_147_1,6DC,Negative,long,-0.00015368474630897392,-1.1272269454652974
3081,M052918_005_2,11ml,Positive,short,0.0042684653804411265,0.3744936223301799
3081,M052918_005_2,11ml,Positive,medium,0.004151518320268873,0.8778528690011456
3081,M052918_005_2,11ml,Positive,long,0.003331490032273421,1.1161061577164195
3082,M052918_006_3,11ml,Positive,short,0.003388255992599171,-0.442576040262
3082,M052918_006_3,11ml,Positive,medium,0.002932100337147891,-0.4344908305362081
3082,M052918_006_3,11ml,Positive,long,0.0035589158645267984,0.24300928225666407
3086,M052918_013_3,11ml,Positive,short,0.0024921051360407573,1.0387834827857287
3086,M052918_013_3,11ml,Positive,medium,0.0022848638778780583,1.4924405790406734
3086,M052918_013_3,11ml,Positive,long,0.0008092355036225351,1.3686980038831713
3097,M052918_036_4,45,Positive,short,0.0010214799116081224,-0.231403547636475
3097,M052918_036_4,45,Positive,medium,0.004792851798996963,0.38222432958532415
3097,M052918_036_4,45,Positive,long,0.003923911285864243,1.684929704309105
3098,M052918_039_2,13l,Positive,short,0.00035738590866011546,-0.6133885383110078
3098,M052918_039_2,13l,Positive,medium,0.0007571476197199389,-0.5472283466237159
3098,M052918_039_2,13l,Positive,long,0.0017705526115016363,-0.08065825198178866
3111,M052918_090_3,45,Positive,short,0.003458554150598492,0.2681926179030959
3111,M052918_090_3,45,Positive,medium,0.0036318305405548886,-0.08170437851439179
3111,M052918_090_3,45,Positive,long,0.004425846919612596,-0.15377759673348326
3114,M052918_101_1,46v,Negative,short,-0.0036965640490076446,1.400702110971301
3114,M052918_101_1,46v,Negative,medium,-0.00663286311294527,0.559344377268738
3114,M052918_101_1,46v,Negative,long,-0.003433763364586904,-0.5005781122919338
3137,M053018_006_4,11ml,Positive,short,0.0024167040995788725,-0.4690359704461438
3137,M053018_006_4,11ml,Positive,medium,0.0033873465690236935,-0.08443363669772745
3137,M053018_006_4,11ml,Positive,long,0.0036880889418875466,0.41520016314990876
3141,M053018_013_3,11ml,Positive,short,0.002293651022544635,0.839888712679487
3141,M053018_013_3,11ml,Positive,medium,0.0022563026937654036,1.2957869497392815
3141,M053018_013_3,11ml,Positive,long,0.0010967822582393376,1.6234566175600456
3146,M053018_033_2,11ml,Negative,short,-0.003270684365155233,0.21777441863361094
3146,M053018_033_2,11ml,Negative,medium,-0.0026166191875267556,-0.7995823282055392
3146,M053018_033_2,11ml,Negative,long,-0.0002933265780719358,-1.0134572963944688
3147,M053018_036_1,45,Positive,short,0.0023408181116036475,-0.21786039060205625
3147,M053018_036_1,45,Positive,medium,0.004453073595804609,-0.10690306989900682
3147,M053018_036_1,45,Positive,long,0.004872517540823697,0.7889648700759981
3156,M053018_078_4,45,Positive,short,0.0010095030481153105,-0.3717861532198014
3156,M053018_078_4,45,Positive,medium,0.001736463402230812,0.19306072264765145
3156,M053018_078_4,45,Positive,long,0.0006354863557629848,0.49327940001391096
3160,M053018_090_3,45,Positive,short,0.003989655975987685,0.31506287347738043
3160,M053018_090_3,45,Positive,medium,0.004096910186769895,-0.07113289164562095
3160,M053018_090_3,45,Positive,long,0.004879406244200671,-0.10299370301803713
3165,M053018_101_3,46v,Negative,short,-0.0008660718037487987,1.4474516474020462
3165,M053018_101_3,46v,Negative,medium,-0.0039918720986774,0.3602167849115928
3165,M053018_101_3,46v,Negative,long,-0.00226509353447446,-0.6965649320618846
3191,M053118_005_2,11ml,Positive,short,0.0027557840782244268,-0.240310361611381
3191,M053118_005_2,11ml,Positive,medium,0.0025120056051489586,-0.10000464915857339
3191,M053118_005_2,11ml,Positive,long,0.0027220595012241926,0.049911843681457714
3193,M053118_006_1,11ml,Positive,short,0.004044907512692213,0.03160553320486117
3193,M053118_006_1,11ml,Positive,medium,0.0039634686328374686,-0.17836316680494899
3193,M053118_006_1,11ml,Positive,long,0.003275584141697178,0.22334355266010095
3199,M053118_012_3,12r,Negative,short,-0.001456873546524164,-0.681727326036541
3199,M053118_012_3,12r,Negative,medium,-0.0030420310119181524,-0.4866661845226795
3199,M053118_012_3,12r,Negative,long,-0.0011815626538557655,-0.07002519183953335
3201,M053118_013_3,11ml,Positive,short,0.0023928121670704723,1.1385049036953492
3201,M053118_013_3,11ml,Positive,medium,0.0022889200809462534,1.5238331048540188
3201,M053118_013_3,11ml,Positive,long,0.0003227649617625151,1.2742871937656561
3208,M053118_036_1,45,Positive,short,0.003215102390126115,-0.33658723317000694
3208,M053118_036_1,45,Positive,medium,0.00474557836858756,0.09222614873718228
3208,M053118_036_1,45,Positive,long,0.00453732539207823,0.7724114495518225
3222,M053118_090_2,45,Positive,short,0.0037944667438331255,0.3483518131244649
3222,M053118_090_2,45,Positive,medium,0.0035457799594489953,-0.06254215258020232
3222,M053118_090_2,45,Positive,long,0.0048609353941571265,-0.19378343272718684
3227,M053118_101_2,46v,Negative,short,-0.002672870892199491,0.024899222261230532
3227,M053118_101_2,46v,Negative,medium,-0.001939407821289681,-0.4672480321573729
3227,M053118_101_2,46v,Negative,long,-0.0012373546944437616,-1.3037978643783912
3232,M053118_109_3,8B,Negative,short,-0.0007927535397564012,0.5504459241395832
3232,M053118_109_3,8B,Negative,medium,-0.002566689624031023,-0.19910593746042501
3232,M053118_109_3,8B,Negative,long,-0.0015985835866157336,-0.756211584535026
3249,M053118_147_1,6DC,Negative,short,-0.0006599905032775385,-0.9034034190281061
3249,M053118_147_1,6DC,Negative,medium,-0.0014224369306727654,-0.8231976661775354
3249,M053118_147_1,6DC,Negative,long,-0.0010930824064777985,-0.9322827275402336
3257,M060118_007_4,11ml,Positive,short,0.003808426686635212,-0.5835195427534624
3257,M060118_007_4,11ml,Positive,medium,0.004138578046672662,-0.13934211057925383
3257,M060118_007_4,11ml,Positive,long,0.0034561033322341186,0.15786430436828036
3262,M060118_013_3,11ml,Positive,short,0.0023802609655370257,1.1410267209252978
3262,M060118_013_3,11ml,Positive,medium,0.0021672395681015767,1.3382771624106535
3262,M060118_013_3,11ml,Positive,long,0.0013834889534914772,1.3771965282530634
3271,M060118_036_3,45,Positive,short,0.002628136205163887,-0.18631537594582992
3271,M060118_036_3,45,Positive,medium,0.004029120065633916,0.7350499611518372
3271,M060118_036_3,45,Positive,long,0.003959128121316643,1.6992493794979946
3276,M060118_061_2,13l,Positive,short,0.001891270556171565,0.6578118641391635
3276,M060118_061_2,13l,Positive,medium,0.0021447937022378676,1.1924393080584024
3276,M060118_061_2,13l,Positive,long,0.0008360972346345173,1.7272565740713859
3282,M060118_078_2,45,Negative,short,-0.002355573633506975,-0.3371973761869517
3282,M060118_078_2,45,Negative,medium,-0.00012357525505936977,-0.8455602313436803
3282,M060118_078_2,45,Negative,long,4.181686477600193e-19,-0.8595588803291321
3286,M060118_090_3,45,Positive,short,0.003593855116142703,0.36509506210697174
3286,M060118_090_3,45,Positive,medium,0.004261553298740154,0.11919937650874542
3286,M060118_090_3,45,Positive,long,0.004242043609578162,-0.14839899506669385
3287,M060118_091_3,44,Negative,short,-0.002608373714201315,-0.10976739956868717
3287,M060118_091_3,44,Negative,medium,-0.0007349540156718217,-0.6383170496901736
3287,M060118_091_3,44,Negative,long,0.000526508868451336,-0.567384970019542
3291,M060118_101_2,46v,Negative,short,-0.003318302171217028,0.9000427562672918
3291,M060118_101_2,46v,Negative,medium,-0.0060312380438571015,0.3002941563703002
3291,M060118_101_2,46v,Negative,long,-0.00357758178500213,-1.1834977037850969
3296,M060118_109_4,8B,Negative,short,-0.002486044244983544,0.4480355500534933
3296,M060118_109_4,8B,Negative,medium,-0.001546652368894239,-0.4444004347471957
3296,M060118_109_4,8B,Negative,long,-0.0012773382766912038,-0.7115067820686122
3301,M060118_119_4,pu,Negative,short,-0.005469284265889729,0.3854917444098127
3301,M060118_119_4,pu,Negative,medium,-0.004640078810798136,-0.1826549950485798
3301,M060118_119_4,pu,Negative,long,-0.003181675383957559,-0.7872497685406258
3320,M060418_005_2,11ml,Positive,short,0.0031200908078176178,0.2504072303644823
3320,M060418_005_2,11ml,Positive,medium,0.001362375437966861,0.5471415172808318
3320,M060418_005_2,11ml,Positive,long,0.0025223096042499764,0.8414018681991888
3321,M060418_005_3,11ml,Positive,short,0.0035378450837645127,-0.3172153167243731
3321,M060418_005_3,11ml,Positive,medium,0.0032119864877126515,-0.4892462435474436
3321,M060418_005_3,11ml,Positive,long,0.002850705737253764,-0.530961988953263
3323,M060418_007_2,11ml,Positive,short,0.003967360320309116,-0.28433972466305074
3323,M060418_007_2,11ml,Positive,medium,0.004148414738320677,0.009478078005498275
3323,M060418_007_2,11ml,Positive,long,0.003915359935640243,0.7960338260025056
3341,M060418_036_2,45,Positive,short,0.0029934876362857493,-0.009426705650896138
3341,M060418_036_2,45,Positive,medium,0.005390275126012705,0.4560721198717882
3341,M060418_036_2,45,Positive,long,0.00401756543533485,1.7600131799000471
3351,M060418_072_4,46d,Negative,short,-0.003325564636167452,0.2275485081130177
3351,M060418_072_4,46d,Negative,medium,-0.0024875121272555627,-0.4798693757886013
3351,M060418_072_4,46d,Negative,long,-0.0005167502269140006,-0.7531557782319144
3356,M060418_090_2,45,Positive,short,0.004649059812842984,0.5187039430514319
3356,M060418_090_2,45,Positive,medium,0.004319629426308923,-0.07337388647534263
3356,M060418_090_2,45,Positive,long,0.004154917974559921,-0.10892168976701239
3358,M060418_091_3,44,Positive,short,0.0009910005099967303,-0.22839444183210644
3358,M060418_091_3,44,Positive,medium,0.004172353641504985,-0.7311737136946319
3358,M060418_091_3,44,Positive,long,0.00423593377795502,-0.4883453974616714
3359,M060418_091_5,44,Positive,short,0.0016009182014972252,-0.5372555521506654
3359,M060418_091_5,44,Positive,medium,0.0012566283809021643,-0.4924350683089228
3359,M060418_091_5,44,Positive,long,0.0022889207591160823,-0.2624496015396198
3360,M060418_097_2,8B,Positive,short,0.0030435314041300987,-0.3153156174988251
3360,M060418_097_2,8B,Positive,medium,0.004280562456369001,0.030310130237249933
3360,M060418_097_2,8B,Positive,long,0.0016052037182829164,0.01727001075860713
3361,M060418_097_4,8B,Positive,short,0.004550204942383213,-1.023061538870197
3361,M060418_097_4,8B,Positive,medium,0.0028575838313771086,-0.6445492147638489
3361,M060418_097_4,8B,Positive,long,0.0026322667292724717,-0.10592041210563521
3369,M060418_116_2,6DC,Negative,short,-0.004106529780295248,-0.35774558004493145
3369,M060418_116_2,6DC,Negative,medium,-0.001099454896986109,-1.0298135304659257
3369,M060418_116_2,6DC,Negative,long,0.0002525593165265972,-1.2377390224802711
3370,M060418_119_3,pu,Negative,short,-0.0017038323812270057,-0.32953776235648813
3370,M060418_119_3,pu,Negative,medium,-0.0012583361539419422,-0.6801833905366416
3370,M060418_119_3,pu,Negative,long,-0.0005421899211586548,-0.992313857681541
3371,M060418_119_5,pu,Negative,short,-0.0014421959797207117,-0.5091779704341226
3371,M060418_119_5,pu,Negative,medium,-0.00040720336478945,-0.6803985514775687
3371,M060418_119_5,pu,Negative,long,-0.0004035462404093333,-0.6727256797216895
3385,M060418_152_3,6DC,Positive,short,0.0016851290071349207,-0.14832554028381884
3385,M060418_152_3,6DC,Positive,medium,0.002156014648960697,0.3924526653092544
3385,M060418_152_3,6DC,Positive,long,0.0013422373122423945,1.0637003280557134
3386,M060418_152_4,6DC,Positive,short,0.0023785716909738835,0.9258916279217367
3386,M060418_152_4,6DC,Positive,medium,0.0006739470743534503,1.0384524767093373
3386,M060418_152_4,6DC,Positive,long,0.0009814063228923405,1.0180693448779983
3390,M060518_007_1,11ml,Positive,short,0.0018616987359399801,-0.7471857014733573
3390,M060518_007_1,11ml,Positive,medium,0.002041626467433261,-0.4114379245675899
3390,M060518_007_1,11ml,Positive,long,0.0013923408538056045,-0.10021197999069315
3392,M060518_012_3,12r,Negative,short,-0.0008828142588080941,-0.3720553346455156
3392,M060518_012_3,12r,Negative,medium,-0.0019892575595142777,-0.7255340390509388
3392,M060518_012_3,12r,Negative,long,-0.005192298966035949,-0.39163848877423046
3393,M060518_013_2,11ml,Positive,short,0.0025792649253569334,1.573306124737973
3393,M060518_013_2,11ml,Positive,medium,0.002103976782725441,1.3389926850299867
3393,M060518_013_2,11ml,Positive,long,0.0013261995479254395,1.257704852920602
3397,M060518_017_4,12l,Positive,short,0.005821624334002144,0.6571058357282062
3397,M060518_017_4,12l,Positive,medium,0.004715465961293436,0.33991011161591156
3397,M060518_017_4,12l,Positive,long,0.006901599297720475,0.9094272755800119
3405,M060518_036_1,45,Positive,short,0.003597525894020841,0.08824868329173843
3405,M060518_036_1,45,Positive,medium,0.004173033144529251,0.9016679161165867
3405,M060518_036_1,45,Positive,long,0.00414145266627167,1.483007287671681
3414,M060518_078_1,45,Negative,short,-0.0015673093453016955,-1.0739392213734136
3414,M060518_078_1,45,Negative,medium,-0.0002754076822103964,-1.356414890328977
3414,M060518_078_1,45,Negative,long,-8.316435990956731e-06,-1.392151721900394
3418,M060518_090_3,45,Positive,short,0.0041762436648562305,0.5246433845082741
3418,M060518_090_3,45,Positive,medium,0.004355183236102704,0.09247709837348546
3418,M060518_090_3,45,Positive,long,0.004891818897467051,-0.1553668956302909
3419,M060518_091_3,44,Positive,short,0.0008792954884947864,0.02106470924760672
3419,M060518_091_3,44,Positive,medium,0.002969264230404869,-0.02520902261576505
3419,M060518_091_3,44,Positive,long,0.0035978241326219905,0.20217161150364446
3420,M060518_091_4,44,Positive,short,0.0011203468559325077,-0.5845054592259271
3420,M060518_091_4,44,Positive,medium,0.0008923707547420913,-0.505972818308781
3420,M060518_091_4,44,Positive,long,0.002472054546584867,-0.31614131597509937
3421,M060518_097_3,8B,Positive,short,0.0020505715560712396,-0.7460487932912535
3421,M060518_097_3,8B,Positive,medium,0.0028228300509944124,-1.1561923353822774
3421,M060518_097_3,8B,Positive,long,0.001798794030430446,-0.3991378122636934
3430,M060518_116_3,6DC,Negative,short,-0.005655994826413927,-0.23259147602565797
3430,M060518_116_3,6DC,Negative,medium,-0.0006245115663329696,-1.1858052865241013
3430,M060518_116_3,6DC,Negative,long,0.0002420189933908241,-1.3019718072577047
3431,M060518_119_1,pu,Negative,short,-0.0012555216096432056,-0.5748817703086951
3431,M060518_119_1,pu,Negative,medium,-0.0003349209715851875,-0.7460013738586978
3431,M060518_119_1,pu,Negative,long,-0.00037641770551020417,-0.8158567516061906
3432,M060518_119_5,pu,Negative,short,-0.0011925294567506697,-0.4256394639748386
3432,M060518_119_5,pu,Negative,medium,-0.0006538384814960132,-0.7337178063273628
3432,M060518_119_5,pu,Negative,long,-6.199692102683909e-05,-0.9308039969493466
3434,M060518_133_4,6DR,Negative,short,-0.0016274434072717804,-0.802300814133968
3434,M060518_133_4,6DR,Negative,medium,-0.0015041822948492487,-1.324845574659833
3434,M060518_133_4,6DR,Negative,long,-0.0014824825699022647,-1.6547607719005641
3439,M060518_138_1,6DC,Negative,short,-0.00022374278933894246,0.6787299031367333
3439,M060518_138_1,6DC,Negative,medium,-0.0060323617247576644,0.5804440153610835
3439,M060518_138_1,6DC,Negative,long,-0.004113744526556258,-0.28821331968441133
3440,M060518_146_1,6DC,Positive,short,0.0015829664553182504,0.4195012505909664
3440,M060518_146_1,6DC,Positive,medium,0.0019097386638889959,1.4039174973865516
3440,M060518_146_1,6DC,Positive,long,0.00266442023419201,1.3963208090941641
3447,M060518_152_3,6DC,Positive,short,0.002575645592526296,-0.4610370451839371
3447,M060518_152_3,6DC,Positive,medium,0.002925154244929358,-0.2012215915621071
3447,M060518_152_3,6DC,Positive,long,0.002518214799451869,0.07792643640637235
3449,M060518_152_8,6DC,Positive,short,0.0020878532234363447,-0.6229934889207999
3449,M060518_152_8,6DC,Positive,medium,0.0011902964856099546,-0.6992712580791044
3449,M060518_152_8,6DC,Positive,long,0.003051367215512007,-0.7887029630779374
3459,M060618_013_3,11ml,Positive,short,0.003124282339039942,1.1114873043114255
3459,M060618_013_3,11ml,Positive,medium,0.0025550584652570918,1.4296829139135045
3459,M060618_013_3,11ml,Positive,long,0.0010763423599584447,1.6932493472059633
3468,M060618_036_2,45,Positive,short,0.0029064387515434064,-0.2431849524310593
3468,M060618_036_2,45,Positive,medium,0.0037902556405080188,0.7197124541598835
3468,M060618_036_2,45,Positive,long,0.00286271718223675,2.0304281794886028
3469,M060618_045_1,45,Positive,short,0.0017633817419281663,1.0318666207611857
3469,M060618_045_1,45,Positive,medium,0.0016024439199324764,1.5011002772461357
3469,M060618_045_1,45,Positive,long,0.00039601831899588113,1.0675754491580702
3482,M060618_090_3,45,Positive,short,0.0047015807588911265,0.2881892734046827
3482,M060618_090_3,45,Positive,medium,0.00349214496742215,0.04994523079411906
3482,M060618_090_3,45,Positive,long,0.004686164930867337,-0.16753493527340982
3483,M060618_091_1,44,Positive,short,0.002059486442734901,-0.4214677685585352
3483,M060618_091_1,44,Positive,medium,0.0014153940989921707,-0.22925009561413315
3483,M060618_091_1,44,Positive,long,0.0030805843992514946,0.06511863294722335
3484,M060618_091_4,44,Positive,short,0.0008790342542563533,-0.6938380572988269
3484,M060618_091_4,44,Positive,medium,0.0011082515681791845,-0.5409644349618038
3484,M060618_091_4,44,Positive,long,0.001952277240701434,-0.36982929233851736
3490,M060618_101_4,46v,Negative,short,-0.0020814401926777036,-0.10849360906780108
3490,M060618_101_4,46v,Negative,medium,-0.0008072431015259502,-0.48019420669201807
3490,M060618_101_4,46v,Negative,long,-0.00020581694394751222,-0.8597961946850807
3502,M060618_116_2,6DC,Negative,short,-0.004815464899341069,-0.3626563423216349
3502,M060618_116_2,6DC,Negative,medium,-0.000630335697794251,-1.2565102857381056
3502,M060618_116_2,6DC,Negative,long,0.0005364043917056483,-1.4246146395281825
3505,M060618_118_3,pu,Negative,short,-0.0015255348699124106,-0.4178455945100438
3505,M060618_118_3,pu,Negative,medium,-0.0003055473230607223,-0.7264237356761133
3505,M060618_118_3,pu,Negative,long,0.00019486758603333304,-0.8004713572202229
3506,M060618_119_1,pu,Negative,short,-0.001714148273718736,-0.3636364504333102
3506,M060618_119_1,pu,Negative,medium,-0.0005734491739615549,-0.694175323115014
3506,M060618_119_1,pu,Negative,long,0.00011045180417353404,-0.8738642346839143
3507,M060618_119_7,pu,Negative,short,-0.00210368338005616,-0.3431156175207198
3507,M060618_119_7,pu,Negative,medium,-0.0006148119299137484,-0.6543774872571974
3507,M060618_119_7,pu,Negative,long,-8.026321020844799e-06,-0.7752025868253978
3519,M060618_147_4,6DC,Negative,short,-0.002115122525262678,-0.6547398628343901
3519,M060618_147_4,6DC,Negative,medium,-0.0010833848947176578,-1.0491831012057782
3519,M060618_147_4,6DC,Negative,long,-0.0012918058666601528,-1.466686592522556
3532,M060718_013_3,11ml,Positive,short,0.0035086923631336584,1.0481136995623392
3532,M060718_013_3,11ml,Positive,medium,0.002831756514182106,1.3210880875389113
3532,M060718_013_3,11ml,Positive,long,0.0025688292529342954,1.5132029070433681
3540,M060718_036_3,45,Positive,short,0.003229218219536416,-0.1497748548381136
3540,M060718_036_3,45,Positive,medium,0.004290018312220573,0.6789076250935975
3540,M060718_036_3,45,Positive,long,0.00479066852318127,1.9207327205706357
3542,M060718_054_3,13m,Negative,short,-0.002122835961311418,-0.5741237505221315
3542,M060718_054_3,13m,Negative,medium,-0.0011054866049510605,-0.9235773399447442
3542,M060718_054_3,13m,Negative,long,-0.0003558650929221619,-1.0704700363654265
3549,M060718_090_3,45,Positive,short,0.0043234726073233575,0.2509268921723784
3549,M060718_090_3,45,Positive,medium,0.0043462525480863,-0.05119261904518909
3549,M060718_090_3,45,Positive,long,0.005517899292413843,-0.022029199551274928
3550,M060718_091_1,44,Positive,short,0.0011107300841509183,-0.5166117226373336
3550,M060718_091_1,44,Positive,medium,0.002817448533163282,-0.5592209876231391
3550,M060718_091_1,44,Positive,long,0.003642896624325373,-0.35446937701249565
3551,M060718_091_3,44,Positive,short,0.001037383057714669,-0.6794799779248912
3551,M060718_091_3,44,Positive,medium,0.002226609426664038,-0.34096764839764143
3551,M060718_091_3,44,Positive,long,0.0019690936010760816,-0.3072808413315385
3555,M060718_101_4,46v,Negative,short,-0.0026715162057330986,-0.0970483330800353
3555,M060718_101_4,46v,Negative,medium,-0.0006613986829966663,-0.5719175720447907
3555,M060718_101_4,46v,Negative,long,-0.0004663095743810178,-0.8552453102367293
3566,M060718_116_4,6DC,Negative,short,-0.005830707013869567,0.32499476002154254
3566,M060718_116_4,6DC,Negative,medium,-0.0007661122944985049,-0.6786785489089872
3566,M060718_116_4,6DC,Negative,long,2.579474650342929e-05,-0.7040517662408546
3571,M060718_133_3,6DR,Negative,short,-0.0018814415996949649,-0.9151129829837745
3571,M060718_133_3,6DR,Negative,medium,-0.0013349995453672248,-1.287773202540672
3571,M060718_133_3,6DR,Negative,long,-0.0018292691570119186,-0.9358198616945009
3573,M060718_136_2,24c,Negative,short,-0.002517700118972756,0.21974509378690613
3573,M060718_136_2,24c,Negative,medium,-0.0004981837342671405,0.19735008864867898
3573,M060718_136_2,24c,Negative,long,-0.0011088699390599688,-0.299754663266725
3574,M060718_136_4,24c,Negative,short,-0.0011978030835906575,1.552832900486056
3574,M060718_136_4,24c,Negative,medium,-0.002452061694059718,0.7616829445679361
3574,M060718_136_4,24c,Negative,long,-0.0028635572742048334,0.730313880489066
3575,M060718_138_1,6DC,Negative,short,-0.0008871328350853202,1.2592379485509557
3575,M060718_138_1,6DC,Negative,medium,-0.004385660893590637,1.0407038534690816
3575,M060718_138_1,6DC,Negative,long,-0.004010240902024126,0.20626812885839263
3577,M060718_144_1,6DC,Negative,short,-0.0030548115661293055,-0.11297437144919804
3577,M060718_144_1,6DC,Negative,medium,-0.0026218525263228373,-1.1635558484447577
3577,M060718_144_1,6DC,Negative,long,-0.002999641697186446,-1.0516262832105456
3578,M060718_144_2,6DC,Positive,short,0.0029730849584772762,-0.08361390820268957
3578,M060718_144_2,6DC,Positive,medium,0.002145812584122144,0.132884753825345
3578,M060718_144_2,6DC,Positive,long,0.0019045588724953804,0.3017360171713415
3580,M060718_146_1,6DC,Positive,short,0.002205143155816729,0.759354893900702
3580,M060718_146_1,6DC,Positive,medium,0.0024479836884159305,0.8959173997042827
3580,M060718_146_1,6DC,Positive,long,0.003711159552837493,1.0364496057082941
3590,M060818_005_2,11ml,Positive,short,0.001965733816109957,0.006728479987360574
3590,M060818_005_2,11ml,Positive,medium,0.002250177761197077,0.3601348448133292
3590,M060818_005_2,11ml,Positive,long,0.002479740078865193,0.6898036120047238
3591,M060818_005_3,11ml,Negative,short,-0.0009685669929093418,-0.9769491192306734
3591,M060818_005_3,11ml,Negative,medium,-0.001017785724524392,-0.9432853924950426
3591,M060818_005_3,11ml,Negative,long,-0.00024932289138889283,-1.1726669061203765
3596,M060818_012_3,12r,Negative,short,-0.0019513637187998185,0.16153656266154737
3596,M060818_012_3,12r,Negative,medium,-0.003659347174435316,0.06399927912791338
3596,M060818_012_3,12r,Negative,long,-0.001143873910717114,-0.6543706842696607
3597,M060818_013_3,11ml,Positive,short,0.0032189762458873176,1.3901770815575578
3597,M060818_013_3,11ml,Positive,medium,0.0023526980422084675,1.2370015433346373
3597,M060818_013_3,11ml,Positive,long,0.0020904653076910694,1.2792779288553755
3608,M060818_036_1,45,Positive,short,0.002533495050100645,-0.33150732820367784
3608,M060818_036_1,45,Positive,medium,0.0036747937400622662,0.625048799678967
3608,M060818_036_1,45,Positive,long,0.003186872071702841,2.078355034754399
3612,M060818_061_3,13l,Negative,short,-0.002097085031975207,-0.839158291155209
3612,M060818_061_3,13l,Negative,medium,0.0006933591071654388,-0.7507159784629929
3612,M060818_061_3,13l,Negative,long,-0.0027122205705184636,-1.1925283266129143
3618,M060818_090_2,45,Positive,short,0.002945679235162685,0.15094986531539462
3618,M060818_090_2,45,Positive,medium,0.004294662716088059,-0.07698970602708288
3618,M060818_090_2,45,Positive,long,0.004283488471004968,-0.2845043634171662
3620,M060818_091_4,44,Positive,short,0.0008205384007906889,-0.6385462204003691
3620,M060818_091_4,44,Positive,medium,0.0009823242810954554,-0.5464288311756329
3620,M060818_091_4,44,Positive,long,0.0017419167874180507,-0.30033266646462103
3621,M060818_097_3,8B,Negative,short,-0.0030149005273434715,-0.06151163517908129
3621,M060818_097_3,8B,Negative,medium,-0.001298169111057032,-0.5758312505804709
3621,M060818_097_3,8B,Negative,long,-0.0010865613207216161,-0.7757944636753514
3624,M060818_101_2,46v,Negative,short,-0.001849251083165776,0.16211252715926736
3624,M060818_101_2,46v,Negative,medium,-0.0010952001063663347,-0.3888509112414896
3624,M060818_101_2,46v,Negative,long,-0.0012137896176378274,-0.7272372746130392
3625,M060818_101_3,46v,Negative,short,-0.0034395549135116726,0.08375111007082824
3625,M060818_101_3,46v,Negative,medium,-0.003526717086207302,-0.38152794747965135
3625,M060818_101_3,46v,Negative,long,-0.0017844499552559126,-0.6388559819531539
3636,M060818_116_3,6DC,Negative,short,-0.004332488098778168,0.3105583705771993
3636,M060818_116_3,6DC,Negative,medium,-0.0010511186053261392,-0.6074864598961172
3636,M060818_116_3,6DC,Negative,long,-9.125933782654255e-05,-0.7446462841279892
3637,M060818_118_2,pu,Negative,short,-0.0014057773966213198,-0.37741028493697976
3637,M060818_118_2,pu,Negative,medium,-0.0005015581493290015,-0.6270016027171282
3637,M060818_118_2,pu,Negative,long,0.00013170997222111352,-0.8389934516587789
3653,M060818_147_1,6DC,Negative,short,-0.0022373942043956924,0.16161876091479438
3653,M060818_147_1,6DC,Negative,medium,-0.002339313117234249,-0.9292677268261917
3653,M060818_147_1,6DC,Negative,long,-0.0018820686940882558,-1.5127001557492972
3671,M061118_017_2,12l,Positive,short,0.003266286527228485,0.46677890132195293
3671,M061118_017_2,12l,Positive,medium,0.005557649550834285,1.2300458247847925
3671,M061118_017_2,12l,Positive,long,0.006939643409330082,1.1631035216279737
3677,M061118_036_3,45,Positive,short,0.0018699571967546605,-0.8629792307954074
3677,M061118_036_3,45,Positive,medium,0.0051000099698616675,0.4058715007740527
3677,M061118_036_3,45,Positive,long,0.0035741921679977506,1.1513761751145122
3680,M061118_054_2,13m,Positive,short,0.002466979924412225,-0.5013807504995728
3680,M061118_054_2,13m,Positive,medium,0.0027182524999816208,0.7882468840957677
3680,M061118_054_2,13m,Positive,long,0.0031750987673386222,1.798295987574709
3681,M061118_060_3,13l,Positive,short,0.0022460990776695723,-0.6352732890704337
3681,M061118_060_3,13l,Positive,medium,0.002774585103746305,-0.4129579163589569
3681,M061118_060_3,13l,Positive,long,0.002805455307809321,-0.2163935328861652
3688,M061118_090_3,45,Positive,short,0.0031602623149193923,0.13126200910645247
3688,M061118_090_3,45,Positive,medium,0.004603072397808267,0.015059651410441145
3688,M061118_090_3,45,Positive,long,0.004184434792879371,-0.12605167101152837
3689,M061118_091_3,44,Positive,short,0.0020932249713749174,-0.8770009332595853
3689,M061118_091_3,44,Positive,medium,0.003946732169127071,-0.2425091644460816
3689,M061118_091_3,44,Positive,long,0.004505004887853043,0.03810775538165736
3693,M061118_097_4,8B,Positive,short,0.0015643223526878782,-0.11029845742385187
3693,M061118_097_4,8B,Positive,medium,0.002394821775053639,0.06484727947775139
3693,M061118_097_4,8B,Positive,long,0.002454077884698273,1.397297541407896
3694,M061118_100_3,24c,Negative,short,-0.003315986486825243,-0.34934048366402826
3694,M061118_100_3,24c,Negative,medium,-0.0014733741895980414,-1.2143975271658969
3694,M061118_100_3,24c,Negative,long,0.000721079349733967,-1.3549965822359489
3696,M061118_101_2,46v,Negative,short,-0.0022782516226127858,0.2044005525247594
3696,M061118_101_2,46v,Negative,medium,-4.735563798206084e-05,-0.6402700740267552
3696,M061118_101_2,46v,Negative,long,-0.0009040646673688046,-0.6849939978856612
3697,M061118_104_3,6VaVb,Negative,short,-0.0030481214361980304,-0.5460917760228979
3697,M061118_104_3,6VaVb,Negative,medium,-0.0002838519141531449,-0.8524478154253841
3697,M061118_104_3,6VaVb,Negative,long,9.883628648782244e-05,-0.721475222840682
3698,M061118_104_4,6VaVb,Positive,short,0.0010614206980786398,-0.7119082779485651
3698,M061118_104_4,6VaVb,Positive,medium,0.0008300643013057302,-0.41598071268575265
3698,M061118_104_4,6VaVb,Positive,long,0.0009571930969280218,-0.16903374628309878
3722,M061218_012_2,12r,Negative,short,-0.004807159964319003,-0.11135588659782478
3722,M061218_012_2,12r,Negative,medium,-0.003968339311453985,-0.37297051913258367
3722,M061218_012_2,12r,Negative,long,-0.005712510659264282,0.10914896939960177
3726,M061218_017_5,12l,Positive,short,0.00402269538043995,0.43257027829899614
3726,M061218_017_5,12l,Positive,medium,0.006058325158543403,0.5572403291218639
3726,M061218_017_5,12l,Positive,long,0.0019877449270272775,0.2171566237597889
3735,M061218_054_2,13m,Positive,short,0.0030880024697247984,-0.26544343074715887
3735,M061218_054_2,13m,Positive,medium,0.0035358376884331586,0.8960420910537107
3735,M061218_054_2,13m,Positive,long,0.004791187554163423,2.2657970389391537
3737,M061218_066_3,45,Positive,short,0.003358526149537961,-0.3243460397417355
3737,M061218_066_3,45,Positive,medium,0.004658308284153145,-0.05353459292796507
3737,M061218_066_3,45,Positive,long,0.004890205065321531,0.423901317796876
3740,M061218_072_2,46d,Positive,short,0.0020790859743918316,0.6148436719694248
3740,M061218_072_2,46d,Positive,medium,0.00447247268931064,1.0577933348457753
3740,M061218_072_2,46d,Positive,long,0.0033948315464411337,0.07378370986132574
3742,M061218_072_6,46d,Positive,short,0.0012982536329932386,0.9715032669252246
3742,M061218_072_6,46d,Positive,medium,0.0012902040482120928,1.1331060416686554
3742,M061218_072_6,46d,Positive,long,0.0014859477639160073,0.8991085699513034
3743,M061218_077_3,AI,Negative,short,-0.0029900755934952773,-0.20266598291291998
3743,M061218_077_3,AI,Negative,medium,-0.004112851349385502,-0.9675511959046741
3743,M061218_077_3,AI,Negative,long,-0.0019998658933722997,-1.4725390680617778
3745,M061218_090_3,45,Positive,short,0.004548454663349821,0.36593226657191696
3745,M061218_090_3,45,Positive,medium,0.004506233204700382,-0.0024509768647927414
3745,M061218_090_3,45,Positive,long,0.003460561814013889,-0.3624012646622806
3746,M061218_091_3,44,Positive,short,0.0029997453894567293,-0.5056595377679821
3746,M061218_091_3,44,Positive,medium,0.0039007124244291773,-0.344637711332658
3746,M061218_091_3,44,Positive,long,0.003044986076140631,-0.040058491004634024
3747,M061218_097_3,8B,Positive,short,0.0016083708418719765,0.07060418510286544
3747,M061218_097_3,8B,Positive,medium,0.002322956389826098,0.4496408936739225
3747,M061218_097_3,8B,Positive,long,0.0026844942528321484,0.7185852912149258
3748,M061218_100_3,24c,Negative,short,-0.0021343599740033217,-0.43338849742241364
3748,M061218_100_3,24c,Negative,medium,-0.0006395456530938556,-1.1076408568118852
3748,M061218_100_3,24c,Negative,long,8.509519581887243e-05,-1.225534177064499
3750,M061218_101_5,46v,Negative,short,-0.0014433720034874287,0.147140160303996
3750,M061218_101_5,46v,Negative,medium,-0.0010618465988061962,-0.4543561910241517
3750,M061218_101_5,46v,Negative,long,-0.0010893434703924362,-0.6948154971821733
3751,M061218_104_3,6VaVb,Negative,short,-0.002478777523850948,-0.43008085119130457
3751,M061218_104_3,6VaVb,Negative,medium,-5.3602899940507606e-05,-0.7752265277599137
3751,M061218_104_3,6VaVb,Negative,long,0.0001986260667805956,-0.5804068420869538
3753,M061218_109_2,8B,Negative,short,-0.002389781999067896,-0.30008805309695047
3753,M061218_109_2,8B,Negative,medium,-0.0014602542405448055,-0.6481551156687657
3753,M061218_109_2,8B,Negative,long,-0.0009032414340222855,-0.8235588629114846
3768,M061318_006_1,11ml,Positive,short,0.0009396139441124835,-0.03945994881499317
3768,M061318_006_1,11ml,Positive,medium,0.0026391648226044965,0.8697985432933673
3768,M061318_006_1,11ml,Positive,long,0.0019003353814848456,0.2448327443791017
3769,M061318_012_2,12r,Negative,short,-0.00166909200396321,0.3743672249008694
3769,M061318_012_2,12r,Negative,medium,-0.003933654809745623,-0.06326456179651749
3769,M061318_012_2,12r,Negative,long,-0.0032268712169787853,-0.3698682073946731
3770,M061318_013_1,11ml,Positive,short,0.003706117380835285,1.3565719688989955
3770,M061318_013_1,11ml,Positive,medium,0.002512409473804422,1.1483868053570365
3770,M061318_013_1,11ml,Positive,long,0.001845757867270368,1.1041509630081063
3774,M061318_017_5,12l,Positive,short,0.005180605525666734,1.0014531940322318
3774,M061318_017_5,12l,Positive,medium,0.005856629011063197,0.6868571550089451
3774,M061318_017_5,12l,Positive,long,0.004591648093363776,0.3279316230849851
3775,M061318_018_1,12l,Positive,short,0.0037256595924306884,-0.09334483689290723
3775,M061318_018_1,12l,Positive,medium,0.003966031532853122,0.03709310244239275
3775,M061318_018_1,12l,Positive,long,0.003010225893347273,0.10290175611959049
3784,M061318_054_1,13m,Positive,short,0.0010067215202274249,-0.22689302117074103
3784,M061318_054_1,13m,Positive,medium,0.005105976546423986,1.0919349364999886
3784,M061318_054_1,13m,Positive,long,0.004566201259522882,1.5999489216608136
3785,M061318_060_3,13l,Positive,short,0.0035903762287228572,-0.39182400381573773
3785,M061318_060_3,13l,Positive,medium,0.002197070954759332,-0.28312742160346527
3785,M061318_060_3,13l,Positive,long,0.00218293627375785,-0.33735557210173756
3787,M061318_066_4,45,Positive,short,0.00018924560601754503,-0.3361510492600934
3787,M061318_066_4,45,Positive,medium,0.0012031715297008234,1.0903960389771596
3787,M061318_066_4,45,Positive,long,0.0039736885017719,2.8872949848952585
3790,M061318_072_2,46d,Positive,short,0.0034100708927706923,0.3143989866291066
3790,M061318_072_2,46d,Positive,medium,0.004551021272878705,-0.2188563164487828
3790,M061318_072_2,46d,Positive,long,0.0045491504192257375,1.2550981982038534
3793,M061318_090_2,45,Positive,short,0.0038508986031435045,0.4472454952753262
3793,M061318_090_2,45,Positive,medium,0.0038601369226559114,-0.17143624078394448
3793,M061318_090_2,45,Positive,long,0.004112029317752314,-0.4187084198421021
3796,M061318_097_3,8B,Positive,short,0.0033480225938032075,0.04359576311822479
3796,M061318_097_3,8B,Positive,medium,0.0011566023485231475,0.25664211481677124
3796,M061318_097_3,8B,Positive,long,0.002561493446018931,0.5631727191928337
3797,M061318_100_1,24c,Negative,short,-0.0035163749623972618,-0.3218573180489093
3797,M061318_100_1,24c,Negative,medium,-0.0005027172473678122,-1.1817055858312153
3797,M061318_100_1,24c,Negative,long,0.00023299461185341438,-1.2432061110479067
3800,M061318_104_2,6VaVb,Negative,short,-0.0030113586697591236,-0.3599007844408903
3800,M061318_104_2,6VaVb,Negative,medium,0.00012406125337118096,-0.8658117608302048
3800,M061318_104_2,6VaVb,Negative,long,0.0004600986003402592,-0.6371135234138533
3810,M061318_136_1,24c,Negative,short,-0.0012532169131196634,0.3883019144601884
3810,M061318_136_1,24c,Negative,medium,-0.0018766039664535473,-0.36756339358082957
3810,M061318_136_1,24c,Negative,long,-0.0017931252711892794,-0.22969307610929746
3825,M061518_013_3,11ml,Negative,short,-0.0007791757262319705,0.27682494151347103
3825,M061518_013_3,11ml,Negative,medium,-0.0017791937752455883,0.16043658712818776
3825,M061518_013_3,11ml,Negative,long,-0.0019948149078752595,-0.30492232129694086
3826,M061518_017_4,12l,Positive,short,0.003004814448525747,0.19737971598364518
3826,M061518_017_4,12l,Positive,medium,0.006056380095321469,0.7118154129044605
3826,M061518_017_4,12l,Positive,long,0.0043926651343860115,1.0660816181277524
3827,M061518_017_5,12l,Positive,short,0.0028486577775544398,0.6119232234022443
3827,M061518_017_5,12l,Positive,medium,0.004312392198919483,0.832731829605572
3827,M061518_017_5,12l,Positive,long,0.00545349588016308,1.2466565781259775
3831,M061518_054_1,13m,Positive,short,0.0005779049067537294,-0.21206277375704258
3831,M061518_054_1,13m,Positive,medium,0.0057089655652166485,0.8455720606136806
3831,M061518_054_1,13m,Positive,long,0.004207580923169543,1.8042621397461351
3838,M061518_078_3,45,Negative,short,-0.002120085279018191,-0.6091070758460086
3838,M061518_078_3,45,Negative,medium,-0.0022038409656911237,-0.5720841656461282
3838,M061518_078_3,45,Negative,long,0.0007103057167670652,-1.0416904511844458
3840,M061518_090_3,45,Positive,short,0.003798936927306331,0.18390203845441597
3840,M061518_090_3,45,Positive,medium,0.004023630579715869,-0.16670424763900468
3840,M061518_090_3,45,Positive,long,0.005064606738046671,-0.16489413814943055
3842,M061518_093_3,AI,Negative,short,-0.0022301549492420433,-0.6474159120833083
3842,M061518_093_3,AI,Negative,medium,-0.000848194577787961,-0.8195771753614437
3842,M061518_093_3,AI,Negative,long,-0.0002805816273360531,-1.1652448896362064
3843,M061518_097_3,8B,Positive,short,0.0039732015490820585,-0.41875457352557266
3843,M061518_097_3,8B,Positive,medium,0.0021840603359724662,-0.3025095871934038
3843,M061518_097_3,8B,Positive,long,0.0032486140888681775,1.4625146161414646
3846,M061518_100_4,24c,Positive,short,0.0027513047660124154,-0.5334449583039749
3846,M061518_100_4,24c,Positive,medium,0.002717825939847147,0.03689491127479354
3846,M061518_100_4,24c,Positive,long,0.0026826196727254854,0.9264075086388532
3849,M061518_104_3,6VaVb,Negative,short,-0.0033570147814808086,-0.3552360375707786
3849,M061518_104_3,6VaVb,Negative,medium,6.294974805588003e-05,-0.7667822503607206
3849,M061518_104_3,6VaVb,Negative,long,4.9496578165356304e-05,-0.5431948454923519
3851,M061518_109_3,8B,Negative,short,-0.002676312342151839,-0.4258774582291961
3851,M061518_109_3,8B,Negative,medium,-0.0001549661679875227,-0.833299491201185
3851,M061518_109_3,8B,Negative,long,-0.0008879527269411049,-0.9281579006630648
3857,M061518_134_1,6DR,Negative,short,-0.0016645649586692376,0.7670101676623998
3857,M061518_134_1,6DR,Negative,medium,-0.0008682533290706322,0.32262849211996925
3857,M061518_134_1,6DR,Negative,long,-0.0009887316262777066,0.5715859194532945
3874,M061818_004_3,11ml,Positive,short,0.004068064367528497,-0.09738828363567249
3874,M061818_004_3,11ml,Positive,medium,0.0016258394543617227,-0.027986275542617702
3874,M061818_004_3,11ml,Positive,long,0.0022314336908390757,0.4976696118299064
3875,M061818_005_2,11ml,Positive,short,0.0032582378212135435,-0.4944373950991352
3875,M061818_005_2,11ml,Positive,medium,0.0021961084424639826,-0.6736821311335397
3875,M061818_005_2,11ml,Positive,long,0.003488745359171354,-0.318970265086607
3878,M061818_011_3,46v,Positive,short,0.0031650973183645664,0.449731820785191
3878,M061818_011_3,46v,Positive,medium,0.0013497090630212253,0.3633255439515252
3878,M061818_011_3,46v,Positive,long,0.003678465585222969,1.2311273604362565
3882,M061818_013_3,11ml,Negative,short,-0.0011906916226814967,0.3988375132803942
3882,M061818_013_3,11ml,Negative,medium,-0.00044387729308827134,0.02912500657067311
3882,M061818_013_3,11ml,Negative,long,-0.0022082703229278286,-0.3646995063221805
3883,M061818_017_3,12l,Positive,short,0.0028902181450589665,0.48833986155195985
3883,M061818_017_3,12l,Positive,medium,0.005947285164254779,0.6519281134813615
3883,M061818_017_3,12l,Positive,long,0.006731250961718353,0.9137761483256623
3884,M061818_017_5,12l,Positive,short,0.0029907436697886153,0.5354249529494437
3884,M061818_017_5,12l,Positive,medium,0.002700523032985577,0.9353643560738686
3884,M061818_017_5,12l,Positive,long,0.0021730818305893125,1.4554795570262458
3892,M061818_054_2,13m,Positive,short,0.00342989932512459,0.2603744643875173
3892,M061818_054_2,13m,Positive,medium,0.00397925197427729,0.9013465407762379
3892,M061818_054_2,13m,Positive,long,0.0012971881475793436,2.20359862921837
3896,M061818_072_3,46d,Negative,short,-0.001917665622556835,-0.6160550147121441
3896,M061818_072_3,46d,Negative,medium,-0.0011492956362071983,-0.9769068575540121
3896,M061818_072_3,46d,Negative,long,-0.0008486948504815565,-1.1615921630835573
3899,M061818_077_2,AI,Negative,short,-0.0025132547734060236,-0.2949398574016418
3899,M061818_077_2,AI,Negative,medium,-0.0028712090065175586,-0.7784537295051563
3899,M061818_077_2,AI,Negative,long,-0.0016822130158432806,-1.735697384880307
3901,M061818_078_3,45,Positive,short,0.0015277647726169125,-0.3593569899709297
3901,M061818_078_3,45,Positive,medium,0.0008522661896091273,0.2054056058904236
3901,M061818_078_3,45,Positive,long,0.0005072019450649563,0.44357805879485984
3904,M061818_090_3,45,Positive,short,0.005062400279221716,0.43358436381109616
3904,M061818_090_3,45,Positive,medium,0.0037993154882929874,-0.036156002002087934
3904,M061818_090_3,45,Positive,long,0.00620779177338824,0.06378873802772637
3906,M061818_097_3,8B,Positive,short,0.001998820712486776,0.12403368781639973
3906,M061818_097_3,8B,Positive,medium,0.002504703951198633,0.4123819072338785
3906,M061818_097_3,8B,Positive,long,0.0009174463823870548,1.0150510642968875
3908,M061818_104_2,6VaVb,Negative,short,-0.0030430308288408713,-0.5588371141460382
3908,M061818_104_2,6VaVb,Negative,medium,-2.166942542609062e-05,-0.6799322253654086
3908,M061818_104_2,6VaVb,Negative,long,-0.00021498936174835112,-0.5097671599187787
3915,M061818_138_1,6DC,Positive,short,0.0021634625024903576,-0.6126919552846444
3915,M061818_138_1,6DC,Positive,medium,0.0015395445987546668,-0.5063071187574745
3915,M061818_138_1,6DC,Positive,long,0.0019383683212547598,-0.012367871538821155
3926,M061818_153_2,cd,Positive,short,0.005058786036131177,0.4095290875691493
3926,M061818_153_2,cd,Positive,medium,0.0034588714005669265,-0.11789806400400163
3926,M061818_153_2,cd,Positive,long,0.005923817021492247,-0.42641444462537453
3934,M061918_017_5,12l,Positive,short,0.0035563916198124448,0.7172333092224193
3934,M061918_017_5,12l,Positive,medium,0.001358189794388725,1.0520176456593435
3934,M061918_017_5,12l,Positive,long,0.0019367734953251135,1.3313410755203487
3935,M061918_018_3,12l,Positive,short,0.00411793023008032,-0.10459431197096015
3935,M061918_018_3,12l,Positive,medium,0.002374979109691339,0.07503096553064673
3935,M061918_018_3,12l,Positive,long,0.003199978398794945,0.04297473393582093
3942,M061918_054_2,13m,Positive,short,0.004196259293146691,0.30720928909385675
3942,M061918_054_2,13m,Positive,medium,0.004121632223618527,0.8205593414856477
3942,M061918_054_2,13m,Positive,long,0.002655498762974451,1.6132767568908
3943,M061918_064_1,13m,Negative,short,-0.0007644242677716742,-0.7418205618064931
3943,M061918_064_1,13m,Negative,medium,-0.0010390925473999124,-1.1084633222633908
3943,M061918_064_1,13m,Negative,long,-0.0009262882201043115,-1.1260601375344985
3948,M061918_078_3,45,Positive,short,0.0044701175499081555,0.259908473034879
3948,M061918_078_3,45,Positive,medium,0.004207465512987224,0.7481011233643897
3948,M061918_078_3,45,Positive,long,0.003926240530090995,1.7120105670315653
3949,M061918_078_5,45,Positive,short,0.0016289000398631314,-0.3295228443769606
3949,M061918_078_5,45,Positive,medium,0.0016971032890373626,0.11974207150281876
3949,M061918_078_5,45,Positive,long,-2.8115382044985394e-05,0.9703040093728984
3954,M061918_097_3,8B,Positive,short,0.002419112857588405,-0.263796614645128
3954,M061918_097_3,8B,Positive,medium,0.002887116187041241,0.6371464134425819
3954,M061918_097_3,8B,Positive,long,0.0007413756576987557,0.6729117967374313
3958,M061918_101_3,46v,Negative,short,-0.003119869398593527,0.05171041655588195
3958,M061918_101_3,46v,Negative,medium,-0.001089575443975209,-0.2542350644848595
3958,M061918_101_3,46v,Negative,long,-0.0013868346340323988,-0.5136051647957436
3983,M062018_017_4,12l,Positive,short,0.0031151908149953944,0.5781146225065439
3983,M062018_017_4,12l,Positive,medium,0.0034633694050278246,1.044272833568092
3983,M062018_017_4,12l,Positive,long,0.002009497554149819,1.449575407830332
3984,M062018_018_2,12l,Positive,short,0.004083662290786936,0.00016939876517420402
3984,M062018_018_2,12l,Positive,medium,0.003920728729204822,-0.0010274788328448773
3984,M062018_018_2,12l,Positive,long,0.0038247887484594927,0.3809692148888598
3990,M062018_036_3,45,Negative,short,-0.0007474371374215858,-0.8844734160554985
3990,M062018_036_3,45,Negative,medium,-0.0003480596676848661,-0.979016722934615
3990,M062018_036_3,45,Negative,long,-0.0002903525832451899,-1.0797775562313352
3992,M062018_054_2,13m,Positive,short,0.003944662578095586,-0.04781782347011611
3992,M062018_054_2,13m,Positive,medium,0.002882656016230827,1.0258175469652135
3992,M062018_054_2,13m,Positive,long,0.004305848594893094,1.8564267359835138
3996,M062018_072_3,46d,Negative,short,-0.0008103509985544787,-0.867446226456796
3996,M062018_072_3,46d,Negative,medium,-0.000781316899735209,-0.9212880533269162
3996,M062018_072_3,46d,Negative,long,-0.0006250827049446085,-1.1452898845299706
3997,M062018_078_3,45,Positive,short,0.0010339833487542293,-0.43412659072066145
3997,M062018_078_3,45,Positive,medium,0.0030361346543073993,0.7021931535666057
3997,M062018_078_3,45,Positive,long,8.66700115944844e-05,1.105587256976253
3998,M062018_090_2,45,Positive,short,0.003296205152920027,0.12707222535522086
3998,M062018_090_2,45,Positive,medium,0.003822943938113848,-0.16620634678834909
3998,M062018_090_2,45,Positive,long,0.004429111030340294,-0.26025407955812885
4001,M062018_097_2,8B,Positive,short,0.0023622687329447564,0.35421393476877927
4001,M062018_097_2,8B,Positive,medium,0.0020063059259463538,0.5857832100933992
4001,M062018_097_2,8B,Positive,long,0.00010276244358580294,0.7016945309726251
4002,M062018_101_3,46v,Negative,short,-0.0021802266304300623,-0.13658985009199215
4002,M062018_101_3,46v,Negative,medium,-0.0011093848545561578,-0.5438988223895058
4002,M062018_101_3,46v,Negative,long,0.00031515689021872244,-0.8631067432698711
4014,M062018_146_2,6DC,Negative,short,-0.0018459539044340296,-0.23795562784691898
4014,M062018_146_2,6DC,Negative,medium,-0.004429162075023709,0.035454721940827
4014,M062018_146_2,6DC,Negative,long,-0.002610056979701607,-1.2865077345469307
4015,M062018_146_3,6DC,Positive,short,0.00195256072108553,-0.16330577077199945
4015,M062018_146_3,6DC,Positive,medium,0.002031063014125606,0.3612298613386372
4015,M062018_146_3,6DC,Positive,long,0.004027805534708771,1.5415533180092889
4029,M062118_017_3,12l,Positive,short,0.003943008544906576,0.07911199449054811
4029,M062118_017_3,12l,Positive,medium,0.00552103226558046,0.5633492899931558
4029,M062118_017_3,12l,Positive,long,0.0026285249984494908,1.3755061077697825
4030,M062118_017_5,12l,Positive,short,0.0038105551212373203,0.5683308884360733
4030,M062118_017_5,12l,Positive,medium,0.003267503192292111,0.9740461729512048
4030,M062118_017_5,12l,Positive,long,0.002722899754874302,0.9215124946911998
4040,M062118_054_3,13m,Positive,short,0.0028273800602812114,-0.11487402863013463
4040,M062118_054_3,13m,Positive,medium,0.0037115232541410233,0.7388873494132585
4040,M062118_054_3,13m,Positive,long,0.002893281893450998,1.9052704543916636
4041,M062118_064_1,13m,Negative,short,-0.0018095026151021345,-0.9036487775193078
4041,M062118_064_1,13m,Negative,medium,-0.0005302572471584217,-1.1753468105876308
4041,M062118_064_1,13m,Negative,long,-0.000549663964831194,-1.1923052337324362
4044,M062118_072_2,46d,Negative,short,-0.0011364608851033168,-0.8573717960154951
4044,M062118_072_2,46d,Negative,medium,-0.0002900462699935066,-1.1407824927280825
4044,M062118_072_2,46d,Negative,long,-0.0008267448606983005,-1.0534914167669172
4045,M062118_078_3,45,Positive,short,0.0018692940476649396,-0.2831707601151224
4045,M062118_078_3,45,Positive,medium,0.0017874499489471689,0.11656566735613896
4045,M062118_078_3,45,Positive,long,0.0013215421579403264,0.5562114591255843
4049,M062118_097_3,8B,Positive,short,0.003684193899046626,-0.334784344361689
4049,M062118_097_3,8B,Positive,medium,0.0011751206572575292,0.3571757771087944
4049,M062118_097_3,8B,Positive,long,0.0017805760736639457,0.8829655951995421
4052,M062118_101_2,46v,Negative,short,-0.0014460212130509278,-0.03038778659872503
4052,M062118_101_2,46v,Negative,medium,-0.0007018802089038203,-0.7078039182439918
4052,M062118_101_2,46v,Negative,long,-0.0009349630436339334,-0.7874474416854179
4053,M062118_106_3,6DR,Positive,short,0.0034995391348170758,-0.18389640430440993
4053,M062118_106_3,6DR,Positive,medium,0.0037854598915402697,-0.22638236709615486
4053,M062118_106_3,6DR,Positive,long,0.003842303925622799,-0.44730446881578984
4070,M062118_157_2,24c,Negative,short,-0.003609015456248064,-0.15823453443250363
4070,M062118_157_2,24c,Negative,medium,-0.00027934593358397647,-0.61154652426884
4070,M062118_157_2,24c,Negative,long,-0.000490578332135253,-0.8197282182793451
4078,M062218_017_2,12l,Positive,short,0.002901826122741315,0.27382526374553734
4078,M062218_017_2,12l,Positive,medium,0.0036002320397365323,0.8359199982049709
4078,M062218_017_2,12l,Positive,long,0.003400926026797298,1.1802183991164812
4080,M062218_017_6,12l,Positive,short,0.004157859701218707,0.24284045046858627
4080,M062218_017_6,12l,Positive,medium,0.004345595866205907,0.7367283599527696
4080,M062218_017_6,12l,Positive,long,0.00507603421497753,1.1575969055110804
4081,M062218_019_3,12m,Negative,short,-0.0012342313114227302,-0.8992862621292831
4081,M062218_019_3,12m,Negative,medium,-0.001571076859367124,-0.701562115129164
4081,M062218_019_3,12m,Negative,long,-0.0005279633131573684,-1.2077256128712621
4091,M062218_054_2,13m,Positive,short,0.002596979163584204,-0.009764370926308713
4091,M062218_054_2,13m,Positive,medium,0.002583449388037002,0.7880113307281699
4091,M062218_054_2,13m,Positive,long,0.004128566903120151,2.022304879349599
4094,M062218_064_2,13m,Negative,short,-0.000861287783292666,-0.9134664143282244
4094,M062218_064_2,13m,Negative,medium,-0.0011342832900642994,-1.205351727576105
4094,M062218_064_2,13m,Negative,long,-0.0005057848349299509,-1.1709979551405756
4100,M062218_090_3,45,Positive,short,0.0039113248268137025,0.3519369181262611
4100,M062218_090_3,45,Positive,medium,0.004244847764735492,0.10494780191510897
4100,M062218_090_3,45,Positive,long,0.004152495921220159,-0.34342109062486154
4102,M062218_097_3,8B,Positive,short,0.002318819080807702,-0.018047486402841283
4102,M062218_097_3,8B,Positive,medium,0.0020855366634208276,0.4358780666691454
4102,M062218_097_3,8B,Positive,long,0.0008193876202548332,1.1164018481027664
4104,M062218_101_3,46v,Negative,short,-0.0018283126709405524,0.034541332033523255
4104,M062218_101_3,46v,Negative,medium,-0.00040576170041582444,-0.5703903820223102
4104,M062218_101_3,46v,Negative,long,-0.0006479700369692985,-0.7860682540249309
4105,M062218_104_3,6VaVb,Negative,short,-0.003916440966087695,-0.3952732735806739
4105,M062218_104_3,6VaVb,Negative,medium,0.0004708724803265211,-0.8852630985556744
4105,M062218_104_3,6VaVb,Negative,long,0.00016979718421030257,-0.5840794664254403
4106,M062218_106_2,6DR,Positive,short,0.00038769105373748816,-0.3818732034001028
4106,M062218_106_2,6DR,Positive,medium,0.0030537285641357758,-0.28881318981258725
4106,M062218_106_2,6DR,Positive,long,0.004681280809038914,0.13620541423777394
4122,M062218_152_4,6DC,Positive,short,0.0029846431172375924,1.1164672514811134
4122,M062218_152_4,6DC,Positive,medium,0.001427482963130575,0.9385386480889384
4122,M062218_152_4,6DC,Positive,long,-0.00011135857989211402,1.253071869669262
4125,M062618_005_1,11ml,Positive,short,0.003286961834070024,-0.3315229370779712
4125,M062618_005_1,11ml,Positive,medium,0.0029676770325670334,-0.36381448087160057
4125,M062618_005_1,11ml,Positive,long,0.002662016263667779,-0.060103622923361855
4126,M062618_007_2,11ml,Negative,short,-0.0035019532398874037,-0.0027157879115424985
4126,M062618_007_2,11ml,Negative,medium,-0.002195974151277216,-0.6903407461042461
4126,M062618_007_2,11ml,Negative,long,-0.0002090713376772698,-0.3658855703276599
4130,M062618_017_1,12l,Positive,short,0.0017246341634878325,0.5420446205735454
4130,M062618_017_1,12l,Positive,medium,0.000948768667964241,0.8583972897882668
4130,M062618_017_1,12l,Positive,long,0.002597972304529248,1.2581445801872977
4131,M062618_017_4,12l,Positive,short,0.003389007159819499,0.5265398857441572
4131,M062618_017_4,12l,Positive,medium,0.003989948723867694,0.6835795063773378
4131,M062618_017_4,12l,Positive,long,0.0028195847341636587,1.1574132560586523
4132,M062618_017_5,12l,Positive,short,0.003277420194771831,0.06338022184479182
4132,M062618_017_5,12l,Positive,medium,0.004992909842608887,-0.027423032511416173
4132,M062618_017_5,12l,Positive,long,0.0023985829720314144,0.5843252356434566
4138,M062618_033_3,11ml,Negative,short,-0.0010838944392907988,-0.3594058948836697
4138,M062618_033_3,11ml,Negative,medium,-0.0020760977689875163,-0.4067379164449379
4138,M062618_033_3,11ml,Negative,long,-0.0013785109326776594,-0.9281844918224061
4142,M062618_064_2,13m,Negative,short,-0.002276251302857278,-0.7837745275537479
4142,M062618_064_2,13m,Negative,medium,-0.0009584259714918345,-1.1254162332182518
4142,M062618_064_2,13m,Negative,long,-7.148554405221881e-05,-1.2476053213121094
4148,M062618_072_2,46d,Negative,short,-0.0037018008002668704,0.23576003832613954
4148,M062618_072_2,46d,Negative,medium,-0.0034054369229641014,-0.7095748904340354
4148,M062618_072_2,46d,Negative,long,-0.00031970189189116783,-1.3082749766240303
4152,M062618_091_2,44,Positive,short,0.0023473128567808644,-0.4222113549122982
4152,M062618_091_2,44,Positive,medium,0.0026905067028670303,-0.2904250356366784
4152,M062618_091_2,44,Positive,long,0.001997829705474408,-0.19224948613879622
4154,M062618_097_2,8B,Positive,short,0.0028675112494771326,-0.2899643454186234
4154,M062618_097_2,8B,Positive,medium,0.002202601482262618,0.1920477199786964
4154,M062618_097_2,8B,Positive,long,0.0017503540843795877,0.8953763157278052
4158,M062618_101_1,46v,Negative,short,-0.0024869764753528588,0.01891303779022728
4158,M062618_101_1,46v,Negative,medium,-0.001116302101788043,-0.7292845891091272
4158,M062618_101_1,46v,Negative,long,9.655354267143346e-05,-0.8741177798507614
4168,M062618_144_1,6DC,Positive,short,0.001314244642286124,-0.009433536339177751
4168,M062618_144_1,6DC,Positive,medium,0.0007369080710516899,0.9023696389452194
4168,M062618_144_1,6DC,Positive,long,0.0003014293823600482,0.3603649523288179
4170,M062618_146_3,6DC,Negative,short,-0.0012962973539991374,0.09872390769019927
4170,M062618_146_3,6DC,Negative,medium,-0.0011032201159741973,-0.49334067362409084
4170,M062618_146_3,6DC,Negative,long,-0.001297323574620703,-0.3822517433698086
4174,M062618_152_1,6DC,Positive,short,0.002455719823965601,0.9437072562323434
4174,M062618_152_1,6DC,Positive,medium,0.0007007373416991353,1.4947373476282333
4174,M062618_152_1,6DC,Positive,long,-8.836244043697914e-05,1.7630942161388683
4175,M062618_152_4,6DC,Negative,short,-0.0012757885575801972,0.5166829148289622
4175,M062618_152_4,6DC,Negative,medium,-0.0010161948304407999,0.2404615888122187
4175,M062618_152_4,6DC,Negative,long,-0.0008007392861805293,0.2503300784232723
4181,M062718_007_4,11ml,Negative,short,-0.0023432444766651322,0.34339359966912514
4181,M062718_007_4,11ml,Negative,medium,-0.0021640119658391014,-0.8802550379527786
4181,M062718_007_4,11ml,Negative,long,-0.0003331133651916646,-0.6458949163035426
4187,M062718_017_3,12l,Positive,short,0.0041136768312914525,0.5485794522006145
4187,M062718_017_3,12l,Positive,medium,0.0038041840950617154,1.2366240317708566
4187,M062718_017_3,12l,Positive,long,0.0038912974670576718,1.339866951926179
4198,M062718_054_2,13m,Positive,short,0.0019000510085580536,-0.05024877220265158
4198,M062718_054_2,13m,Positive,medium,0.004325417898133978,0.944524781561314
4198,M062718_054_2,13m,Positive,long,0.005161122157736057,2.277190665734588
4205,M062718_077_3,AI,Positive,short,0.0009325259783284907,-0.6453165134752848
4205,M062718_077_3,AI,Positive,medium,0.0012731226478888448,-0.49383456344885157
4205,M062718_077_3,AI,Positive,long,0.0009120147873032813,-0.2026549415516058
4208,M062718_090_3,45,Positive,short,0.003948114033309996,0.20840067755409242
4208,M062718_090_3,45,Positive,medium,0.005139829113819399,-0.012474331624353437
4208,M062718_090_3,45,Positive,long,0.004603508252207915,-0.24797234988860895
4209,M062718_091_2,44,Positive,short,0.0016282944601643682,-0.5110814848824864
4209,M062718_091_2,44,Positive,medium,0.0026445781885488153,-0.3193934099699724
4209,M062718_091_2,44,Positive,long,0.0019126862129152163,-0.46392118787379805
4210,M062718_093_1,AI,Negative,short,-0.0015198395240737213,0.6986001909395894
4210,M062718_093_1,AI,Negative,medium,-0.0010071353874954898,0.3156003765746356
4210,M062718_093_1,AI,Negative,long,-0.002809764799772514,-0.10543384261819815
4215,M062718_101_3,46v,Negative,short,-0.0019530631977696142,-0.10206031949009851
4215,M062718_101_3,46v,Negative,medium,-0.0006114668290558185,-0.6567389114129166
4215,M062718_101_3,46v,Negative,long,-0.0004503835617895288,-1.024799763065408
4218,M062718_106_2,6DR,Positive,short,0.002699774134414297,-0.42037132078783274
4218,M062718_106_2,6DR,Positive,medium,0.004757422488213678,0.02110116045133235
4218,M062718_106_2,6DR,Positive,long,0.004285073150865716,0.7924031771006823
4237,M062718_144_3,6DC,Positive,short,0.0017349923219707412,-0.2545474566884003
4237,M062718_144_3,6DC,Positive,medium,-5.228650898668276e-05,0.33797753921178436
4237,M062718_144_3,6DC,Positive,long,0.0009449032755431334,0.8826517322892555
4238,M062718_146_1,6DC,Positive,short,0.002853954987756339,0.6770695586317489
4238,M062718_146_1,6DC,Positive,medium,0.0010967863788695067,1.1124860213173804
4238,M062718_146_1,6DC,Positive,long,0.0004797424320648723,1.283469105818109
4242,M062718_152_2,6DC,Positive,short,0.0026357193573945344,0.9737098203621768
4242,M062718_152_2,6DC,Positive,medium,0.000446369241583081,1.4316252057445227
4242,M062718_152_2,6DC,Positive,long,0.00021096499327823056,1.739604159520192
4243,M062718_152_5,6DC,Negative,short,-0.0018490099732776364,0.4604185648342306
4243,M062718_152_5,6DC,Negative,medium,-0.001289515757273747,0.4183666516872535
4243,M062718_152_5,6DC,Negative,long,-0.001142515369168214,0.1283104853346246
4253,M062818_011_3,46v,Positive,short,0.0020121203961001857,-0.7504435897682861
4253,M062818_011_3,46v,Positive,medium,0.0019786134313230456,-0.0408228844461944
4253,M062818_011_3,46v,Positive,long,0.0017451262836903668,0.14690653291499334
4256,M062818_017_2,12l,Positive,short,0.0023840701481760355,0.4390593114573998
4256,M062818_017_2,12l,Positive,medium,0.0025304948400940715,0.6169965343332222
4256,M062818_017_2,12l,Positive,long,0.003385056351896495,1.1043385280840123
4258,M062818_017_6,12l,Positive,short,0.0023110951429082477,-0.05609600782179787
4258,M062818_017_6,12l,Positive,medium,0.004062999663168273,-0.08180335876469914
4258,M062818_017_6,12l,Positive,long,0.0029659978585214563,0.10934128252980757
4265,M062818_034_2,11ml,Positive,short,0.002962707783393757,0.015257187287428552
4265,M062818_034_2,11ml,Positive,medium,0.002779798114832965,0.31010142309721345
4265,M062818_034_2,11ml,Positive,long,0.001504542073601548,0.3670697977005918
4269,M062818_054_3,13m,Positive,short,0.004841394003757794,-0.2775354999751421
4269,M062818_054_3,13m,Positive,medium,0.004455553736864989,0.5422663392852403
4269,M062818_054_3,13m,Positive,long,0.00490321745701276,1.3633676187566075
4271,M062818_061_2,13l,Negative,short,-0.0014303246109771796,-0.7754492964502578
4271,M062818_061_2,13l,Negative,medium,-0.0007550773743023305,-0.800915053700052
4271,M062818_061_2,13l,Negative,long,-0.0004995298558008045,-1.0424522882491698
4276,M062818_077_3,AI,Positive,short,0.0005532381260521768,-0.6745623711143278
4276,M062818_077_3,AI,Positive,medium,0.0010875768260242388,-0.5166037792522776
4276,M062818_077_3,AI,Positive,long,0.0005670352392643482,-0.41428008140645883
4279,M062818_090_3,45,Positive,short,0.0027623875899872095,0.2910532740877628
4279,M062818_090_3,45,Positive,medium,0.00271669035823898,-0.24276974123526643
4279,M062818_090_3,45,Positive,long,0.004627864561929591,-0.3068531794963984
4282,M062818_097_3,8B,Positive,short,0.0019412439189362524,-0.26548597298774823
4282,M062818_097_3,8B,Positive,medium,0.002736832476245927,0.49251746282978265
4282,M062818_097_3,8B,Positive,long,0.0024949876221018975,0.7578528805960515
4285,M062818_101_3,46v,Negative,short,-0.0023690732355293037,-0.23385153376123868
4285,M062818_101_3,46v,Negative,medium,-0.0012497751056692408,-0.58464721663074
4285,M062818_101_3,46v,Negative,long,-0.0001649503567629429,-0.797292881916446
4288,M062818_113_3,6DR,Positive,short,0.0022330491500573402,0.14167598222497427
4288,M062818_113_3,6DR,Positive,medium,0.002283330732477606,1.3817239463726019
4288,M062818_113_3,6DR,Positive,long,-0.000435548125292277,2.1974269268715045
4310,M062818_147_5,6DC,Negative,short,-0.00073532063506313,-0.4673380321898992
4310,M062818_147_5,6DC,Negative,medium,-0.0006893225773390464,-0.7809337154898588
4310,M062818_147_5,6DC,Negative,long,-0.0008164145687644016,-0.9259873789281099
4312,M062818_152_1,6DC,Positive,short,0.0017213392972711585,0.9419963271566318
4312,M062818_152_1,6DC,Positive,medium,0.0017731360747028275,1.432853852155403
4312,M062818_152_1,6DC,Positive,long,0.0019581300334483207,1.4760308182378379
4324,M062918_017_3,12l,Positive,short,0.0028933927290166104,0.6411188008990479
4324,M062918_017_3,12l,Positive,medium,0.0016728417411262138,0.7430559786380626
4324,M062918_017_3,12l,Positive,long,0.002910590949541163,0.6257963883926854
4325,M062918_017_5,12l,Positive,short,0.006316959730633988,-0.36439965659045087
4325,M062918_017_5,12l,Positive,medium,0.0015586832732083795,-0.2940628708767536
4325,M062918_017_5,12l,Positive,long,0.004501931214830965,-0.2144426497229423
4328,M062918_024_1,46v,Negative,short,-0.0038043707912463038,-0.7010078892521847
4328,M062918_024_1,46v,Negative,medium,-0.0014258401958900662,0.04236287708836743
4328,M062918_024_1,46v,Negative,long,-2.8572442858805054e-05,-0.7870010983883814
4332,M062918_034_4,11ml,Negative,short,-0.002835413989708581,-0.5528769375879965
4332,M062918_034_4,11ml,Negative,medium,-0.0005659714074468093,-0.6357804783519215
4332,M062918_034_4,11ml,Negative,long,-0.001213524744258444,-0.7817808488529554
4338,M062918_054_2,13m,Positive,short,0.004767779607259191,-0.07181671809985422
4338,M062918_054_2,13m,Positive,medium,0.0033571324111697667,0.6405892758141601
4338,M062918_054_2,13m,Positive,long,0.0019037727017469754,1.3030695671745625
4346,M062918_090_3,45,Positive,short,0.004889709147504106,0.6522475945485907
4346,M062918_090_3,45,Positive,medium,0.00380048320247339,-0.03581868271833865
4346,M062918_090_3,45,Positive,long,0.0045797746838510504,-0.22917678597353758
4347,M062918_097_2,8B,Positive,short,0.0019213808216839402,-0.10380695077758004
4347,M062918_097_2,8B,Positive,medium,0.0022750793335286987,0.28929325178445325
4347,M062918_097_2,8B,Positive,long,0.0006210078744241037,0.842518446994899
4349,M062918_101_1,46v,Negative,short,-0.0019417559289440628,-0.05313900642262806
4349,M062918_101_1,46v,Negative,medium,-0.0006741015521729648,-0.468354536221981
4349,M062918_101_1,46v,Negative,long,-0.0006704477336897492,-0.8316618987605496
4355,M062918_113_3,6DR,Positive,short,0.0015474049414040886,-0.08453248886658056
4355,M062918_113_3,6DR,Positive,medium,0.002040366860987379,0.8566845917637257
4355,M062918_113_3,6DR,Positive,long,-4.421843168346209e-05,2.3756317646055174
4361,M062918_134_1,6DR,Negative,short,-0.0016470369999275474,0.020608760206340292
4361,M062918_134_1,6DR,Negative,medium,-0.0015304753148190002,0.1997196270894953
4361,M062918_134_1,6DR,Negative,long,-0.0010967723405322855,-0.24434061795697795
4367,M062918_138_3,6DC,Positive,short,0.0035216841772921915,-0.4266700602939256
4367,M062918_138_3,6DC,Positive,medium,0.0020389995818533985,-0.7530694948431854
4367,M062918_138_3,6DC,Positive,long,0.004397119195781561,-0.2768426747832249
4374,M062918_147_4,6DC,Negative,short,-0.0010194582394539467,-0.28010446860256627
4374,M062918_147_4,6DC,Negative,medium,-0.0011433393315738018,-0.6598839377504022
4374,M062918_147_4,6DC,Negative,long,-0.0007695311516176236,-1.0811919549142264
4376,M062918_152_2,6DC,Negative,short,-0.0017376739165545132,0.768000393511922
4376,M062918_152_2,6DC,Negative,medium,-0.0009921709635569381,0.48005373076769753
4376,M062918_152_2,6DC,Negative,long,-0.0008141979548460435,0.4841469034921384
4379,M070218_005_3,11ml,Positive,short,0.0029047778719428637,0.7155204111053152
4379,M070218_005_3,11ml,Positive,medium,0.002877254067878906,0.9426878768190998
4379,M070218_005_3,11ml,Positive,long,0.003558232707643738,1.0442103385838515
4387,M070218_011_3,46v,Positive,short,0.0006924262180729274,-0.6583179418143263
4387,M070218_011_3,46v,Positive,medium,0.002099119472549811,-0.23756349475639013
4387,M070218_011_3,46v,Positive,long,0.002213458013877935,-0.14673714794237136
4388,M070218_013_2,11ml,Positive,short,0.00403122423563628,0.07678806876373197
4388,M070218_013_2,11ml,Positive,medium,0.00320334203674796,0.2641664795390022
4388,M070218_013_2,11ml,Positive,long,0.0030866958049079306,0.4172873891668356
4392,M070218_028_3,12o,Positive,short,0.002701752509396809,0.5240387524805108
4392,M070218_028_3,12o,Positive,medium,0.003792129635579224,1.1736760665964763
4392,M070218_028_3,12o,Positive,long,0.0040694383299482995,2.0221112833641928
4395,M070218_036_4,45,Positive,short,0.0029550724553380203,0.1305413533415887
4395,M070218_036_4,45,Positive,medium,0.003274600155930198,0.6602450642369055
4395,M070218_036_4,45,Positive,long,0.003146006629331342,1.2617220043540993
4400,M070218_054_2,13m,Positive,short,0.0031952057114182524,-0.25036766588495746
4400,M070218_054_2,13m,Positive,medium,0.003253226926473759,0.5299052066452873
4400,M070218_054_2,13m,Positive,long,0.0035262269079452905,1.8128069176055033
4403,M070218_064_2,13m,Negative,short,-0.002236509451656261,-0.7405342064897054
4403,M070218_064_2,13m,Negative,medium,-0.000901258015960337,-0.8656449813811037
4403,M070218_064_2,13m,Negative,long,-0.0015484910188068197,-1.3089166526588147
4408,M070218_072_2,46v,Positive,short,0.003215428587619486,1.0641630635551873
4408,M070218_072_2,46v,Positive,medium,0.0027298544316915704,0.9004657643160685
4408,M070218_072_2,46v,Positive,long,0.0013032504397948274,0.5997017833255867
4412,M070218_090_2,45,Positive,short,0.0037751647765444304,0.3190813025214807
4412,M070218_090_2,45,Positive,medium,0.0037654442750654797,-0.08268742650954948
4412,M070218_090_2,45,Positive,long,0.0037001324815852943,-0.27551502076579265
4414,M070218_097_2,8B,Positive,short,0.0018635327790340484,-0.020889998272606815
4414,M070218_097_2,8B,Positive,medium,0.001884053409355607,0.3886558428153352
4414,M070218_097_2,8B,Positive,long,0.0022665196461937984,0.8887986098433582
4417,M070218_101_3,46v,Negative,short,-0.0018545297456312594,0.004966266046490477
4417,M070218_101_3,46v,Negative,medium,-0.0011492197110100463,-0.48305393714525935
4417,M070218_101_3,46v,Negative,long,-0.001308482344752214,-0.7609660506446826
4421,M070218_113_5,6DR,Positive,short,0.000995764772872582,-0.4489233652176258
4421,M070218_113_5,6DR,Positive,medium,0.003982694895310715,1.152636827784784
4421,M070218_113_5,6DR,Positive,long,0.0024658547789193656,1.9868494593561588
4423,M070218_125_1,24c,Negative,short,-0.0012930684525914735,0.010652612157541012
4423,M070218_125_1,24c,Negative,medium,-0.0028869128287637956,-1.0899648672222457
4423,M070218_125_1,24c,Negative,long,-0.0036762094657315125,-0.6166641578373085
4424,M070218_128_3,6DC,Negative,short,-0.0011472779230918952,0.5540316199043924
4424,M070218_128_3,6DC,Negative,medium,-0.0034617936856316464,0.2681926017754092
4424,M070218_128_3,6DC,Negative,long,-0.0005006203197239589,-0.538911022839389
4428,M070218_134_2,6DR,Negative,short,-0.002560420469814784,0.3261160878851985
4428,M070218_134_2,6DR,Negative,medium,-0.0009611876772686277,-0.18849510211457254
4428,M070218_134_2,6DR,Negative,long,-0.001266739531066616,-0.14607650388927879
4436,M070218_147_5,6DC,Negative,short,-0.0009043960772268156,-0.23564279010391928
4436,M070218_147_5,6DC,Negative,medium,-0.001760791192988396,-0.368030851145851
4436,M070218_147_5,6DC,Negative,long,-0.0012203352490309438,-1.064660705564026
4437,M070218_152_2,6DC,Negative,short,-0.002011403812873151,0.6686129351076786
4437,M070218_152_2,6DC,Negative,medium,-0.001422949350598558,0.4416920269663002
4437,M070218_152_2,6DC,Negative,long,-0.0010518959763336406,0.2527220174043591
4438,M070218_156_4,cd,Negative,short,-0.0016495115778413282,0.4241428109757159
4438,M070218_156_4,cd,Negative,medium,-0.0010856789712033212,-0.20493437650234023
4438,M070218_156_4,cd,Negative,long,-0.0011268110576245522,-0.5000694669051307
4439,M070218_157_2,24c,Negative,short,-0.0013867110834704208,0.4316426129401902
4439,M070218_157_2,24c,Negative,medium,-0.0021089032780970476,0.49600794989175584
4439,M070218_157_2,24c,Negative,long,-0.0015224578766654883,0.7806265848516774
4441,M070318_005_2,11ml,Positive,short,0.0029519948542479028,-0.015548109537735891
4441,M070318_005_2,11ml,Positive,medium,0.002354561774508806,0.3909723801498058
4441,M070318_005_2,11ml,Positive,long,0.0023742470225600956,0.48643363558744607
4446,M070318_007_4,11ml,Negative,short,-0.0015174466344404366,-0.2294779267166346
4446,M070318_007_4,11ml,Negative,medium,-0.0014055692308022247,-1.0587631228957914
4446,M070318_007_4,11ml,Negative,long,-0.0018001090083705278,-1.294673943926213
4450,M070318_013_3,11ml,Positive,short,0.002369521944157332,0.3192658707485557
4450,M070318_013_3,11ml,Positive,medium,0.002512491409094955,0.23144507531617875
4450,M070318_013_3,11ml,Positive,long,0.0014392545332235177,0.3761698213670699
4453,M070318_017_4,12l,Positive,short,0.0048477735823014775,0.543041928022009
4453,M070318_017_4,12l,Positive,medium,0.003974396862135063,0.6499091712386036
4453,M070318_017_4,12l,Positive,long,0.0046959344095309115,0.5481579647013629
4462,M070318_054_3,13m,Positive,short,0.003248872558199914,0.1954469807862851
4462,M070318_054_3,13m,Positive,medium,0.004050450749606161,0.7755028541510175
4462,M070318_054_3,13m,Positive,long,0.003844248812987043,1.5925194813735077
4468,M070318_078_1,44,Positive,short,0.0014635798158954324,0.18649788191053898
4468,M070318_078_1,44,Positive,medium,0.002840075803633464,0.4103797333591622
4468,M070318_078_1,44,Positive,long,0.0029511606281292183,0.3693094491620026
4471,M070318_097_3,8B,Negative,short,-0.00218982772198716,-0.3210061067016408
4471,M070318_097_3,8B,Negative,medium,-0.0013332325032260953,-0.16333492586045167
4471,M070318_097_3,8B,Negative,long,-0.00017774097762585098,-0.4652561523305398
4482,M070318_128_4,6DC,Positive,short,0.0002990139692396529,0.4590750302493374
4482,M070318_128_4,6DC,Positive,medium,0.004351842755978527,0.3838019975640822
4482,M070318_128_4,6DC,Positive,long,0.004403348552341082,0.125673706976452
4485,M070318_134_1,6DR,Negative,short,-0.0027207121317528848,0.22753677622177065
4485,M070318_134_1,6DR,Negative,medium,-0.0017867804823965652,0.060430440366546705
4485,M070318_134_1,6DR,Negative,long,-0.0005715384853237027,-0.10356984965871445
4496,M070318_147_1,6DC,Negative,short,-0.0007614673910488242,-0.3338746224280552
4496,M070318_147_1,6DC,Negative,medium,-0.0008165074749678,-0.8883982254641624
4496,M070318_147_1,6DC,Negative,long,-0.00023468249563787352,-1.0003769269798837
4498,M070318_149_2,pu,Negative,short,-0.001146651156273914,-0.1390620850188543
4498,M070318_149_2,pu,Negative,medium,-0.0020547475752688716,-0.6911566786866282
4498,M070318_149_2,pu,Negative,long,-0.001785744362582255,-1.386689231221172
4504,M070418_005_2,11ml,Positive,short,0.003630911781364671,0.15592441038761642
4504,M070418_005_2,11ml,Positive,medium,0.002491048692381327,0.3421726439499952
4504,M070418_005_2,11ml,Positive,long,0.002500312615130527,0.4509264755424208
4507,M070418_007_2,11ml,Negative,short,-0.0018727059423655943,-0.2064672474547548
4507,M070418_007_2,11ml,Negative,medium,-0.0023879428680188665,-0.9508001541226061
4507,M070418_007_2,11ml,Negative,long,0.0005766604871455477,-0.8797450263468477
4513,M070418_013_3,11ml,Positive,short,0.003048392067069554,0.22147383584606828
4513,M070418_013_3,11ml,Positive,medium,0.002298656832154061,0.5643575088049424
4513,M070418_013_3,11ml,Positive,long,0.0013809405155270475,0.4153039761123165
4515,M070418_017_4,12l,Positive,short,0.0055020864254286175,0.19231478363498675
4515,M070418_017_4,12l,Positive,medium,0.004457420883383712,0.5669677919434974
4515,M070418_017_4,12l,Positive,long,0.005659572542804415,1.0184019227760508
4523,M070418_036_2,45,Positive,short,0.002137114837319501,-0.12642494400230217
4523,M070418_036_2,45,Positive,medium,0.002758276692317713,-0.45951546425311307
4523,M070418_036_2,45,Positive,long,0.0026799456607230878,-0.6509588284003657
4530,M070418_054_1,13m,Positive,short,0.0029404367504753674,-0.20240600499635975
4530,M070418_054_1,13m,Positive,medium,0.004903955180008139,0.9185966946488361
4530,M070418_054_1,13m,Positive,long,0.0020105038174030284,1.851989975487333
4534,M070418_066_2,45,Positive,short,0.001200117492389301,0.29061902731166184
4534,M070418_066_2,45,Positive,medium,0.004843923751218149,0.9563276536492306
4534,M070418_066_2,45,Positive,long,0.005660410907478271,1.741007335307952
4540,M070418_090_4,45,Positive,short,0.00427857717616754,0.3362650961201396
4540,M070418_090_4,45,Positive,medium,0.003435872233490893,-0.20734408405065513
4540,M070418_090_4,45,Positive,long,0.0044206115402272116,-0.29687534262598203
4542,M070418_097_3,8B,Negative,short,-0.0029388348207123505,-0.04264638007861778
4542,M070418_097_3,8B,Negative,medium,-0.000860308468090263,-0.6591080777508248
4542,M070418_097_3,8B,Negative,long,-0.00047703354568728054,-0.5811233225459862
4552,M070418_128_5,6DC,Negative,short,-0.0019428574291114088,-0.06493518157223295
4552,M070418_128_5,6DC,Negative,medium,-0.0016403902951071373,-0.6762890233394818
4552,M070418_128_5,6DC,Negative,long,-0.0006586910226084227,-1.465527614618895
4555,M070418_134_3,6DR,Negative,short,-0.0009112686693964604,0.3134338004355642
4555,M070418_134_3,6DR,Negative,medium,-0.0009856187777728925,0.31404823693408074
4555,M070418_134_3,6DR,Negative,long,-0.0009826395618101442,-0.14314861252505687
4557,M070418_134_7,6DR,Positive,short,0.0011033780812377298,0.6521275650195393
4557,M070418_134_7,6DR,Positive,medium,0.002212658416387755,0.7214802253414906
4557,M070418_134_7,6DR,Positive,long,0.0018514102278423996,0.6565740445633411
4562,M070418_144_1,6DC,Positive,short,0.0021545732812333824,-0.6385433568093095
4562,M070418_144_1,6DC,Positive,medium,0.0023514838322902273,-0.16030725217325303
4562,M070418_144_1,6DC,Positive,long,0.0016731315490195143,-0.334106370878025
4565,M070418_147_1,6DC,Negative,short,-0.0009518167123760044,-0.4280780750557706
4565,M070418_147_1,6DC,Negative,medium,-0.0013089405252642654,-0.5095894095579321
4565,M070418_147_1,6DC,Negative,long,-0.0011758516464505364,-0.9019157523521766
4570,M070518_005_4,11ml,Positive,short,0.0027357780794965013,0.1330529647178365
4570,M070518_005_4,11ml,Positive,medium,0.0029844882011636894,0.19525510017270417
4570,M070518_005_4,11ml,Positive,long,0.0025274254256483016,0.3611335341327643
4580,M070518_019_2,12m,Positive,short,0.0020809409056449174,-0.5537811175369178
4580,M070518_019_2,12m,Positive,medium,0.0015558386932329569,-0.11391177682861525
4580,M070518_019_2,12m,Positive,long,0.00193977958279975,0.12320821220718654
4582,M070518_022_2,11ml,Negative,short,-0.0028915140281589613,0.12971384927999235
4582,M070518_022_2,11ml,Negative,medium,-0.004151096179099938,-0.2279574700841175
4582,M070518_022_2,11ml,Negative,long,-0.001322464636628984,-0.4521864750178472
4595,M070518_054_3,13m,Positive,short,0.002769386862019802,0.2749545097379355
4595,M070518_054_3,13m,Positive,medium,0.003355786018926572,0.8662793999901987
4595,M070518_054_3,13m,Positive,long,0.0033004571109509807,2.4261681862460596
4597,M070518_065_4,24c,Negative,short,-0.0010570819580295557,0.4052041033980206
4597,M070518_065_4,24c,Negative,medium,-0.0009279064976525019,-0.4604292868817854
4597,M070518_065_4,24c,Negative,long,-0.001731832231940872,-0.8470764735902655
4603,M070518_090_3,45,Positive,short,0.004452373343895278,0.36653682157418965
4603,M070518_090_3,45,Positive,medium,0.0036994723375705246,-0.1098939111214534
4603,M070518_090_3,45,Positive,long,0.0041306193027499955,-0.32823264722118833
4610,M070518_106_3,pu,Negative,short,-0.003002404801929737,-0.845652593150886
4610,M070518_106_3,pu,Negative,medium,-0.00107616373566238,-1.0806875525913302
4610,M070518_106_3,pu,Negative,long,-0.0026622586292391476,-1.1113571963447708
4613,M070518_113_2,24c,Positive,short,0.0018557319652007436,-0.3003516438987083
4613,M070518_113_2,24c,Positive,medium,0.0009546099756952338,0.9570925601984042
4613,M070518_113_2,24c,Positive,long,0.004979674107401193,2.42834030069448
4616,M070518_128_3,6DC,Negative,short,-0.0015826614102708583,1.2192477996456446
4616,M070518_128_3,6DC,Negative,medium,-0.002547652105883205,0.14829656990270554
4616,M070518_128_3,6DC,Negative,long,-0.0027923978990153217,-0.6741773066445628
4617,M070518_128_4,6DC,Negative,short,-0.0029213814946405592,0.9368165277313447
4617,M070518_128_4,6DC,Negative,medium,-0.001146588909812002,0.025808937056919872
4617,M070518_128_4,6DC,Negative,long,-0.0017664665305915507,-0.3667736457590916
4631,M070518_147_3,6DC,Negative,short,-0.0011612542807802604,-0.33017267890974955
4631,M070518_147_3,6DC,Negative,medium,-0.0012395061866748698,-0.7015071444820842
4631,M070518_147_3,6DC,Negative,long,-0.0012772374365333842,-0.9564665394297456
4639,M070618_005_5,11ml,Positive,short,0.0034928515814212947,0.15284508463931262
4639,M070618_005_5,11ml,Positive,medium,0.0041348752819228216,0.2622296295602172
4639,M070618_005_5,11ml,Positive,long,0.003599823999612964,0.2314309478859834
4647,M070618_017_4,12l,Positive,short,0.005211073248581285,0.20728011521667292
4647,M070618_017_4,12l,Positive,medium,0.004216946797642808,1.0817138189556443
4647,M070618_017_4,12l,Positive,long,0.005707179634988812,1.1757601824737838
4648,M070618_019_2,12m,Positive,short,0.0014957541117724287,-0.529320258191421
4648,M070618_019_2,12m,Positive,medium,0.0019210789204542485,0.03020131852657545
4648,M070618_019_2,12m,Positive,long,0.0022465054659111037,0.429967234654975
4649,M070618_022_2,11ml,Negative,short,-0.0019213581480704907,0.06825572200835808
4649,M070618_022_2,11ml,Negative,medium,-0.002388491548075762,-0.04864709782614621
4649,M070618_022_2,11ml,Negative,long,-0.0003424219845234198,-0.8611598859313324
4661,M070618_054_3,13m,Positive,short,0.0019559842344824795,0.15781444017997145
4661,M070618_054_3,13m,Positive,medium,0.0024533853233245167,0.6721543231843421
4661,M070618_054_3,13m,Positive,long,0.0026370078713935222,2.489686269926747
4664,M070618_066_2,45,Positive,short,0.0014894933086445443,-0.3718609909667244
4664,M070618_066_2,45,Positive,medium,0.0038883890718778864,0.36810815270359437
4664,M070618_066_2,45,Positive,long,0.003656043792184187,0.8557854564728745
4671,M070618_090_3,45,Positive,short,0.004434573918908424,0.4352287094161254
4671,M070618_090_3,45,Positive,medium,0.0045359430286895696,0.13846848319290816
4671,M070618_090_3,45,Positive,long,0.004062885742614751,-0.30684065439361774
4672,M070618_097_3,8B,Negative,short,-0.0028570990294518165,0.12212424344803903
4672,M070618_097_3,8B,Negative,medium,-0.0009403048851783781,-0.45622918298220055
4672,M070618_097_3,8B,Negative,long,-0.000581680517097256,-0.7751174371770139
4680,M070618_128_3,6DC,Negative,short,-0.00255209842457174,0.5851974213893328
4680,M070618_128_3,6DC,Negative,medium,-0.0045447397389737154,0.4018993900667337
4680,M070618_128_3,6DC,Negative,long,-0.004220157794417989,-0.7214169401040651
4681,M070618_128_5,6DC,Negative,short,-0.0013822402430347701,0.7563414848541311
4681,M070618_128_5,6DC,Negative,medium,-0.0031420477676441607,1.5684075215567963
4681,M070618_128_5,6DC,Negative,long,-0.0024204196138051678,0.013684861223676712
4694,M070618_144_3,6DC,Positive,short,0.004329833192607743,-0.6658578846299906
4694,M070618_144_3,6DC,Positive,medium,0.0027200624265056456,-0.08741482076095262
4694,M070618_144_3,6DC,Positive,long,0.0020021219515864302,0.8540483965436168
4695,M070618_147_4,6DC,Negative,short,-0.0003913785687849155,-0.6429608205888117
4695,M070618_147_4,6DC,Negative,medium,-0.0006926086383772235,-0.5884323503927462
4695,M070618_147_4,6DC,Negative,long,-0.0005392233059556931,-0.8260722740517679
4700,M070618_156_2,cd,Positive,short,0.002007857563178986,-0.4668647799743169
4700,M070618_156_2,cd,Positive,medium,0.0025609290057224204,-0.45293932330832454
4700,M070618_156_2,cd,Positive,long,0.002847856812611083,-0.13638877188562168
4703,M070918_005_3,11ml,Positive,short,0.004101139173566112,0.07854710227365105
4703,M070918_005_3,11ml,Positive,medium,0.003366672076138382,0.173990117331553
4703,M070918_005_3,11ml,Positive,long,0.0029193643116896175,0.26396422687462356
4712,M070918_017_4,12l,Positive,short,0.005407747087530496,0.522246423071272
4712,M070918_017_4,12l,Positive,medium,0.006853069643106891,0.5442524847668284
4712,M070918_017_4,12l,Positive,long,0.0052007467593966515,0.7913842867721281
4713,M070918_019_3,12m,Positive,short,0.002082804938677111,-0.2859912959697227
4713,M070918_019_3,12m,Positive,medium,0.0025648953847351424,-0.1665128474293266
4713,M070918_019_3,12m,Positive,long,0.0024675748830148255,0.3197871614038362
4714,M070918_019_4,12m,Positive,short,0.00043218259803137993,-0.5774987856183393
4714,M070918_019_4,12m,Positive,medium,0.0005715004480328389,-0.5994987198695565
4714,M070918_019_4,12m,Positive,long,0.0003592957164083283,-0.3903681119646685
4720,M070918_026_4,45,Positive,short,0.0031524635449660795,1.0745570666587505
4720,M070918_026_4,45,Positive,medium,0.0015167959144483508,1.2743756036195104
4720,M070918_026_4,45,Positive,long,0.0025587290774561995,2.238163020567172
4726,M070918_054_1,13m,Positive,short,0.005148114367435362,0.5569919118231175
4726,M070918_054_1,13m,Positive,medium,0.003644029173767032,0.7086673440111835
4726,M070918_054_1,13m,Positive,long,0.0012534975915274547,2.0694931967682924
4731,M070918_069_1,12o,Positive,short,0.0029538574150490154,0.316484173641272
4731,M070918_069_1,12o,Positive,medium,0.0022206719131934024,0.1218739031267216
4731,M070918_069_1,12o,Positive,long,0.003963110198012621,0.808109324764826
4741,M070918_097_1,8B,Negative,short,-0.002427321099550977,-0.22012994642373904
4741,M070918_097_1,8B,Negative,medium,-0.0003825472155474419,-0.4411613189440202
4741,M070918_097_1,8B,Negative,long,4.8585700061987794e-05,-0.7818202642156756
4752,M070918_128_4,6DC,Negative,short,-0.0018684889601590722,1.1813801812649567
4752,M070918_128_4,6DC,Negative,medium,-0.001991703423885544,0.6283534960871634
4752,M070918_128_4,6DC,Negative,long,-0.0019683849214208295,-0.31246404091077046
4761,M070918_144_3,6DC,Positive,short,0.0034852086687041485,-0.05405963513386721
4761,M070918_144_3,6DC,Positive,medium,0.0035987159267039433,0.5735012008157712
4761,M070918_144_3,6DC,Positive,long,0.002514376716340753,-0.2168876899769216
4763,M070918_147_3,6DC,Negative,short,-0.0007201229594797182,-0.48577906930208603
4763,M070918_147_3,6DC,Negative,medium,-0.0006955144826117414,-0.5871457002325582
4763,M070918_147_3,6DC,Negative,long,-0.0008522780159079989,-1.0178325810964017
4766,M071018_005_2,11ml,Positive,short,0.003935374664461261,0.40692856176742764
4766,M071018_005_2,11ml,Positive,medium,0.0033156598754632734,0.3982196308625165
4766,M071018_005_2,11ml,Positive,long,0.0034651709843599257,0.5102626141997523
4776,M071018_017_6,12l,Positive,short,0.005354426915726249,0.41602987608254055
4776,M071018_017_6,12l,Positive,medium,0.00477098691149962,0.23856050003871643
4776,M071018_017_6,12l,Positive,long,0.004278730770450354,-0.106383513687132
4778,M071018_019_4,12m,Positive,short,0.002077353996516593,-0.42626222216167
4778,M071018_019_4,12m,Positive,medium,0.0019876204113236547,-0.09062581332307464
4778,M071018_019_4,12m,Positive,long,0.0017315202972916963,0.37261863328699435
4781,M071018_026_4,45,Positive,short,0.003363011772426669,0.7220678880936935
4781,M071018_026_4,45,Positive,medium,0.0023009061387129254,1.6948533708759632
4781,M071018_026_4,45,Positive,long,0.001896323476614456,1.7704867701760545
4783,M071018_028_4,12o,Positive,short,0.005324911710059398,0.8077458931561622
4783,M071018_028_4,12o,Positive,medium,0.004538210729643775,0.3476840228682226
4783,M071018_028_4,12o,Positive,long,0.004875821888384502,0.08833868543039418
4786,M071018_044_3,13m,Positive,short,0.0023068181296316322,-0.3428653430857288
4786,M071018_044_3,13m,Positive,medium,0.0017672620282573692,-0.19317852954102058
4786,M071018_044_3,13m,Positive,long,0.002524630903994405,0.024922998821186197
4791,M071018_054_1,13m,Positive,short,0.004547634605504618,0.3852530936788018
4791,M071018_054_1,13m,Positive,medium,0.0024798294711321604,1.1970380455652212
4791,M071018_054_1,13m,Positive,long,0.0006670880870337607,1.8223413094109584
4792,M071018_066_3,45,Negative,short,-0.002125611378476051,-0.8011101784801324
4792,M071018_066_3,45,Negative,medium,-0.002065029855090811,-1.020573508484094
4792,M071018_066_3,45,Negative,long,-0.00016541920411589366,-1.4316377613984805
4795,M071018_072_2,46v,Positive,short,0.0031110304622185684,0.8777240464122332
4795,M071018_072_2,46v,Positive,medium,0.00025687926552356153,0.9544733186529798
4795,M071018_072_2,46v,Positive,long,0.0007674219047670466,1.1124697783822426
4801,M071018_090_3,45,Positive,short,0.005143329593315862,0.45528432033791794
4801,M071018_090_3,45,Positive,medium,0.004163079048045784,-0.03505772817957396
4801,M071018_090_3,45,Positive,long,0.004298403360787309,-0.2737525699603718
4803,M071018_097_3,8B,Negative,short,-0.0017123687584596216,-0.17777961139379692
4803,M071018_097_3,8B,Negative,medium,-0.0006308734389474154,-0.46960079367466256
4803,M071018_097_3,8B,Negative,long,-0.0005178188815806098,-0.7054859473185611
4822,M071018_147_3,6DC,Negative,short,-0.0008414002528390328,-0.6052594137766992
4822,M071018_147_3,6DC,Negative,medium,-0.0011196566208378348,-0.7326151456888425
4822,M071018_147_3,6DC,Negative,long,-0.0007384077293936184,-0.899881949837315
4824,M071018_152_3,6DC,Negative,short,-0.0022193317310970984,0.4219016968558353
4824,M071018_152_3,6DC,Negative,medium,-0.0015256554071660562,0.48806965481224523
4824,M071018_152_3,6DC,Negative,long,-0.0009860856782210362,0.22177571816425679
4826,M071118_005_4,11ml,Positive,short,0.003270037287990967,0.17905479902440308
4826,M071118_005_4,11ml,Positive,medium,0.0028368578518824963,0.6197488935502167
4826,M071118_005_4,11ml,Positive,long,0.002955715049243032,0.5868374859290848
4829,M071118_007_4,11ml,Negative,short,-0.0016274937326866904,-0.4147733634314248
4829,M071118_007_4,11ml,Negative,medium,-0.002561008818198531,-0.489654785972445
4829,M071118_007_4,11ml,Negative,long,-0.00025752369016892283,-0.3550264423736526
4832,M071118_017_2,12l,Positive,short,0.007944676741883035,0.6360242074966034
4832,M071118_017_2,12l,Positive,medium,0.004929532864951039,0.22538510836023967
4832,M071118_017_2,12l,Positive,long,0.003729353874194269,0.18217735518386366
4833,M071118_018_3,12l,Positive,short,0.008032438392263225,0.010678984974813144
4833,M071118_018_3,12l,Positive,medium,0.005450252585671909,-0.2729937358319251
4833,M071118_018_3,12l,Positive,long,0.004608935871587493,-0.32131625805515024
4835,M071118_019_2,12m,Positive,short,0.0024172207471372343,-0.4031648245966739
4835,M071118_019_2,12m,Positive,medium,0.002377210627697462,0.11735977415151749
4835,M071118_019_2,12m,Positive,long,0.002096557226758552,0.3541901069077293
4836,M071118_024_3,46v,Negative,short,-0.003026434067220656,-0.441064529860479
4836,M071118_024_3,46v,Negative,medium,-0.0013495453773267442,-0.8825055516004165
4836,M071118_024_3,46v,Negative,long,0.00026234377139634893,-0.9031043314497403
4844,M071118_044_3,13m,Positive,short,0.0020523606200056497,-0.4914322502046402
4844,M071118_044_3,13m,Positive,medium,0.003322222889697729,0.06750751785870922
4844,M071118_044_3,13m,Positive,long,0.0015714661666028247,0.01741691709832349
4847,M071118_048_2,13l,Positive,short,0.0027092529819921834,0.8823784105611435
4847,M071118_048_2,13l,Positive,medium,0.0021246746573856555,1.0690046508181312
4847,M071118_048_2,13l,Positive,long,0.0004928473578207851,0.9135597308542883
4849,M071118_054_3,13m,Positive,short,0.0010260609824648509,0.6118733118516885
4849,M071118_054_3,13m,Positive,medium,0.002965591928063391,1.2304056304911408
4849,M071118_054_3,13m,Positive,long,0.0035773484592025863,1.7837175488775712
4858,M071118_090_2,45,Positive,short,0.004038493981154675,0.2759490092672383
4858,M071118_090_2,45,Positive,medium,0.004745113734704462,-0.011606222481936365
4858,M071118_090_2,45,Positive,long,0.003981841530706415,-0.3238209308320573
4860,M071118_097_4,8B,Negative,short,-0.002364406925940567,0.05084049979063253
4860,M071118_097_4,8B,Negative,medium,-0.0005571258791470717,-0.5773016724630124
4860,M071118_097_4,8B,Negative,long,-0.0006269500798931261,-0.5830422439759663
4862,M071118_100_2,cd,Negative,short,-0.0026528490029051888,-0.7078106041830167
4862,M071118_100_2,cd,Negative,medium,-0.0013326072550624173,0.030730250547601284
4862,M071118_100_2,cd,Negative,long,-0.0020697673500374475,-0.5776842339657798
4878,M071218_005_5,11ml,Positive,short,0.0035500499375522316,0.4435793793661064
4878,M071218_005_5,11ml,Positive,medium,0.003338543373329895,0.5297107774216702
4878,M071218_005_5,11ml,Positive,long,0.002716904320575592,0.6822994234785748
4883,M071218_013_1,11ml,Positive,short,0.0016141534654033046,-0.06902590862877463
4883,M071218_013_1,11ml,Positive,medium,0.0016282857863902625,0.44545089447192504
4883,M071218_013_1,11ml,Positive,long,0.00010722635622649926,0.498891380273066
4887,M071218_017_4,12l,Positive,short,0.005114373262661221,0.39916330972336195
4887,M071218_017_4,12l,Positive,medium,0.006301385250076744,0.8160771986193793
4887,M071218_017_4,12l,Positive,long,0.004908158164209062,0.27275408191115175
4891,M071218_019_2,12m,Positive,short,0.0022361913336285373,-0.37782364226560017
4891,M071218_019_2,12m,Positive,medium,0.0024615421054447603,0.24017817800651117
4891,M071218_019_2,12m,Positive,long,0.0016329641723963446,0.4645332926360873
4894,M071218_026_2,45,Positive,short,0.003522455472497928,-0.009852215166394668
4894,M071218_026_2,45,Positive,medium,0.0020807632851067657,-0.3647687956039947
4894,M071218_026_2,45,Positive,long,0.0030319747561376015,-0.37333745563298365
4895,M071218_026_3,45,Positive,short,0.0023521047281861076,0.892863779774885
4895,M071218_026_3,45,Positive,medium,0.003567107608382303,1.7473136891739538
4895,M071218_026_3,45,Positive,long,0.002795356758991039,1.8992532748549233
4899,M071218_048_3,13l,Positive,short,0.003840448279246392,0.5876760002567135
4899,M071218_048_3,13l,Positive,medium,0.0030375174866901994,0.7067374945899081
4899,M071218_048_3,13l,Positive,long,0.0019385475853035891,1.00218131344846
4902,M071218_066_4,45,Negative,short,-0.0010926785422462166,0.9208822148856312
4902,M071218_066_4,45,Negative,medium,-0.0035766240238213455,-0.01183172629932298
4902,M071218_066_4,45,Negative,long,-0.0025491169099536885,-1.450776113076337
4907,M071218_078_4,44,Negative,short,-0.0014245755979685687,-0.9682072057511143
4907,M071218_078_4,44,Negative,medium,-0.002404045555034514,-0.5607266426055433
4907,M071218_078_4,44,Negative,long,-0.003628036456590336,0.06518538704492285
4914,M071218_097_2,8B,Negative,short,-0.0018228540352038755,-0.11296728301635275
4914,M071218_097_2,8B,Negative,medium,-0.0012137000205365493,-0.40984847592251894
4914,M071218_097_2,8B,Negative,long,-0.00016248668323531117,-0.5666283193523197
4916,M071218_100_3,cd,Negative,short,0.00016407113084011363,-0.19225679915062285
4916,M071218_100_3,cd,Negative,medium,-0.0018617420638252723,-0.5721002724679778
4916,M071218_100_3,cd,Negative,long,-0.0024607003791211743,-1.563836254018317
4922,M071218_113_1,24c,Positive,short,0.001002904502983742,0.6851619524228854
4922,M071218_113_1,24c,Positive,medium,0.001400550680223691,1.0395138494781964
4922,M071218_113_1,24c,Positive,long,0.0025563754159213664,1.9710277057130403
4931,M071218_146_3,6DC,Positive,short,0.0014831624437915652,0.3022462756873903
4931,M071218_146_3,6DC,Positive,medium,0.0022315441616387625,0.3454615140025591
4931,M071218_146_3,6DC,Positive,long,0.002455135150670502,1.6992914670715713
4932,M071218_146_4,6DC,Positive,short,0.0013118441020159733,-0.29543257694423725
4932,M071218_146_4,6DC,Positive,medium,0.0007842540922168528,-0.8150396982514719
4932,M071218_146_4,6DC,Positive,long,0.0005925649401983879,-0.273731077313245
4937,M071318_005_1,11ml,Positive,short,0.003140249047712862,-0.09534192784765298
4937,M071318_005_1,11ml,Positive,medium,0.004011428721141316,0.5230582346089847
4937,M071318_005_1,11ml,Positive,long,0.0022870688938402017,0.6007741603470323
4944,M071318_013_3,11ml,Positive,short,0.0027851385632813317,0.28144053063641244
4944,M071318_013_3,11ml,Positive,medium,0.0012537109101793177,0.5718120243774666
4944,M071318_013_3,11ml,Positive,long,0.00011020820660875528,0.48288266497126436
4947,M071318_017_3,12l,Positive,short,0.0032786049840295766,-0.0029176813868934384
4947,M071318_017_3,12l,Positive,medium,0.005785487926295557,0.4177290556670326
4947,M071318_017_3,12l,Positive,long,0.003875053773763168,0.05980912326973012
4948,M071318_017_4,12l,Positive,short,0.0022312279567210194,0.1310470790624349
4948,M071318_017_4,12l,Positive,medium,0.004179739371111833,0.9281926221387986
4948,M071318_017_4,12l,Positive,long,0.005537407739151445,0.8789708773651433
4950,M071318_019_2,12m,Positive,short,0.0021394636775961223,-0.5111796700701403
4950,M071318_019_2,12m,Positive,medium,0.0025818964462478874,0.04717404248573338
4950,M071318_019_2,12m,Positive,long,0.0021796917065791685,0.39983492917755076
4954,M071318_026_1,45,Positive,short,0.002211532432673602,-0.2969465015743051
4954,M071318_026_1,45,Positive,medium,0.0026646452213120383,0.1458187275387954
4954,M071318_026_1,45,Positive,long,0.0033626412136419986,-0.005457163879805912
4955,M071318_026_2,45,Positive,short,0.003000405604390249,0.8754748212477307
4955,M071318_026_2,45,Positive,medium,0.0032151084876328824,1.6171321873359394
4955,M071318_026_2,45,Positive,long,0.0017254591416789667,1.7790649465832258
4956,M071318_028_3,12o,Positive,short,0.004088864403759667,0.4736948486699563
4956,M071318_028_3,12o,Positive,medium,0.004269941287192899,0.6433645323307847
4956,M071318_028_3,12o,Positive,long,0.002995451498098163,0.0504451832159623
4965,M071318_066_3,45,Negative,short,-0.0022971342755308665,0.8522969805115511
4965,M071318_066_3,45,Negative,medium,-0.0018419015303296408,-0.6883698207331657
4965,M071318_066_3,45,Negative,long,-0.0022779746578262703,-1.4141446723914186
4967,M071318_068_2,12o,Positive,short,0.002038804483875515,-0.1529724236564965
4967,M071318_068_2,12o,Positive,medium,0.0028026780684967355,0.5890014532348373
4967,M071318_068_2,12o,Positive,long,0.0014374643376173287,1.1219622754986196
5000,M071318_146_2,6DC,Positive,short,0.0023432211374945916,0.14906830605139418
5000,M071318_146_2,6DC,Positive,medium,0.001943086008352654,0.6422373581253079
5000,M071318_146_2,6DC,Positive,long,0.001350266994060299,1.4530637673847686
5002,M071318_146_5,6DC,Positive,short,0.0012374668909487334,-0.19485443767531893
5002,M071318_146_5,6DC,Positive,medium,0.0018185038482067646,0.6589995639913169
5002,M071318_146_5,6DC,Positive,long,0.0029166831805989917,0.8804028540076424
5003,M071318_146_7,6DC,Positive,short,0.0020105732453927607,0.13010534299181126
5003,M071318_146_7,6DC,Positive,medium,0.0017510522017784346,0.7011277900225004
5003,M071318_146_7,6DC,Positive,long,0.002038500981398983,1.7382333296507646
5006,M071318_153_3,AMG,Positive,short,0.0020582018005685853,-0.3383475872595018
5006,M071318_153_3,AMG,Positive,medium,0.0020165634694989778,-0.1005587389961136
5006,M071318_153_3,AMG,Positive,long,0.00156080469011942,-0.09699487372620354
5017,M071618_017_4,12l,Positive,short,0.0029826187990739466,0.05853073158427659
5017,M071618_017_4,12l,Positive,medium,0.004322667058781735,0.1977331776143061
5017,M071618_017_4,12l,Positive,long,0.003948350967648336,0.0381199735505026
5022,M071618_026_3,45,Positive,short,0.003579208806282437,0.659309607215331
5022,M071618_026_3,45,Positive,medium,0.002705332755234579,1.3211660348932677
5022,M071618_026_3,45,Positive,long,0.0019810998080218947,1.9663549665603384
5023,M071618_026_6,45,Positive,short,0.004257997778771589,0.262345116359442
5023,M071618_026_6,45,Positive,medium,0.004035899746982246,-0.039015031237759165
5023,M071618_026_6,45,Positive,long,0.004342976777704329,0.16432741218356542
5026,M071618_045_3,45,Negative,short,-0.0010255931778697445,0.8956773858180366
5026,M071618_045_3,45,Negative,medium,-0.004988858570603536,0.4496360687771328
5026,M071618_045_3,45,Negative,long,-0.002441567915331203,0.8756346169470991
5029,M071618_068_4,12o,Positive,short,0.0027007057788243486,-0.40521884127178626
5029,M071618_068_4,12o,Positive,medium,0.0017979799902545666,1.028925540443268
5029,M071618_068_4,12o,Positive,long,0.00034604591961288504,1.2423232929678805
5033,M071618_072_6,46v,Positive,short,0.00311258478788197,0.24282878472434105
5033,M071618_072_6,46v,Positive,medium,0.002720764009225055,1.1219217255463616
5033,M071618_072_6,46v,Positive,long,0.0011872744717934488,1.385643715668042
5037,M071618_090_2,45,Positive,short,0.002988423204899781,-0.12657535552134264
5037,M071618_090_2,45,Positive,medium,0.005054643598562478,-0.14075596447408
5037,M071618_090_2,45,Positive,long,0.004639130072596219,-0.23521537527662026
5038,M071618_090_3,45,Positive,short,0.0023196210876533876,0.13472531442631178
5038,M071618_090_3,45,Positive,medium,0.0040564811760960915,-0.29789417039461785
5038,M071618_090_3,45,Positive,long,0.003690491150841332,-0.5177810000040306
5039,M071618_093_1,AI,Negative,short,-0.0012930716459050012,-0.4753465320149471
5039,M071618_093_1,AI,Negative,medium,-0.000963274580429474,-0.9595594549436934
5039,M071618_093_1,AI,Negative,long,-0.0011467594268835305,-0.9793358830961332
5041,M071618_097_5,8B,Negative,short,-0.001791941375098001,-0.08429610448677911
5041,M071618_097_5,8B,Negative,medium,-0.0008147112109774588,-0.4331038319393404
5041,M071618_097_5,8B,Negative,long,-0.0007637781276534921,-0.6020218108636567
5045,M071618_109_3,8B,Positive,short,0.0006771818635026178,-1.0235689698459702
5045,M071618_109_3,8B,Positive,medium,0.0018102129975009172,-0.7900293813568978
5045,M071618_109_3,8B,Positive,long,0.0016382264704560918,-0.3946142230272377
5056,M071618_146_4,6DC,Positive,short,0.002290188956505548,-0.4066998433430091
5056,M071618_146_4,6DC,Positive,medium,0.0013585453853260305,0.670967643129052
5056,M071618_146_4,6DC,Positive,long,0.0016815637487435909,1.3349570910664843
5057,M071618_147_3,6DC,Negative,short,-0.00029651000704587565,-0.5175456218731384
5057,M071618_147_3,6DC,Negative,medium,-0.00074315931516818,-0.7180916437888503
5057,M071618_147_3,6DC,Negative,long,-0.0008768774885762814,-0.8027501481146662
5064,M071718_005_1,11ml,Positive,short,0.004062691300867225,0.1916555967670052
5064,M071718_005_1,11ml,Positive,medium,0.003905481242117753,0.5253986603721431
5064,M071718_005_1,11ml,Positive,long,0.0027563362315269993,0.6973063486376228
5065,M071718_005_2,11ml,Negative,short,-0.001750946450971254,-0.2107122214022906
5065,M071718_005_2,11ml,Negative,medium,-0.00022680142319503338,-0.5667683677546395
5065,M071718_005_2,11ml,Negative,long,0.000225270896712316,-0.5884956776004862
5068,M071718_011_3,46v,Negative,short,-0.0030476795703044722,-0.8740677810134598
5068,M071718_011_3,46v,Negative,medium,-0.0008124514930032191,-0.7549824886381961
5068,M071718_011_3,46v,Negative,long,-0.0016207145474729909,-1.2134566808649387
5070,M071718_013_4,11ml,Positive,short,0.0024151021365723755,0.14835168371473553
5070,M071718_013_4,11ml,Positive,medium,0.0009689057620408001,0.5152387881927354
5070,M071718_013_4,11ml,Positive,long,0.001401061373761473,0.5562074431055497
5071,M071718_013_5,11ml,Negative,short,0.00023153858902924155,0.23509867461444733
5071,M071718_013_5,11ml,Negative,medium,-0.0027075903659232983,0.5940099329685331
5071,M071718_013_5,11ml,Negative,long,-0.0009627427528669752,0.22084329055506774
5074,M071718_017_4,12l,Positive,short,0.002676473092934914,0.09542450947282578
5074,M071718_017_4,12l,Positive,medium,0.004192167236975565,0.7864841700021329
5074,M071718_017_4,12l,Positive,long,0.003982614376153536,1.376277079464815
5079,M071718_026_3,45,Positive,short,0.002975515150785332,0.6852924448332227
5079,M071718_026_3,45,Positive,medium,0.003147517780440441,1.2825080936591755
5079,M071718_026_3,45,Positive,long,0.0018994830232364514,1.9390312950940378
5091,M071718_072_2,46v,Positive,short,0.003956187059024015,0.45468434535014207
5091,M071718_072_2,46v,Positive,medium,0.0014247208512794777,0.4717228878770933
5091,M071718_072_2,46v,Positive,long,8.573172469714233e-05,0.7798140638580735
5097,M071718_090_3,45,Positive,short,0.004807720242089102,0.10066577131961071
5097,M071718_090_3,45,Positive,medium,0.0050677086910363,-0.1338522991168618
5097,M071718_090_3,45,Positive,long,0.006244703707889154,-0.08948143886440216
5101,M071718_097_3,8B,Negative,short,-0.0016612587257508779,-0.07880017355149503
5101,M071718_097_3,8B,Negative,medium,-0.0006370333524749629,-0.41783885733408854
5101,M071718_097_3,8B,Negative,long,-0.0005628866596927439,-0.7214560256573602
5104,M071718_101_3,45,Negative,short,-0.0010567331762060812,0.011808956235489528
5104,M071718_101_3,45,Negative,medium,-0.0040315122000911035,-0.4012671231591265
5104,M071718_101_3,45,Negative,long,-0.0013880076206051163,-0.9640128593674911
5115,M071718_146_3,6DC,Positive,short,0.001446837441179723,-0.3461647304495527
5115,M071718_146_3,6DC,Positive,medium,0.00219444978534524,-0.058328106926565065
5115,M071718_146_3,6DC,Positive,long,0.0030858131853125433,1.5992016604359256
5118,M071818_005_2,11ml,Positive,short,0.0037012700328042454,0.1382536967982307
5118,M071818_005_2,11ml,Positive,medium,0.0030404401385244143,0.3568246916483486
5118,M071818_005_2,11ml,Positive,long,0.003952376868411154,0.812649161407659
5129,M071818_026_1,45,Positive,short,0.00399864076389997,0.711131358940621
5129,M071818_026_1,45,Positive,medium,0.003438923544810871,1.303429599088956
5129,M071818_026_1,45,Positive,long,0.0024834076195424637,1.7401947110345874
5136,M071818_044_3,13m,Negative,short,-0.0029319149361434448,-0.3475847916031402
5136,M071818_044_3,13m,Negative,medium,-0.0009464500264868644,-0.7822496203237683
5136,M071818_044_3,13m,Negative,long,-0.0010490064251853259,-1.306921930261539
5146,M071818_072_3,46v,Positive,short,0.002491528817007637,0.6591334800452293
5146,M071818_072_3,46v,Positive,medium,0.0003782288828916652,0.6537771362829923
5146,M071818_072_3,46v,Positive,long,0.0022074387670322753,0.9457277278981471
5150,M071818_090_2,45,Positive,short,0.003320948663968015,0.16729686350659304
5150,M071818_090_2,45,Positive,medium,0.0037777929860278565,-0.1763426620492765
5150,M071818_090_2,45,Positive,long,0.005759176904189852,-0.0028320544503145726
5157,M071818_101_3,45,Negative,short,-0.002438512281180019,0.37808861629843726
5157,M071818_101_3,45,Negative,medium,-0.003926986741487051,-0.45777384248118963
5157,M071818_101_3,45,Negative,long,-0.0008919512480781534,-1.163561742783783
5172,M071918_005_5,11ml,Positive,short,0.0031799219340671995,0.10351878738715724
5172,M071918_005_5,11ml,Positive,medium,0.003094264620152425,0.20040625584330765
5172,M071918_005_5,11ml,Positive,long,0.0034231591325891617,0.49093078582132305
5184,M071918_026_2,45,Positive,short,0.003806172041883693,0.4991780288479509
5184,M071918_026_2,45,Positive,medium,0.0035207766078426076,1.2451914765820924
5184,M071918_026_2,45,Positive,long,0.002747081719414389,1.6483370694463542
5190,M071918_044_3,13m,Negative,short,-0.002104339913687463,-0.6936893593736874
5190,M071918_044_3,13m,Negative,medium,-0.0011013055620415237,-0.8993027062463681
5190,M071918_044_3,13m,Negative,long,-0.0007530919055652823,-1.2104784916720652
5198,M071918_072_3,46v,Positive,short,0.0011377510433737514,0.8601886797603374
5198,M071918_072_3,46v,Positive,medium,0.0014867986318214377,1.0553136720831897
5198,M071918_072_3,46v,Positive,long,0.0008822609102393667,0.6279210404131853
5202,M071918_090_4,45,Positive,short,0.004029180608806486,-0.10911288494441794
5202,M071918_090_4,45,Positive,medium,0.004786070239087016,-0.10811867270720953
5202,M071918_090_4,45,Positive,long,0.006062473455306742,0.06290012449303102
5208,M071918_101_2,45,Negative,short,-0.0009270249497866087,-0.09631595304242112
5208,M071918_101_2,45,Negative,medium,-0.003159721857318131,-0.5877871319373447
5208,M071918_101_2,45,Negative,long,-0.0007325465554055644,-1.0944675052423842
5210,M071918_109_3,8B,Positive,short,0.0014510957664231189,-1.1722301500609233
5210,M071918_109_3,8B,Positive,medium,0.001025591219562001,-0.93439194723691
5210,M071918_109_3,8B,Positive,long,0.001317541526987761,-0.5152175789604044
5228,M072018_007_2,11ml,Negative,short,-0.0018696269739652074,-0.3167193630716443
5228,M072018_007_2,11ml,Negative,medium,-0.002072364799340394,-1.2048807748641428
5228,M072018_007_2,11ml,Negative,long,-0.0018367247333055854,-1.02256630222544
5241,M072018_026_2,45,Positive,short,0.0037806565525558902,0.45539699933032957
5241,M072018_026_2,45,Positive,medium,0.0032985188536518413,1.045508234657056
5241,M072018_026_2,45,Positive,long,0.0028984792537052263,1.607427714866727
5247,M072018_064_1,13m,Positive,short,0.002233024620450472,0.6692146046239009
5247,M072018_064_1,13m,Positive,medium,0.0030467347445601654,1.3087099718670678
5247,M072018_064_1,13m,Positive,long,0.0013480320889012955,0.8180190290071802
5250,M072018_072_3,46v,Positive,short,0.0030694183256425207,0.5589625775065783
5250,M072018_072_3,46v,Positive,medium,0.001706647371328977,0.9149091255118119
5250,M072018_072_3,46v,Positive,long,0.00029317140570327447,0.7335969172975981
5251,M072018_077_3,AI,Negative,short,-0.0015948810325074228,-0.794054213186072
5251,M072018_077_3,AI,Negative,medium,-0.0012961320483772386,-1.3146937825715483
5251,M072018_077_3,AI,Negative,long,3.872999796307904e-05,-1.762002949111672
5254,M072018_090_1,45,Positive,short,0.004523718111023099,0.24874077943440748
5254,M072018_090_1,45,Positive,medium,0.0056027209547723006,0.20908655511593438
5254,M072018_090_1,45,Positive,long,0.006216030472509977,0.1440289132157573
5255,M072018_090_4,45,Positive,short,0.0030675308782991363,0.3441297290397315
5255,M072018_090_4,45,Positive,medium,0.0035310178640878148,-0.006984368048781861
5255,M072018_090_4,45,Positive,long,0.005005591335479449,-0.12582802247277736
5256,M072018_093_3,AI,Negative,short,-0.0016250514330501495,-0.7530294245174046
5256,M072018_093_3,AI,Negative,medium,-0.001010131980824749,-0.8262745046278402
5256,M072018_093_3,AI,Negative,long,-0.0006176667840692168,-1.0717040422355475
5257,M072018_094_1,AI,Negative,short,-0.0023948119657687507,0.04913373357089881
5257,M072018_094_1,AI,Negative,medium,-0.0015977304904394199,-0.6294401088371538
5257,M072018_094_1,AI,Negative,long,-0.0025714561373857544,-0.9423610345505413
5263,M072018_105_1,AMG,Positive,short,0.003004270721529216,0.051672270916675075
5263,M072018_105_1,AMG,Positive,medium,0.003424918156048947,0.2811692993632346
5263,M072018_105_1,AMG,Positive,long,0.0030858766491602524,0.45826929785348414
5279,M072318_007_3,11ml,Negative,short,-0.0025413505759266817,0.1915167108639006
5279,M072318_007_3,11ml,Negative,medium,-0.003201194804159635,-0.8863440765844295
5279,M072318_007_3,11ml,Negative,long,-0.0006836842739335788,-1.3994531112780388
5292,M072318_039_2,13l,Negative,short,-0.001642673836323501,1.302139979680247
5292,M072318_039_2,13l,Negative,medium,-0.00257393417981774,0.6554796372977288
5292,M072318_039_2,13l,Negative,long,-0.000389950602798216,0.6404543619683499
5296,M072318_064_1,13m,Positive,short,0.0034531320393885808,1.1658883540086857
5296,M072318_064_1,13m,Positive,medium,0.0005168103157491104,1.1647379594713996
5296,M072318_064_1,13m,Positive,long,0.0013015204473515534,0.901044986708192
5302,M072318_090_3,45,Positive,short,0.004385342105277244,0.377502587973915
5302,M072318_090_3,45,Positive,medium,0.004094289664268039,-0.14817534699980262
5302,M072318_090_3,45,Positive,long,0.004705883290813325,-0.412101132519382
5303,M072318_093_2,AI,Negative,short,-0.002469362857370173,0.15858301433568786
5303,M072318_093_2,AI,Negative,medium,-0.0014075603172677151,-0.12214251483694015
5303,M072318_093_2,AI,Negative,long,-0.0010842887377540075,-0.6418162389672338
5307,M072318_105_1,AMG,Positive,short,0.002637732067409985,0.17183110426713136
5307,M072318_105_1,AMG,Positive,medium,0.003171679334361975,0.16932114616761637
5307,M072318_105_1,AMG,Positive,long,0.0033490449245661027,0.22080969802272846
5319,M072318_152_2,6DC,Negative,short,-0.0013188991263025714,-0.5292644283088069
5319,M072318_152_2,6DC,Negative,medium,-0.0014619460813795264,-0.7098841526996524
5319,M072318_152_2,6DC,Negative,long,-0.0019082600329379722,-1.3208855878493553
5338,M072418_036_2,12l,Positive,short,0.002914259975532272,-0.13478799814438933
5338,M072418_036_2,12l,Positive,medium,0.001899844529902205,0.191618996350011
5338,M072418_036_2,12l,Positive,long,0.0006462039831793398,-0.03696967878540863
5339,M072418_039_2,13l,Negative,short,-0.0019726559567279363,-0.48190609430940745
5339,M072418_039_2,13l,Negative,medium,-0.0008281843204560769,-0.967445549423405
5339,M072418_039_2,13l,Negative,long,-0.00027575301928373607,-0.8615973784205521
5359,M072418_090_3,45,Positive,short,0.0034956506698966042,0.13825486973237971
5359,M072418_090_3,45,Positive,medium,0.004445431861188495,0.003075135802035026
5359,M072418_090_3,45,Positive,long,0.004764264913681842,-0.21217385452463852
5362,M072418_094_2,AI,Positive,short,0.001602983669926415,-0.6605304690517994
5362,M072418_094_2,AI,Positive,medium,0.0014570074417849413,-0.3468418761185845
5362,M072418_094_2,AI,Positive,long,0.0011708330079015315,-0.267646687795945
5363,M072418_095_3,AI,Positive,short,0.003418438278973571,-0.5307548652339522
5363,M072418_095_3,AI,Positive,medium,0.0033536009402702497,-0.24230609595571828
5363,M072418_095_3,AI,Positive,long,0.0028074187652464533,-0.45243774360811306
5366,M072418_105_1,AMG,Positive,short,0.003334363436734498,-0.21142179278669238
5366,M072418_105_1,AMG,Positive,medium,0.002896291881037904,0.2360073573906331
5366,M072418_105_1,AMG,Positive,long,0.002776488298855391,0.26782754205768305
5375,M072418_152_3,6DC,Negative,short,-0.0012775614866232696,-0.40116583808610484
5375,M072418_152_3,6DC,Negative,medium,-0.0023094646434097393,-0.8650128094482541
5375,M072418_152_3,6DC,Negative,long,-0.0027390626222619278,-1.2472121682817647
5380,M072518_006_3,11ml,Positive,short,0.0027455210977869967,-0.6776175516817917
5380,M072518_006_3,11ml,Positive,medium,0.0020069159720288833,0.38222554221811483
5380,M072518_006_3,11ml,Positive,long,0.0024318457139547193,1.2367948328645375
5381,M072518_007_4,11ml,Negative,short,-0.0025106787774126765,-0.04981889102775325
5381,M072518_007_4,11ml,Negative,medium,-0.001769753157219851,-0.9104932702073638
5381,M072518_007_4,11ml,Negative,long,-0.001726618076652153,-0.9996601714118819
5382,M072518_012_2,12r,Negative,short,-0.001551056840437184,-0.4599768102063275
5382,M072518_012_2,12r,Negative,medium,-0.0021117202386116743,-0.6622728975700871
5382,M072518_012_2,12r,Negative,long,-0.004050158711460524,-1.2925512858208565
5385,M072518_017_2,12l,Positive,short,0.0032232617499741876,-0.5004966574847526
5385,M072518_017_2,12l,Positive,medium,0.005223265029739042,0.12631488546725989
5385,M072518_017_2,12l,Positive,long,0.005104734517788894,0.05380148537683234
5393,M072518_036_2,12l,Positive,short,0.002236900672149764,-0.2095783333589466
5393,M072518_036_2,12l,Positive,medium,0.0013043585080859694,-0.11549700003275384
5393,M072518_036_2,12l,Positive,long,0.0008232862768290312,-0.14237396823499543
5408,M072518_090_2,45,Positive,short,0.0038448229082002753,0.3268306906448953
5408,M072518_090_2,45,Positive,medium,0.0037050425905054154,-0.14949408066282488
5408,M072518_090_2,45,Positive,long,0.004848177401930769,-0.034758230348674736
5410,M072518_094_3,AI,Positive,short,0.0015149141611311826,-0.6678229186229854
5410,M072518_094_3,AI,Positive,medium,0.001577784547670444,-0.3388770451415144
5410,M072518_094_3,AI,Positive,long,0.0012730121686392551,-0.347337426016101
5411,M072518_095_3,AI,Positive,short,0.0024650465045874927,-0.5397009035113721
5411,M072518_095_3,AI,Positive,medium,0.003111937203686587,-0.6841857791461822
5411,M072518_095_3,AI,Positive,long,0.003155548338690804,-0.5485729797458131
5416,M072518_105_2,AMG,Positive,short,0.002361517036300385,-0.25189118626908696
5416,M072518_105_2,AMG,Positive,medium,0.002380818417064709,0.12343665920104986
5416,M072518_105_2,AMG,Positive,long,0.003297561573563675,0.46927385484032097
5427,M072518_152_4,6DC,Negative,short,-0.001310322627078985,-0.6260898395095907
5427,M072518_152_4,6DC,Negative,medium,-0.0017980004252060922,-0.7139509707044642
5427,M072518_152_4,6DC,Negative,long,-0.0016402950528827769,-1.2794325306094227
5428,M072518_156_4,cd,Negative,short,-0.0008537382618593646,-0.31236766461192317
5428,M072518_156_4,cd,Negative,medium,-0.000636619619769022,-0.6165338279106057
5428,M072518_156_4,cd,Negative,long,-0.0010304059912501135,-0.7930486560264562
5431,M072718_007_4,11ml,Negative,short,-0.0027804777865107102,-0.21312576084988138
5431,M072718_007_4,11ml,Negative,medium,-0.003725067742462703,-1.011535075423424
5431,M072718_007_4,11ml,Negative,long,-0.0007150643815178172,-1.281872898885692
5434,M072718_013_3,11ml,Negative,short,-0.003844660478653907,-0.03913005856299671
5434,M072718_013_3,11ml,Negative,medium,-0.001473659686134739,0.8938829749458456
5434,M072718_013_3,11ml,Negative,long,-0.0014895639363210749,-0.5446825379280283
5440,M072718_026_4,45,Positive,short,0.002506208440135152,0.27434203505265015
5440,M072718_026_4,45,Positive,medium,0.003965459010263722,0.8287618096519614
5440,M072718_026_4,45,Positive,long,0.0015075724835652822,1.2268203942232243
5441,M072718_035_2,12l,Positive,short,0.004925191864475832,0.09074196055184386
5441,M072718_035_2,12l,Positive,medium,0.002379919165995634,0.1364198501646577
5441,M072718_035_2,12l,Positive,long,0.0042403724242977845,0.8052245779892743
5442,M072718_036_3,12l,Positive,short,0.0011258945653755406,-0.43131413304567734
5442,M072718_036_3,12l,Positive,medium,0.0011592952936994659,-0.575529724061985
5442,M072718_036_3,12l,Positive,long,0.0008716741206073975,-0.7131539780070103
5451,M072718_077_2,AI,Positive,short,0.0021013759033102946,-0.0010362159766445862
5451,M072718_077_2,AI,Positive,medium,0.0029605116912269688,0.8952285848517659
5451,M072718_077_2,AI,Positive,long,0.0005404458929987994,1.9443314474156612
5456,M072718_094_4,AI,Positive,short,0.0015525179884643278,-0.5997860340367439
5456,M072718_094_4,AI,Positive,medium,0.0014356222484254034,-0.34370491912312645
5456,M072718_094_4,AI,Positive,long,0.0010327282682331355,-0.2981758410611888
5457,M072718_095_2,AI,Positive,short,0.0025369602203991724,-0.3543796246538087
5457,M072718_095_2,AI,Positive,medium,0.0016639073267527514,-0.3684069181004746
5457,M072718_095_2,AI,Positive,long,0.0021668197877954738,-0.4356346478137171
5460,M072718_100_3,cd,Negative,short,-0.0015117930005100458,0.4529165053947793
5460,M072718_100_3,cd,Negative,medium,-0.0016118480245297128,-0.8810426570419315
5460,M072718_100_3,cd,Negative,long,0.0002887082139420129,-1.1751709796624652
5464,M072718_105_2,AMG,Positive,short,0.00285548953604004,-0.1249543760044883
5464,M072718_105_2,AMG,Positive,medium,0.002940093751197882,0.08081448490718053
5464,M072718_105_2,AMG,Positive,long,0.0025916318339552127,0.43062614628076806
5478,M072718_156_3,cd,Negative,short,-0.0021356671236852746,-0.1412467597821067
5478,M072718_156_3,cd,Negative,medium,-0.0004510092738799569,-0.5513781099371029
5478,M072718_156_3,cd,Negative,long,-0.001186695685043715,-0.8590595488639521
5501,M073018_078_2,44,Positive,short,0.0033254864389514484,0.5190002505337232
5501,M073018_078_2,44,Positive,medium,0.0038093419417891588,0.665147060632997
5501,M073018_078_2,44,Positive,long,0.0027414441421735633,0.7686833565797658
5502,M073018_078_4,44,Positive,short,0.001197174444216653,-0.834939075488219
5502,M073018_078_4,44,Positive,medium,0.003406869691918292,0.7379117728544735
5502,M073018_078_4,44,Positive,long,0.00632659367912174,2.2483312245861264
5505,M073018_083_4,13l,Negative,short,-0.003766823036445362,0.4862682054054115
5505,M073018_083_4,13l,Negative,medium,-0.003808643810778916,-0.36690517704821146
5505,M073018_083_4,13l,Negative,long,-0.0012329903481360248,-0.2906592655100317
5513,M073018_105_1,AMG,Positive,short,0.003353432932520933,-0.01754783034152638
5513,M073018_105_1,AMG,Positive,medium,0.003805605335870672,0.09461421442637298
5513,M073018_105_1,AMG,Positive,long,0.0032619503396390404,0.1843602850470698
5531,M073118_007_3,11ml,Positive,short,0.002721169004032986,-0.09816849659376789
5531,M073118_007_3,11ml,Positive,medium,0.0019986959884634417,0.478147255611248
5531,M073118_007_3,11ml,Positive,long,0.004132971178977845,2.2154041993836198
5536,M073118_013_1,11ml,Negative,short,-0.00028685875835381884,0.08913948135360411
5536,M073118_013_1,11ml,Negative,medium,-0.005716400484799982,-0.22171118908105403
5536,M073118_013_1,11ml,Negative,long,-0.00142091381224052,-0.9792496414731927
5556,M073118_090_3,45,Negative,short,-0.0024052064219034323,0.818830459869115
5556,M073118_090_3,45,Negative,medium,-0.002151608558639556,-0.29685866312295167
5556,M073118_090_3,45,Negative,long,-0.0016659045204264953,-1.0046736051556275
5561,M073118_105_3,AMG,Positive,short,0.003437182334256291,-0.11105485978271322
5561,M073118_105_3,AMG,Positive,medium,0.0026845971014573668,0.02329164757137613
5561,M073118_105_3,AMG,Positive,long,0.0038169856428014333,0.37571357476165496
5603,M080118_090_2,45,Negative,short,-0.003141483687608021,0.7992143015758431
5603,M080118_090_2,45,Negative,medium,-0.001975495119875982,-0.25787275305797286
5603,M080118_090_2,45,Negative,long,-0.0016410880293144504,-0.8124545399539681
5609,M080118_105_2,AMG,Positive,short,0.0025852610597167356,-0.23982121571728002
5609,M080118_105_2,AMG,Positive,medium,0.0033844141560972246,-0.039392331007638705
5609,M080118_105_2,AMG,Positive,long,0.003398485104535153,0.07667808570804542
5610,M080118_109_3,8B,Positive,short,0.0006459885078159614,-0.9130874780594014
5610,M080118_109_3,8B,Positive,medium,0.0008056748375591745,-0.4412437752218523
5610,M080118_109_3,8B,Positive,long,0.0022868013603890344,-0.17317423866389586
5630,M080218_018_3,12l,Negative,short,-0.0026986786327877375,1.0078781764030753
5630,M080218_018_3,12l,Negative,medium,-0.003004961490098943,0.5913021360128264
5630,M080218_018_3,12l,Negative,long,-0.0032858655568042453,-0.4495398335546424
5647,M080218_066_6,45,Negative,short,-0.0011491326403628712,-0.4661937297194787
5647,M080218_066_6,45,Negative,medium,-0.001145481807100337,-0.5948785873325216
5647,M080218_066_6,45,Negative,long,-0.0011012451267336787,-0.6598111746488713
5655,M080218_090_3,45,Negative,short,-0.0008394312497405267,0.054080107839870654
5655,M080218_090_3,45,Negative,medium,-0.001951189959418235,-0.34765793010708684
5655,M080218_090_3,45,Negative,long,-0.0012455393666427695,-0.8392337273539798
5660,M080218_100_4,cd,Positive,short,0.004930479262666484,0.7409719254747157
5660,M080218_100_4,cd,Positive,medium,0.0060068417704625615,0.7527065487553717
5660,M080218_100_4,cd,Positive,long,0.005385612511723678,0.8952431771144915
5661,M080218_105_1,AMG,Positive,short,0.002716757658822416,-0.15647014155255604
5661,M080218_105_1,AMG,Positive,medium,0.003620686712349224,0.10409894700358914
5661,M080218_105_1,AMG,Positive,long,0.00292542351377653,0.15680823280368916
5666,M080218_135_1,24c,Negative,short,-0.002668225250254835,-0.13973346758733027
5666,M080218_135_1,24c,Negative,medium,-0.0019195135596205132,-0.9891973235590164
5666,M080218_135_1,24c,Negative,long,-0.0036007311387544583,-1.2791538748482612
5680,M080318_016_5,11ml,Negative,short,-0.0024869550878916027,0.6558859743975558
5680,M080318_016_5,11ml,Negative,medium,-0.0016322122792309921,-0.19884518443514979
5680,M080318_016_5,11ml,Negative,long,-0.00012795297266826708,-0.41129019690953356
5684,M080318_019_2,12m,Negative,short,-0.003664467606909029,0.7371584478945482
5684,M080318_019_2,12m,Negative,medium,-0.0022530741312840707,-0.06067266221857086
5684,M080318_019_2,12m,Negative,long,-0.0009892505759732766,-0.8812740332572512
5688,M080318_026_3,45,Positive,short,0.003514043262346565,0.46763042736637367
5688,M080318_026_3,45,Positive,medium,0.0028771748346804677,0.18357676923268795
5688,M080318_026_3,45,Positive,long,0.001976773552827507,0.2555901643395123
5691,M080318_043_3,13m,Positive,short,0.002040352663938945,0.21124178838114968
5691,M080318_043_3,13m,Positive,medium,0.0013536622768478192,0.63888679251862
5691,M080318_043_3,13m,Positive,long,0.0017613090220766103,0.33358257754431564
5700,M080318_064_3,13m,Negative,short,-0.004149054347502849,0.09751977235661469
5700,M080318_064_3,13m,Negative,medium,-0.0030119248460821852,-0.9674866318690301
5700,M080318_064_3,13m,Negative,long,0.00014228120851063347,-1.5449642641175407
5701,M080318_065_1,24c,Positive,short,0.002801854702004439,-0.08554082553827524
5701,M080318_065_1,24c,Positive,medium,0.002520165403998744,0.3344030755395461
5701,M080318_065_1,24c,Positive,long,0.002735753356402061,0.64005295688644
5706,M080318_066_6,45,Negative,short,-0.0015838798411262002,-0.30733029492232933
5706,M080318_066_6,45,Negative,medium,-0.0008363383929239949,-0.6841973937589197
5706,M080318_066_6,45,Negative,long,-0.0004025371408094949,-0.6127069339577648
5711,M080318_078_3,44,Positive,short,0.002334539373588846,-0.17895092352501857
5711,M080318_078_3,44,Positive,medium,0.0026320333989733,0.22090706546301217
5711,M080318_078_3,44,Positive,long,0.004648705642666811,0.7374714480871071
5714,M080318_080_4,AI,Negative,short,-0.0014561573605958885,0.049163717155041836
5714,M080318_080_4,AI,Negative,medium,-0.000992537354031063,-0.04134962332253162
5714,M080318_080_4,AI,Negative,long,-0.001339169358328147,-0.48113882365793814
5721,M080318_100_3,cd,Negative,short,-0.00187521180434245,-0.4317829348394855
5721,M080318_100_3,cd,Negative,medium,-0.00042148326964986695,-0.7651499956598298
5721,M080318_100_3,cd,Negative,long,5.869128524619007e-05,-0.8268740071036454
5722,M080318_100_4,cd,Positive,short,0.006696297948134561,0.5953469218635086
5722,M080318_100_4,cd,Positive,medium,0.004563722259149921,0.6334694407035835
5722,M080318_100_4,cd,Positive,long,0.00411758326405926,0.7098680481488217
5724,M080318_109_3,8B,Positive,short,-0.00038914555033477794,-0.8371296066809415
5724,M080318_109_3,8B,Positive,medium,0.0015457801069357938,-0.6220985164122227
5724,M080318_109_3,8B,Positive,long,0.002326918428518445,-0.3700625834701437
5725,M080318_113_3,24c,Positive,short,0.003639385806061433,-0.08994226999109775
5725,M080318_113_3,24c,Positive,medium,0.002508644449069827,0.9868895382614196
5725,M080318_113_3,24c,Positive,long,0.0037808727255381593,1.5956400924435075
5732,M080318_135_5,24c,Negative,short,-0.004006092640859193,0.1480250152574849
5732,M080318_135_5,24c,Negative,medium,-0.0034322259584957586,-0.7145268972908858
5732,M080318_135_5,24c,Negative,long,-0.0010250760144866083,-0.9572712718423908
5745,M080618_013_2,11ml,Positive,short,0.003558191388878983,-0.11009574012761895
5745,M080618_013_2,11ml,Positive,medium,0.0031709393229469893,0.40352316982309044
5745,M080618_013_2,11ml,Positive,long,0.0018621995514454804,0.2511478164809533
5746,M080618_014_4,11ml,Positive,short,0.0028193793155256346,0.4126359209034378
5746,M080618_014_4,11ml,Positive,medium,0.003871788259128545,-0.11577019102507935
5746,M080618_014_4,11ml,Positive,long,0.004994406117937742,-0.48653624957456826
5748,M080618_018_1,12m,Positive,short,0.003447742546669804,-0.35627043802491054
5748,M080618_018_1,12m,Positive,medium,0.003883567036989779,-0.23559360920037833
5748,M080618_018_1,12m,Positive,long,0.0034118177473251724,-0.38974151686902203
5760,M080618_066_3,45,Positive,short,0.0002216725314145892,-0.38121060829734765
5760,M080618_066_3,45,Positive,medium,0.0019073390158746433,0.01207656509955003
5760,M080618_066_3,45,Positive,long,0.001418506679579365,0.5747155218250343
5763,M080618_077_3,AI,Negative,short,-0.0007935418120656286,1.6340697252016496
5763,M080618_077_3,AI,Negative,medium,-0.0035674948715903963,0.8019050330438104
5763,M080618_077_3,AI,Negative,long,-0.003701706840018887,0.33098631618799806
5776,M080618_100_3,cd,Positive,short,0.004321564011271529,0.4579828391579939
5776,M080618_100_3,cd,Positive,medium,0.004898473721943399,0.8926442391206177
5776,M080618_100_3,cd,Positive,long,0.005970152300090651,1.0094044116971095
5792,M080718_008_3,46v,Positive,short,0.0038426299321354597,0.2764992202540932
5792,M080718_008_3,46v,Positive,medium,0.00414727237128055,0.8100175466684829
5792,M080718_008_3,46v,Positive,long,0.0028843319025344707,0.8666604174197978
5812,M080718_064_2,13m,Negative,short,-0.0002915149874302333,-0.6307998534629801
5812,M080718_064_2,13m,Negative,medium,-0.0018071993855679955,-1.7214466395870025
5812,M080718_064_2,13m,Negative,long,-0.002182913490999348,-1.538456249951126
5813,M080718_066_1,45,Positive,short,0.000501901362574394,-0.742827391664121
5813,M080718_066_1,45,Positive,medium,0.0019839847163386926,-0.658833135111558
5813,M080718_066_1,45,Positive,long,0.0015276254705684242,-0.527057845095876
5818,M080718_077_2,AI,Negative,short,-0.0007792718538343039,1.0818234894815182
5818,M080718_077_2,AI,Negative,medium,-0.004194268478301119,0.1388924170485752
5818,M080718_077_2,AI,Negative,long,-0.003234212961729699,-1.1707710460380043
5819,M080718_078_2,44,Negative,short,-0.0026049191182398552,0.05069723947708977
5819,M080718_078_2,44,Negative,medium,-0.003275597946532289,-0.43170263441593326
5819,M080718_078_2,44,Negative,long,-0.002010364107362444,-1.2872588427213583
5830,M080718_100_3,cd,Positive,short,0.005048019857930291,0.8020067754884974
5830,M080718_100_3,cd,Positive,medium,0.005380581558551352,0.8383020545877423
5830,M080718_100_3,cd,Positive,long,0.004248842725652291,0.49561619288450764
5837,M080718_135_5,24c,Negative,short,-0.0016308183082028626,0.026234649622482797
5837,M080718_135_5,24c,Negative,medium,-0.0012970381039016134,-0.7165386706138163
5837,M080718_135_5,24c,Negative,long,-0.00102742488255773,-1.2057246479039978
5840,M080718_144_3,6DC,Positive,short,0.00391980544599758,0.053883504569174075
5840,M080718_144_3,6DC,Positive,medium,0.003127093169931173,0.15699308553320077
5840,M080718_144_3,6DC,Positive,long,0.0027990973366130364,0.6434057098278736
5842,M080718_146_4,6DC,Negative,short,-0.001411022180283343,-0.6759940900303503
5842,M080718_146_4,6DC,Negative,medium,-0.0006701374480114395,-0.8645895445803041
5842,M080718_146_4,6DC,Negative,long,-0.0002781126292732243,-1.2860760443817558
5858,M080818_037_3,12o,Negative,short,-0.002093881785507134,-0.25185843084271714
5858,M080818_037_3,12o,Negative,medium,-8.412307709371927e-05,-0.6030476587683508
5858,M080818_037_3,12o,Negative,long,-0.00024946098746883274,-0.6413640713632206
5866,M080818_064_3,13m,Negative,short,-0.0015520802770150398,-0.7377007813340118
5866,M080818_064_3,13m,Negative,medium,-0.0030147013036840166,-1.269645679438372
5866,M080818_064_3,13m,Negative,long,-0.0013509635442896682,-1.5636769408195863
5884,M080818_100_3,cd,Positive,short,0.006390560366190796,0.9906415976840371
5884,M080818_100_3,cd,Positive,medium,0.003822936459836802,0.5143475250795038
5884,M080818_100_3,cd,Positive,long,0.004435388441236212,0.8023595775689887
5893,M080818_135_5,24c,Negative,short,-0.002803818464719897,0.3832519148014586
5893,M080818_135_5,24c,Negative,medium,-0.0028886432228126878,-0.7812645480295523
5893,M080818_135_5,24c,Negative,long,-0.00030603143082677856,-1.0830552456977958
5897,M080818_140_3,pu,Positive,short,0.002864923629301161,0.374165740428948
5897,M080818_140_3,pu,Positive,medium,0.003189460850407783,0.414733671119511
5897,M080818_140_3,pu,Positive,long,0.003291768320723683,1.5324630909467647
5899,M080818_144_1,6DC,Positive,short,0.0029621635879392844,-0.663272476786075
5899,M080818_144_1,6DC,Positive,medium,0.0020526822725772287,0.5595058329059118
5899,M080818_144_1,6DC,Positive,long,0.003224281671151828,0.8905461010683526
5900,M080818_144_3,6DC,Positive,short,0.0015286161661700458,-0.640940785866708
5900,M080818_144_3,6DC,Positive,medium,0.0007902134209002278,-0.5871715432593906
5900,M080818_144_3,6DC,Positive,long,0.0008010916797382424,-0.44039816804130066
5909,M080818_152_7,6DC,Positive,short,0.0011210648699442678,0.6754008275940984
5909,M080818_152_7,6DC,Positive,medium,0.00011976373926715391,1.2780699002960954
5909,M080818_152_7,6DC,Positive,long,0.002255521346377611,1.1924501532524476
5910,M080918_003_3,12r,Positive,short,0.0024060589380797766,-0.9068529012722634
5910,M080918_003_3,12r,Positive,medium,0.0015518084322984846,-0.5088012761293983
5910,M080918_003_3,12r,Positive,long,0.0012455730765412016,-0.7304883255389288
5923,M080918_019_1,12m,Negative,short,-0.00262083124817502,-0.40989894535423127
5923,M080918_019_1,12m,Negative,medium,-0.0009066763328108285,-0.767136707499053
5923,M080918_019_1,12m,Negative,long,-0.002943463724427194,-1.0723289556866402
5924,M080918_019_4,12m,Positive,short,0.0012408945188296257,-0.4635115127643251
5924,M080918_019_4,12m,Positive,medium,0.0034562858506768258,-0.2468732697812696
5924,M080918_019_4,12m,Positive,long,0.0019561441631406364,-0.438060948096786
5929,M080918_036_1,12l,Positive,short,0.003799701564751381,0.7716907281740921
5929,M080918_036_1,12l,Positive,medium,0.003171265471847887,0.9757802260794775
5929,M080918_036_1,12l,Positive,long,0.0030947781203921956,1.312632947912232
5939,M080918_064_3,13m,Positive,short,0.003043071172781504,0.3162891254297375
5939,M080918_064_3,13m,Positive,medium,0.002711984785006722,0.5560115239871185
5939,M080918_064_3,13m,Positive,long,0.003037421169755686,0.6702530151760433
5947,M080918_077_1,AI,Positive,short,0.0009323091981232421,-0.8544340715332952
5947,M080918_077_1,AI,Positive,medium,0.0014510735022426713,-0.6104375505246556
5947,M080918_077_1,AI,Positive,long,0.000701173809645757,-0.18447465367697716
5964,M080918_135_4,24c,Negative,short,-0.002672930536929605,0.1539767468596085
5964,M080918_135_4,24c,Negative,medium,-0.00359391473865544,-0.4737879026750143
5964,M080918_135_4,24c,Negative,long,-0.0014554237441872506,-1.410632875120382
5976,M080918_152_1,6DC,Negative,short,-0.002621571292271465,0.32368421137136116
5976,M080918_152_1,6DC,Negative,medium,-0.002883331046469945,0.39221031450009447
5976,M080918_152_1,6DC,Negative,long,-0.0014960583542833034,0.18911993142547467
5986,M081018_018_4,12m,Positive,short,0.004643501391186583,-0.1209778121638479
5986,M081018_018_4,12m,Positive,medium,0.004354026592746063,-0.0867355797151584
5986,M081018_018_4,12m,Positive,long,0.0041869242181390804,-0.17013914943959396
5995,M081018_036_1,12l,Positive,short,0.005142747890000312,0.9295746587881641
5995,M081018_036_1,12l,Positive,medium,0.003118721006169903,0.9963494166855804
5995,M081018_036_1,12l,Positive,long,0.0037333357161304236,1.08530108447182
5997,M081018_037_3,12o,Negative,short,-0.0013774117849458967,-0.4955671590430578
5997,M081018_037_3,12o,Negative,medium,-0.0004783781435232504,-0.7481717314577341
5997,M081018_037_3,12o,Negative,long,-1.4670030838656612e-05,-0.7678006762474429
6002,M081018_064_2,13m,Positive,short,0.0024910091626010357,0.45534924073327115
6002,M081018_064_2,13m,Positive,medium,0.0008649684900064537,1.1533011365650894
6002,M081018_064_2,13m,Positive,long,0.0015916458490488575,1.178645347001747
6003,M081018_064_4,13m,Negative,short,-0.0020322593507064936,-0.9640292847860673
6003,M081018_064_4,13m,Negative,medium,-0.0038607248768637915,-0.8720156173159782
6003,M081018_064_4,13m,Negative,long,-0.002297890866277176,-1.3423998021891035
6010,M081018_077_3,AI,Positive,short,0.0014642697007261004,-0.5331252750920475
6010,M081018_077_3,AI,Positive,medium,0.0015536010987208548,-0.24158573507396397
6010,M081018_077_3,AI,Positive,long,0.000980680066368933,-0.08866658769442856
6029,M081018_135_7,24c,Negative,short,-0.0042660270158640665,-0.42097705474957053
6029,M081018_135_7,24c,Negative,medium,-0.0022522719404333177,-0.4876528179471361
6029,M081018_135_7,24c,Negative,long,-0.0007814082621621308,-1.0405312002002698
6040,M081318_012_2,12r,Negative,short,-0.004521522667374352,-0.639657255105658
6040,M081318_012_2,12r,Negative,medium,-0.0026112708034978626,-0.48425387078799315
6040,M081318_012_2,12r,Negative,long,-0.0025924900089903174,-0.9453352523141288
6046,M081318_036_5,12l,Positive,short,0.0028243083719379177,0.9991416835695653
6046,M081318_036_5,12l,Positive,medium,0.0025482630347337834,1.2082053056969222
6046,M081318_036_5,12l,Positive,long,0.0026159276822078333,1.0311620166515947
6052,M081318_064_3,13m,Negative,short,-0.0033896505058425533,0.09694842563360191
6052,M081318_064_3,13m,Negative,medium,-0.002489755620219318,-0.8606693288470199
6052,M081318_064_3,13m,Negative,long,-0.002133156406707416,-0.9270821911423853
6057,M081318_077_3,AI,Positive,short,0.0001526632015570981,-0.8781995052307497
6057,M081318_077_3,AI,Positive,medium,0.0006092626032593065,-0.45913405679228303
6057,M081318_077_3,AI,Positive,long,0.0005046621309158615,-0.20430249561079755
6058,M081318_078_3,44,Positive,short,0.0027028891534850615,-0.10901341458376552
6058,M081318_078_3,44,Positive,medium,0.001114088025301744,0.292552833544207
6058,M081318_078_3,44,Positive,long,0.0009198609381947972,0.23996771046986334
6067,M081318_113_3,24c,Negative,short,-0.0034144894850494257,-0.010775824857661856
6067,M081318_113_3,24c,Negative,medium,-0.0004417572432236853,-0.473524447313561
6067,M081318_113_3,24c,Negative,long,-0.0002859005080742294,-0.7708175097051357
6077,M081318_146_3,6DC,Negative,short,-0.0014753965891927563,0.8521627467164394
6077,M081318_146_3,6DC,Negative,medium,-0.002868468403782756,-0.35172860334784617
6077,M081318_146_3,6DC,Negative,long,-0.0034530086034149994,-1.2488046983743517
6082,M081318_156_3,cd,Positive,short,0.003821253884161372,-0.03585705511851512
6082,M081318_156_3,cd,Positive,medium,0.003763201558660953,0.2665161291066055
6082,M081318_156_3,cd,Positive,long,0.004720292869409814,0.2675441930972399
6085,M081418_008_3,46v,Positive,short,0.002964051287962352,0.4833845261590146
6085,M081418_008_3,46v,Positive,medium,0.0007332573164519644,0.6982720324183859
6085,M081418_008_3,46v,Positive,long,0.0007522431371172466,1.1200051464375957
6086,M081418_008_5,46v,Positive,short,0.0036163458860591913,-0.24241798115447133
6086,M081418_008_5,46v,Positive,medium,0.002803731500935384,0.7615243310833035
6086,M081418_008_5,46v,Positive,long,0.0010763997959254137,1.2992983767871253
6092,M081418_012_1,12r,Negative,short,-0.003250562546656675,-0.2573754153582043
6092,M081418_012_1,12r,Negative,medium,-0.0009689343260220167,-0.014191203154840456
6092,M081418_012_1,12r,Negative,long,-0.00024023244036089372,-0.9186752657227826
6095,M081418_018_3,12m,Positive,short,0.0032671969554505546,-0.17892424056861245
6095,M081418_018_3,12m,Positive,medium,0.003349548350459618,-0.22376232209558072
6095,M081418_018_3,12m,Positive,long,0.0038216908670078305,-0.2527721166880352
6100,M081418_026_2,12l,Positive,short,0.0026124653325027662,-0.6620338528700631
6100,M081418_026_2,12l,Positive,medium,0.0028396620326323744,-0.617259319354042
6100,M081418_026_2,12l,Positive,long,0.001874299376743425,-0.07285410136457733
6103,M081418_036_2,12l,Positive,short,0.003018152970043507,0.9663819252341341
6103,M081418_036_2,12l,Positive,medium,0.0030172786607907754,0.7446378451691067
6103,M081418_036_2,12l,Positive,long,0.002789253569881707,1.0148679589273133
6118,M081418_078_1,44,Positive,short,0.0025477142710246,-0.5802858296143334
6118,M081418_078_1,44,Positive,medium,0.0022769138252677853,-0.010810541471845304
6118,M081418_078_1,44,Positive,long,0.002195853435417448,1.1034390134690406
6129,M081418_101_3,45,Positive,short,0.003685902969812552,0.5764897562216305
6129,M081418_101_3,45,Positive,medium,0.002857788924429031,1.0273579680260128
6129,M081418_101_3,45,Positive,long,0.002716792542159345,1.4336207886887002
6137,M081418_152_3,6DC,Positive,short,0.0024985038589151994,-0.3220002437266095
6137,M081418_152_3,6DC,Positive,medium,0.002720866795270027,-0.35292238551800215
6137,M081418_152_3,6DC,Positive,long,0.0011523402250871652,0.26401723332854393
6141,M081418_156_3,cd,Positive,short,0.00247308835654774,-0.06639404891340833
6141,M081418_156_3,cd,Positive,medium,0.004264409884516392,0.093884616723885
6141,M081418_156_3,cd,Positive,long,0.00485450256250296,0.355753611339649
6148,M081518_012_2,12r,Negative,short,-0.002641524605112727,-0.2775456473803126
6148,M081518_012_2,12r,Negative,medium,-0.0027552263278858295,-0.47519775645802736
6148,M081518_012_2,12r,Negative,long,-0.004167748438867224,-0.7177541694683666
6152,M081518_026_2,12l,Negative,short,-0.0038953021874778434,-0.6898346752720186
6152,M081518_026_2,12l,Negative,medium,-0.0010112227429048804,-1.486749707016096
6152,M081518_026_2,12l,Negative,long,0.0011597587630043074,-0.9014274744989471
6154,M081518_036_3,12l,Negative,short,-0.0034282979805023693,0.6755043067124838
6154,M081518_036_3,12l,Negative,medium,-0.0031976166353433915,-0.7519794636399806
6154,M081518_036_3,12l,Negative,long,-0.0003994336702222092,-1.7229391411814634
6167,M081518_077_3,AI,Positive,short,0.0003960530331026469,-0.8969888347952616
6167,M081518_077_3,AI,Positive,medium,0.0003567574031379982,-0.5919323663743284
6167,M081518_077_3,AI,Positive,long,0.0006497833223235408,0.00987535989560503
6179,M081518_109_3,8B,Positive,short,0.0011929329204774632,0.38160911874191683
6179,M081518_109_3,8B,Positive,medium,0.002067770007577963,0.8677884513471964
6179,M081518_109_3,8B,Positive,long,0.0008850450073156183,1.1557205531144896
6198,M081618_012_3,12r,Negative,short,-0.0032383143820270592,-0.3768665652525318
6198,M081618_012_3,12r,Negative,medium,-0.0021229219924054016,-0.6945394139338638
6198,M081618_012_3,12r,Negative,long,-0.0012669981797943106,-0.7198023603866481
6199,M081618_013_1,11ml,Positive,short,0.003860969345696898,1.082359874586942
6199,M081618_013_1,11ml,Positive,medium,0.0030581161436355393,0.9379945068830119
6199,M081618_013_1,11ml,Positive,long,0.005127447908652375,-0.027005401446163257
6205,M081618_028_3,12o,Positive,short,0.001249638292329638,1.3072317369567377
6205,M081618_028_3,12o,Positive,medium,0.0004993445157952689,1.1449104950650162
6205,M081618_028_3,12o,Positive,long,0.0013968823928053968,1.2359111924933117
6216,M081618_083_2,13l,Negative,short,-0.0021274568065001442,-0.2995669362146854
6216,M081618_083_2,13l,Negative,medium,-0.0004973931002053526,-0.5397609983773874
6216,M081618_083_2,13l,Negative,long,-0.0018941398914283068,-0.6646550487755595
6231,M081618_152_3,6DC,Positive,short,0.0007843563188841226,0.016794392587648033
6231,M081618_152_3,6DC,Positive,medium,0.0012683849643866337,-0.3475193665331902
6231,M081618_152_3,6DC,Positive,long,0.0014460040336407671,-0.06442270015161826
6232,M081618_156_3,cd,Positive,short,0.0024618590050398846,0.11946531533966377
6232,M081618_156_3,cd,Positive,medium,0.003631464811424184,0.3261735946404517
6232,M081618_156_3,cd,Positive,long,0.004835192270267546,0.7478191866957211
6240,M081718_012_1,12r,Negative,short,-0.0030165028831490477,0.09454270467369781
6240,M081718_012_1,12r,Negative,medium,-0.000500783496384107,-0.5204041380553
6240,M081718_012_1,12r,Negative,long,-0.0020299312525324806,-0.6560996772598214
6241,M081718_013_2,11ml,Positive,short,0.004179365188715642,0.944576923042759
6241,M081718_013_2,11ml,Positive,medium,0.002087997219175181,0.8003519646290337
6241,M081718_013_2,11ml,Positive,long,0.0031063316905315524,0.10349294061605166
6246,M081718_032_3,11ml,Negative,short,-0.0017583588529474345,-0.41991548782629823
6246,M081718_032_3,11ml,Negative,medium,-0.0010953123892002974,-0.4921176062087945
6246,M081718_032_3,11ml,Negative,long,-0.0009426840523338477,-0.9268831915149276
6254,M081718_066_4,12l,Positive,short,0.0013140469748894631,0.12493731298277809
6254,M081718_066_4,12l,Positive,medium,0.002871927917407304,1.080306422267537
6254,M081718_066_4,12l,Positive,long,0.003960259277763477,2.6185442605946903
6255,M081718_067_3,12o,Negative,short,-0.0019205380113463486,0.46611264177571715
6255,M081718_067_3,12o,Negative,medium,0.0005955914273799986,0.34590413304105455
6255,M081718_067_3,12o,Negative,long,-0.003181794794152317,-0.3995576895236467
6257,M081718_078_4,6VaVb,Positive,short,0.000860227702250473,-0.5937782248324047
6257,M081718_078_4,6VaVb,Positive,medium,0.0020006942325635413,0.3683297217973878
6257,M081718_078_4,6VaVb,Positive,long,0.0037225545723006855,1.8841167541589594
6269,M081718_139_3,pu,Negative,short,-0.001608383169237696,0.20757012757276666
6269,M081718_139_3,pu,Negative,medium,-0.001504722247796664,-0.3757190034936295
6269,M081718_139_3,pu,Negative,long,-0.0005652926114434667,-0.48534770223146273
6281,M082018_013_2,11ml,Positive,short,0.003967842740618906,0.6275497346131685
6281,M082018_013_2,11ml,Positive,medium,0.002812106522086253,0.3499896653493775
6281,M082018_013_2,11ml,Positive,long,0.004428065024655654,-0.044010149668313306
6289,M082018_036_2,12l,Negative,short,-0.0017797257131686424,-0.6042577586208041
6289,M082018_036_2,12l,Negative,medium,-0.0006553187366366198,-0.9552241441810786
6289,M082018_036_2,12l,Negative,long,-0.0004182088021155916,-1.1195784142727463
6290,M082018_039_2,13l,Negative,short,-0.0024345750213317333,-0.11023543282766855
6290,M082018_039_2,13l,Negative,medium,-0.0015132681786681724,-0.5174823758779667
6290,M082018_039_2,13l,Negative,long,-0.0019687481984360113,-0.9245917252613581
6295,M082018_064_2,13m,Positive,short,0.0028779995002368476,0.7484260648659457
6295,M082018_064_2,13m,Positive,medium,0.00346049615938296,1.1316723750281255
6295,M082018_064_2,13m,Positive,long,0.003792366076163256,1.4183827276634495
6302,M082018_078_4,6VaVb,Negative,short,-0.0014983608433502878,-0.6023826039521746
6302,M082018_078_4,6VaVb,Negative,medium,-0.0006080224477651896,-0.9388206534695109
6302,M082018_078_4,6VaVb,Negative,long,-3.1445368254309117e-06,-1.0392207855392812
6324,M082118_005_4,11ml,Negative,short,-0.0014102261286477818,0.27141991916610225
6324,M082118_005_4,11ml,Negative,medium,-0.0015573297483480045,0.12489003167472572
6324,M082118_005_4,11ml,Negative,long,-0.000863083984824816,-0.38312727580514866
6325,M082118_007_3,11ml,Negative,short,-0.0018109676065343797,-0.6680737342934854
6325,M082118_007_3,11ml,Negative,medium,-0.002069317365463887,-1.0621515115019486
6325,M082118_007_3,11ml,Negative,long,-0.000817618614222972,-1.239495090755964
6330,M082118_018_4,12m,Positive,short,0.003570214311750709,-0.04502985357134889
6330,M082118_018_4,12m,Positive,medium,0.004393019244727178,-0.018875207478481155
6330,M082118_018_4,12m,Positive,long,0.005558433489082547,0.19692364560375097
6336,M082118_036_1,12l,Negative,short,-0.0010253203607165126,-0.7092785130622185
6336,M082118_036_1,12l,Negative,medium,-0.000547545499585122,-0.9352385221225846
6336,M082118_036_1,12l,Negative,long,-0.0003619999422589386,-1.0550175979609497
6337,M082118_039_1,13l,Negative,short,-0.0021780388689134635,-0.17671217182213395
6337,M082118_039_1,13l,Negative,medium,-0.0014832927706678418,-0.5141287923584414
6337,M082118_039_1,13l,Negative,long,-0.0013170845970452876,-0.7287349880683839
6344,M082118_069_3,12o,Negative,short,-0.0011074427843565313,0.33209976395117036
6344,M082118_069_3,12o,Negative,medium,-0.0018499649007655621,-0.5643202066806493
6344,M082118_069_3,12o,Negative,long,0.00013183272144274435,-0.5865254380713881
6349,M082118_091_2,AI,Negative,short,-0.003982958020790627,0.9133933053253925
6349,M082118_091_2,AI,Negative,medium,-0.0036503814464863963,0.23800422639211022
6349,M082118_091_2,AI,Negative,long,-0.0020193406991138576,0.21153474975303327
6353,M082118_101_6,44,Positive,short,0.0018758494805997535,-0.7424247864472638
6353,M082118_101_6,44,Positive,medium,0.0017378399168803873,-0.17605632469312757
6353,M082118_101_6,44,Positive,long,0.0015672717997789302,0.6417524300545869
6364,M082218_005_2,11ml,Negative,short,-0.0018744660526051856,-0.12645596249078725
6364,M082218_005_2,11ml,Negative,medium,-0.0010291809007710007,-0.3720285584824702
6364,M082218_005_2,11ml,Negative,long,-0.0005811786832401193,-0.579348386648094
6371,M082218_017_3,12l,Positive,short,0.002705407758927181,0.6820784438521169
6371,M082218_017_3,12l,Positive,medium,0.0027587412334356466,1.4388059767926988
6371,M082218_017_3,12l,Positive,long,0.0027269258252807372,2.1156107203139243
6372,M082218_018_3,12m,Positive,short,0.004937345740533311,0.2918067816149028
6372,M082218_018_3,12m,Positive,medium,0.003925859332447325,-0.02727751986366912
6372,M082218_018_3,12m,Positive,long,0.004359082564378355,0.06122739138717015
6374,M082218_024_3,11ml,Negative,short,-0.0028744568392198365,-0.5099489023806698
6374,M082218_024_3,11ml,Negative,medium,-0.00022044162438736504,-0.7184860188135886
6374,M082218_024_3,11ml,Negative,long,0.0006718711294857161,-0.6807445136213461
6377,M082218_026_3,12l,Positive,short,0.004125232729086984,0.05081653485935454
6377,M082218_026_3,12l,Positive,medium,0.0036140865204826577,0.17332651093253515
6377,M082218_026_3,12l,Positive,long,0.0019133129767507737,0.4104024369041331
6381,M082218_039_5,13l,Positive,short,0.0027091786167441232,-0.48698715947538584
6381,M082218_039_5,13l,Positive,medium,0.003159594948024206,-0.15302060765021336
6381,M082218_039_5,13l,Positive,long,0.0024732062307996575,-0.012590074734185077
6400,M082218_113_3,24c,Positive,short,-2.689995452714722e-05,-0.41281616706941543
6400,M082218_113_3,24c,Positive,medium,0.00565393490097377,0.3123004887111256
6400,M082218_113_3,24c,Positive,long,0.002639166843894641,1.1031895009506363
6409,M082318_007_4,11ml,Negative,short,-0.0019727496155967006,-0.8072092399003445
6409,M082318_007_4,11ml,Negative,medium,-0.0006928547879704479,-1.257996882654466
6409,M082318_007_4,11ml,Negative,long,-0.001115289961210799,-1.364364053266814
6419,M082318_024_3,11ml,Negative,short,-0.002436527973590619,0.9727657707454559
6419,M082318_024_3,11ml,Negative,medium,-0.0033708511554310814,0.3250610221490363
6419,M082318_024_3,11ml,Negative,long,-0.0014623525558498968,-0.4442866541332036
6420,M082318_024_4,11ml,Positive,short,0.004042995955415486,0.34872263669425285
6420,M082318_024_4,11ml,Positive,medium,0.003794916670436198,0.6048052697033275
6420,M082318_024_4,11ml,Positive,long,0.0028953792561789856,1.1229706456264505
6421,M082318_024_6,11ml,Negative,short,-0.0029549120775805254,1.2585884011823207
6421,M082318_024_6,11ml,Negative,medium,-0.0007123402178184303,0.6755511874701834
6421,M082318_024_6,11ml,Negative,long,-0.0010614471547655204,-0.0882476150761738
6422,M082318_026_3,12l,Positive,short,0.0015814464280854308,-0.7586596223034473
6422,M082318_026_3,12l,Positive,medium,0.0011209439600197903,-0.7070783247393301
6422,M082318_026_3,12l,Positive,long,0.0015227035564825359,-0.6058788863227652
6424,M082318_032_2,11ml,Negative,short,-0.002155565352451759,-0.00021024907457978524
6424,M082318_032_2,11ml,Negative,medium,-0.0013476403363982077,0.41583500579080873
6424,M082318_032_2,11ml,Negative,long,-0.00015959192936050568,-0.22416402187009346
6425,M082318_036_2,12l,Negative,short,-0.00148723658851044,-0.49241511243319575
6425,M082318_036_2,12l,Negative,medium,-0.000814830610579731,-0.8920121749308264
6425,M082318_036_2,12l,Negative,long,-0.0004990205889461808,-1.1619107995969484
6427,M082318_039_3,13l,Positive,short,0.003063864777762945,-0.18570808964950372
6427,M082318_039_3,13l,Positive,medium,0.0026642333407571176,0.15148904403910263
6427,M082318_039_3,13l,Positive,long,0.003386648543764526,0.6875672262393833
6450,M082318_130_3,AMG,Negative,short,-0.0021227869719460204,-0.19657336254627406
6450,M082318_130_3,AMG,Negative,medium,-0.0014909319836346297,-0.8291240395503909
6450,M082318_130_3,AMG,Negative,long,-0.00011597637569373573,-0.9884858766133694
6456,M082418_005_3,11ml,Negative,short,-0.0019608697818652514,0.0828018674432929
6456,M082418_005_3,11ml,Negative,medium,-0.001161388021202465,-0.3074299061572765
6456,M082418_005_3,11ml,Negative,long,-0.0006718895831538846,-0.6322846557455333
6457,M082418_005_4,11ml,Positive,short,0.0025875102625022204,0.6308953476486303
6457,M082418_005_4,11ml,Positive,medium,0.0022240061744883788,0.8879306033575604
6457,M082418_005_4,11ml,Positive,long,0.0029218611034341198,1.5853248980398384
6466,M082418_017_2,12l,Positive,short,0.003623737955054185,1.0786150957449199
6466,M082418_017_2,12l,Positive,medium,0.0038301283006134308,1.558706867615514
6466,M082418_017_2,12l,Positive,long,0.0018983641329211299,1.9426891585554735
6467,M082418_018_2,12m,Positive,short,0.002933909165240049,-0.32729195625124735
6467,M082418_018_2,12m,Positive,medium,0.004742788829340447,-0.3776355174946569
6467,M082418_018_2,12m,Positive,long,0.005237470039210759,0.14429502947369865
6469,M082418_018_6,12m,Positive,short,0.0033404211261352863,-0.27955190216081865
6469,M082418_018_6,12m,Positive,medium,0.0015489071965388865,-0.3667621459008447
6469,M082418_018_6,12m,Positive,long,0.0033931924483646776,0.6536060650352569
6475,M082418_032_2,11ml,Positive,short,0.0026043018016276825,0.10305279055796254
6475,M082418_032_2,11ml,Positive,medium,0.003890000072339712,0.037228228001329994
6475,M082418_032_2,11ml,Positive,long,0.0030406788682183217,0.7496915069858977
6477,M082418_036_2,12l,Negative,short,-0.0016855269360311492,-0.3304097325962358
6477,M082418_036_2,12l,Negative,medium,-0.0002873478503379613,-0.9884689206291554
6477,M082418_036_2,12l,Negative,long,2.164538558729274e-05,-1.1915270006795493
6480,M082418_039_3,13l,Positive,short,0.003140219041283143,-0.15381817485321275
6480,M082418_039_3,13l,Positive,medium,0.0028571896911432698,0.3377037812202561
6480,M082418_039_3,13l,Positive,long,0.0022022769909120694,0.6512485175844268
6503,M082418_113_3,24c,Negative,short,0.0005660388098402681,-0.35276438667915044
6503,M082418_113_3,24c,Negative,medium,-0.005954422377948159,0.25164366401607996
6503,M082418_113_3,24c,Negative,long,-0.002317401619806539,-0.5561595928386044
6513,M082418_156_2,cd,Positive,short,0.003874853398168902,-0.0283046862600176
6513,M082418_156_2,cd,Positive,medium,0.0032847552714400556,0.3103983151965066
6513,M082418_156_2,cd,Positive,long,0.001803604349815724,0.5525887495033852
6516,M082718_005_2,11ml,Negative,short,-0.0014533284126073784,0.2079108987482398
6516,M082718_005_2,11ml,Negative,medium,-0.0015505017562552287,-0.0988563908869943
6516,M082718_005_2,11ml,Negative,long,-0.0012225875692518755,-0.38312573858653776
6532,M082718_025_4,11ml,Negative,short,-0.002080750381836673,0.17225299554856838
6532,M082718_025_4,11ml,Negative,medium,-0.0013349614873850125,-0.2309357325450367
6532,M082718_025_4,11ml,Negative,long,-0.0011505112884990947,-0.7366274660716636
6535,M082718_032_3,11ml,Positive,short,0.0013175622190222669,-0.6209705685266912
6535,M082718_032_3,11ml,Positive,medium,0.0033727898622564235,0.02895519875956369
6535,M082718_032_3,11ml,Positive,long,0.003008382940245747,1.0551147381957766
6539,M082718_039_2,13l,Positive,short,0.0033275784829785915,-0.3332890837272
6539,M082718_039_2,13l,Positive,medium,0.003315783593757034,0.2426159010034755
6539,M082718_039_2,13l,Positive,long,0.004134655673736644,0.7669526015665429
6555,M082718_113_2,24c,Negative,short,-0.003309771990005232,-0.38366879267403436
6555,M082718_113_2,24c,Negative,medium,-0.004086484582093848,-0.6778170364953813
6555,M082718_113_2,24c,Negative,long,6.798175537612829e-05,-1.2861961150129702
6569,M082818_005_3,11ml,Negative,short,-0.0018309094328059525,0.11506613237732369
6569,M082818_005_3,11ml,Negative,medium,-0.0014004072461535654,-0.2119207012570911
6569,M082818_005_3,11ml,Negative,long,-0.0008005589331815345,-0.6003954638657276
6586,M082818_032_4,11ml,Positive,short,0.0019014395487325659,0.16274319167459364
6586,M082818_032_4,11ml,Positive,medium,0.003338033119243256,0.45246824261789736
6586,M082818_032_4,11ml,Positive,long,0.003235095596116318,0.4203750039224192
6588,M082818_036_2,12l,Negative,short,-0.0013191855224172263,-0.6991159719803964
6588,M082818_036_2,12l,Negative,medium,-0.0006172106622935915,-0.982098152554174
6588,M082818_036_2,12l,Negative,long,-0.0001070474662398336,-1.1343344838766012
6591,M082818_039_4,13l,Positive,short,0.0030169729640186207,-0.3385893306625192
6591,M082818_039_4,13l,Positive,medium,0.003742887084332214,0.26030635169882343
6591,M082818_039_4,13l,Positive,long,0.0031553606249755234,0.525463261176288
6609,M082818_101_3,44,Negative,short,-0.0006122276946486221,0.8303670145558835
6609,M082818_101_3,44,Negative,medium,-0.0010433019200179856,0.25549895944695195
6609,M082818_101_3,44,Negative,long,-0.0010597818304319022,-0.6860704049010902
6616,M082818_147_3,24c,Negative,short,-0.002670253498748737,-0.20931157760768385
6616,M082818_147_3,24c,Negative,medium,-0.003823281495977569,-0.9369620659424243
6616,M082818_147_3,24c,Negative,long,-0.004407213377547867,-0.8817904837655768
6618,M082818_147_5,24c,Positive,short,0.0009787216247107288,-0.6086618516632137
6618,M082818_147_5,24c,Positive,medium,0.0023979793455863774,1.1875412048866505
6618,M082818_147_5,24c,Positive,long,0.0045898427168460775,1.0669572885936984
6622,M082918_005_2,11ml,Negative,short,-0.0013097709226690783,0.21985701983949532
6622,M082918_005_2,11ml,Negative,medium,-0.001507809042852976,-0.2526102130149821
6622,M082918_005_2,11ml,Negative,long,-0.0006160755413558383,-0.5538800060996993
6633,M082918_013_2,11ml,Positive,short,0.0033551388378907157,0.8528215868855976
6633,M082918_013_2,11ml,Positive,medium,0.0031803324173845004,0.9767516953824166
6633,M082918_013_2,11ml,Positive,long,0.003287839733705045,0.9517614321106
6637,M082918_018_1,12m,Positive,short,0.0018158908466096634,-0.5910189296574117
6637,M082918_018_1,12m,Positive,medium,0.003586292037948046,-0.20837400858674993
6637,M082918_018_1,12m,Positive,long,0.0037167064233878354,-0.2843067928332798
6643,M082918_025_4,11ml,Negative,short,-0.0014767784039471047,1.2849575585736808
6643,M082918_025_4,11ml,Negative,medium,-0.004595494155556954,-0.051495357534946745
6643,M082918_025_4,11ml,Negative,long,-0.0030111966023151707,-0.8497467578507684
6646,M082918_039_4,13l,Positive,short,0.0031954122197692786,-0.20242038526039216
6646,M082918_039_4,13l,Positive,medium,0.0033129944501542464,0.014969120108555016
6646,M082918_039_4,13l,Positive,long,0.0031549091290885775,0.3139873252958431
6680,M083018_005_3,11ml,Negative,short,-0.0017117834108590368,0.4874092354220315
6680,M083018_005_3,11ml,Negative,medium,-0.0009685451563862371,0.059374109989272776
6680,M083018_005_3,11ml,Negative,long,-0.0005215419761903827,-0.08307036903966528
6688,M083018_012_2,11ml,Negative,short,-0.003782001318824479,-0.3779488552257902
6688,M083018_012_2,11ml,Negative,medium,-0.0013965600398092445,-0.8564144185993715
6688,M083018_012_2,11ml,Negative,long,-0.000558923486060449,-0.9246969651709778
6689,M083018_012_3,11ml,Negative,short,-0.002484315180019172,-0.08975741842268856
6689,M083018_012_3,11ml,Negative,medium,-0.00043665000459614585,-0.7892368189407862
6689,M083018_012_3,11ml,Negative,long,0.00044917105343910476,-1.0898529292144712
6692,M083018_013_5,11ml,Positive,short,0.0017627957042558172,0.6297509896006441
6692,M083018_013_5,11ml,Positive,medium,0.0027280047947953554,0.9979549132894954
6692,M083018_013_5,11ml,Positive,long,0.003373413082263714,1.561792778096064
6693,M083018_018_2,12m,Positive,short,0.002259913594085796,0.008691356800180456
6693,M083018_018_2,12m,Positive,medium,0.0036111516299242733,-0.3188655201975022
6693,M083018_018_2,12m,Positive,long,0.0032335141178169453,0.6717634210463755
6703,M083018_037_2,12o,Positive,short,0.0031834345618346627,0.8502734895429873
6703,M083018_037_2,12o,Positive,medium,0.003119189223896261,0.8733928671444514
6703,M083018_037_2,12o,Positive,long,0.003350455023094587,1.1635907609728529
6704,M083018_039_3,13l,Positive,short,0.002646482555492955,-0.4973184737962541
6704,M083018_039_3,13l,Positive,medium,0.0032554241266618523,-0.102090189701408
6704,M083018_039_3,13l,Positive,long,0.0030468882078106708,0.28330664223752694
6716,M083018_051_2,13m,Negative,short,-4.564856177447128e-05,0.906938777811912
6716,M083018_051_2,13m,Negative,medium,-0.0023054178671570507,0.055226165320904005
6716,M083018_051_2,13m,Negative,long,-0.0028330471808303372,-0.7291442299557667
6725,M083018_078_3,AI,Positive,short,0.002175994830781028,-0.1458581383384128
6725,M083018_078_3,AI,Positive,medium,0.003226178210830739,0.06115560329359601
6725,M083018_078_3,AI,Positive,long,0.003162498703413324,0.29492863045211964
6736,M083018_133_2,cd,Negative,short,-0.002470056628567597,0.09330137528652657
6736,M083018_133_2,cd,Negative,medium,-0.0014155347643142874,-0.4840028945801349
6736,M083018_133_2,cd,Negative,long,-0.0007671343554842917,-0.902821979387826
6741,M083118_005_2,11ml,Negative,short,-0.0010315503905644048,0.04376005094641542
6741,M083118_005_2,11ml,Negative,medium,-0.002158850666959002,-0.07869302358605376
6741,M083118_005_2,11ml,Negative,long,-0.0013317175141171194,-0.2925359528502465
6762,M083118_022_3,11ml,Negative,short,-0.0017502031325001546,-0.6816251835105522
6762,M083118_022_3,11ml,Negative,medium,-0.0006014219339376617,-0.86858355597331
6762,M083118_022_3,11ml,Negative,long,-8.82796674004527e-05,-1.127281727092635
6774,M083118_037_3,12o,Positive,short,0.0030034661553399165,0.871500660694776
6774,M083118_037_3,12o,Positive,medium,0.0029345871018356643,0.765488280947266
6774,M083118_037_3,12o,Positive,long,0.004000867311463392,0.9568921053059982
6775,M083118_039_3,13l,Positive,short,0.0033055490744834707,-0.3302882414972859
6775,M083118_039_3,13l,Positive,medium,0.003322138903143075,0.00046508518758907097
6775,M083118_039_3,13l,Positive,long,0.004077534914101579,0.22237789983123724
6782,M083118_049_1,13l,Positive,short,0.002109207040049347,0.28341141861345326
6782,M083118_049_1,13l,Positive,medium,0.0007455284567340224,0.5660551461062244
6782,M083118_049_1,13l,Positive,long,0.002699777633816115,0.9159841110288013
6784,M083118_051_1,13m,Negative,short,-0.0018108837543179216,0.4050603763778739
6784,M083118_051_1,13m,Negative,medium,-0.001869367644375468,-0.17022051050299825
6784,M083118_051_1,13m,Negative,long,-0.001245727556603219,-0.636097535734474
6794,M083118_078_2,AI,Positive,short,0.0034955920654559606,-0.1797605979189698
6794,M083118_078_2,AI,Positive,medium,0.0032624653901382862,0.21456957584442246
6794,M083118_078_2,AI,Positive,long,0.0033841498483108,0.31988445777421237
6804,M083118_133_1,cd,Negative,short,-0.002298847293118423,-0.07281237902286848
6804,M083118_133_1,cd,Negative,medium,-0.001467871127102415,-0.4896893706131785
6804,M083118_133_1,cd,Negative,long,-0.0009871848683835093,-0.8747025432681879
6812,M091718_008_2,11ml,Negative,short,-0.003411281166992046,0.6435041780007876
6812,M091718_008_2,11ml,Negative,medium,-0.004056806431488202,0.07343472973260519
6812,M091718_008_2,11ml,Negative,long,-0.001632657819355525,-0.5907345431705335
6821,M091718_036_3,12l,Negative,short,-0.0016754701734688195,-0.06589535817007275
6821,M091718_036_3,12l,Negative,medium,-0.0017284318624313862,-0.4339250603904979
6821,M091718_036_3,12l,Negative,long,-0.001425697564359814,-0.5653461974498486
6824,M091718_049_2,13l,Negative,short,-0.0027832176520427476,0.278157258027399
6824,M091718_049_2,13l,Negative,medium,-0.0009952996122682151,-0.5449154192609666
6824,M091718_049_2,13l,Negative,long,-0.0023893588589275817,-0.4618044617630777
6825,M091718_050_3,13l,Positive,short,0.002941189150656237,-0.4106610559908212
6825,M091718_050_3,13l,Positive,medium,0.0035347311265263156,-0.09572116417783977
6825,M091718_050_3,13l,Positive,long,0.003146978415990527,-0.1699881885528484
6829,M091718_078_2,AI,Negative,short,-0.002289068594034116,1.1375880048063254
6829,M091718_078_2,AI,Negative,medium,-0.0018297818611436316,0.5561504118111971
6829,M091718_078_2,AI,Negative,long,-0.0014199200642283777,-0.19242877801448283
6844,M091718_139_2,pu,Negative,short,-0.0008641280419059313,-0.06786446616481495
6844,M091718_139_2,pu,Negative,medium,-0.00028309048741316143,-0.29595611117138665
6844,M091718_139_2,pu,Negative,long,-0.0020026718512332112,-0.26566016812878157
6849,M091818_005_3,11ml,Positive,short,0.004999702720286779,1.1806642056176262
6849,M091818_005_3,11ml,Positive,medium,0.002954950743565885,0.7770770987548661
6849,M091818_005_3,11ml,Positive,long,0.0012574985912205017,1.6255332691697233
6853,M091818_008_4,11ml,Negative,short,-0.003659423748427804,0.2782099954171816
6853,M091818_008_4,11ml,Negative,medium,-0.003344155144033647,-0.06181947881471716
6853,M091818_008_4,11ml,Negative,long,-0.002195553321766494,-0.2832196584084116
6864,M091818_036_3,12l,Negative,short,-0.002812249590773594,0.29330828447381463
6864,M091818_036_3,12l,Negative,medium,-0.0022022907499149214,-0.38678899957405594
6864,M091818_036_3,12l,Negative,long,-0.001528762123185053,-0.5360553087666631
6885,M091818_139_3,pu,Negative,short,-0.00013726881329388166,-0.01986622149919891
6885,M091818_139_3,pu,Negative,medium,-0.0016332056505118254,-0.2762430985188222
6885,M091818_139_3,pu,Negative,long,-0.0020801187950463913,-0.2716069937592214
6889,M091918_005_3,11ml,Positive,short,0.002291186081514681,0.5847596832095473
6889,M091918_005_3,11ml,Positive,medium,0.0017221591538420084,1.0043862530068275
6889,M091918_005_3,11ml,Positive,long,0.003552486482960119,1.6196791293121218
6893,M091918_008_4,11ml,Negative,short,-0.0034759923865705375,0.2547055362892677
6893,M091918_008_4,11ml,Negative,medium,-0.002693448054399194,-0.20546863321369876
6893,M091918_008_4,11ml,Negative,long,-0.002254561696322241,-0.6003059240417576
6900,M091918_036_4,12l,Positive,short,0.004825953985334826,-0.13225176047453172
6900,M091918_036_4,12l,Positive,medium,0.00429280175638611,0.9722259772303026
6900,M091918_036_4,12l,Positive,long,0.002137125963867562,1.6457012336385033
6904,M091918_067_2,12o,Negative,short,-0.002197416586233442,-0.3454662325969059
6904,M091918_067_2,12o,Negative,medium,-0.0014142548941870193,-0.5691203478159702
6904,M091918_067_2,12o,Negative,long,-2.0155135985046973e-05,-0.4727750796446586
6905,M091918_068_1,12o,Positive,short,0.002006041065337571,0.43050287390976827
6905,M091918_068_1,12o,Positive,medium,0.0019369962052314031,1.3143832418763894
6905,M091918_068_1,12o,Positive,long,0.0011798251304522833,1.7335452678397967
6918,M091918_110_1,pu,Positive,short,0.0009456793735780163,-1.023984359028732
6918,M091918_110_1,pu,Positive,medium,0.0031684363840272078,0.02325240761071084
6918,M091918_110_1,pu,Positive,long,0.0034617920148814338,0.509332164295406
6921,M091918_128_5,pu,Positive,short,0.00314858224373027,-0.006548150634693723
6921,M091918_128_5,pu,Positive,medium,0.0039037876862441745,1.1163748646417322
6921,M091918_128_5,pu,Positive,long,0.0033954447304893895,2.117980000877539
6922,M091918_134_3,cd,Negative,short,-0.0004728741975046931,1.0790993348631803
6922,M091918_134_3,cd,Negative,medium,-0.0043516236662852195,0.20372415046608958
6922,M091918_134_3,cd,Negative,long,-0.001991403502674242,-1.2137519235780057
6984,M092118_036_4,12l,Positive,short,0.006089826626533264,0.36158372626481844
6984,M092118_036_4,12l,Positive,medium,0.0028356039473406256,1.1231214180123836
6984,M092118_036_4,12l,Positive,long,-0.0001706792979556244,1.276058294387308
6992,M092118_067_4,12o,Positive,short,0.0045315480904256624,0.623312909397825
6992,M092118_067_4,12o,Positive,medium,0.0017094005559972604,1.0584556959482676
6992,M092118_067_4,12o,Positive,long,-0.0003360873958015948,1.1255263141209195
6993,M092118_068_3,12o,Negative,short,-0.0050959122827593266,-0.017807834767953442
6993,M092118_068_3,12o,Negative,medium,-0.002671926144682038,-0.8698303164184379
6993,M092118_068_3,12o,Negative,long,-0.003482876903025436,-1.2885500646179648
6998,M092118_078_4,AI,Negative,short,-0.002188644007422221,1.0945007453940672
6998,M092118_078_4,AI,Negative,medium,-0.0027416453099967084,0.256383829560292
6998,M092118_078_4,AI,Negative,long,-0.0010081709429839614,-0.299787496491653
7009,M092518_005_3,11ml,Positive,short,0.004005548879732221,0.4748145844833848
7009,M092518_005_3,11ml,Positive,medium,0.002717530665156544,1.2070648944705218
7009,M092518_005_3,11ml,Positive,long,0.002316956085637923,2.0915177703498804
7013,M092518_008_3,11ml,Negative,short,-0.002832237412904247,0.28110350676895135
7013,M092518_008_3,11ml,Negative,medium,-0.002066031115178484,0.198128987573236
7013,M092518_008_3,11ml,Negative,long,-0.0024577570800987337,-0.2606144855451207
7027,M092518_036_3,12l,Positive,short,0.003955250207742077,0.4780257667264531
7027,M092518_036_3,12l,Positive,medium,0.004381664406950458,1.3370279073227078
7027,M092518_036_3,12l,Positive,long,-0.0009230040570072379,1.9280634592852854
7034,M092518_063_3,13m,Negative,short,-0.005214736718001379,-0.7268427419190016
7034,M092518_063_3,13m,Negative,medium,-0.00037912324954863385,-1.1179749126640612
7034,M092518_063_3,13m,Negative,long,-0.001214515152922688,-0.9204415314561205
7036,M092518_068_2,12o,Negative,short,-0.0016378848844370633,0.1713837256620037
7036,M092518_068_2,12o,Negative,medium,-0.0043412841879203,-0.1846413015250036
7036,M092518_068_2,12o,Negative,long,-0.003064348170971408,-1.4881152173941226
7040,M092518_078_2,AI,Negative,short,-0.0019891848145817286,1.2965010792364098
7040,M092518_078_2,AI,Negative,medium,-0.003428440455953698,0.37951143320685504
7040,M092518_078_2,AI,Negative,long,-0.0006667017756945807,-0.3441232453176315
7051,M092518_154_3,cd,Negative,short,-0.0023036162652491582,-0.26074810254293806
7051,M092518_154_3,cd,Negative,medium,-0.0005051597487408463,-0.7552788948358197
7051,M092518_154_3,cd,Negative,long,0.00021821917325432868,-0.791759377311351
7053,M092618_005_2,11ml,Positive,short,0.003462796057065484,0.2599517744070945
7053,M092618_005_2,11ml,Positive,medium,0.002965629987885741,1.527109712957344
7053,M092618_005_2,11ml,Positive,long,0.0029435584167193402,1.789115498149256
7059,M092618_008_3,11ml,Negative,short,-0.003336153354245686,0.5656927378960833
7059,M092618_008_3,11ml,Negative,medium,-0.0035983703747169134,-0.03145193904092049
7059,M092618_008_3,11ml,Negative,long,-0.001018088625846857,-0.5662635956021543
7074,M092618_036_3,12l,Positive,short,0.0044183003096660905,0.4689281455887336
7074,M092618_036_3,12l,Positive,medium,0.00120041766945385,1.698894375770937
7074,M092618_036_3,12l,Positive,long,-0.00010956221307262711,2.201155281503268
7080,M092618_066_2,12o,Negative,short,-0.000257004563066078,-0.8842199770067377
7080,M092618_066_2,12o,Negative,medium,-8.55075758919412e-05,-0.8996556163230871
7080,M092618_066_2,12o,Negative,long,-0.00017978216222066238,-0.9719805443743105
7082,M092618_068_3,12o,Negative,short,-0.001983685237048955,0.6068602921603907
7082,M092618_068_3,12o,Negative,medium,-0.0027381394127113956,-0.8057032896026801
7082,M092618_068_3,12o,Negative,long,-0.002395311385594667,-1.254798056645328
7085,M092618_078_2,AI,Negative,short,-0.001275522750062305,1.3510726760707163
7085,M092618_078_2,AI,Negative,medium,-0.0016881233837741697,0.4871545684337054
7085,M092618_078_2,AI,Negative,long,-0.0006441736931020827,-0.16275170753197046
7093,M092618_094_3,AI,Positive,short,0.002777074129862479,-0.22952895767997622
7093,M092618_094_3,AI,Positive,medium,0.0023530003851482033,-0.44473363522809395
7093,M092618_094_3,AI,Positive,long,-0.0007424413792116705,-0.6151210389839185
7095,M092618_109_4,pu,Negative,short,-0.0013841669512725137,-0.20594346083424825
7095,M092618_109_4,pu,Negative,medium,-0.0006692298701308864,-0.43924191126757967
7095,M092618_109_4,pu,Negative,long,-7.068507960850641e-05,-0.5505339192868073
7109,M092718_005_1,11ml,Positive,short,0.0026559183329857273,0.12175413991113274
7109,M092718_005_1,11ml,Positive,medium,0.003672498855041034,1.2784419440797619
7109,M092718_005_1,11ml,Positive,long,0.002751702593073792,2.0880460267059022
7114,M092718_007_4,11ml,Negative,short,-0.003153699188498359,0.9179648265222529
7114,M092718_007_4,11ml,Negative,medium,-0.0030813361089849665,0.5257183031578814
7114,M092718_007_4,11ml,Negative,long,-0.0002474440407935876,0.39095266993636396
7137,M092718_067_4,12o,Negative,short,-0.0033211265148936735,0.4164810919523636
7137,M092718_067_4,12o,Negative,medium,-0.0034649073541207533,-0.6657156636140398
7137,M092718_067_4,12o,Negative,long,-0.00023088548119006404,-1.271271565392886
7138,M092718_068_1,12o,Negative,short,-0.0020954624345800236,0.17624448175014604
7138,M092718_068_1,12o,Negative,medium,-0.0022210541462030975,-0.7942442132590862
7138,M092718_068_1,12o,Negative,long,-0.0015657360605579754,-1.9462544555076942
7139,M092718_068_2,12o,Negative,short,-0.0025047482789931283,0.13747115106594604
7139,M092718_068_2,12o,Negative,medium,-0.001045117944380951,-0.46028162229235925
7139,M092718_068_2,12o,Negative,long,-0.0026366746094957758,-0.5465891835057586
7142,M092718_078_2,AI,Negative,short,-0.00200337949256614,1.0270105781352856
7142,M092718_078_2,AI,Negative,medium,-0.0025169509265776805,0.2570173325816699
7142,M092718_078_2,AI,Negative,long,-0.0008545925211570727,-0.34922436784589495
7159,M092818_005_4,11ml,Positive,short,0.003932475320555591,0.9358899183627513
7159,M092818_005_4,11ml,Positive,medium,0.00268247303961238,1.1318420322980738
7159,M092818_005_4,11ml,Positive,long,0.00158404266898641,2.043221417163652
7163,M092818_008_2,11ml,Negative,short,-0.0018400479899095654,0.19927412109389844
7163,M092818_008_2,11ml,Negative,medium,-0.0036262804723341735,-0.08871057997078026
7163,M092818_008_2,11ml,Negative,long,-0.0020751128008777396,-0.6996634789894489
7165,M092818_013_3,11ml,Negative,short,-0.0015151524207411052,-0.26288155033198896
7165,M092818_013_3,11ml,Negative,medium,-0.001635330866320195,0.04338486052889953
7165,M092818_013_3,11ml,Negative,long,-0.00040368356245375437,-0.44604669753833986
7175,M092818_050_3,13l,Positive,short,0.002357024013893838,0.202777058288541
7175,M092818_050_3,13l,Positive,medium,0.0026910045402495767,0.20882106399829553
7175,M092818_050_3,13l,Positive,long,0.003653177807955141,0.04237929889126472
7184,M092818_078_3,AI,Negative,short,-0.0013434211447277398,1.3880219477385332
7184,M092818_078_3,AI,Negative,medium,-0.0028829520121739223,0.26279806518329063
7184,M092818_078_3,AI,Negative,long,-0.0003408047190175459,-0.3748659585878027
7195,M092818_156_3,cd,Negative,short,-0.0019935144572889247,0.20349960717806104
7195,M092818_156_3,cd,Negative,medium,-0.0015728312967614867,-0.5317738799834639
7195,M092818_156_3,cd,Negative,long,-0.0022879531527010603,-0.7152493075063195
7198,M100118_005_5,11ml,Positive,short,0.0023803332145157104,0.6097145958458029
7198,M100118_005_5,11ml,Positive,medium,0.0023682055105714956,1.5892222707660344
7198,M100118_005_5,11ml,Positive,long,0.0021805050746966773,2.2591954892169617
7204,M100118_008_4,11ml,Negative,short,-0.0028460075273285725,0.33341004852769773
7204,M100118_008_4,11ml,Negative,medium,-0.002191658469732273,-0.11653786514831947
7204,M100118_008_4,11ml,Negative,long,-0.0018651755733003453,-0.7395722178148397
7220,M100118_066_3,12o,Positive,short,0.0024623994175186057,-0.585212273668876
7220,M100118_066_3,12o,Positive,medium,0.002013845398667739,-0.3020250683118854
7220,M100118_066_3,12o,Positive,long,0.0008586997788065992,0.10179594592917422
7227,M100118_078_3,AI,Negative,short,-0.0022297929489459582,1.0562454110969124
7227,M100118_078_3,AI,Negative,medium,-0.0012403058058601962,0.0300982812288397
7227,M100118_078_3,AI,Negative,long,5.2617959869976045e-05,-0.4643299174115384
7239,M100118_156_6,cd,Negative,short,-0.0016632266265881018,-0.015128025039720555
7239,M100118_156_6,cd,Negative,medium,-0.0030122863909794215,-0.2717142969961844
7239,M100118_156_6,cd,Negative,long,-0.00043367752122890665,-0.8881625067969527
7241,M100218_005_2,11ml,Positive,short,0.002493282737566739,0.7028123996828852
7241,M100218_005_2,11ml,Positive,medium,0.004129800852453371,1.4363195766112187
7241,M100218_005_2,11ml,Positive,long,0.0029003273588034863,1.593500957463228
7247,M100218_008_3,11ml,Negative,short,-0.0010865490368546383,0.12537224176855055
7247,M100218_008_3,11ml,Negative,medium,-0.00391608220003152,0.06000441199977465
7247,M100218_008_3,11ml,Negative,long,-0.0021310966235481878,-0.5955416931332587
7265,M100218_066_2,12o,Positive,short,0.0012254905042226418,-0.40739552102523535
7265,M100218_066_2,12o,Positive,medium,0.0017843426893914853,-0.01919302150851949
7265,M100218_066_2,12o,Positive,long,0.0032258691365210203,0.6044161094028344
7269,M100218_075_1,13m,Positive,short,0.0018620907566075744,-0.3234313329810179
7269,M100218_075_1,13m,Positive,medium,0.0016329448817098736,-0.2265034655306431
7269,M100218_075_1,13m,Positive,long,0.0006418991774581498,-0.06721168175577856
7270,M100218_078_2,AI,Negative,short,-0.0018443824886597297,1.1121223925453256
7270,M100218_078_2,AI,Negative,medium,-0.0039057555013316697,0.47679865604402893
7270,M100218_078_2,AI,Negative,long,-0.00035728157684111305,-0.3648319734013856
7286,M100218_156_3,cd,Negative,short,-0.0011547855002482863,0.03303520740081514
7286,M100218_156_3,cd,Negative,medium,-0.002013309856652812,-0.37364922474148027
7286,M100218_156_3,cd,Negative,long,-0.0015383433041476033,-0.7331561638590897
7289,M100318_005_5,11ml,Positive,short,0.0027166710284106553,0.27288140159727237
7289,M100318_005_5,11ml,Positive,medium,0.002580149046633415,1.6759016333324541
7289,M100318_005_5,11ml,Positive,long,0.002089872375359565,1.898642932614947
7293,M100318_008_3,11ml,Negative,short,-0.0031269793050766777,0.26027061293225506
7293,M100318_008_3,11ml,Negative,medium,-0.001605106406554658,-0.3539192719205272
7293,M100318_008_3,11ml,Negative,long,-0.001528938046481163,-0.7893628856405839
7301,M100318_016_3,11ml,Positive,short,0.0027272653624186827,0.293030928802551
7301,M100318_016_3,11ml,Positive,medium,0.002182409351317954,0.9088976145342315
7301,M100318_016_3,11ml,Positive,long,-0.0008542604120032628,0.5615673243527621
7302,M100318_018_3,12m,Positive,short,0.0010481583204226112,-0.5577021307883763
7302,M100318_018_3,12m,Positive,medium,0.001356715683036798,-0.5782744296195532
7302,M100318_018_3,12m,Positive,long,0.0020265406490229806,-0.4300493179324502
7304,M100318_026_1,12l,Positive,short,0.003048938728395873,0.1729557451314778
7304,M100318_026_1,12l,Positive,medium,0.00275663826882748,0.33415157109547017
7304,M100318_026_1,12l,Positive,long,0.001992015405731714,-0.3103532688329988
7306,M100318_036_2,12l,Negative,short,-0.002975207068001277,-0.026574901313553025
7306,M100318_036_2,12l,Negative,medium,-0.004388822721671671,-1.152233679649771
7306,M100318_036_2,12l,Negative,long,0.00042953807095357226,-2.1303797880940745
7307,M100318_039_2,13l,Positive,short,0.0022737487547409194,-0.0038687600333866556
7307,M100318_039_2,13l,Positive,medium,0.002785986600034159,-0.0376516466808448
7307,M100318_039_2,13l,Positive,long,0.00434310828567033,-0.014738869732447254
7316,M100318_078_2,AI,Negative,short,-0.001954249573032424,1.2511706446698818
7316,M100318_078_2,AI,Negative,medium,-0.002793337705950511,0.2128158423107446
7316,M100318_078_2,AI,Negative,long,-0.0005276785564393376,-0.5932852319517667
7323,M100318_124_3,pu,Positive,short,0.0032573465725575412,0.8185768470866606
7323,M100318_124_3,pu,Positive,medium,0.003960054139883967,1.252891178386977
7323,M100318_124_3,pu,Positive,long,0.001427272386470139,1.2794103695826602
7326,M100318_152_2,pu,Negative,short,-0.002991995947111966,0.46064879955218707
7326,M100318_152_2,pu,Negative,medium,-0.0013681910450971488,-0.14828693013876124
7326,M100318_152_2,pu,Negative,long,-0.001133700597768648,-0.35133143302553316
7328,M100318_157_3,cd,Negative,short,-0.0014176737601193925,-0.722078246585157
7328,M100318_157_3,cd,Negative,medium,-0.0009327334330119251,-0.9617830708300611
7328,M100318_157_3,cd,Negative,long,0.0009135374790579619,-1.3109918140531975
7330,M100418_005_2,11ml,Positive,short,0.004547557256411953,0.8887470489074965
7330,M100418_005_2,11ml,Positive,medium,0.0031295679513750107,1.8569530785678825
7330,M100418_005_2,11ml,Positive,long,0.0010863402679586204,1.3776860757298557
7331,M100418_005_3,11ml,Negative,short,-0.0025749652202073123,-0.7423628602157922
7331,M100418_005_3,11ml,Negative,medium,-0.0016919259291476175,-0.9226958167037234
7331,M100418_005_3,11ml,Negative,long,-0.0005016646163658544,-1.1690393308434828
7337,M100418_008_2,11ml,Negative,short,-0.00287545544494132,0.13435011794139784
7337,M100418_008_2,11ml,Negative,medium,-0.0022653720267256905,-0.3025059023748145
7337,M100418_008_2,11ml,Negative,long,-0.0024455488057897943,-0.3760620901987155
7369,M100518_005_1,11ml,Positive,short,0.003961895604955904,0.5923369223391985
7369,M100518_005_1,11ml,Positive,medium,0.0023016348817403954,1.3229730920664682
7369,M100518_005_1,11ml,Positive,long,0.002493736433160842,1.9712198292356164
7381,M100518_026_4,12l,Positive,short,0.0009144550110819857,-0.4910302804457566
7381,M100518_026_4,12l,Positive,medium,0.003200588148692641,0.14034533724591705
7381,M100518_026_4,12l,Positive,long,0.001913113925025492,0.5563602366011292
7393,M100518_068_4,12o,Positive,short,0.002418019274893482,1.0427326578305982
7393,M100518_068_4,12o,Positive,medium,0.0023527607468698288,1.119428672441537
7393,M100518_068_4,12o,Positive,long,-0.0011801140956357143,0.9877160903649055
7428,M100818_018_3,12m,Positive,short,0.0012674420930013541,-0.7718559271483969
7428,M100818_018_3,12m,Positive,medium,0.002315700352829393,-0.41723747317987675
7428,M100818_018_3,12m,Positive,long,0.002230878464226079,0.14704347671667076
7432,M100818_028_3,12o,Negative,short,-0.002633364440850002,-0.3832170713244954
7432,M100818_028_3,12o,Negative,medium,-0.0009925314762888658,-0.9794430023620212
7432,M100818_028_3,12o,Negative,long,-0.0011011354882035967,-1.1121827074374613
7434,M100818_036_5,12l,Positive,short,0.0020383876576702663,-0.6620526358345895
7434,M100818_036_5,12l,Positive,medium,0.002758247088356292,-0.3492940813561587
7434,M100818_036_5,12l,Positive,long,0.0034092688966005603,-0.06376767278022866
7446,M100818_079_2,AI,Positive,short,0.0024023014193237918,0.13144205727020958
7446,M100818_079_2,AI,Positive,medium,0.005166767646517415,0.3595521610397567
7446,M100818_079_2,AI,Positive,long,0.005530222380754748,0.8594518872630703
7460,M100818_136_1,cd,Positive,short,0.0036170404145659265,0.43379250267201325
7460,M100818_136_1,cd,Positive,medium,0.00497198059134784,0.3237219566263153
7460,M100818_136_1,cd,Positive,long,0.0056744001650028755,0.5144201500992912
7463,M100918_005_4,11ml,Positive,short,0.0032509159160973287,1.4372253010852167
7463,M100918_005_4,11ml,Positive,medium,0.0022192316677270047,1.0631483824870946
7463,M100918_005_4,11ml,Positive,long,-7.280566392307718e-05,1.1460007352261694
7476,M100918_024_3,11ml,Positive,short,0.004905954739317168,0.9652924505389758
7476,M100918_024_3,11ml,Positive,medium,0.005119750779380985,0.28921562953547614
7476,M100918_024_3,11ml,Positive,long,0.002033276196144309,1.1269145092296224
7478,M100918_028_3,12o,Negative,short,-0.002256996010381285,-0.8120550972075603
7478,M100918_028_3,12o,Negative,medium,-0.0012906575892658388,-1.1919698930917286
7478,M100918_028_3,12o,Negative,long,-0.0002752851330890863,-1.3826718056658143
7507,M100918_149_3,pu,Negative,short,-0.004165865957548996,-0.4876522488807624
7507,M100918_149_3,pu,Negative,medium,-0.003291328526637502,-0.6925452418062454
7507,M100918_149_3,pu,Negative,long,-0.0011718128013549938,-1.1187717322501882
7509,M101018_005_1,11ml,Positive,short,0.002451458040017869,0.608538724097148
7509,M101018_005_1,11ml,Positive,medium,0.0033177335069278914,1.3234220127754857
7509,M101018_005_1,11ml,Positive,long,0.0005252081696960421,1.5852789684460682
7513,M101018_008_3,11ml,Negative,short,-0.0030230806683567276,0.22169862646714653
7513,M101018_008_3,11ml,Negative,medium,-0.0027354108438898983,-0.36971378782857056
7513,M101018_008_3,11ml,Negative,long,-0.0024027542024471263,-0.4991722516505722
7522,M101018_024_2,11ml,Positive,short,0.0038419865364330576,-0.01248731274028369
7522,M101018_024_2,11ml,Positive,medium,0.005652431143447938,1.0019992635974322
7522,M101018_024_2,11ml,Positive,long,0.002029036535467072,0.9279210873183712
7524,M101018_032_2,11ml,Negative,short,-0.0025364299196221816,0.05663065025474436
7524,M101018_032_2,11ml,Negative,medium,-0.001899826507228431,-1.1939059880727936
7524,M101018_032_2,11ml,Negative,long,-0.0023502337481040333,-0.9044051331525262
7526,M101018_034_3,11ml,Negative,short,-0.0013926278058641025,-0.4955267087814434
7526,M101018_034_3,11ml,Negative,medium,-0.001150400156938163,-0.7815030831564682
7526,M101018_034_3,11ml,Negative,long,-0.0017401306330310554,-0.6296125886612524
7535,M101018_064_4,13m,Negative,short,-0.002306689090197649,-0.6566650023987631
7535,M101018_064_4,13m,Negative,medium,-0.003345511689854301,-0.5943972616826034
7535,M101018_064_4,13m,Negative,long,-0.0019024815609569544,-0.6436610470584806
7538,M101018_065_5,13m,Negative,short,-0.0020272120810191714,-0.5767251367005868
7538,M101018_065_5,13m,Negative,medium,-0.0004961553955960347,-0.7677731852662345
7538,M101018_065_5,13m,Negative,long,0.0001679779218214281,-0.6806339715760877
7540,M101018_068_4,12o,Positive,short,0.002319288255814646,0.8939035793707494
7540,M101018_068_4,12o,Positive,medium,0.002108709876012424,1.545203447738622
7540,M101018_068_4,12o,Positive,long,5.887949740377748e-05,1.6690119815348785
7543,M101018_079_1,AI,Positive,short,0.0028041680490567223,0.03776299918647476
7543,M101018_079_1,AI,Positive,medium,0.005175406638194876,0.5227518670862159
7543,M101018_079_1,AI,Positive,long,0.004261012435186894,0.6918627424018392
7549,M101018_095_4,AI,Negative,short,-0.0019479549097197871,-0.4237217893355705
7549,M101018_095_4,AI,Negative,medium,-0.002080961918162712,-0.6971768200837778
7549,M101018_095_4,AI,Negative,long,-0.0012787304158135935,-0.8139790524387679
7564,M101818_008_2,11ml,Negative,short,-0.0026928086773548025,0.10542202264786436
7564,M101818_008_2,11ml,Negative,medium,-0.002922987693689046,-0.3071031205242999
7564,M101818_008_2,11ml,Negative,long,-0.003621481581715752,-0.561101595661322
7586,M101918_005_4,11ml,Positive,short,0.005940672514720563,0.47079902214498665
7586,M101918_005_4,11ml,Positive,medium,0.002728647388004143,1.6149551036353913
7586,M101918_005_4,11ml,Positive,long,0.0017723402318933718,1.6193264542324175
7592,M101918_007_6,11ml,Negative,short,-0.0031631991318614096,0.6391061200691444
7592,M101918_007_6,11ml,Negative,medium,-0.002588158118159216,-0.1800035919518382
7592,M101918_007_6,11ml,Negative,long,-0.0005019016257312352,-0.6533584507451875
7594,M101918_008_3,11ml,Negative,short,-0.0019578443251957118,0.33117957917467644
7594,M101918_008_3,11ml,Negative,medium,-0.0029572458242878327,-0.03611491932789369
7594,M101918_008_3,11ml,Negative,long,-0.0025775900742208064,-0.6177000799007131
7627,M102218_004_2,11ml,Positive,short,0.003307396881110688,0.6018818425023913
7627,M102218_004_2,11ml,Positive,medium,0.002132842579629158,0.6752865095057226
7627,M102218_004_2,11ml,Positive,long,0.0024563909062849773,0.3651472732703474
7635,M102218_007_2,11ml,Negative,short,-0.0021661525942692672,0.36586622852900264
7635,M102218_007_2,11ml,Negative,medium,-0.0021820749670511254,-0.13262531008399378
7635,M102218_007_2,11ml,Negative,long,-0.00047316994849427597,-0.45254669354232135
7637,M102218_008_4,11ml,Negative,short,-0.0030284960864830237,0.30679259254853203
7637,M102218_008_4,11ml,Negative,medium,-0.0015679718902211147,-0.776208439401774
7637,M102218_008_4,11ml,Negative,long,-0.0035100914073278055,-0.4836960114301771
7640,M102218_012_2,12r,Positive,short,0.00357635741276293,0.31879116959611076
7640,M102218_012_2,12r,Positive,medium,0.0018589066705989334,0.2927654689517238
7640,M102218_012_2,12r,Positive,long,0.0032600148785846897,-0.47294002399623347
7658,M102218_116_3,AMG,Positive,short,0.0032609255491584366,0.10161213305687374
7658,M102218_116_3,AMG,Positive,medium,0.002768016463958337,1.0134425432413132
7658,M102218_116_3,AMG,Positive,long,0.0021748020589850807,0.09604112125511673
7663,M102218_146_3,cd,Negative,short,-0.0023284529557093614,0.000567807184498193
7663,M102218_146_3,cd,Negative,medium,-0.004087902928500224,-0.4456252364996517
7663,M102218_146_3,cd,Negative,long,-0.0014006039883649188,-0.39320385713942235
7668,M102318_004_4,11ml,Positive,short,0.0009942528532912067,-0.5899515488679318
7668,M102318_004_4,11ml,Positive,medium,0.002131620082096944,-0.2188157144889
7668,M102318_004_4,11ml,Positive,long,0.0008836444641571969,-0.657667455513506
7669,M102318_005_3,11ml,Positive,short,0.004743697012813449,0.7113900624197007
7669,M102318_005_3,11ml,Positive,medium,0.0022886117117894077,1.184758026147038
7669,M102318_005_3,11ml,Positive,long,0.0026057366163490577,1.5486217869597545
7680,M102318_019_4,12m,Negative,short,-0.0018188569999810264,-0.47632666774853033
7680,M102318_019_4,12m,Negative,medium,-0.0013028749071794762,-0.638873724245192
7680,M102318_019_4,12m,Negative,long,-0.0012735180203769319,-0.7594367484879772
7682,M102318_034_3,11ml,Negative,short,-0.0047286362482158156,0.4920646822430231
7682,M102318_034_3,11ml,Negative,medium,0.00014216355451384462,-0.7228728438951533
7682,M102318_034_3,11ml,Negative,long,-0.0022785683354734523,-1.1004707055660694
7684,M102318_036_1,12o,Positive,short,0.004654851501022557,0.1630397516701017
7684,M102318_036_1,12o,Positive,medium,0.00494471488693662,0.0733688725503363
7684,M102318_036_1,12o,Positive,long,0.004387924980532524,-0.24310706885370384
7685,M102318_036_2,12o,Positive,short,0.005714966726169881,0.7793443695473146
7685,M102318_036_2,12o,Positive,medium,0.003381275412018871,0.43174517913233373
7685,M102318_036_2,12o,Positive,long,0.00337562822941682,-0.7064079191844086
7698,M102318_066_3,45,Negative,short,-0.00012212931774084886,-0.7698476678519797
7698,M102318_066_3,45,Negative,medium,-0.00044815431711626904,-0.8344531911185101
7698,M102318_066_3,45,Negative,long,-5.104175693736296e-05,-0.8543291791108206
7699,M102318_067_1,12o,Positive,short,0.0037994357082244035,0.9492713077124669
7699,M102318_067_1,12o,Positive,medium,0.0029304655111775137,0.8531102733051221
7699,M102318_067_1,12o,Positive,long,0.0014765141054004136,0.8160030371486248
7700,M102318_067_4,12o,Positive,short,0.0013008024028840417,-0.6152186628691418
7700,M102318_067_4,12o,Positive,medium,0.0018715254221214417,0.11817696748951066
7700,M102318_067_4,12o,Positive,long,0.001772124709607749,0.3224032105577853
7704,M102318_077_2,AI,Positive,short,0.0011415647813815923,-0.3505591212970572
7704,M102318_077_2,AI,Positive,medium,0.004052363229043677,0.4379346569087325
7704,M102318_077_2,AI,Positive,long,0.0008830880525680297,0.5073146140594159
7706,M102318_078_3,AI,Negative,short,-0.0023163196302766736,0.5819206537702857
7706,M102318_078_3,AI,Negative,medium,-0.0033741809181264976,-0.09843889632558267
7706,M102318_078_3,AI,Negative,long,-0.00020101409451937907,-0.46588435812548
7720,M102318_140_2,AMG,Positive,short,0.005121565497848181,0.0372035520820694
7720,M102318_140_2,AMG,Positive,medium,0.004358824796778986,0.601407942981591
7720,M102318_140_2,AMG,Positive,long,0.004382235046254688,0.8516809606177735
7723,M102318_149_3,pu,Positive,short,0.0011326182077932758,-0.7669710913570769
7723,M102318_149_3,pu,Positive,medium,0.002363552823764289,-0.4328329075256071
7723,M102318_149_3,pu,Positive,long,0.0019537014854494324,-0.04849094740628806
7730,M102418_008_3,11ml,Negative,short,-0.0018830651979399717,0.04160938815317564
7730,M102418_008_3,11ml,Negative,medium,-0.0019232930470502406,-0.17067870528193568
7730,M102418_008_3,11ml,Negative,long,-0.0010446912002033105,-0.6226554329676737
7739,M102418_019_1,12m,Negative,short,-0.002003300343659092,0.03411103841064079
7739,M102418_019_1,12m,Negative,medium,-0.0021289724594927267,-0.3080469706526647
7739,M102418_019_1,12m,Negative,long,-0.0008773788399532264,-0.5967643640055236
7743,M102418_034_2,11ml,Negative,short,-0.0038292615194662075,0.0657090829846491
7743,M102418_034_2,11ml,Negative,medium,-0.002422345546626742,-0.4475518298898709
7743,M102418_034_2,11ml,Negative,long,-0.004273543662788085,-1.0441226588450558
7745,M102418_036_2,12o,Positive,short,0.004354743699622346,-0.042979587939491935
7745,M102418_036_2,12o,Positive,medium,0.004038190672727415,0.08623715934456759
7745,M102418_036_2,12o,Positive,long,0.0030563104167497137,-0.30106206813179415
7766,M102518_002_4,12r,Negative,short,-0.004378601092399962,-0.0726046198467645
7766,M102518_002_4,12r,Negative,medium,-0.004286167410165911,0.32053776747375085
7766,M102518_002_4,12r,Negative,long,-0.0010206668128948553,-0.45945997073775324
7769,M102518_004_1,11ml,Positive,short,0.0025289655566590984,0.7194795322402252
7769,M102518_004_1,11ml,Positive,medium,0.0011035050523320244,0.5201563365050837
7769,M102518_004_1,11ml,Positive,long,0.0009192280962385061,0.5191091525673668
7770,M102518_004_2,11ml,Positive,short,0.002940267255001315,-0.09139852541283443
7770,M102518_004_2,11ml,Positive,medium,0.002544642267566955,0.15140962982011769
7770,M102518_004_2,11ml,Positive,long,0.001782794619583554,-0.06243368072962906
7775,M102518_007_2,11ml,Positive,short,0.003949944505097052,1.1066670046203821
7775,M102518_007_2,11ml,Positive,medium,0.0021007912003322693,1.2202358105515878
7775,M102518_007_2,11ml,Positive,long,-3.170053239727025e-05,1.5310263302480918
7777,M102518_008_4,11ml,Negative,short,-0.004505363782532351,-0.02776444504988967
7777,M102518_008_4,11ml,Negative,medium,-0.0015587141909082945,-0.4511523428620978
7777,M102518_008_4,11ml,Negative,long,-0.0022579272499368996,-0.5167304340906104
7790,M102518_036_5,12o,Positive,short,0.007534046221381249,1.0067436415813484
7790,M102518_036_5,12o,Positive,medium,0.003631497734980089,0.3477966522986996
7790,M102518_036_5,12o,Positive,long,0.0046341797767970195,0.3253825524095105
7791,M102518_036_6,12o,Positive,short,0.00518658531832464,0.24918404046195047
7791,M102518_036_6,12o,Positive,medium,0.003200209706004379,-0.16080362176345955
7791,M102518_036_6,12o,Positive,long,0.0024577131076401965,-0.6911892665344255
7792,M102518_036_7,12o,Positive,short,0.00446277130655342,0.08360151694150031
7792,M102518_036_7,12o,Positive,medium,0.004442375143465677,-0.1591589358850644
7792,M102518_036_7,12o,Positive,long,0.003241300130025959,-0.6490797108466762
7803,M102518_078_3,AI,Negative,short,-0.002354933094962805,-0.23651778465526713
7803,M102518_078_3,AI,Negative,medium,-0.0008442925030860226,-0.5775440199650861
7803,M102518_078_3,AI,Negative,long,-0.0010995559071787567,-0.3191679021493805
7805,M102518_083_1,13l,Negative,short,-0.004106732930665395,-0.18603343716373175
7805,M102518_083_1,13l,Negative,medium,-0.0011865991211578303,-0.1991413783447851
7805,M102518_083_1,13l,Negative,long,-0.0018889589026436398,-0.7020795313124888
7806,M102518_092_3,AI,Positive,short,0.003024631385136014,0.1531942716228544
7806,M102518_092_3,AI,Positive,medium,0.0033718145052044385,0.46140425677669655
7806,M102518_092_3,AI,Positive,long,0.0030282916146839576,0.5688710468935997
7824,M103018_004_1,11ml,Positive,short,0.003580091096996475,0.3005129448951729
7824,M103018_004_1,11ml,Positive,medium,0.0025831366066743767,0.46097581750720457
7824,M103018_004_1,11ml,Positive,long,0.0014222150505864698,0.4301144411654123
7825,M103018_005_3,11ml,Positive,short,0.003524175620967933,0.8322710455809805
7825,M103018_005_3,11ml,Positive,medium,0.004300909650791653,0.7926493647558552
7825,M103018_005_3,11ml,Positive,long,0.0026873508046768614,0.1999741822695003
7828,M103018_008_3,11ml,Negative,short,-0.004246977275200681,0.5801540088890966
7828,M103018_008_3,11ml,Negative,medium,-0.0028400880716330846,-0.4732201875364888
7828,M103018_008_3,11ml,Negative,long,-0.002168673260388199,-0.6804279411450251
7830,M103018_011_4,12r,Negative,short,-0.004055779296312846,-0.158249217092901
7830,M103018_011_4,12r,Negative,medium,-0.004903765982271748,0.23799551095148724
7830,M103018_011_4,12r,Negative,long,0.00023974657127337918,0.6206669997172171
7835,M103018_019_4,12m,Positive,short,0.003949936818723499,0.657772089845924
7835,M103018_019_4,12m,Positive,medium,0.0026174944441982656,0.3107913239285467
7835,M103018_019_4,12m,Positive,long,0.0035489522550228945,-0.38076049505350196
7836,M103018_034_3,11ml,Negative,short,-0.003153998430887832,0.21572867666251846
7836,M103018_034_3,11ml,Negative,medium,-0.001201596685912228,0.0877644087677723
7836,M103018_034_3,11ml,Negative,long,-0.0016988852842329608,-0.8331544332354626
7841,M103018_045_4,12o,Negative,short,-0.0024597868170908714,0.37793813886370015
7841,M103018_045_4,12o,Negative,medium,-0.0010910119401801434,0.19584864550913234
7841,M103018_045_4,12o,Negative,long,-0.0010866738353616714,-0.2642089533797789
7844,M103018_054_3,13m,Positive,short,0.004394589394551553,0.2700336383947771
7844,M103018_054_3,13m,Positive,medium,0.002048023944926603,0.9769683652627166
7844,M103018_054_3,13m,Positive,long,0.002210669306094957,1.3559844517966457
7856,M103018_077_1,AI,Positive,short,0.0013393913583160662,-0.6534002823819067
7856,M103018_077_1,AI,Positive,medium,0.0029871416421822453,-0.20037403714716412
7856,M103018_077_1,AI,Positive,long,0.0023154474066872975,0.013502702655847154
7862,M103018_079_2,AI,Positive,short,0.003914824652624912,-0.06046811451232014
7862,M103018_079_2,AI,Positive,medium,0.004707910834617034,0.44487702530578627
7862,M103018_079_2,AI,Positive,long,0.0027648363141427844,0.9764044990626701
7883,M103018_157_3,cd,Negative,short,-0.0017142880471511077,-0.15553387615228453
7883,M103018_157_3,cd,Negative,medium,-0.00016276366616286883,-0.3891281334500444
7883,M103018_157_3,cd,Negative,long,-0.00045047641570178853,-0.056162222741329
7885,M110118_004_2,11ml,Positive,short,0.003130011095365186,-0.1707377714173134
7885,M110118_004_2,11ml,Positive,medium,0.0031375661034519684,-0.015659913606438074
7885,M110118_004_2,11ml,Positive,long,0.0028679473990219184,0.16465894473304418
7888,M110118_006_2,11ml,Positive,short,0.0036277745249375386,0.35009017550689053
7888,M110118_006_2,11ml,Positive,medium,0.004183319727738079,-0.1818327212974196
7888,M110118_006_2,11ml,Positive,long,0.003518307863843636,0.13639736244185346
7889,M110118_008_3,11ml,Negative,short,-0.0028540685462510105,0.08557660501107833
7889,M110118_008_3,11ml,Negative,medium,-0.003657879214309766,-0.541719839747022
7889,M110118_008_3,11ml,Negative,long,-0.002677647385643646,-1.0303560369833995
7890,M110118_011_3,12r,Positive,short,0.0010887228300690912,0.70830488702249
7890,M110118_011_3,12r,Positive,medium,0.0036228122329894116,0.6510597294817885
7890,M110118_011_3,12r,Positive,long,0.0033696254514725215,2.011855988554074
7899,M110118_045_3,12o,Negative,short,-0.0021880458421372024,0.2666046171183365
7899,M110118_045_3,12o,Negative,medium,-0.003025858913713604,-0.07067075859940845
7899,M110118_045_3,12o,Negative,long,-0.0018565689460890446,-0.5590300771613883
7900,M110118_054_3,13m,Positive,short,0.002416369751561566,-0.24895408304529063
7900,M110118_054_3,13m,Positive,medium,0.003051411842079335,0.506188843974777
7900,M110118_054_3,13m,Positive,long,0.003574490297468078,1.3889086204526726
7909,M110118_079_2,AI,Positive,short,0.004331347930822442,-0.26467148217910313
7909,M110118_079_2,AI,Positive,medium,0.004721406052911784,-0.35075426660943004
7909,M110118_079_2,AI,Positive,long,0.001427211461605438,0.07269004101877778
7912,M110118_079_7,AI,Positive,short,0.0030248753562316473,-0.05606131426007572
7912,M110118_079_7,AI,Positive,medium,0.0019827751614295043,0.5733767427215833
7912,M110118_079_7,AI,Positive,long,0.002300832756855216,1.8072554056537329
7921,M110118_134_3,cd,Positive,short,0.0013800977651475075,-0.2786905099463474
7921,M110118_134_3,cd,Positive,medium,0.002120028261236274,-0.1744518742091588
7921,M110118_134_3,cd,Positive,long,0.003944351103954266,0.6190990644904976
7928,M110618_005_3,11ml,Negative,short,-0.0010745308947664597,0.43048119502135873
7928,M110618_005_3,11ml,Negative,medium,-0.0037027020025540854,0.12360780512989218
7928,M110618_005_3,11ml,Negative,long,-0.003122119426370727,0.11259040794278745
7936,M110618_018_3,12m,Negative,short,-0.0010566708178614593,-1.0343298636339666
7936,M110618_018_3,12m,Negative,medium,-0.0003551895764230413,-1.066642373254811
7936,M110618_018_3,12m,Negative,long,-0.0005880969827282848,-1.1016692743325194
7941,M110618_045_1,12o,Negative,short,-0.0018333274224139279,0.6297998962964174
7941,M110618_045_1,12o,Negative,medium,-0.0020655017908453688,0.46135768895115437
7941,M110618_045_1,12o,Negative,long,-0.0012628518153648936,0.007482647136111005
7942,M110618_051_3,13m,Negative,short,-0.000621018649846421,1.3475747193750645
7942,M110618_051_3,13m,Negative,medium,-0.0024472432960805034,1.0476578883640777
7942,M110618_051_3,13m,Negative,long,-0.00315797527622208,1.0455121395322253
7957,M110618_144_4,cd,Negative,short,-0.0012307557061769726,-0.41153884981371486
7957,M110618_144_4,cd,Negative,medium,-0.001259358298318503,-0.7303480961160136
7957,M110618_144_4,cd,Negative,long,-0.0013598705630676424,-0.848165229737709
7966,M110718_014_3,11ml,Positive,short,0.00292193244051949,1.1473197702157851
7966,M110718_014_3,11ml,Positive,medium,0.003268595150364556,1.4077161333946737
7966,M110718_014_3,11ml,Positive,long,0.00257302103815864,0.8930121571679418
7971,M110718_026_3,12l,Positive,short,0.006537095180276467,0.3221008968345833
7971,M110718_026_3,12l,Positive,medium,0.006746846098048692,0.43351645714691694
7971,M110718_026_3,12l,Positive,long,0.006062951262441008,0.6289953776649176
7978,M110718_051_3,13m,Negative,short,-0.0008705370347354657,1.0516031463808704
7978,M110718_051_3,13m,Negative,medium,-0.002688346308491454,1.2619050594167582
7978,M110718_051_3,13m,Negative,long,-0.0017265396486661662,0.5530022705603738
7982,M110718_066_3,45,Positive,short,0.0019306674776933355,-0.3892256477995878
7982,M110718_066_3,45,Positive,medium,0.006405393228982362,-0.21139149550044795
7982,M110718_066_3,45,Positive,long,0.005565317336358801,0.5123959177370476
8009,M110918_016_3,11ml,Negative,short,-0.0017306469950406872,0.4348143369522908
8009,M110918_016_3,11ml,Negative,medium,-0.0012366496764372786,-0.2781501939245569
8009,M110918_016_3,11ml,Negative,long,-0.00019481540042400673,-0.6989160468693383
8024,M110918_066_3,45,Negative,short,-0.00360612425812016,-1.093496417440784
8024,M110918_066_3,45,Negative,medium,-0.0017659995262457396,-1.158461006206403
8024,M110918_066_3,45,Negative,long,-0.0005069688020367776,-0.4245982515312729
8038,M110918_144_2,cd,Negative,short,-0.0016071527162244549,-0.5104518567731824
8038,M110918_144_2,cd,Negative,medium,-0.0012503157908946485,-0.8833636352900855
8038,M110918_144_2,cd,Negative,long,-0.0013187521281298722,-1.134124836687637
8048,M111218_016_4,11ml,Negative,short,-0.0018167585713694614,0.4029834713227427
8048,M111218_016_4,11ml,Negative,medium,-0.0014324155848515646,-0.3240703292858915
8048,M111218_016_4,11ml,Negative,long,-0.00034159879135297743,-0.7343816328762771
8056,M111218_045_3,12o,Negative,short,-0.0017470580616832387,0.3121786537966048
8056,M111218_045_3,12o,Negative,medium,-0.0012965874435744778,0.16759135903551953
8056,M111218_045_3,12o,Negative,long,-0.0017715479510635617,-0.35884195700858856
8062,M111218_077_2,AI,Negative,short,-0.003677913957997078,-0.004235482697193813
8062,M111218_077_2,AI,Negative,medium,2.5067968187408923e-05,-0.09867546708796084
8062,M111218_077_2,AI,Negative,long,-0.004332086926578598,-0.035618588141825815
8075,M111218_140_2,AMG,Negative,short,-0.001569361764183917,1.2309989173727702
8075,M111218_140_2,AMG,Negative,medium,-0.0025336019042164265,1.1281326939530063
8075,M111218_140_2,AMG,Negative,long,-0.0026462155969404623,0.932748008556602
8080,M111318_004_3,11ml,Positive,short,0.0019114245514314082,-0.39844035903449415
8080,M111318_004_3,11ml,Positive,medium,0.002327554388503697,0.13639080157407021
8080,M111318_004_3,11ml,Positive,long,0.0035333681599881792,0.14014628037965093
8083,M111318_006_3,11ml,Negative,short,-0.004744082353543933,0.37165019037232994
8083,M111318_006_3,11ml,Negative,medium,-0.0018284342813337981,-0.830739809567428
8083,M111318_006_3,11ml,Negative,long,-0.001414367083295903,-1.3153787266196506
8085,M111318_007_2,11ml,Negative,short,-0.002436846302963776,-0.5843630688712032
8085,M111318_007_2,11ml,Negative,medium,-0.0011117265073268062,-1.1928262551890039
8085,M111318_007_2,11ml,Negative,long,-0.00013730430755118703,-1.463985550026727
8096,M111318_045_2,12o,Negative,short,-0.002210844675736296,0.5208094610474088
8096,M111318_045_2,12o,Negative,medium,-0.001303476678072029,0.05761565164311908
8096,M111318_045_2,12o,Negative,long,-0.0005656328865593119,-0.18577082720840854
8103,M111318_066_3,45,Negative,short,-0.0009575379913120443,1.1896520125092365
8103,M111318_066_3,45,Negative,medium,-0.0026705701388340603,0.9063272842875497
8103,M111318_066_3,45,Negative,long,-0.004046412530811184,0.08822855869999245
8118,M111318_140_1,AMG,Negative,short,-0.002221219354432495,-0.1581561998377001
8118,M111318_140_1,AMG,Negative,medium,-0.0008240180953275921,-0.5513787448604571
8118,M111318_140_1,AMG,Negative,long,-0.00030655403580921394,-0.658970498503147
8126,M111518_006_3,11ml,Negative,short,-0.0025212444382603063,-0.8193460286479868
8126,M111518_006_3,11ml,Negative,medium,-0.0017927408446360422,-1.192020682757488
8126,M111518_006_3,11ml,Negative,long,-0.002521248271006378,-1.0554323135418027
8131,M111518_016_2,11ml,Negative,short,-0.0016816439068161589,0.3727966235550012
8131,M111518_016_2,11ml,Negative,medium,-0.0019256388301115285,-0.20833038316062186
8131,M111518_016_2,11ml,Negative,long,-0.00025596184594049286,-0.7830991646811093
8133,M111518_018_2,12m,Positive,short,0.0023582173524545236,-0.6527779549038729
8133,M111518_018_2,12m,Positive,medium,0.0016755247870459083,-0.6656654019175274
8133,M111518_018_2,12m,Positive,long,0.0013693270023380217,-0.10322186274677918
8138,M111518_045_3,12o,Negative,short,0.0003856358804063353,0.95539912576485
8138,M111518_045_3,12o,Negative,medium,-0.0030585196168282976,0.6351351223709937
8138,M111518_045_3,12o,Negative,long,-0.0008093071189041948,0.053350435232452295
8163,M111518_140_2,AMG,Negative,short,-0.0017290819230338145,-0.33788173262731286
8163,M111518_140_2,AMG,Negative,medium,-0.0005516721785300633,-0.6069982857032743
8163,M111518_140_2,AMG,Negative,long,-0.00020079202583734053,-0.6734286221410589
8169,X010220_011_3,12r,Positive,short,0.004391098364580987,0.09277687273987766
8169,X010220_011_3,12r,Positive,medium,0.0052084916358240895,0.4422924524897976
8169,X010220_011_3,12r,Positive,long,0.002811803984332294,0.5019324608975707
8172,X010220_018_2,12l,Positive,short,0.002980588235235292,0.9913812808556088
8172,X010220_018_2,12l,Positive,medium,0.0023909079196050456,1.2389964582321054
8172,X010220_018_2,12l,Positive,long,0.0008963208687250032,0.9619741704618673
8175,X010220_028_4,12l,Positive,short,0.0007706840501453763,-0.9039647393734404
8175,X010220_028_4,12l,Positive,medium,0.0010544852481975096,-0.6202123469600265
8175,X010220_028_4,12l,Positive,long,0.001495465740357245,-0.4115157668880139
8176,X010220_036_2,12l,Negative,short,-0.0019270985370418573,0.07456728823625555
8176,X010220_036_2,12l,Negative,medium,-0.001350281172023291,-1.1350123656668798
8176,X010220_036_2,12l,Negative,long,-0.003290496644340906,-1.608461961732827
8177,X010220_038_2,46v,Positive,short,0.00397820025753503,0.07598543916278815
8177,X010220_038_2,46v,Positive,medium,0.005299733031851468,0.25985962009958263
8177,X010220_038_2,46v,Positive,long,0.0057235693785535734,0.5406481200502178
8183,X010220_060_2,46d,Positive,short,0.004126854643167562,0.07361354741861365
8183,X010220_060_2,46d,Positive,medium,0.002029110496390402,0.5896843788272139
8183,X010220_060_2,46d,Positive,long,0.00082312632826473,1.189549595960563
8191,X010220_091_4,45,Positive,short,0.0014190523765293024,-0.5422293010497847
8191,X010220_091_4,45,Positive,medium,0.001985724120809854,0.4589701103838393
8191,X010220_091_4,45,Positive,long,0.001457564945029867,1.6777870662993877
8192,X010220_095_5,8A,Positive,short,0.001934096035918994,0.427218943640021
8192,X010220_095_5,8A,Positive,medium,0.002533020697908753,1.1419004369991987
8192,X010220_095_5,8A,Positive,long,0.0029699364891574197,1.9618755344939907
8193,X010220_095_6,8A,Positive,short,0.0004924362817000199,-1.0671929363502242
8193,X010220_095_6,8A,Positive,medium,0.0036440807809878994,-0.2301521160842823
8193,X010220_095_6,8A,Positive,long,0.0026361974947416208,0.6114294089109326
8195,X010220_106_2,6DC,Negative,short,-0.0015226360983058183,-0.44327449700337973
8195,X010220_106_2,6DC,Negative,medium,-0.0010360005812247177,-1.4733171476897304
8195,X010220_106_2,6DC,Negative,long,-1.040189108880798e-05,-2.237021378193441
8196,X010220_106_3,6DC,Negative,short,-0.0019976757961186506,0.0333710043466791
8196,X010220_106_3,6DC,Negative,medium,-0.0016339265145485617,-0.610085750027502
8196,X010220_106_3,6DC,Negative,long,-0.0015229638756816058,-0.8453177220611128
8201,X010220_141_3,6DC,Negative,short,-0.0011474255696083437,0.4695129398117171
8201,X010220_141_3,6DC,Negative,medium,-0.002704846200362809,-0.05068238626380285
8201,X010220_141_3,6DC,Negative,long,-0.0012112791861937074,-0.6878130127506923
8205,X010320_003_2,12r,Positive,short,0.0027534131367067684,-0.18058105983382816
8205,X010320_003_2,12r,Positive,medium,0.00213181871517548,0.08296024831927717
8205,X010320_003_2,12r,Positive,long,0.0017028243928449128,0.18987575728975442
8210,X010320_011_7,12r,Positive,short,0.0032613137596248227,0.4070223697380608
8210,X010320_011_7,12r,Positive,medium,0.0033917145847817344,0.5825954706194235
8210,X010320_011_7,12r,Positive,long,0.003361941899102948,0.6311138814203627
8216,X010320_028_5,12l,Positive,short,0.0007909988965167939,-0.9179123144181517
8216,X010320_028_5,12l,Positive,medium,0.001208183161149155,-0.6008476311474196
8216,X010320_028_5,12l,Positive,long,0.001313165534424038,-0.4209073605992136
8219,X010320_052_3,8B,Negative,short,-0.0013220174755357668,0.55463276842389
8219,X010320_052_3,8B,Negative,medium,-0.0009466519215022481,-0.20742994548284918
8219,X010320_052_3,8B,Negative,long,-0.0009076257960110875,-0.010104995310123887
8222,X010320_063_3,6DR,Positive,short,0.0030282339157739046,0.696018786300919
8222,X010320_063_3,6DR,Positive,medium,0.002139750657410115,1.3477678073325292
8222,X010320_063_3,6DR,Positive,long,-0.001213272707615433,1.095189216678432
8226,X010320_078_1,45,Negative,short,-0.003190515407277803,0.09078097289827917
8226,X010320_078_1,45,Negative,medium,-0.0013056745545298278,-1.1727049259248867
8226,X010320_078_1,45,Negative,long,-0.003080933534360806,-1.2907782702981037
8230,X010320_080_5,44,Positive,short,0.004500360032749137,-0.04666134903126841
8230,X010320_080_5,44,Positive,medium,0.0026114126018411663,0.02161443707800103
8230,X010320_080_5,44,Positive,long,0.0037069002860707647,0.19967504983733775
8233,X010320_096_5,6DR,Negative,short,0.0004773114486326898,1.0122731116270265
8233,X010320_096_5,6DR,Negative,medium,-0.003125253033455791,0.20152328578664608
8233,X010320_096_5,6DR,Negative,long,-0.005379394185630658,-1.3646347061955617
8236,X010320_106_2,6DC,Negative,short,-0.00205102749337346,0.5567136976130682
8236,X010320_106_2,6DC,Negative,medium,-0.0021671158096845163,-0.45552191537973036
8236,X010320_106_2,6DC,Negative,long,-0.0021948243079447766,-1.0066138887514489
8238,X010320_107_1,6DC,Negative,short,-0.003062983538590423,-0.7957430211158885
8238,X010320_107_1,6DC,Negative,medium,-0.0003379756428740826,-0.9883021984044803
8238,X010320_107_1,6DC,Negative,long,0.00041435906485685816,-0.7166112987650016
8244,X010421_004_3,12m,Positive,short,0.004091687372951631,-0.28804974379785014
8244,X010421_004_3,12m,Positive,medium,0.003939254683688034,-0.03073031326398306
8244,X010421_004_3,12m,Positive,long,0.0035651388051089836,0.13167079068494095
8247,X010421_014_3,11ml,Positive,short,0.0009487777773207426,-0.6951563868566282
8247,X010421_014_3,11ml,Positive,medium,0.0009664814976179429,-0.18721356898573918
8247,X010421_014_3,11ml,Positive,long,0.002662823886225405,0.11559003757542202
8258,X010421_054_3,13m,Negative,short,-0.0017950726740608967,0.16310516998555386
8258,X010421_054_3,13m,Negative,medium,-0.0013672039489857294,-0.4907562778108436
8258,X010421_054_3,13m,Negative,long,-0.0018725091800747974,-0.13870389624926868
8262,X010421_057_5,12o,Negative,short,-0.0030074914389709335,-1.027048736757997
8262,X010421_057_5,12o,Negative,medium,-0.0028415442386039032,-1.4359874864187891
8262,X010421_057_5,12o,Negative,long,-0.001115653189967468,-1.85305903556938
8268,X010421_066_4,12o,Negative,short,-0.00156088876915165,1.0016993934198744
8268,X010421_066_4,12o,Negative,medium,-0.005829485184826769,0.3552651378518271
8268,X010421_066_4,12o,Negative,long,-0.00330239936084962,-0.25259335523096615
8269,X010421_066_6,12o,Negative,short,-0.0014699614302500425,1.6280797192340286
8269,X010421_066_6,12o,Negative,medium,-0.003262433774485051,1.1068070440769302
8269,X010421_066_6,12o,Negative,long,-0.0028643345858174706,0.4856274944295047
8271,X010421_068_1,12o,Positive,short,0.0016316422578206125,-0.6451599256022401
8271,X010421_068_1,12o,Positive,medium,0.0019135424416864884,-0.15782801272589358
8271,X010421_068_1,12o,Positive,long,0.0016325895980385447,0.1136101975273062
8284,X010521_004_3,12m,Positive,short,0.0010646783407072063,-0.49017656600713333
8284,X010521_004_3,12m,Positive,medium,0.0005785727080077441,-0.7749386473424026
8284,X010521_004_3,12m,Positive,long,-0.0002431384434463483,-0.5929455388207205
8285,X010521_011_2,12r,Positive,short,0.005004546510796248,1.0088497547133704
8285,X010521_011_2,12r,Positive,medium,0.0005098834759213729,1.1597293373848159
8285,X010521_011_2,12r,Positive,long,0.001974438301552041,0.8306896370338174
8292,X010521_033_3,13m,Negative,short,-0.002424728661070211,-0.561442317162174
8292,X010521_033_3,13m,Negative,medium,-0.0007975398537124838,-0.8746102326324895
8292,X010521_033_3,13m,Negative,long,-0.0010012661957954161,-0.6359402633050516
8298,X010521_039_9,13l,Positive,short,0.0021691822756946064,-0.27554131924219666
8298,X010521_039_9,13l,Positive,medium,0.0025183673727109876,0.2524582804434432
8298,X010521_039_9,13l,Positive,long,0.0009263841225760886,0.05009824642475722
8303,X010521_050_4,13l,Positive,short,0.0037482889204087477,-0.5153795637666075
8303,X010521_050_4,13l,Positive,medium,0.0010966706868577804,-0.6108845441843137
8303,X010521_050_4,13l,Positive,long,0.0015003793553264875,0.701670837728849
8305,X010521_057_2,12o,Negative,short,-0.0027389996705010355,-0.8092668593331193
8305,X010521_057_2,12o,Negative,medium,-0.001856161407408606,-1.634255057067522
8305,X010521_057_2,12o,Negative,long,-0.0019410838794011321,-1.7011752542164085
8311,X010521_074_2,13m,Positive,short,0.0023077782621259064,-0.5147341474694924
8311,X010521_074_2,13m,Positive,medium,0.005504351875308641,-0.6937503612246954
8311,X010521_074_2,13m,Positive,long,0.004641214472053903,0.4383592518052697
8315,X010521_104_3,45,Positive,short,0.0048168261952234665,-0.0019249772752159447
8315,X010521_104_3,45,Positive,medium,0.0035975735552630033,0.42365334684202777
8315,X010521_104_3,45,Positive,long,0.004338662027375291,1.4892711943626007
8318,X010521_109_1,cd,Positive,short,0.0023061370854345785,-0.9369641092424583
8318,X010521_109_1,cd,Positive,medium,0.002125942312476013,-0.7562947988931629
8318,X010521_109_1,cd,Positive,long,0.0003123390888099068,-0.763414624278835
8320,X010521_117_4,AMG,Negative,short,-0.002048769751986227,0.2515554792260691
8320,X010521_117_4,AMG,Negative,medium,-0.000467337868121984,-0.34349700503404595
8320,X010521_117_4,AMG,Negative,long,-0.0014515721743430003,-0.21452475131476553
8330,X010620_003_3,12r,Positive,short,0.0024095214430603982,-0.2850395607151488
8330,X010620_003_3,12r,Positive,medium,0.0016851862425956324,-0.02596765668433587
8330,X010620_003_3,12r,Positive,long,0.0020508298937343752,0.0701134597428202
8332,X010620_005_4,46v,Negative,short,-0.0020825640239570137,-0.19723071026059485
8332,X010620_005_4,46v,Negative,medium,-0.002915427966114185,0.024906086270540903
8332,X010620_005_4,46v,Negative,long,-0.0016703803218276756,-0.611836931139801
8336,X010620_012_2,46v,Negative,short,-0.001153506137424368,1.0780397675894262
8336,X010620_012_2,46v,Negative,medium,-0.004140317567684018,0.1121307877837657
8336,X010620_012_2,46v,Negative,long,-0.0013437150638475688,-0.3419629483647992
8339,X010620_019_4,12l,Negative,short,-0.0012357200173788508,-0.7665305852691663
8339,X010620_019_4,12l,Negative,medium,-0.001822330955512731,-1.114518613862912
8339,X010620_019_4,12l,Negative,long,-0.0007858204494004292,-1.6106483972013095
8340,X010620_019_5,12l,Negative,short,-0.001596121829144736,-0.36420853448213414
8340,X010620_019_5,12l,Negative,medium,-0.0019104419888833122,-0.5637622886153709
8340,X010620_019_5,12l,Negative,long,-0.0018479001384025355,-0.8856037962506099
8348,X010620_051_3,46df,Negative,short,-0.0001585938671817568,1.199279862315008
8348,X010620_051_3,46df,Negative,medium,-0.0019671209696635523,0.5678322745506089
8348,X010620_051_3,46df,Negative,long,-0.0029016741202614574,-0.04979237846831811
8350,X010620_052_4,8B,Negative,short,-0.0014132211913563477,-0.2801623674056891
8350,X010620_052_4,8B,Negative,medium,-0.004650044246896506,0.5016216660381765
8350,X010620_052_4,8B,Negative,long,0.001453366671213873,0.9005688522475929
8354,X010620_066_3,45,Positive,short,0.0005668208581014888,-0.9656115830837193
8354,X010620_066_3,45,Positive,medium,0.0011822014154550156,-0.5004184481462374
8354,X010620_066_3,45,Positive,long,0.001568918626885905,0.3197687055217102
8355,X010620_066_4,45,Positive,short,0.0040587740340541694,0.6636171886223228
8355,X010620_066_4,45,Positive,medium,0.004315954928957352,0.9248414139834047
8355,X010620_066_4,45,Positive,long,0.0044285964350444474,1.2804211510745143
8356,X010620_066_5,45,Negative,short,-0.002957057998296884,-0.30887454606595754
8356,X010620_066_5,45,Negative,medium,-0.00016451742171526366,-0.8589188265126081
8356,X010620_066_5,45,Negative,long,-0.0012008048253859627,-1.1383025237605497
8361,X010620_079_3,45,Positive,short,0.0010110949586651778,-0.12524569648149084
8361,X010620_079_3,45,Positive,medium,0.0040914187114712555,0.44227148349704487
8361,X010620_079_3,45,Positive,long,0.0034792712855164845,1.5788380378197115
8364,X010620_080_4,44,Positive,short,0.0013272800466502487,-0.3197450403177556
8364,X010620_080_4,44,Positive,medium,0.004566589372455364,-0.2719808610875978
8364,X010620_080_4,44,Positive,long,0.002050008641856282,0.48561945367512027
8368,X010620_096_3,8B,Positive,short,0.0015648495052170343,0.5911464962655811
8368,X010620_096_3,8B,Positive,medium,0.0015844155034743677,1.086518588458837
8368,X010620_096_3,8B,Positive,long,0.0007246759670471235,1.3647914421736898
8373,X010620_107_2,6DC,Negative,short,-0.0025600797582192676,-0.6011725672836045
8373,X010620_107_2,6DC,Negative,medium,-0.0003860847086730633,-0.9692499026680945
8373,X010620_107_2,6DC,Negative,long,0.0005609977727601893,-0.8419531283283392
8374,X010620_107_4,6DC,Negative,short,-0.00278746277594659,-0.7890462234987027
8374,X010620_107_4,6DC,Negative,medium,-0.00022598463344896503,-1.1059882117190496
8374,X010620_107_4,6DC,Negative,long,0.0009480380933100033,-0.7834947977010501
8382,X010620_129_2,6VaVb,Negative,short,-0.003262123122573447,-0.3753746325645914
8382,X010620_129_2,6VaVb,Negative,medium,-0.000841584360173621,-1.4157989943483704
8382,X010620_129_2,6VaVb,Negative,long,0.0007253185957532679,-1.8233730084884185
8383,X010620_129_4,6VaVb,Negative,short,-0.0015222395750948922,1.058208175263865
8383,X010620_129_4,6VaVb,Negative,medium,-0.0025352341389467416,1.0373556680865772
8383,X010620_129_4,6VaVb,Negative,long,-0.0015374568729068284,0.05934350576465593
8384,X010620_131_2,6DC,Negative,short,-0.0011839868157803991,0.4328215763551228
8384,X010620_131_2,6DC,Negative,medium,-0.004236740050258775,-0.7261129454495548
8384,X010620_131_2,6DC,Negative,long,-0.003533411416136333,-1.2044046640399217
8385,X010621_004_2,12m,Positive,short,0.004435838566242763,-0.14007057620312385
8385,X010621_004_2,12m,Positive,medium,0.0024538794667670234,-0.2327868961856953
8385,X010621_004_2,12m,Positive,long,0.0025409790654510856,-0.17258382398467015
8386,X010621_011_3,12r,Positive,short,0.003458831517699741,-0.6342518822634527
8386,X010621_011_3,12r,Positive,medium,0.002742375557741226,0.020940327497172836
8386,X010621_011_3,12r,Positive,long,0.003078568179195568,0.7026119000648773
8387,X010621_012_3,12m,Positive,short,0.0009116226126834387,-0.7627200843292148
8387,X010621_012_3,12m,Positive,medium,0.0016319907672544575,-0.7229854155851168
8387,X010621_012_3,12m,Positive,long,0.0022568361106760203,-0.6662246101714451
8397,X010621_033_2,13m,Negative,short,-0.002844515557018764,-0.5471986788394745
8397,X010621_033_2,13m,Negative,medium,-0.0008479780740450885,-0.8395799798100642
8397,X010621_033_2,13m,Negative,long,-0.001226406143512374,-0.8164549605322757
8403,X010621_039_5,13l,Negative,short,-0.002616883336350745,0.33520615838712914
8403,X010621_039_5,13l,Negative,medium,-0.001702032088852403,-0.21482111004602703
8403,X010621_039_5,13l,Negative,long,0.00021712757917835231,-0.5210572334375239
8405,X010621_041_3,13l,Negative,short,-0.0025108643278461723,-0.07564098251531809
8405,X010621_041_3,13l,Negative,medium,-0.0029375482719656352,-0.8648360366906898
8405,X010621_041_3,13l,Negative,long,-0.00322012542080279,-0.9719415508836706
8406,X010621_043_2,13m,Positive,short,0.0010300802868705766,-0.11026975031350102
8406,X010621_043_2,13m,Positive,medium,0.001765797925632493,0.2953953064060747
8406,X010621_043_2,13m,Positive,long,0.0003531759242434976,0.7709549704625484
8418,X010621_056_2,12l,Negative,short,-0.002864797167965493,0.30812855495198843
8418,X010621_056_2,12l,Negative,medium,-0.0022896927344186087,-0.6072309324727045
8418,X010621_056_2,12l,Negative,long,-0.0004126222868914517,-1.0845351569267756
8428,X010621_099_3,cd,Negative,short,-0.0026011198684867303,0.2801636424041144
8428,X010621_099_3,cd,Negative,medium,-0.0013896991817604395,-0.32441869117830957
8428,X010621_099_3,cd,Negative,long,-0.0011486552400658753,-0.5341212800258427
8431,X010621_109_1,cd,Positive,short,0.0023057313681042924,-0.8436284336174672
8431,X010621_109_1,cd,Positive,medium,0.002147316262702985,-0.7437706186301299
8431,X010621_109_1,cd,Positive,long,0.0013287535686997266,-0.7742826745236376
8445,X010720_006_3,46v,Negative,short,-0.0022544428454012236,0.8181694721115037
8445,X010720_006_3,46v,Negative,medium,-0.0038609356869126563,-0.5457092156953731
8445,X010720_006_3,46v,Negative,long,-0.0027005070244651556,-1.3895254084800126
8446,X010720_007_1,46d,Negative,short,-0.003485517170707566,0.3452362137910667
8446,X010720_007_1,46d,Negative,medium,-0.001821163818818919,-0.11812715351267
8446,X010720_007_1,46d,Negative,long,-0.0028744219687288656,-1.0088956568532697
8450,X010720_046_3,12l,Negative,short,-0.002494161130178243,-0.8109804269053451
8450,X010720_046_3,12l,Negative,medium,-0.003334406709412565,-0.9676844053243143
8450,X010720_046_3,12l,Negative,long,-0.00012414514312371184,-1.6054639819259453
8457,X010720_066_3,45,Positive,short,0.0034535724838163752,-0.11479596026511414
8457,X010720_066_3,45,Positive,medium,0.0037358944447935575,-0.08664326668606943
8457,X010720_066_3,45,Positive,long,0.004031764006780829,0.07618870761806452
8461,X010720_079_4,45,Positive,short,0.0016630470553275877,0.02896917927919185
8461,X010720_079_4,45,Positive,medium,0.0028451799806422525,0.4117322833716603
8461,X010720_079_4,45,Positive,long,0.002816576191591138,1.8615541190355271
8462,X010720_089_1,6VaVb,Negative,short,-0.0013943913378126954,0.6838383023427976
8462,X010720_089_1,6VaVb,Negative,medium,-0.0012271526275724632,0.6352765153482953
8462,X010720_089_1,6VaVb,Negative,long,-0.0008173657464474723,0.20625957201805256
8466,X010720_096_6,8B,Negative,short,-0.002574059166002006,-0.47012168023562984
8466,X010720_096_6,8B,Negative,medium,-0.0013679015848634122,-1.2249392744110348
8466,X010720_096_6,8B,Negative,long,-0.0014021449751327043,-1.4273303297910833
8476,X010720_131_3,6DC,Negative,short,-0.0002153538616801275,-0.2678728267192506
8476,X010720_131_3,6DC,Negative,medium,-0.004302750348158848,-0.4151219912462197
8476,X010720_131_3,6DC,Negative,long,-0.0031945610053336834,-1.6891416188565
8479,X010720_157_3,24c,Positive,short,0.0014958594185115782,0.3326871325465763
8479,X010720_157_3,24c,Positive,medium,0.0041893998916812105,0.8261629858712035
8479,X010720_157_3,24c,Positive,long,0.002650938253439825,0.37015531025323306
8480,X010721_004_3,12m,Positive,short,0.003674986272064966,0.14450254892781625
8480,X010721_004_3,12m,Positive,medium,0.0043758126618872436,0.1792166837661166
8480,X010721_004_3,12m,Positive,long,0.004073399351756596,0.43166413821881255
8481,X010721_011_3,12r,Positive,short,0.0017809097118317604,-0.21983030283286664
8481,X010721_011_3,12r,Positive,medium,0.0024641544954798577,-0.3212888156870239
8481,X010721_011_3,12r,Positive,long,0.002978602948706971,0.8586540211754512
8486,X010721_033_2,13m,Negative,short,-0.0028365236864509387,-0.4422837220957137
8486,X010721_033_2,13m,Negative,medium,-0.0007837165971950789,-0.7058205019416111
8486,X010721_033_2,13m,Negative,long,-0.0006738743306704801,-0.8317170549748146
8508,X010721_085_2,pu,Negative,short,-0.00430387660121151,0.13706300495046744
8508,X010721_085_2,pu,Negative,medium,-0.0014115661276157996,-0.21396651203293174
8508,X010721_085_2,pu,Negative,long,-0.0019657285364236454,-0.1405201748545404
8514,X010721_103_7,AI,Positive,short,0.0015949206654528925,-0.616728954178323
8514,X010721_103_7,AI,Positive,medium,0.0006547522015234165,-0.3107874376975161
8514,X010721_103_7,AI,Positive,long,0.0007417005949067096,-0.09146161832111332
8520,X010721_109_4,cd,Positive,short,0.0019941360436610926,-0.899978087839985
8520,X010721_109_4,cd,Positive,medium,0.0032540962543181826,-0.8964802480481248
8520,X010721_109_4,cd,Positive,long,0.0012624618159656844,-0.6777671788774196
8538,X010820_014_2,46d,Negative,short,0.00018892580602789715,0.836767780183878
8538,X010820_014_2,46d,Negative,medium,-0.0008643865443021446,0.9722307858966948
8538,X010820_014_2,46d,Negative,long,-0.004040675734631647,0.08220458362303965
8540,X010820_019_3,12m,Negative,short,-0.002564862271732255,0.08774909831757058
8540,X010820_019_3,12m,Negative,medium,-0.0019364719116494898,-0.7185940469263398
8540,X010820_019_3,12m,Negative,long,-0.001342984190009639,-1.6787617648897473
8542,X010820_023_2,46df,Negative,short,-0.00019505947449217456,1.0697109018903406
8542,X010820_023_2,46df,Negative,medium,-0.0014100023523552887,0.7822285677351293
8542,X010820_023_2,46df,Negative,long,-0.0012515775410319873,0.6762120200448147
8543,X010820_029_2,46v,Negative,short,-0.0031716077284149827,0.10869300830644399
8543,X010820_029_2,46v,Negative,medium,-0.002919500253244481,-0.5316436024484985
8543,X010820_029_2,46v,Negative,long,-0.000914555280513864,-1.0486321100181033
8545,X010820_055_1,12l,Positive,short,0.003936024875079809,-0.06336416181071526
8545,X010820_055_1,12l,Positive,medium,0.003903203782462425,0.6871415502659065
8545,X010820_055_1,12l,Positive,long,0.003447865828944298,1.2760954830987679
8549,X010820_079_5,6VaVb,Positive,short,0.002894026800346081,-0.354062167828447
8549,X010820_079_5,6VaVb,Positive,medium,0.004327558752198456,0.6877738280971837
8549,X010820_079_5,6VaVb,Positive,long,0.0049078532179548506,1.5553524117431017
8552,X010820_089_3,6VaVb,Negative,short,-0.00254453779259653,-0.6633557229374106
8552,X010820_089_3,6VaVb,Negative,medium,-0.0011544945486878315,-0.3517983556001024
8552,X010820_089_3,6VaVb,Negative,long,-0.0002674532217039492,-0.925941575932225
8555,X010820_096_2,8B,Negative,short,-0.003860141803184869,-0.5829498130994145
8555,X010820_096_2,8B,Negative,medium,-0.002078236369726711,-1.1331580986893315
8555,X010820_096_2,8B,Negative,long,-0.00046265576888219,-1.2234493146918577
8561,X010820_106_5,6DC,Negative,short,-0.0020762587572447696,-0.41784722728154217
8561,X010820_106_5,6DC,Negative,medium,-0.0009315796632842385,-1.0384937113711916
8561,X010820_106_5,6DC,Negative,long,0.0001738547681842898,-1.3647059229963432
8564,X010821_006_3,11ml,Positive,short,0.0028093471426911126,0.311021178784337
8564,X010821_006_3,11ml,Positive,medium,0.0013762008844654546,0.8911006704047199
8564,X010821_006_3,11ml,Positive,long,0.0005006336936014881,0.829093338844185
8565,X010821_011_3,12r,Positive,short,0.002678671700882826,-0.2564793487858901
8565,X010821_011_3,12r,Positive,medium,0.004763799489958523,0.21921918401894133
8565,X010821_011_3,12r,Positive,long,0.003172848284825446,0.8604166573176963
8567,X010821_012_2,12m,Positive,short,0.004434689373381234,0.057302591950321155
8567,X010821_012_2,12m,Positive,medium,0.003914022140891416,0.04050011858235605
8567,X010821_012_2,12m,Positive,long,0.005538277154041925,0.49311655766436036
8568,X010821_014_3,11ml,Positive,short,0.0010148477277657792,-0.22337620202145894
8568,X010821_014_3,11ml,Positive,medium,0.0015346168620773504,-0.30571442071275595
8568,X010821_014_3,11ml,Positive,long,0.006844426716666279,0.7825934985891208
8569,X010821_015_2,11ml,Positive,short,0.004295155622190982,0.3889998540967182
8569,X010821_015_2,11ml,Positive,medium,0.0028282946635867006,0.7332057849056213
8569,X010821_015_2,11ml,Positive,long,0.0034874755242389486,0.6298573055233304
8570,X010821_016_2,11ml,Positive,short,0.004722323882299668,0.25010584809037917
8570,X010821_016_2,11ml,Positive,medium,0.0020915028279546266,1.3455878278975082
8570,X010821_016_2,11ml,Positive,long,0.0022938989754459653,0.7300432118673975
8575,X010821_032_3,13m,Positive,short,0.0018099675306497553,-1.119874849642771
8575,X010821_032_3,13m,Positive,medium,0.0031680979230062985,-0.2464006478463752
8575,X010821_032_3,13m,Positive,long,0.0024601632046352285,0.9622617957915199
8576,X010821_033_2,13m,Negative,short,-0.0030534647342389956,-0.5019803731593795
8576,X010821_033_2,13m,Negative,medium,-0.00028677460782743455,-0.786248073155392
8576,X010821_033_2,13m,Negative,long,-0.0011313799153990019,-0.8110759631171203
8577,X010821_039_3,13l,Negative,short,-0.0028533790010606486,0.6173603142743013
8577,X010821_039_3,13l,Negative,medium,-0.0019602143877602276,0.5570212183372983
8577,X010821_039_3,13l,Negative,long,-0.002150221441264975,-0.051426070328753834
8589,X010821_057_2,12o,Negative,short,-0.0017057429267678613,-0.764119339511766
8589,X010821_057_2,12o,Negative,medium,-0.0007579835035930858,-1.4770998875432324
8589,X010821_057_2,12o,Negative,long,-0.00040148538119527964,-1.8176693289529862
8596,X010821_068_3,12o,Positive,short,0.0008292034804439155,-0.801518109594526
8596,X010821_068_3,12o,Positive,medium,0.0010729242064116732,-0.5766865618266599
8596,X010821_068_3,12o,Positive,long,0.0007925415498360043,-0.5231441877249275
8600,X010821_091_5,AI,Negative,short,-0.0031314669215529068,0.4269964855269664
8600,X010821_091_5,AI,Negative,medium,-0.0027037190474016354,0.08937782509281098
8600,X010821_091_5,AI,Negative,long,-0.0020430066391652936,-0.9346331615565026
8603,X010821_097_5,cd,Positive,short,0.0018463056940106544,-0.40403690678106247
8603,X010821_097_5,cd,Positive,medium,0.005082758735915645,0.9719892371328317
8603,X010821_097_5,cd,Positive,long,0.002726836763791256,1.8218665399190392
8607,X010821_111_3,cd,Negative,short,-0.002609101737209195,0.36496565414404925
8607,X010821_111_3,cd,Negative,medium,-0.0019189803642866573,-0.4921975423653181
8607,X010821_111_3,cd,Negative,long,-0.0009866463175070412,-1.6396803379852245
8617,X010821_156_3,cd,Negative,short,-0.0029475293463796367,-0.9594834881606892
8617,X010821_156_3,cd,Negative,medium,-0.0004988927221512518,-1.1491997297512315
8617,X010821_156_3,cd,Negative,long,-0.0009330919908298055,-1.86202150494009
8620,X010920_005_3,46v,Negative,short,-0.003063450036791367,-0.5027687314846638
8620,X010920_005_3,46v,Negative,medium,0.0004273962590217488,-0.7172492445011107
8620,X010920_005_3,46v,Negative,long,-0.002958624536787977,-1.079394275418633
8623,X010920_011_3,12r,Negative,short,-0.003715559547643224,0.6235960518837459
8623,X010920_011_3,12r,Negative,medium,-0.002720206668179031,-0.16935829196889232
8623,X010920_011_3,12r,Negative,long,-0.0031541570074584174,-0.510937674381174
8625,X010920_014_2,46d,Positive,short,0.003387640545950182,1.259232969802747
8625,X010920_014_2,46d,Positive,medium,0.002457205713869057,1.450222434299361
8625,X010920_014_2,46d,Positive,long,0.0002370269239519159,0.6623815756024616
8634,X010920_031_4,46df,Negative,short,-0.002958313621247566,-0.3179272229569389
8634,X010920_031_4,46df,Negative,medium,-0.00010357931163367961,-0.45583652143366443
8634,X010920_031_4,46df,Negative,long,-0.0013058366314941696,-0.7035143226385117
8636,X010920_040_2,46df,Positive,short,0.0017654683909492223,-1.2777727763238247
8636,X010920_040_2,46df,Positive,medium,0.0031592428745833897,-1.0449816075737857
8636,X010920_040_2,46df,Positive,long,0.001742073844919612,0.05803437745713857
8642,X010920_066_4,45,Positive,short,0.0022072818979344444,-0.16043630205844445
8642,X010920_066_4,45,Positive,medium,0.004259246233994664,0.18368897907832596
8642,X010920_066_4,45,Positive,long,0.0033394682133286615,0.903016461936537
8645,X010920_079_4,6VaVb,Positive,short,0.0013877945617018906,-0.23728571681581018
8645,X010920_079_4,6VaVb,Positive,medium,0.0030536560995720625,-0.08565845747653414
8645,X010920_079_4,6VaVb,Positive,long,0.004828314058697362,1.2005945616920854
8650,X010920_096_4,8B,Positive,short,0.0018594605231938021,-1.0851657179845946
8650,X010920_096_4,8B,Positive,medium,0.0030242435708074263,-0.23020432739148222
8650,X010920_096_4,8B,Positive,long,0.004060171066610546,0.5603375214871837
8659,X010920_116_2,pu,Negative,short,-0.0013883669304046234,0.7622913837637412
8659,X010920_116_2,pu,Negative,medium,-0.001181753612192387,0.42653358179970124
8659,X010920_116_2,pu,Negative,long,-0.0012721599793909322,0.03990524697439829
8660,X010920_131_3,6DC,Positive,short,0.0011063542416129722,0.4709099685144107
8660,X010920_131_3,6DC,Positive,medium,0.001509522307745518,0.9622309100310537
8660,X010920_131_3,6DC,Positive,long,0.001278727178124161,1.0767542175365963
8663,X010920_156_2,24c,Positive,short,0.0017284769081540323,-0.5782522320652074
8663,X010920_156_2,24c,Positive,medium,0.0016135368174061652,-0.10026840395507385
8663,X010920_156_2,24c,Positive,long,0.00292674968952662,0.330589255818077
8668,X011121_011_2,12r,Positive,short,0.004793995553774557,0.18839572930660634
8668,X011121_011_2,12r,Positive,medium,0.003565887426030805,0.42136308321064514
8668,X011121_011_2,12r,Positive,long,0.003182774706563886,0.5120355379620501
8670,X011121_014_2,11ml,Positive,short,9.166303076755747e-05,-0.2624581873123635
8670,X011121_014_2,11ml,Positive,medium,0.004226704453377282,0.32627548886282515
8670,X011121_014_2,11ml,Positive,long,0.00485830393630827,0.5201004683078823
8675,X011121_032_2,13m,Positive,short,0.0031158655393651626,0.2664141086479897
8675,X011121_032_2,13m,Positive,medium,0.004284233166282149,0.9637939180894453
8675,X011121_032_2,13m,Positive,long,0.0012981946129336866,1.747983545114514
8677,X011121_033_1,13m,Negative,short,-0.0017375017844452752,-0.5593625025361925
8677,X011121_033_1,13m,Negative,medium,-0.0003598115139700518,-0.745731696957558
8677,X011121_033_1,13m,Negative,long,-0.0012918605033808,-0.7224487674712341
8679,X011121_039_6,13l,Negative,short,-0.0020845895239420334,0.2388521147125882
8679,X011121_039_6,13l,Negative,medium,-0.0017078290487900476,-0.1249182820436351
8679,X011121_039_6,13l,Negative,long,-0.0016767637729541193,-0.783263930746396
8689,X011121_060_3,AI,Positive,short,0.004091086275053909,0.049404889404054686
8689,X011121_060_3,AI,Positive,medium,0.0028684126126513505,0.015340836134471136
8689,X011121_060_3,AI,Positive,long,0.0006476089664777615,-0.23837830853406744
8693,X011121_067_3,12o,Positive,short,0.004784277577179298,0.8611857341687674
8693,X011121_067_3,12o,Positive,medium,0.0047695079049042376,0.9232695258579708
8693,X011121_067_3,12o,Positive,long,0.0036245488446764577,1.0625514463427013
8694,X011121_068_3,12o,Positive,short,0.001007886702992654,-0.7916477031001632
8694,X011121_068_3,12o,Positive,medium,0.0007887565849334793,-0.5271902010464629
8694,X011121_068_3,12o,Positive,long,0.00024844255978623937,-0.34351811075765953
8695,X011121_069_2,12o,Positive,short,0.002975979266487982,-0.15658480671858926
8695,X011121_069_2,12o,Positive,medium,0.0022131496319940107,-0.02889215148103651
8695,X011121_069_2,12o,Positive,long,0.0012331635336386255,0.029845045059152295
8700,X011121_091_2,AI,Negative,short,-0.0016503855980779063,1.0380143519210476
8700,X011121_091_2,AI,Negative,medium,-0.0036613355771531854,0.35270392348658225
8700,X011121_091_2,AI,Negative,long,-0.002842861386369427,-0.3728137373440095
8706,X011121_109_3,cd,Negative,short,-0.0030836998117487937,0.9622785356796959
8706,X011121_109_3,cd,Negative,medium,-0.0025485057505775987,0.23595489367855071
8706,X011121_109_3,cd,Negative,long,-0.0014748142836297723,-0.13675077200519345
8713,X011221_003_3,11ml,Negative,short,-0.002262787303341829,0.49096283047016825
8713,X011221_003_3,11ml,Negative,medium,-0.0020369506259537997,0.19939955260051406
8713,X011221_003_3,11ml,Negative,long,-0.0019352502729028471,-0.873863981122433
8715,X011221_014_3,11ml,Positive,short,0.004601915488768965,-0.2771696082816867
8715,X011221_014_3,11ml,Positive,medium,0.004984787387547069,0.3115317276454284
8715,X011221_014_3,11ml,Positive,long,0.007235929693842785,0.9401788625134656
8719,X011221_033_4,13m,Negative,short,-0.0014969893768713477,-0.42418772410895805
8719,X011221_033_4,13m,Negative,medium,-0.000907668741425472,-0.5449561583739821
8719,X011221_033_4,13m,Negative,long,-0.0012823090936227419,-0.8453542066493169
8729,X011221_057_3,12o,Negative,short,-0.0014571974676519065,-1.223507692135511
8729,X011221_057_3,12o,Negative,medium,-0.0008754432678615393,-1.4571229027035628
8729,X011221_057_3,12o,Negative,long,-0.00035407585849705266,-1.512174665432008
8733,X011221_068_3,12o,Positive,short,0.0010767355780448079,-0.7187404694305284
8733,X011221_068_3,12o,Positive,medium,0.0015115247232931268,-0.491797358331661
8733,X011221_068_3,12o,Positive,long,0.0014588553669792755,-0.34136299924950536
8734,X011221_069_3,12o,Positive,short,0.002211424958145735,-0.2147690632468486
8734,X011221_069_3,12o,Positive,medium,0.0021138933145097567,-0.04708284569246394
8734,X011221_069_3,12o,Positive,long,0.0015842464945802378,0.03819603603339046
8739,X011221_091_3,AI,Negative,short,-0.004123444757632002,1.2035562917094262
8739,X011221_091_3,AI,Negative,medium,-0.0005154869680803288,0.35065017135009674
8739,X011221_091_3,AI,Negative,long,-0.001516474022862381,-0.46889666429455057
8742,X011221_099_4,cd,Negative,short,-0.0019011503564529974,1.0807811664463876
8742,X011221_099_4,cd,Negative,medium,-0.000650223925678539,0.5781600385440249
8742,X011221_099_4,cd,Negative,long,-0.0016021231461851105,0.4474333637092222
8758,X011320_011_1,12r,Positive,short,0.0039253227369383855,-0.28556419206324485
8758,X011320_011_1,12r,Positive,medium,0.004356281564794024,0.03848793985284927
8758,X011320_011_1,12r,Positive,long,0.0051719994386958444,0.3267562714957023
8760,X011320_019_7,12m,Negative,short,-0.0017944262675702255,-0.06917500342236609
8760,X011320_019_7,12m,Negative,medium,-0.0004117396958350534,0.2280158542214277
8760,X011320_019_7,12m,Negative,long,-0.0003573671819208193,-0.6673856913150844
8763,X011320_027_1,12l,Negative,short,-0.00011537723712962344,-0.882057026995597
8763,X011320_027_1,12l,Negative,medium,-0.0008782429645996198,-1.0309596628000257
8763,X011320_027_1,12l,Negative,long,-0.0002303469493546878,-1.1962449145991474
8771,X011320_055_2,12l,Negative,short,-0.003875694794830687,0.6916506383337754
8771,X011320_055_2,12l,Negative,medium,-0.00518809202917955,-0.6862672389223056
8771,X011320_055_2,12l,Negative,long,-0.001313019072829383,-0.9111789641591926
8774,X011320_060_3,46d,Positive,short,0.0029701639547338645,0.9665052969506113
8774,X011320_060_3,46d,Positive,medium,0.00301000828470019,1.4343834170760175
8774,X011320_060_3,46d,Positive,long,0.0013516243445097058,1.6042312626632398
8775,X011320_066_1,45,Negative,short,-0.002416992156748173,-0.06292910168502176
8775,X011320_066_1,45,Negative,medium,-0.002956090103916106,-1.4362078368564613
8775,X011320_066_1,45,Negative,long,-0.0006019639738955562,-2.4725085867819887
8776,X011320_077_4,45,Negative,short,-0.0021528498885383706,0.11673395783495555
8776,X011320_077_4,45,Negative,medium,-0.001023572697788865,-0.4041824171154182
8776,X011320_077_4,45,Negative,long,-0.000953263892069706,-1.0144875860848959
8781,X011320_091_7,45,Negative,short,-0.0022995929685513776,-0.6774652460644242
8781,X011320_091_7,45,Negative,medium,-0.00015327419673088135,-1.1309960906001773
8781,X011320_091_7,45,Negative,long,0.0005947964312859565,-1.1846625316956276
8783,X011320_093_2,45,Positive,short,0.0021638669975791087,0.056261552322831025
8783,X011320_093_2,45,Positive,medium,0.002577092157503865,1.141413306634557
8783,X011320_093_2,45,Positive,long,0.0018431139452142512,2.1927869831662803
8784,X011320_096_1,8B,Positive,short,0.002169502190010062,0.29148507186970185
8784,X011320_096_1,8B,Positive,medium,0.001872970970391458,0.8331597371897761
8784,X011320_096_1,8B,Positive,long,0.002062036361201607,1.541626352637064
8787,X011320_106_1,6DC,Negative,short,-0.0019745770893388756,-0.5517121326839226
8787,X011320_106_1,6DC,Negative,medium,-0.0007462035120200741,-1.0580317216387605
8787,X011320_106_1,6DC,Negative,long,0.0005469781835804284,-1.1184049482750218
8788,X011320_107_3,6DC,Negative,short,-0.002459989635203088,-0.2125222895661688
8788,X011320_107_3,6DC,Negative,medium,-0.0016552388315118224,-0.5839334498091308
8788,X011320_107_3,6DC,Negative,long,-0.0019417516659231927,-0.7750445721103824
8789,X011320_109_3,6DR,Negative,short,-0.0016353156513322683,-0.5055373086459034
8789,X011320_109_3,6DR,Negative,medium,-0.001505262593612587,-1.0999745563441228
8789,X011320_109_3,6DR,Negative,long,-5.410761913743954e-05,-1.4597091702573906
8791,X011320_157_5,24c,Positive,short,0.0024783827917328294,0.2592079964498935
8791,X011320_157_5,24c,Positive,medium,0.0018650006544929704,0.8204845375487559
8791,X011320_157_5,24c,Positive,long,0.0020991431133524285,1.7914993515030517
8794,X011321_015_4,11ml,Positive,short,0.0029209192278610084,0.5869696458665842
8794,X011321_015_4,11ml,Positive,medium,0.001331545392235759,1.0306593770790418
8794,X011321_015_4,11ml,Positive,long,0.0003816351775651842,1.1197793359764403
8800,X011321_032_5,13m,Negative,short,-0.0017827434099744466,-0.5130603661665023
8800,X011321_032_5,13m,Negative,medium,-0.0018005315837866535,-0.6911254321546921
8800,X011321_032_5,13m,Negative,long,-0.0004584330757423621,-1.4228136595989425
8812,X011321_057_5,12o,Negative,short,-0.00106753422944688,-1.205288635315792
8812,X011321_057_5,12o,Negative,medium,-0.0020209525148677243,-1.420631854883248
8812,X011321_057_5,12o,Negative,long,-9.050551802805268e-05,-1.5217049631620208
8814,X011321_061_1,AI,Positive,short,0.00474011847216438,0.04673814261051285
8814,X011321_061_1,AI,Positive,medium,0.0018181877623834795,-0.3473832646679312
8814,X011321_061_1,AI,Positive,long,0.001779303057216913,1.6756916720537893
8820,X011321_069_3,12o,Positive,short,0.002361658240926188,-0.2686697150303203
8820,X011321_069_3,12o,Positive,medium,0.0019504973905814127,0.057839487691070134
8820,X011321_069_3,12o,Positive,long,0.0017041417957940458,0.029645149145894622
8822,X011321_077_2,12o,Positive,short,0.0016613244872741278,-0.4402372827981994
8822,X011321_077_2,12o,Positive,medium,0.0018385521180426965,-0.17356057605220349
8822,X011321_077_2,12o,Positive,long,0.0016885139984964346,0.1639499279435359
8826,X011321_086_5,cd,Negative,short,-0.0035303233803174352,0.5804372503506074
8826,X011321_086_5,cd,Negative,medium,0.00014910293845075704,0.20152511949280583
8826,X011321_086_5,cd,Negative,long,-0.0026299255655598203,-1.00312697036291
8831,X011321_099_1,cd,Negative,short,-0.0022289646230836757,1.2011840896876202
8831,X011321_099_1,cd,Negative,medium,-0.004503852308893806,1.0942287022545631
8831,X011321_099_1,cd,Negative,long,-0.0002901638288206139,-0.18145171510015565
8832,X011321_108_4,cd,Negative,short,-0.0016602903367112893,-0.2086558747213774
8832,X011321_108_4,cd,Negative,medium,0.0004497750545341321,-0.7180353630699849
8832,X011321_108_4,cd,Negative,long,-0.0001007002962266157,-0.6712810932697353
8833,X011321_109_2,cd,Negative,short,-0.00283081652911422,0.7090843331140231
8833,X011321_109_2,cd,Negative,medium,-0.0023927809666914844,0.18524318882911164
8833,X011321_109_2,cd,Negative,long,-0.0015617254800724218,-0.2410520237569113
8837,X011321_119_1,AMG,Negative,short,-0.00014761477907168026,-0.5749305112290501
8837,X011321_119_1,AMG,Negative,medium,-0.0003403822145747583,-0.5475485419076612
8837,X011321_119_1,AMG,Negative,long,-0.00041813569202588325,-0.7014475927475883
8840,X011321_130_3,AMG,Negative,short,-0.001382757984761601,-0.17304068766915923
8840,X011321_130_3,AMG,Negative,medium,-0.0015201407777017755,-0.47344496570366396
8840,X011321_130_3,AMG,Negative,long,-0.0017179282386678072,-0.8910019586781681
8852,X011420_015_3,46v,Positive,short,0.003299682786246302,0.049286283131924374
8852,X011420_015_3,46v,Positive,medium,0.002287954386097856,1.2893295618604725
8852,X011420_015_3,46v,Positive,long,0.0015808956845652878,2.2591164336228333
8856,X011420_028_3,12l,Positive,short,0.0010855043142296893,0.24137720977552768
8856,X011420_028_3,12l,Positive,medium,0.0035179103596495393,0.6001437358980837
8856,X011420_028_3,12l,Positive,long,0.006080036248711861,1.8349525637912274
8861,X011420_055_2,12l,Negative,short,-0.001977483192171014,0.23304913862036564
8861,X011420_055_2,12l,Negative,medium,-0.00507489974109344,-0.018055282495203065
8861,X011420_055_2,12l,Negative,long,-0.0025049528957801037,-0.7301299416211383
8867,X011420_079_3,6VaVb,Negative,short,-0.0016426258075211576,0.4238248019631127
8867,X011420_079_3,6VaVb,Negative,medium,-0.002679817943706726,-0.2346566233384158
8867,X011420_079_3,6VaVb,Negative,long,-0.005597647605474931,-0.8811757423761556
8870,X011420_091_4,45,Negative,short,-0.0009346890659774823,0.10653280139050002
8870,X011420_091_4,45,Negative,medium,-0.002876263622136366,0.14871510498368254
8870,X011420_091_4,45,Negative,long,-0.004436201320884318,-0.5108428526384611
8874,X011420_103_2,45,Negative,short,-0.0025080999059092553,1.1255707758387392
8874,X011420_103_2,45,Negative,medium,-0.005180286468596374,-0.21537649793358218
8874,X011420_103_2,45,Negative,long,-0.0020375112711537467,-1.3268832777581874
8876,X011420_107_4,6DC,Negative,short,-0.0027665277616638283,-0.181047213148605
8876,X011420_107_4,6DC,Negative,medium,-0.0018998126980064708,-0.6930734079246705
8876,X011420_107_4,6DC,Negative,long,-0.0008439011451215513,-1.099739176163856
8877,X011420_116_3,pu,Negative,short,-0.0013117202704577098,-0.4092513254915976
8877,X011420_116_3,pu,Negative,medium,-0.0009340935643049439,-0.6152669078052143
8877,X011420_116_3,pu,Negative,long,-6.974478739662741e-05,-0.5548796138033494
8888,X011421_043_3,13m,Negative,short,-0.0005378171536625707,-0.12592067526037046
8888,X011421_043_3,13m,Negative,medium,-0.0004750087643688851,-0.38253364998369965
8888,X011421_043_3,13m,Negative,long,-0.0004953456107194463,-0.6138899327316221
8895,X011421_057_2,12o,Negative,short,-0.0014797409274608536,-1.0697540023957632
8895,X011421_057_2,12o,Negative,medium,-0.001062690252031424,-1.1376943528751366
8895,X011421_057_2,12o,Negative,long,-0.0004205056267743715,-1.624936721487569
8897,X011421_063_3,13l,Negative,short,-0.001794747833140399,-0.021229118372427188
8897,X011421_063_3,13l,Negative,medium,-0.0009048782112910712,-0.3701564240958073
8897,X011421_063_3,13l,Negative,long,-0.0005698508029405118,-0.6058868977571288
8899,X011421_069_2,12o,Positive,short,0.002650510206827816,-0.2304047453721804
8899,X011421_069_2,12o,Positive,medium,0.0021905978587212515,-0.013008645385466578
8899,X011421_069_2,12o,Positive,long,0.0016176713788824976,0.19886519601218824
8916,X011421_124_2,cd,Positive,short,0.0021026460856185493,0.148137903045183
8916,X011421_124_2,cd,Positive,medium,0.0012709764373288566,1.130165336879835
8916,X011421_124_2,cd,Positive,long,0.0021622893253780747,2.5901173442453396
8931,X011520_023_3,46v,Negative,short,-0.003443463425299097,0.8938558503478679
8931,X011520_023_3,46v,Negative,medium,-0.00042599199581063113,0.16813679405828216
8931,X011520_023_3,46v,Negative,long,-0.002652588033856447,-0.14881001195592183
8932,X011520_028_3,12l,Negative,short,-0.0009442832200076616,-1.134234158052581
8932,X011520_028_3,12l,Negative,medium,-0.0004537485254683956,-1.165269504767686
8932,X011520_028_3,12l,Negative,long,0.0001828693666272104,-1.0774631345529921
8941,X011520_091_2,45,Positive,short,0.0016958511558480634,-0.6274721636537605
8941,X011520_091_2,45,Positive,medium,0.0018842797514708515,0.9171311041912042
8941,X011520_091_2,45,Positive,long,0.0029437743081193062,2.7687913169480005
8942,X011520_096_4,8B,Positive,short,0.0015285652125635795,0.0011816692175173175
8942,X011520_096_4,8B,Positive,medium,0.002818887966535619,0.7662318462309669
8942,X011520_096_4,8B,Positive,long,0.002167860441219457,1.3594591551136455
8958,X011521_028_4,12l,Positive,short,0.002665171456612259,-0.33555544498731993
8958,X011521_028_4,12l,Positive,medium,0.003959982896162412,0.15157763591228354
8958,X011521_028_4,12l,Positive,long,0.004977004595809296,1.2480025857318187
8969,X011521_063_3,13l,Negative,short,-0.0013804696526307464,-0.12560826766528593
8969,X011521_063_3,13l,Negative,medium,-0.0010816440850995549,-0.3899721977578518
8969,X011521_063_3,13l,Negative,long,-0.0005045629786410212,-0.6014822240974661
8973,X011521_069_4,12o,Positive,short,0.002794974433722106,-0.1992073028139962
8973,X011521_069_4,12o,Positive,medium,0.0020345883071667507,0.05923130338704386
8973,X011521_069_4,12o,Positive,long,0.0015611745769443968,0.275037716426414
8977,X011521_078_2,12o,Positive,short,0.0030722429328679415,-0.17941313915066234
8977,X011521_078_2,12o,Positive,medium,0.004237057831902868,-0.21001066611041494
8977,X011521_078_2,12o,Positive,long,0.0021883872574810725,0.666337261515702
8988,X011521_120_4,AMG,Negative,short,-0.0022758971674719706,0.8386382742718284
8988,X011521_120_4,AMG,Negative,medium,-0.002313597536613617,-0.05198118039952109
8988,X011521_120_4,AMG,Negative,long,-0.0016057035512634806,-0.5413203218799958
8995,X011620_003_2,12r,Negative,short,-0.0013066542521569342,0.6701657076632781
8995,X011620_003_2,12r,Negative,medium,-0.0018118713883885516,0.40207121820718256
8995,X011620_003_2,12r,Negative,long,-0.0015237068840852424,0.345998378929228
8998,X011620_019_2,12m,Positive,short,0.0011103804297775198,-0.49461462300467596
8998,X011620_019_2,12m,Positive,medium,0.00244187254579003,0.49403813613668557
8998,X011620_019_2,12m,Positive,long,0.003935548060074809,1.9216574759729292
8999,X011620_028_2,12l,Negative,short,-0.0005770500651397026,-0.7446113924020142
8999,X011620_028_2,12l,Negative,medium,-5.52407152072138e-05,-0.8071887679584014
8999,X011620_028_2,12l,Negative,long,5.115343460388941e-05,-0.6950541298321995
9010,X011620_079_3,6VaVb,Positive,short,0.0014896169369642324,-0.8095131796753126
9010,X011620_079_3,6VaVb,Positive,medium,0.0036850291902537427,0.21508176161360598
9010,X011620_079_3,6VaVb,Positive,long,0.004243160086554113,-0.21700691419596257
9015,X011620_096_4,8B,Positive,short,0.0019471655689512128,-0.7686960697937261
9015,X011620_096_4,8B,Positive,medium,0.0021339808197806745,-0.16847278189079481
9015,X011620_096_4,8B,Positive,long,0.002540235382569151,0.6278357805932923
9022,X011620_134_3,cd,Positive,short,0.0031405248776144212,0.43762106315367244
9022,X011620_134_3,cd,Positive,medium,0.00027925430859833487,1.4006181563593187
9022,X011620_134_3,cd,Positive,long,0.0009978351836522118,2.0216077035556417
9033,X011720_045_3,12o,Positive,short,0.0026165142610832075,-0.1434561025138988
9033,X011720_045_3,12o,Positive,medium,0.002290787862950169,0.3162932403032325
9033,X011720_045_3,12o,Positive,long,0.0013910425950928369,1.5573845551335277
9034,X011720_060_3,46d,Negative,short,-0.004033942578504156,0.08210872251911557
9034,X011720_060_3,46d,Negative,medium,-0.0028839984409214717,0.6025366897293996
9034,X011720_060_3,46d,Negative,long,-0.0037546410386328733,-0.5737501187009827
9035,X011720_069_3,AI,Positive,short,0.0018309965681264147,0.024922674729332083
9035,X011720_069_3,AI,Positive,medium,0.0037198030536275757,0.1052288083572091
9035,X011720_069_3,AI,Positive,long,0.005293455858953353,0.5992125809411929
9038,X011720_089_3,6VaVb,Negative,short,-0.00150416029584741,0.5592740505713716
9038,X011720_089_3,6VaVb,Negative,medium,-0.0011663630736803124,0.3087086829282467
9038,X011720_089_3,6VaVb,Negative,long,-0.001044826493473007,0.03978943097220731
9039,X011720_091_2,45,Negative,short,-0.0011910415340877602,0.5650369429654022
9039,X011720_091_2,45,Negative,medium,-0.002626085338730294,0.01638118326309495
9039,X011720_091_2,45,Negative,long,-0.0011039567317028085,-0.2095338470656417
9041,X011720_091_7,45,Negative,short,-0.0014292328143445132,-0.6411931941234108
9041,X011720_091_7,45,Negative,medium,-0.00124071612311886,-0.8574527819918317
9041,X011720_091_7,45,Negative,long,-0.0001337135454971017,-1.2213984011810353
9046,X011720_103_3,45,Negative,short,-0.000998382799680296,-0.5123384710828992
9046,X011720_103_3,45,Negative,medium,-0.0013593057710748536,-0.6966899408340553
9046,X011720_103_3,45,Negative,long,-0.0008769204904637446,-1.023228224819393
9054,X012021_028_3,12l,Positive,short,0.002011231914622663,-0.3080765240750084
9054,X012021_028_3,12l,Positive,medium,0.00543022455969146,0.3372344682489006
9054,X012021_028_3,12l,Positive,long,0.005647706558328836,1.4432514267384746
9064,X012021_057_6,12o,Negative,short,-0.001626628930237884,-0.9334612287140874
9064,X012021_057_6,12o,Negative,medium,-0.0005198121177220433,-1.198469361727329
9064,X012021_057_6,12o,Negative,long,-0.0003393268473508762,-1.3925613363253297
9065,X012021_061_2,AI,Positive,short,0.004548254916918575,0.6293850363729624
9065,X012021_061_2,AI,Positive,medium,0.0034934684635180417,0.8723546078795886
9065,X012021_061_2,AI,Positive,long,0.001174776496464625,1.1666693088913123
9067,X012021_063_3,13l,Negative,short,-0.0018390560250643772,0.040422339162561396
9067,X012021_063_3,13l,Negative,medium,-0.0009339703166983877,-0.29838357059290466
9067,X012021_063_3,13l,Negative,long,-0.00048234176209483934,-0.6388270422543543
9071,X012021_069_3,12o,Positive,short,0.002416911241394424,-0.1720043217813716
9071,X012021_069_3,12o,Positive,medium,0.0019834117437601186,0.037171212240481
9071,X012021_069_3,12o,Positive,long,0.0019773069611101904,0.21956352532408147
9073,X012021_097_3,cd,Positive,short,0.0035509993843001373,-0.009783589992418067
9073,X012021_097_3,cd,Positive,medium,0.0033709126410480083,0.31030353116872605
9073,X012021_097_3,cd,Positive,long,0.002800596433530835,0.40591506302796815
9074,X012021_100_3,cd,Negative,short,-0.00415376164597499,0.09100346052949433
9074,X012021_100_3,cd,Negative,medium,-0.0020867511162466607,-0.2659552384542918
9074,X012021_100_3,cd,Negative,long,-0.0032972983786182693,-0.6425922534113964
9080,X012021_122_3,pu,Negative,short,-0.0026856281917386074,0.5005309388348321
9080,X012021_122_3,pu,Negative,medium,-0.0015315006689347618,-0.23817039389433858
9080,X012021_122_3,pu,Negative,long,-0.0010101594814511537,-0.3928224477458268
9087,X012021_146_5,cd,Positive,short,0.0008301305157087962,-0.8404960832163418
9087,X012021_146_5,cd,Positive,medium,0.0013861133649942558,-0.7267720571373545
9087,X012021_146_5,cd,Positive,long,0.001156077603287015,-0.7765254002442574
9091,X012120_014_3,46v,Negative,short,0.0011719995742275518,1.4978349527124062
9091,X012120_014_3,46v,Negative,medium,-0.00293839856517951,0.5560579668035492
9091,X012120_014_3,46v,Negative,long,-0.005066428432347314,-0.2648125235506561
9092,X012120_027_4,12l,Positive,short,0.004131856048812345,0.20458645879185625
9092,X012120_027_4,12l,Positive,medium,0.00391033620207862,0.39736246644052836
9092,X012120_027_4,12l,Positive,long,0.003982618004103047,0.6090720971844225
9093,X012120_028_3,12l,Positive,short,0.004305783066676805,-0.20234661375539698
9093,X012120_028_3,12l,Positive,medium,0.003957182099078431,-0.47486470458632374
9093,X012120_028_3,12l,Positive,long,0.004200618820785147,-0.5123383679571322
9097,X012120_059_3,46v,Negative,short,-0.00027937745527261435,0.24578391653005213
9097,X012120_059_3,46v,Negative,medium,-0.003942018402189769,-0.5507833249777859
9097,X012120_059_3,46v,Negative,long,-0.006393002511590173,-1.6081963345414638
9098,X012120_074_2,cd,Positive,short,0.0022161944230645707,0.07886669580040565
9098,X012120_074_2,cd,Positive,medium,0.002306408038712047,1.1378700211768142
9098,X012120_074_2,cd,Positive,long,-6.57937976862093e-05,1.585061028674121
9103,X012120_089_4,6VaVb,Negative,short,-0.0006414068568325873,0.32134107402460954
9103,X012120_089_4,6VaVb,Negative,medium,-0.0013135952362566755,-0.09979840025488604
9103,X012120_089_4,6VaVb,Negative,long,-0.001758163547867382,-0.3901539883880834
9109,X012120_104_3,45,Negative,short,-0.0012639606109370771,0.6094027367449938
9109,X012120_104_3,45,Negative,medium,-0.0026448046034566602,-0.45905203721621624
9109,X012120_104_3,45,Negative,long,-0.0008267132514261187,-1.3140242413157432
9110,X012120_106_2,6DC,Negative,short,-0.0002902994988116861,-0.5502912528602136
9110,X012120_106_2,6DC,Negative,medium,-0.00040468846350108625,-1.1857284274751851
9110,X012120_106_2,6DC,Negative,long,-0.0008514016551726713,-1.7354703003078848
9112,X012120_118_4,pu,Positive,short,0.0012349695472852612,0.16568652338413414
9112,X012120_118_4,pu,Positive,medium,0.0023228055841191917,1.146904383195617
9112,X012120_118_4,pu,Positive,long,0.003728539308742722,2.2326078780875624
9113,X012120_153_2,pu,Negative,short,-0.0009279034553218815,-0.518161517013168
9113,X012120_153_2,pu,Negative,medium,-0.0008325215694313398,-0.7502769493496358
9113,X012120_153_2,pu,Negative,long,0.0001736272829937689,-1.1543980717857347
9115,X012121_028_3,12l,Positive,short,0.0028139869454033,0.39330377584586623
9115,X012121_028_3,12l,Positive,medium,0.003151188878601273,-0.1557876418546902
9115,X012121_028_3,12l,Positive,long,0.001881092874084569,0.1667075359642958
9118,X012121_042_2,13l,Positive,short,0.0035000175333068065,0.42367483645107307
9118,X012121_042_2,13l,Positive,medium,0.0025900126738578563,0.5992493018452607
9118,X012121_042_2,13l,Positive,long,0.0032842523561101987,0.7239150524560901
9127,X012121_069_3,12o,Positive,short,0.002885433427897372,-0.16723482285668073
9127,X012121_069_3,12o,Positive,medium,0.0017360281546488718,0.07873724600995198
9127,X012121_069_3,12o,Positive,long,0.001619575448264852,0.15603262072431676
9135,X012121_097_3,cd,Positive,short,0.0023873847219819336,0.1731081394038586
9135,X012121_097_3,cd,Positive,medium,0.0025892173850944776,0.09164147443771858
9135,X012121_097_3,cd,Positive,long,0.00172530588226522,0.380446100555338
9138,X012121_112_3,cd,Negative,short,-0.0070968065252403414,1.328736169302461
9138,X012121_112_3,cd,Negative,medium,0.002799026962631973,0.0878056477561218
9138,X012121_112_3,cd,Negative,long,-0.0031811172723629974,-0.8013319239483685
9139,X012121_122_1,pu,Negative,short,-0.0029293495289585926,0.7056923287970241
9139,X012121_122_1,pu,Negative,medium,-0.0016378184153753932,0.07940759439018057
9139,X012121_122_1,pu,Negative,long,-0.0016115813133979477,-0.38669405045288424
9142,X012121_138_4,AMG,Negative,short,-0.003845238943562349,-0.2563378071403146
9142,X012121_138_4,AMG,Negative,medium,-0.00029136866494196723,-0.9291577348594062
9142,X012121_138_4,AMG,Negative,long,-0.0007180154791862194,-0.8645814792090367
9153,X012220_008_3,46v,Negative,short,-0.003439919567161226,0.22945387560499214
9153,X012220_008_3,46v,Negative,medium,-0.001373462486479995,-0.36418842253416234
9153,X012220_008_3,46v,Negative,long,-0.0004161826193003695,-0.21262189580679455
9158,X012220_037_2,12o,Positive,short,0.0022386698827319665,-0.39195145896485634
9158,X012220_037_2,12o,Positive,medium,0.002465418606869071,-0.4781647337569784
9158,X012220_037_2,12o,Positive,long,0.003334658770735803,-0.2515197660593462
9163,X012220_066_3,45,Negative,short,-0.002380505622513604,0.6503537854320368
9163,X012220_066_3,45,Negative,medium,-0.0026501515186374003,0.14053375807787585
9163,X012220_066_3,45,Negative,long,-0.0010302015968718286,-0.7497099421286146
9164,X012220_066_4,45,Negative,short,-0.0018700382824908335,0.3031505977651825
9164,X012220_066_4,45,Negative,medium,-0.0018349837176655996,-0.2376637919170599
9164,X012220_066_4,45,Negative,long,-0.0012372763287863857,-0.7328699973726431
9176,X012220_093_4,44,Positive,short,0.0007534818800780531,-0.5223817818375078
9176,X012220_093_4,44,Positive,medium,0.0004278563186969877,-0.9032142732583742
9176,X012220_093_4,44,Positive,long,0.0005029369051245942,-0.8791734963010829
9181,X012220_097_5,8B,Positive,short,-0.00019431320141877678,-0.5585518471661106
9181,X012220_097_5,8B,Positive,medium,0.0007915815008241493,-0.10738957720025061
9181,X012220_097_5,8B,Positive,long,0.0019367407412368295,0.6452211200650131
9186,X012220_104_2,45,Negative,short,-0.001964293189297203,-0.5205130058274094
9186,X012220_104_2,45,Negative,medium,-0.00045370573970176484,-0.9477966310775617
9186,X012220_104_2,45,Negative,long,-6.056636252445913e-05,-1.1479787231483396
9191,X012220_118_6,pu,Positive,short,0.0009996860660947996,0.12102258424714328
9191,X012220_118_6,pu,Positive,medium,0.0023037405761721346,1.3058808140469074
9191,X012220_118_6,pu,Positive,long,0.002612772000402617,2.347271033214055
9193,X012220_152_1,pu,Positive,short,0.0015202232792661317,0.0007567886187975449
9193,X012220_152_1,pu,Positive,medium,0.000858093677718808,0.5585079827833458
9193,X012220_152_1,pu,Positive,long,0.001502439346822316,0.3596441634215326
9197,X012221_028_1,12l,Positive,short,0.0017172561988021485,-0.37095393752834194
9197,X012221_028_1,12l,Positive,medium,0.0023812353529697548,-0.2668767293912053
9197,X012221_028_1,12l,Positive,long,0.004157975201815591,-0.006528437862826663
9198,X012221_028_5,12l,Positive,short,0.004006752206742698,0.07052337374268355
9198,X012221_028_5,12l,Positive,medium,0.0036256578854855313,0.21268163740204124
9198,X012221_028_5,12l,Positive,long,0.003695210638005312,1.071836514986537
9199,X012221_030_2,13l,Negative,short,-0.002300905062083058,0.47360099337455785
9199,X012221_030_2,13l,Negative,medium,-0.005714504728443363,-0.08950908102727373
9199,X012221_030_2,13l,Negative,long,-0.001418004706318836,0.06679595865895867
9236,X012221_135_5,cd,Positive,short,-0.00024037046434497355,-0.1710974221836819
9236,X012221_135_5,cd,Positive,medium,0.0038848095817807446,0.6710609651183068
9236,X012221_135_5,cd,Positive,long,0.0016919082380151803,2.1634858672115054
9249,X012320_027_6,12l,Positive,short,0.0008869372533363299,-0.38336319067420904
9249,X012320_027_6,12l,Positive,medium,0.0015920658398879295,0.3619310073196166
9249,X012320_027_6,12l,Positive,long,0.003226324772467365,1.5315869705202971
9274,X012320_103_3,45,Positive,short,0.004806567368784829,-0.3544390972629313
9274,X012320_103_3,45,Positive,medium,0.0025141948704658582,-0.6547295912226062
9274,X012320_103_3,45,Positive,long,0.0017964329123256481,-1.0633053254962166
9275,X012320_104_3,45,Positive,short,-0.0013457022970924366,-0.6007496330781705
9275,X012320_104_3,45,Positive,medium,0.0017074934676088258,-0.7802538284892448
9275,X012320_104_3,45,Positive,long,0.005103891038153476,0.5431439938845374
9285,X012420_004_1,12r,Negative,short,-0.001186145241645068,1.3499698669660507
9285,X012420_004_1,12r,Negative,medium,-0.003669211715079073,0.7501554224158199
9285,X012420_004_1,12r,Negative,long,-0.0023820188825987047,0.13696269454450397
9296,X012420_027_1,12l,Negative,short,-0.002460239843846684,0.2583715747019118
9296,X012420_027_1,12l,Negative,medium,-0.0012673955617960298,-0.18027971310188204
9296,X012420_027_1,12l,Negative,long,-0.0017228675370416253,-0.6600779739856262
9297,X012420_028_5,12l,Positive,short,0.0014283718386609208,0.5583879590226638
9297,X012420_028_5,12l,Positive,medium,0.001973518453002053,1.0393252278524707
9297,X012420_028_5,12l,Positive,long,0.0021728079897817758,1.8934417437396311
9299,X012420_038_4,13l,Negative,short,0.0006089950552292502,1.6537675706796757
9299,X012420_038_4,13l,Negative,medium,-0.002146733245240434,1.078685720555001
9299,X012420_038_4,13l,Negative,long,-0.0029648979201733,0.01666522276262945
9303,X012420_066_5,12l,Positive,short,0.003152608270339997,-0.6488579419075811
9303,X012420_066_5,12l,Positive,medium,0.003728138569493085,-0.5652957091052953
9303,X012420_066_5,12l,Positive,long,0.003739751689518285,-0.37653066927596957
9307,X012420_077_4,45,Negative,short,-0.0014118775776962454,-0.7945764784804993
9307,X012420_077_4,45,Negative,medium,-0.00015855728241217175,-1.2636278826067728
9307,X012420_077_4,45,Negative,long,-0.0009584031467524039,-1.286968273846758
9318,X012420_101_5,6VaVb,Negative,short,-0.003772835672393576,-0.2615689918433336
9318,X012420_101_5,6VaVb,Negative,medium,-0.00415556967445932,-0.5557276127602713
9318,X012420_101_5,6VaVb,Negative,long,-0.0013329618856584402,-1.1757816864726152
9319,X012420_103_5,45,Positive,short,0.004438701251671799,1.140645687572562
9319,X012420_103_5,45,Positive,medium,0.0002711631478435288,0.8037031302337043
9319,X012420_103_5,45,Positive,long,-0.001448845644810884,0.1764752649778862
9325,X012420_117_6,pu,Positive,short,0.00037672340198078463,-0.9807611079065256
9325,X012420_117_6,pu,Positive,medium,0.0012679777539806464,-0.7249874642177697
9325,X012420_117_6,pu,Positive,long,0.0023641949488769237,-0.033970842346611116
9326,X012420_119_3,pu,Positive,short,0.002244823148729573,-0.3000337672198299
9326,X012420_119_3,pu,Positive,medium,0.0039283702376479,0.12380602735006785
9326,X012420_119_3,pu,Positive,long,0.002778135740759942,0.3080388736883419
9327,X012420_119_4,pu,Negative,short,-0.0034366261642888797,0.395755937479486
9327,X012420_119_4,pu,Negative,medium,-0.0016905582156624783,-0.41787047969632957
9327,X012420_119_4,pu,Negative,long,-0.0002699830100069532,-0.83449428976078
9328,X012420_121_3,cd,Negative,short,-0.001233909358501263,-0.426769951033017
9328,X012420_121_3,cd,Negative,medium,-0.00024169178626980682,-0.6110284289782139
9328,X012420_121_3,cd,Negative,long,2.5676888241730283e-05,-0.5616193754899125
9336,X012521_021_5,11ml,Negative,short,-0.0023331898308314833,-0.6495628863713121
9336,X012521_021_5,11ml,Negative,medium,-0.0030544015107783614,-1.1559181048778222
9336,X012521_021_5,11ml,Negative,long,-0.0009025854591702495,-1.354519465997096
9338,X012521_028_3,12l,Positive,short,0.004830312733633616,0.07285031656069858
9338,X012521_028_3,12l,Positive,medium,0.0029636610810868567,0.07254905658390547
9338,X012521_028_3,12l,Positive,long,0.0032600099764457297,0.5119472929945188
9348,X012521_068_2,12o,Positive,short,0.002387460355575198,-0.24256589999011782
9348,X012521_068_2,12o,Positive,medium,0.0014392742899883434,-0.04003645279385675
9348,X012521_068_2,12o,Positive,long,0.0012590383557077101,0.16192161250908313
9354,X012521_080_3,12o,Negative,short,-0.00045998005640817655,-0.8479525819792724
9354,X012521_080_3,12o,Negative,medium,-0.00035859734510073325,-0.9201984479899414
9354,X012521_080_3,12o,Negative,long,-0.00013424536193602112,-1.027203012127646
9355,X012521_080_5,12o,Positive,short,0.0016235870991310546,-0.7272093718783921
9355,X012521_080_5,12o,Positive,medium,0.0028169728038434766,-0.013280063472415464
9355,X012521_080_5,12o,Positive,long,0.0032350394701040944,0.7426323364372559
9362,X012521_130_2,AMG,Negative,short,-0.0031306225008274125,-0.5514409807103898
9362,X012521_130_2,AMG,Negative,medium,-0.0017320908927779453,-0.6622522575829175
9362,X012521_130_2,AMG,Negative,long,-0.0004611258115778485,-1.2573552202067637
9373,X012621_015_3,11ml,Positive,short,0.002749095781156756,0.07865669461356138
9373,X012621_015_3,11ml,Positive,medium,0.001970073216803542,0.11904216097663359
9373,X012621_015_3,11ml,Positive,long,0.0016134714165979159,0.09230260944986458
9382,X012621_044_2,13m,Negative,short,-0.0030747433728332456,0.7965879053269287
9382,X012621_044_2,13m,Negative,medium,-0.0018276061738781689,0.03492324138463114
9382,X012621_044_2,13m,Negative,long,-0.002806670931946735,0.5392566846283432
9403,X012621_119_3,AMG,Positive,short,0.0027044035362591835,0.1418612151977741
9403,X012621_119_3,AMG,Positive,medium,0.0013795217639793664,0.3124586657805759
9403,X012621_119_3,AMG,Positive,long,0.0019166509017482412,-0.045562243617646096
9410,X012621_141_2,AMG,Negative,short,-0.002170017800680749,-0.8221652340422851
9410,X012621_141_2,AMG,Negative,medium,-0.0007408034830412169,-1.196814785880376
9410,X012621_141_2,AMG,Negative,long,-0.000669740854446047,-1.6465185170562413
9414,X012621_144_4,cd,Positive,short,0.0017928952878526094,-0.43512580556967007
9414,X012621_144_4,cd,Positive,medium,0.0032947711971440027,0.1208463109525683
9414,X012621_144_4,cd,Positive,long,0.0008852979838689956,0.6689917768371879
9432,X012720_066_1,12l,Positive,short,0.0036325516106303778,-0.5562138405349165
9432,X012720_066_1,12l,Positive,medium,0.003297044917113959,-0.41729179001374544
9432,X012720_066_1,12l,Positive,long,0.004252714971152029,-0.20121262728925424
9441,X012720_096_3,8B,Positive,short,0.0028730679810313096,0.16626343901072335
9441,X012720_096_3,8B,Positive,medium,0.006108563954836429,0.21212672657440237
9441,X012720_096_3,8B,Positive,long,0.00505467218341868,0.3405098675679688
9451,X012721_012_3,12m,Positive,short,0.002855148389304626,0.0597005778383297
9451,X012721_012_3,12m,Positive,medium,0.0038355103467588767,0.26374061960268286
9451,X012721_012_3,12m,Positive,long,0.004083745985237597,0.32884645137855295
9459,X012721_034_2,13m,Positive,short,0.0035151595399454585,0.25964044013367454
9459,X012721_034_2,13m,Positive,medium,0.002665771752880271,0.34957388465288103
9459,X012721_034_2,13m,Positive,long,0.0037911158954901957,1.3449188912668562
9485,X012721_080_4,12o,Negative,short,-0.002223320204478096,1.2229889660032338
9485,X012721_080_4,12o,Negative,medium,-0.002631367136187647,0.4853247679179587
9485,X012721_080_4,12o,Negative,long,-0.0023009189424296013,-0.014693805680977499
9502,X012721_141_4,AMG,Negative,short,-0.0029977303736207386,-1.050538899423477
9502,X012721_141_4,AMG,Negative,medium,-0.002296785601260803,-1.4266621739217724
9502,X012721_141_4,AMG,Negative,long,-0.0012886506753047174,-1.67666469854047
9519,X012820_066_2,12l,Positive,short,0.0039218376609649,-0.4872348038681137
9519,X012820_066_2,12l,Positive,medium,0.003621959967953373,-0.45621404464212484
9519,X012820_066_2,12l,Positive,long,0.0036132395114861346,-0.44924998528158644
9521,X012820_074_3,cd,Positive,short,0.0028056066650748086,0.6245955655137433
9521,X012820_074_3,cd,Positive,medium,0.00041706912520223075,1.428877280476486
9521,X012820_074_3,cd,Positive,long,0.0011919014946840981,1.9590092554266956
9530,X012820_103_2,45,Negative,short,-0.0016233448699613565,1.16754682444442
9530,X012820_103_2,45,Negative,medium,-0.003784772447494627,-0.2904565913072739
9530,X012820_103_2,45,Negative,long,-0.0012545978887320412,-0.7752854667492397
9532,X012820_109_2,cd,Negative,short,-0.0011933636399974888,-0.4481479783299164
9532,X012820_109_2,cd,Negative,medium,-0.0014702359418277031,-0.6038513271116377
9532,X012820_109_2,cd,Negative,long,-0.0005335502606330583,-0.9104543841024009
9533,X012820_112_2,24c,Positive,short,0.0015663458997341258,0.5337088427459123
9533,X012820_112_2,24c,Positive,medium,0.0022384733203725114,0.8953962294809433
9533,X012820_112_2,24c,Positive,long,0.003560058891006507,1.2626696605848988
9535,X012820_118_5,pu,Positive,short,0.003323411133538893,0.2002692674123953
9535,X012820_118_5,pu,Positive,medium,0.004286716163944569,0.8101324365449005
9535,X012820_118_5,pu,Positive,long,0.0032792754624538525,1.6098151947813304
9536,X012820_121_2,cd,Positive,short,0.0026182812117066722,0.4552739519446146
9536,X012820_121_2,cd,Positive,medium,0.0023555585657820902,1.1048574474905175
9536,X012820_121_2,cd,Positive,long,0.0017158275239704244,1.504278171776535
9555,X012821_069_4,12o,Negative,short,-0.003067008476392913,0.2515755188208288
9555,X012821_069_4,12o,Negative,medium,-0.0018686512983628783,-0.24179150961344703
9555,X012821_069_4,12o,Negative,long,-0.00030206602670644395,-0.7115689750618228
9559,X012821_080_2,12o,Negative,short,-0.0010123244317530493,-0.11645301115410883
9559,X012821_080_2,12o,Negative,medium,-0.0025039457272954843,-0.5226215213752614
9559,X012821_080_2,12o,Negative,long,-0.0036068875330062984,-0.26209098735145103
9560,X012821_080_6,12o,Negative,short,-0.0018214552336674405,0.9718560078886405
9560,X012821_080_6,12o,Negative,medium,-0.002538894097394645,0.44067712253255586
9560,X012821_080_6,12o,Negative,long,-0.001727187055437402,-0.32611809362201777
9576,X012821_130_2,AMG,Negative,short,-0.004495873030713389,0.1021909966612368
9576,X012821_130_2,AMG,Negative,medium,-0.0020577465664497695,-0.5508521380141794
9576,X012821_130_2,AMG,Negative,long,0.0002251339666051377,-0.8502619385149038
9578,X012821_131_5,AMG,Negative,short,-0.0030288856016633804,-0.9245776484173005
9578,X012821_131_5,AMG,Negative,medium,-0.0007794944881311046,-0.843732635098542
9578,X012821_131_5,AMG,Negative,long,-0.0011871072908969345,0.36993190940987075
9581,X012821_141_3,AMG,Negative,short,-0.002743173171522848,-1.1381958798108662
9581,X012821_141_3,AMG,Negative,medium,-0.000946616253625707,-1.517438098118825
9581,X012821_141_3,AMG,Negative,long,-4.0094626181754065e-05,-1.6149876629453332
9595,X012920_066_3,12l,Negative,short,-0.0006545488335971732,-0.7155329345069987
9595,X012920_066_3,12l,Negative,medium,-0.0006111355824837987,-0.8333219406807085
9595,X012920_066_3,12l,Negative,long,-0.0006101072029192554,-0.8816319785379927
9598,X012920_086_3,8B,Negative,short,-0.0027856608805956096,0.2788429718246504
9598,X012920_086_3,8B,Negative,medium,-0.0015533925769729484,-0.42192861171315904
9598,X012920_086_3,8B,Negative,long,-0.0013314160667026434,-0.6480619944322129
9609,X012920_103_3,45,Positive,short,0.0028767708866703897,-0.39720131736481173
9609,X012920_103_3,45,Positive,medium,0.00509513514545379,0.2351753726514822
9609,X012920_103_3,45,Positive,long,0.004617600730135716,1.6101521001183452
9611,X012920_104_5,45,Positive,short,0.0023774939902059104,-0.5391508237206565
9611,X012920_104_5,45,Positive,medium,0.004029889946760068,-0.03822463215057569
9611,X012920_104_5,45,Positive,long,0.004719851344896703,1.6901626613699272
9612,X012920_109_3,cd,Positive,short,0.002434046674421075,0.04968430355525174
9612,X012920_109_3,cd,Positive,medium,0.0020349377318645023,0.5195421290057716
9612,X012920_109_3,cd,Positive,long,0.0026168455463035103,1.0617229763213887
9613,X012920_113_3,cd,Negative,short,-0.0014405668720716735,0.10835680278008819
9613,X012920_113_3,cd,Negative,medium,-0.0028722805443282358,-0.27786504062816203
9613,X012920_113_3,cd,Negative,long,-0.0018641122539676924,-0.7593911205621409
9615,X012920_142_3,pu,Positive,short,0.0007697216564762878,-0.48753472367385264
9615,X012920_142_3,pu,Positive,medium,0.0011682510007040064,-0.4255996015843042
9615,X012920_142_3,pu,Positive,long,0.0005506093640233446,-0.5330075684085662
9618,X012921_032_3,13m,Positive,short,-0.0011939244414845612,-0.6773663908088217
9618,X012921_032_3,13m,Positive,medium,0.005754934605959628,0.15474028344391635
9618,X012921_032_3,13m,Positive,long,0.0015705957285012777,0.8424983318260628
9637,X012921_069_5,12o,Negative,short,-0.0025686993177875647,0.2815430689775098
9637,X012921_069_5,12o,Negative,medium,-0.0028116662253779047,-0.3404599815504796
9637,X012921_069_5,12o,Negative,long,-0.0023634358691301954,-0.599816424283044
9639,X012921_077_3,12o,Positive,short,0.001672063490178235,-0.7700098898847881
9639,X012921_077_3,12o,Positive,medium,0.0017141684928720445,-0.6362340789433172
9639,X012921_077_3,12o,Positive,long,0.0015163969139309517,-0.08776989621176119
9642,X012921_080_2,12o,Negative,short,-0.00223477168480905,-0.18729992689804628
9642,X012921_080_2,12o,Negative,medium,-0.0018552259616091734,-0.29391351884961037
9642,X012921_080_2,12o,Negative,long,-0.0021839755451414223,-0.7563086792937741
9643,X012921_080_5,12o,Negative,short,-0.001252299197497018,1.4150980942062847
9643,X012921_080_5,12o,Negative,medium,-0.0017061416198936867,0.688105107147166
9643,X012921_080_5,12o,Negative,long,-0.0021976953313551403,0.07713203634384914
9652,X012921_098_1,pu,Positive,short,0.00011116872297337652,-0.7488936633119567
9652,X012921_098_1,pu,Positive,medium,0.0003331043401798844,-0.6767470094308679
9652,X012921_098_1,pu,Positive,long,0.00046438421289249755,-0.6796719664940223
9675,X013120_004_2,12r,Negative,short,-0.001061216601716576,-0.5090687460763482
9675,X013120_004_2,12r,Negative,medium,-0.0008509715693016648,-0.7085633949313108
9675,X013120_004_2,12r,Negative,long,-0.002043088908382748,-0.8410872495965644
9678,X013120_024_3,46v,Positive,short,0.0024679260997235953,-0.3383700421719987
9678,X013120_024_3,46v,Positive,medium,0.0018659402906046458,0.5061133789733834
9678,X013120_024_3,46v,Positive,long,0.0023468180737343386,1.5524950034408125
9679,X013120_027_3,12l,Positive,short,0.00037493096018783125,-1.0373936600970746
9679,X013120_027_3,12l,Positive,medium,0.0014462150917868295,-0.6611806172598618
9679,X013120_027_3,12l,Positive,long,0.0016102673461684436,-0.5930980135190429
9685,X013120_083_3,pu,Negative,short,-0.004259325135070909,0.2734817451565079
9685,X013120_083_3,pu,Negative,medium,-0.0025626689136611343,-1.0995474808122332
9685,X013120_083_3,pu,Negative,long,0.0005815990290724383,-1.9727799360843348
9700,X013120_133_2,pu,Negative,short,-0.004398837611818839,0.5026720792048157
9700,X013120_133_2,pu,Negative,medium,-0.00467177630070187,-0.2315327473158736
9700,X013120_133_2,pu,Negative,long,-0.004872959302840325,-1.2449348147473485
9707,X020320_019_3,12m,Negative,short,-0.0008305589243789492,-0.7720069581776015
9707,X020320_019_3,12m,Negative,medium,-0.0005958822009692613,-1.160726220159483
9707,X020320_019_3,12m,Negative,long,-0.00053733722670599,-1.2854682274547076
9715,X020320_080_3,AI,Negative,short,-0.0015021044163527814,1.1373552038844135
9715,X020320_080_3,AI,Negative,medium,-0.0022078695121494265,0.5109410158012949
9715,X020320_080_3,AI,Negative,long,-0.0006513527652394572,0.2552879790245895
9720,X020320_096_4,8B,Negative,short,-0.002263888556567494,-0.5321522746645782
9720,X020320_096_4,8B,Negative,medium,-0.0006107165345791035,-1.1489201422142308
9720,X020320_096_4,8B,Negative,long,0.00013073507294641815,-1.192457523798189
9721,X020320_104_3,45,Negative,short,-0.006054550317830115,0.542002944787112
9721,X020320_104_3,45,Negative,medium,-0.002562374674126956,-0.533590540735395
9721,X020320_104_3,45,Negative,long,0.001774507397417864,-0.1970943969499301
9731,X020321_047_3,12o,Negative,short,-0.001632382599750908,0.3994207201349687
9731,X020321_047_3,12o,Negative,medium,-0.0024713526825752394,-0.5566733174160442
9731,X020321_047_3,12o,Negative,long,-0.002776954526855681,-0.8050177131846126
9737,X020321_060_3,AI,Negative,short,-0.002473228588184822,-0.06314747034515504
9737,X020321_060_3,AI,Negative,medium,-0.0017344776429854835,-1.0728935745161976
9737,X020321_060_3,AI,Negative,long,0.0009112900766302149,-1.1789816999792457
9742,X020321_074_3,13m,Negative,short,-0.0017474870191063357,1.793857100997709
9742,X020321_074_3,13m,Negative,medium,-0.0036675192661768338,0.9585786484319022
9742,X020321_074_3,13m,Negative,long,-0.0028225406234137053,-0.1023431532158549
9746,X020321_080_5,12o,Negative,short,-0.002555761402756885,0.9858222960086909
9746,X020321_080_5,12o,Negative,medium,-0.0028292940024125884,0.3495314897269711
9746,X020321_080_5,12o,Negative,long,-0.0015706741603720394,-0.435566183108528
9749,X020321_087_5,cd,Negative,short,-0.002097457263697641,0.5494429953876703
9749,X020321_087_5,cd,Negative,medium,-0.0014338713160373876,-0.27520196682141285
9749,X020321_087_5,cd,Negative,long,-0.0007614411316907296,-0.7091054041403503
9756,X020321_111_5,cd,Negative,short,-0.003219729282701519,0.5841526159700533
9756,X020321_111_5,cd,Negative,medium,-0.0027760748996997434,-0.2818357302493497
9756,X020321_111_5,cd,Negative,long,-0.000392119755597046,-0.8108092403649887
9758,X020321_124_5,cd,Negative,short,-0.002169667655580857,0.5512665748757352
9758,X020321_124_5,cd,Negative,medium,-0.0022288440980450046,-0.042810106285833774
9758,X020321_124_5,cd,Negative,long,-0.0011321967787403574,-0.5713062827706262
9759,X020321_130_6,AMG,Negative,short,-0.0011635756797654419,-0.8667961270757603
9759,X020321_130_6,AMG,Negative,medium,-0.0004945646697515774,-1.0202064769041914
9759,X020321_130_6,AMG,Negative,long,-0.00035473815740483033,-1.0455264980701757
9764,X020321_142_5,AMG,Negative,short,-0.0020878680683174182,-0.8123504827852778
9764,X020321_142_5,AMG,Negative,medium,-0.0005105766470078105,-1.1541605766323362
9764,X020321_142_5,AMG,Negative,long,-0.0001465391013725874,-1.088823500270653
9765,X020321_144_5,cd,Positive,short,0.004377470645422708,0.8202069212555476
9765,X020321_144_5,cd,Positive,medium,0.001823746890691079,1.257060301978259
9765,X020321_144_5,cd,Positive,long,0.0011400606526412753,1.1584706240009746
9771,X020420_015_2,46v,Positive,short,0.0022996848451775466,0.7309590299160897
9771,X020420_015_2,46v,Positive,medium,0.0009875410285033102,1.5495808285207002
9771,X020420_015_2,46v,Positive,long,0.00159460180371196,1.676066276237691
9779,X020420_066_2,12l,Positive,short,0.0015901534489952433,-0.761464568893247
9779,X020420_066_2,12l,Positive,medium,0.0014072549269687404,-0.4636733980661784
9779,X020420_066_2,12l,Positive,long,0.0010415673320182345,-0.3781150096512947
9781,X020420_066_6,12l,Negative,short,-0.002011811881368668,-1.0457838593227495
9781,X020420_066_6,12l,Negative,medium,-0.001582135108819232,-1.323303679162373
9781,X020420_066_6,12l,Negative,long,-0.0003690974412346951,-1.109465285962116
9792,X020420_091_1,44,Negative,short,-0.003817706994050905,-0.6107262035300773
9792,X020420_091_1,44,Negative,medium,-0.003249749453041229,-1.4013757074217679
9792,X020420_091_1,44,Negative,long,-0.00011297727464636479,-1.8602504585427968
9799,X020420_109_3,cd,Positive,short,0.0028788602730225846,-1.3358819441336784
9799,X020420_109_3,cd,Positive,medium,0.0033767865067572374,-0.7800148993558464
9799,X020420_109_3,cd,Positive,long,0.0032293027170498525,-0.2647116466118534
9800,X020420_121_6,cd,Positive,short,0.0021494693963103207,0.5644261707441754
9800,X020420_121_6,cd,Positive,medium,0.002027806029092825,1.2028165428392503
9800,X020420_121_6,cd,Positive,long,0.002164705953965938,2.0525833108460843
9804,X020421_015_2,11ml,Positive,short,0.0006231454111528535,-0.05793385399869076
9804,X020421_015_2,11ml,Positive,medium,0.001790414031110617,0.03298999090982522
9804,X020421_015_2,11ml,Positive,long,0.00011413031250517508,0.327249255257592
9806,X020421_015_8,11ml,Positive,short,0.0035656348477966665,1.123430886314779
9806,X020421_015_8,11ml,Positive,medium,0.0030645120489892555,1.4141319673988788
9806,X020421_015_8,11ml,Positive,long,0.001371959895242338,1.2546388782598017
9810,X020421_040_4,13l,Negative,short,-0.002736849492051775,0.27926570968624953
9810,X020421_040_4,13l,Negative,medium,-0.0014197036792387928,0.11081805437857117
9810,X020421_040_4,13l,Negative,long,-0.004104301171191639,-0.3841881672226566
9812,X020421_047_2,12o,Negative,short,-0.0009633487267634439,0.32182537493824387
9812,X020421_047_2,12o,Negative,medium,-0.0032326276133551844,-0.5826783101440496
9812,X020421_047_2,12o,Negative,long,-0.0003489489446455212,-0.4817064916507764
9816,X020421_052_4,13m,Negative,short,-0.0024894927452900595,0.5553626737746405
9816,X020421_052_4,13m,Negative,medium,-0.003122540164121699,-0.060607133103153375
9816,X020421_052_4,13m,Negative,long,-0.0012777259752843747,-0.40716263241663003
9819,X020421_060_4,AI,Negative,short,-0.0008906234354002476,-0.1621626290442738
9819,X020421_060_4,AI,Negative,medium,-0.002555829104216238,-0.6093207161875323
9819,X020421_060_4,AI,Negative,long,-0.001953716889091655,-0.7609240906344055
9823,X020421_080_2,12o,Negative,short,-0.0025934118451447653,1.0081710464169213
9823,X020421_080_2,12o,Negative,medium,-0.0025165473243422484,0.3223687837600782
9823,X020421_080_2,12o,Negative,long,-0.0016630100775196055,-0.3080421851628488
9829,X020421_112_3,cd,Negative,short,-0.0024247604865254924,-0.13725906287179718
9829,X020421_112_3,cd,Negative,medium,-0.0015801583506987388,-0.7998010900525141
9829,X020421_112_3,cd,Negative,long,-0.00047953542818849346,-0.8813861174115325
9831,X020421_130_6,AMG,Negative,short,-0.0018843068393429056,-0.3942551567388107
9831,X020421_130_6,AMG,Negative,medium,-0.0005979407816938668,-0.732169774179649
9831,X020421_130_6,AMG,Negative,long,-0.00015736794096915464,-0.809096515377032
9838,X020520_006_3,46v,Positive,short,0.004647071546944653,-0.18887092797287094
9838,X020520_006_3,46v,Positive,medium,8.060091899845703e-05,0.3516017660115475
9838,X020520_006_3,46v,Positive,long,0.00380347613807087,2.0470083378218176
9841,X020520_012_3,12m,Negative,short,-0.0031221263995084673,-0.2790219168434522
9841,X020520_012_3,12m,Negative,medium,-0.0020236332367543322,-0.9374368149049568
9841,X020520_012_3,12m,Negative,long,0.0014076082696458062,-1.468458978549117
9846,X020520_031_3,46v,Negative,short,-0.0025216190639033944,-0.1863516589384832
9846,X020520_031_3,46v,Negative,medium,-0.002439918889199584,-0.7565178807039071
9846,X020520_031_3,46v,Negative,long,0.00037410459955873696,-1.0138008829559542
9847,X020520_037_3,12o,Negative,short,-9.224325258506056e-05,-1.090106309650345
9847,X020520_037_3,12o,Negative,medium,-0.0015142062343949229,-1.1065705258417844
9847,X020520_037_3,12o,Negative,long,-0.0008543536551242556,-0.6204365286883121
9849,X020520_037_9,12o,Negative,short,-0.003620309431680079,0.5456604412400448
9849,X020520_037_9,12o,Negative,medium,-0.0017067318381437794,-0.2646374548878366
9849,X020520_037_9,12o,Negative,long,-0.00026131196232998,-0.7786981891375809
9853,X020520_057_3,12o,Negative,short,-0.001505949157650379,-0.4169496065223091
9853,X020520_057_3,12o,Negative,medium,-0.0024260596460018934,-0.609648015784574
9853,X020520_057_3,12o,Negative,long,-0.001594306182273457,-0.9637430783565747
9854,X020520_066_3,12l,Positive,short,0.001344762626468065,-0.7485729702399694
9854,X020520_066_3,12l,Positive,medium,0.0012540960467062633,-0.4726767286080218
9854,X020520_066_3,12l,Positive,long,0.000984088911790544,-0.34385188551466234
9855,X020520_072_4,AI,Positive,short,0.00239404918248847,0.26474215095388565
9855,X020520_072_4,AI,Positive,medium,0.0033067742602606136,0.6092808133135696
9855,X020520_072_4,AI,Positive,long,0.003921862168959491,0.943890142194871
9880,X020521_015_1,11ml,Positive,short,0.0036966793496798793,0.6261084664434027
9880,X020521_015_1,11ml,Positive,medium,0.0025570988356492155,1.0107196996890369
9880,X020521_015_1,11ml,Positive,long,0.002565516719988736,0.9586488463468044
9889,X020521_040_3,13l,Negative,short,-0.00331128907053872,0.868911368848319
9889,X020521_040_3,13l,Negative,medium,-0.0026963845473897264,0.2854693440619641
9889,X020521_040_3,13l,Negative,long,-0.003578100540392428,-0.6008098315695605
9891,X020521_042_3,13l,Positive,short,0.004338345375821099,0.6709295043118121
9891,X020521_042_3,13l,Positive,medium,0.0037300265487272472,0.7828095835703697
9891,X020521_042_3,13l,Positive,long,0.001404748377573998,0.7979831277991734
9902,X020521_052_3,13m,Negative,short,-0.0037854623408918194,0.6535339106723492
9902,X020521_052_3,13m,Negative,medium,-0.0025085775306278543,-0.46957551602455483
9902,X020521_052_3,13m,Negative,long,-0.0010513971097462045,-0.5462898525491531
9906,X020521_061_3,AI,Positive,short,0.0056603876972289155,0.4999594513112164
9906,X020521_061_3,AI,Positive,medium,0.0032908660015893566,0.9137649613947061
9906,X020521_061_3,AI,Positive,long,0.0030653140485750177,1.2801011898787304
9909,X020521_063_1,13l,Positive,short,0.0023286565062765404,-0.10642428254784579
9909,X020521_063_1,13l,Positive,medium,0.0015016349064463023,0.5426411354951498
9909,X020521_063_1,13l,Positive,long,0.0004412938312274549,0.9319513818983627
9912,X020521_077_3,12o,Positive,short,0.0041594810018614125,-0.14394621767596452
9912,X020521_077_3,12o,Positive,medium,0.001428131180826826,-0.1334126546143414
9912,X020521_077_3,12o,Positive,long,0.00043033373589794396,0.011452158775003147
9916,X020521_098_3,pu,Negative,short,-0.0015189625479835457,0.1967266305400033
9916,X020521_098_3,pu,Negative,medium,-0.0016440478623438205,-0.26501687594802553
9916,X020521_098_3,pu,Negative,long,-0.0007425364146370531,-0.5263070384851701
9917,X020521_103_3,AI,Negative,short,-0.0011548574919226784,0.2773288522084583
9917,X020521_103_3,AI,Negative,medium,-0.001522956953343829,-0.3656044531968645
9917,X020521_103_3,AI,Negative,long,-0.0008858999808850656,-0.6371840796434939
9918,X020521_109_3,cd,Negative,short,-0.002288477390444599,1.6410037371362505
9918,X020521_109_3,cd,Negative,medium,-0.002968358992695848,0.7810510997466755
9918,X020521_109_3,cd,Negative,long,-0.003114100594982241,-0.42070068644604547
9922,X020521_111_3,cd,Negative,short,-0.0025161372960304336,0.16670457218283982
9922,X020521_111_3,cd,Negative,medium,-0.0014033549517138634,-0.40912485869385196
9922,X020521_111_3,cd,Negative,long,-0.0011096740772782523,-0.7208018436308907
9923,X020521_111_7,cd,Negative,short,-0.0019219283052530213,0.14528870273895947
9923,X020521_111_7,cd,Negative,medium,-0.0022054094666065956,-0.6098982611153516
9923,X020521_111_7,cd,Negative,long,-0.0006201903433209451,-0.8010119879602791
9926,X020521_130_7,AMG,Negative,short,-0.0018550671584842706,-0.4348591130704134
9926,X020521_130_7,AMG,Negative,medium,-0.00041950516191890393,-0.6934339633698074
9926,X020521_130_7,AMG,Negative,long,-6.455778299843848e-05,-0.5765496233289135
9927,X020521_138_2,AMG,Positive,short,0.0028339588525580573,1.110281509736215
9927,X020521_138_2,AMG,Positive,medium,0.001809328512869574,1.1790045476991207
9927,X020521_138_2,AMG,Positive,long,0.002132368980149601,1.302324597728431
9929,X020521_147_3,24c,Positive,short,0.002887878796341733,0.11186975676073582
9929,X020521_147_3,24c,Positive,medium,0.0027336245402313298,0.9003816366818627
9929,X020521_147_3,24c,Positive,long,0.0019412612714030495,1.09402885517809
9930,X020521_153_5,pu,Negative,short,-0.00309816743254259,0.303502363407521
9930,X020521_153_5,pu,Negative,medium,-0.0015222577953711578,-0.35011495438717405
9930,X020521_153_5,pu,Negative,long,-0.0009792842907496528,-0.3388318926182741
9931,X020521_156_2,cd,Negative,short,-0.0014226891512520022,-0.6255583044129134
9931,X020521_156_2,cd,Negative,medium,-0.0004352924759820602,-0.815618664175024
9931,X020521_156_2,cd,Negative,long,-0.00021225729421053876,-0.8540944254735544
9933,X020620_003_4,12r,Positive,short,0.005587525087147314,0.743790243488865
9933,X020620_003_4,12r,Positive,medium,0.0036301151235585585,0.5617425865017206
9933,X020620_003_4,12r,Positive,long,0.002002400904775369,0.823213829134984
9936,X020620_008_4,46v,Positive,short,0.0011047937841488608,0.11161506558964478
9936,X020620_008_4,46v,Positive,medium,0.0023475521136645254,0.9390210432686941
9936,X020620_008_4,46v,Positive,long,0.0006597060874585458,0.9384682391229366
9941,X020620_031_2,46v,Negative,short,-0.0034168232757024854,0.16219702369212707
9941,X020620_031_2,46v,Negative,medium,-0.001713831008090704,-0.47330009151434527
9941,X020620_031_2,46v,Negative,long,-3.0542231303406435e-05,-0.5906265954953461
9944,X020620_072_3,AI,Negative,short,-0.002946363681214788,0.9290803884444278
9944,X020620_072_3,AI,Negative,medium,-0.0036805857344127564,0.6978805923507376
9944,X020620_072_3,AI,Negative,long,-0.003957071952839536,0.4232537724113924
9945,X020620_077_1,12l,Positive,short,0.0008720995285510759,0.757744834071859
9945,X020620_077_1,12l,Positive,medium,0.0011803438143801553,1.1426062167880935
9945,X020620_077_1,12l,Positive,long,0.0030109282813676687,2.6717302021686726
9947,X020620_078_2,12l,Positive,short,0.0038808969768275893,-0.005013294842252244
9947,X020620_078_2,12l,Positive,medium,0.003545760419523145,0.1560503088174924
9947,X020620_078_2,12l,Positive,long,0.004526829142039881,0.49988306585866676
9953,X020620_088_2,cd,Negative,short,-0.003092804402575864,-0.8176718223692784
9953,X020620_088_2,cd,Negative,medium,-0.000838934089740633,-1.34998404622673
9953,X020620_088_2,cd,Negative,long,-0.000497167956745314,-1.5620706916450462
9955,X020620_093_2,44,Positive,short,0.001255768458277937,-0.9336149244260867
9955,X020620_093_2,44,Positive,medium,0.00150699797964837,-0.7441857421457668
9955,X020620_093_2,44,Positive,long,0.0018522231637442728,-0.29365294943614
9958,X020620_104_5,45,Negative,short,-0.002152884994944277,0.5346608868022484
9958,X020620_104_5,45,Negative,medium,-0.00215079946113261,-0.35497798568091843
9958,X020620_104_5,45,Negative,long,0.00023200577725083552,-0.2206994334460652
9959,X020620_107_3,pu,Positive,short,0.0007210899453071015,-0.8846206869837051
9959,X020620_107_3,pu,Positive,medium,0.0011461996984733981,-0.5135213702149262
9959,X020620_107_3,pu,Positive,long,0.0013609025763366045,0.10365946516751028
9961,X020620_117_3,pu,Negative,short,-0.002649045916534196,-0.22303664312483323
9961,X020620_117_3,pu,Negative,medium,-0.0017610296779552537,-0.6937035475888004
9961,X020620_117_3,pu,Negative,long,-0.0004496533376162413,-0.9010232379551537
9968,X020720_027_3,12l,Negative,short,-0.0023577581552402236,0.2325282405723683
9968,X020720_027_3,12l,Negative,medium,-0.0009421104800572381,-0.1516650361940652
9968,X020720_027_3,12l,Negative,long,-0.001386758286777076,-0.26526611613641615
9969,X020720_031_3,46v,Negative,short,-0.0029615525005020665,0.14436670855667244
9969,X020720_031_3,46v,Negative,medium,-0.0017915371267569712,-0.49541191894176745
9969,X020720_031_3,46v,Negative,long,-0.0004220918367138617,-0.7994322686544473
9972,X020720_083_2,pu,Negative,short,-0.004456301800492254,0.19534996830309725
9972,X020720_083_2,pu,Negative,medium,-0.0008109768980954496,-0.46813214574235423
9972,X020720_083_2,pu,Negative,long,0.0014028865111054458,-0.3196949375155669
9974,X020720_086_5,8B,Positive,short,0.0022627712574207373,0.44586861198659544
9974,X020720_086_5,8B,Positive,medium,0.00047431941395531497,1.3307338658466117
9974,X020720_086_5,8B,Positive,long,2.1359545010996108e-05,1.4350663742884224
9985,X020821_038_2,13l,Positive,short,0.0026862629371527617,-1.0005420267631528
9985,X020821_038_2,13l,Positive,medium,0.004160574122243684,-0.5859889718670996
9985,X020821_038_2,13l,Positive,long,0.003846991228608468,0.2404910713448408
9988,X020821_040_3,13l,Negative,short,-0.003918585102858766,0.33966908043713584
9988,X020821_040_3,13l,Negative,medium,-0.0030828060474152224,-0.2578341019552545
9988,X020821_040_3,13l,Negative,long,-0.0018258879236011188,-0.5429984575146019
9991,X020821_047_1,12o,Negative,short,-0.001846055662435104,0.11763761911139096
9991,X020821_047_1,12o,Negative,medium,-0.002044645052620427,-0.8032175338115797
9991,X020821_047_1,12o,Negative,long,0.00091226531125275,-0.7372112949897912
10001,X020821_063_1,13l,Positive,short,0.0017167342109757403,-0.3154594019216527
10001,X020821_063_1,13l,Positive,medium,0.0019745473581237885,0.6285647439110649
10001,X020821_063_1,13l,Positive,long,-0.0004988547326325051,0.8744261001737265
10006,X020821_079_2,12o,Negative,short,-0.0037701490787987587,0.6743537830542862
10006,X020821_079_2,12o,Negative,medium,-0.002678899516724137,0.4064653158760645
10006,X020821_079_2,12o,Negative,long,-0.0028990257372151227,0.3112016142581895
10018,X020821_130_2,AMG,Negative,short,-0.0014662824985474322,-0.13088169314831916
10018,X020821_130_2,AMG,Negative,medium,-0.0013525038078038981,-0.41177425521136124
10018,X020821_130_2,AMG,Negative,long,0.00015609254682559255,-0.7520974640441616
10020,X020821_142_5,AMG,Negative,short,-0.002336013068355073,-0.20185367522386216
10020,X020821_142_5,AMG,Negative,medium,0.00015700311287121036,-0.60918219875972
10020,X020821_142_5,AMG,Negative,long,-0.00011969622492875183,-0.6420973088102611
10032,X020921_029_2,12m,Negative,short,-0.00459499827281906,0.563844919153187
10032,X020921_029_2,12m,Negative,medium,-0.0039789332375779795,-0.7335935312860022
10032,X020921_029_2,12m,Negative,long,-0.0025009585970094225,-0.6584550344870238
10041,X020921_047_3,12o,Negative,short,-0.002053727013791986,0.25668974974217473
10041,X020921_047_3,12o,Negative,medium,-0.0003177655456822605,-0.43792616564489145
10041,X020921_047_3,12o,Negative,long,-0.0013802556028672556,-0.9244914953899066
10054,X020921_098_6,pu,Negative,short,-0.0019763311288388853,0.03302556990813185
10054,X020921_098_6,pu,Negative,medium,-0.0019082679661689595,-0.5661169373096029
10054,X020921_098_6,pu,Negative,long,-0.001629748443411006,-1.0176247824944196
10055,X020921_099_5,cd,Negative,short,-0.002744041492750543,0.21778362378894123
10055,X020921_099_5,cd,Negative,medium,-0.0013608211484116193,-0.5869392215114664
10055,X020921_099_5,cd,Negative,long,-0.001805819536823991,-1.0649754432295007
10056,X020921_103_2,AI,Negative,short,-0.0025378660385063498,0.4936294173058134
10056,X020921_103_2,AI,Negative,medium,-0.0028686324130873498,0.04766872590764142
10056,X020921_103_2,AI,Negative,long,-0.000730386024642149,-0.541184289954268
10057,X020921_105_5,AMG,Negative,short,-0.0023872842464272154,-0.09213981023306235
10057,X020921_105_5,AMG,Negative,medium,-0.0026856533652237892,-0.4185765575611353
10057,X020921_105_5,AMG,Negative,long,-0.0014430192975282443,-0.9205178816038836
10076,X020921_157_5,cd,Negative,short,-0.0005132452494678961,-1.070501152469394
10076,X020921_157_5,cd,Negative,medium,-0.0008173760080469827,-1.1948586773753365
10076,X020921_157_5,cd,Negative,long,-0.0005653980236758659,-1.4472407468543473
10080,X021020_019_3,12m,Positive,short,0.0022570048047608794,-0.5067944019620684
10080,X021020_019_3,12m,Positive,medium,0.002965699209890915,-0.38903433053815095
10080,X021020_019_3,12m,Positive,long,0.00347005633622611,0.24911446575255144
10083,X021020_036_3,12o,Negative,short,-0.003479074043918422,-0.6711717675049315
10083,X021020_036_3,12o,Negative,medium,-0.0024571763918679957,-0.9432598942900061
10083,X021020_036_3,12o,Negative,long,-0.0009763602924773527,-1.5454691972292203
10087,X021020_048_3,12o,Negative,short,-0.0033876516979252963,0.2715743239876038
10087,X021020_048_3,12o,Negative,medium,-0.0008934310413007112,-0.26312911853398785
10087,X021020_048_3,12o,Negative,long,-0.0022226277385525594,-0.39127590946547885
10088,X021020_052_3,13l,Negative,short,-0.002550617312730367,-0.1845631086451161
10088,X021020_052_3,13l,Negative,medium,-0.002268304974663017,-0.5675627999191719
10088,X021020_052_3,13l,Negative,long,-0.003702412780094781,-0.6984999079013959
10093,X021020_086_3,8B,Positive,short,0.0011520098127712891,-0.08187516884197994
10093,X021020_086_3,8B,Positive,medium,0.002150443268062483,1.4208920352984555
10093,X021020_086_3,8B,Positive,long,0.00326873814285168,2.368973857154465
10101,X021020_106_2,pu,Negative,short,-0.0018712653598604108,0.2513580885488666
10101,X021020_106_2,pu,Negative,medium,-0.0051456657411944615,-0.06211140075661304
10101,X021020_106_2,pu,Negative,long,-0.0021157163652110594,-1.4100178660214344
10107,X021021_015_6,11ml,Positive,short,0.0042891553024203685,0.24184881766619604
10107,X021021_015_6,11ml,Positive,medium,0.00407012829050781,0.6002014240400305
10107,X021021_015_6,11ml,Positive,long,0.004109813709958787,0.47901190476163336
10112,X021021_038_3,13l,Positive,short,0.004099875729242419,-0.32666872752932663
10112,X021021_038_3,13l,Positive,medium,0.004017277177792878,-0.04096771428494367
10112,X021021_038_3,13l,Positive,long,0.004266229535713753,0.7091570149796447
10113,X021021_038_6,13l,Positive,short,0.002441540590569428,-0.1358162626205855
10113,X021021_038_6,13l,Positive,medium,0.0018652399217106248,0.8490185608302658
10113,X021021_038_6,13l,Positive,long,0.001888171855863989,0.8847582460707092
10114,X021021_040_2,13l,Negative,short,-0.002933241170812672,-0.020988622387427953
10114,X021021_040_2,13l,Negative,medium,-0.00018510750424531166,-0.4142568339152066
10114,X021021_040_2,13l,Negative,long,-0.002974678003104074,-0.5598703590570367
10116,X021021_047_1,12o,Negative,short,-0.0017408284894245916,0.169917507742833
10116,X021021_047_1,12o,Negative,medium,-0.00213638085088956,-0.27212669594888805
10116,X021021_047_1,12o,Negative,long,-0.001048330921526338,-0.8613795810650272
10125,X021021_083_3,AI,Positive,short,0.0017207143659123845,-0.5449548529384707
10125,X021021_083_3,AI,Positive,medium,0.004319272764937607,-0.5636227772541703
10125,X021021_083_3,AI,Positive,long,0.002656018656609644,-0.19762395580451061
10130,X021021_103_5,AI,Negative,short,-0.0033718933024269376,0.8705528390424531
10130,X021021_103_5,AI,Negative,medium,-0.001544928291860817,0.03884267861776274
10130,X021021_103_5,AI,Negative,long,-0.0018136608710834278,-0.38449464375554754
10133,X021021_109_5,cd,Negative,short,-0.002385054246671804,1.3499351655584009
10133,X021021_109_5,cd,Negative,medium,-0.004556154348375816,-0.07656710586369583
10133,X021021_109_5,cd,Negative,long,-0.00411815490869513,-1.0205589191635185
10139,X021021_128_9,AMG,Negative,short,-0.0026993967990564835,-0.11843643628507108
10139,X021021_128_9,AMG,Negative,medium,-0.00209041357302756,-0.5745859970714425
10139,X021021_128_9,AMG,Negative,long,-0.0008866517448083145,-1.1874694150815193
10141,X021021_138_5,AMG,Negative,short,-0.0023620949183801227,-0.19354678006546755
10141,X021021_138_5,AMG,Negative,medium,-0.0014736907475975912,-0.7014362010453981
10141,X021021_138_5,AMG,Negative,long,-9.85193856234264e-05,-0.7518689129098679
10142,X021021_138_6,AMG,Negative,short,-0.0017392045290642024,-0.21490753167252694
10142,X021021_138_6,AMG,Negative,medium,-0.001438181197971271,-0.42628302965939824
10142,X021021_138_6,AMG,Negative,long,-0.0007647704701043827,-0.4361695900976661
10143,X021021_145_5,cd,Positive,short,0.004459087640484971,0.3977422591273347
10143,X021021_145_5,cd,Positive,medium,0.006081794576318667,0.5469173925121806
10143,X021021_145_5,cd,Positive,long,0.0024796625147308544,0.37207364908393353
10146,X021021_147_4,24c,Positive,short,0.002328014947716803,-0.2832984129025426
10146,X021021_147_4,24c,Positive,medium,0.0017181219410782058,1.2859376699922485
10146,X021021_147_4,24c,Positive,long,0.002539207593202958,1.7013245947138342
10148,X021021_150_2,AMG,Positive,short,0.002347566252847717,0.17752497053707866
10148,X021021_150_2,AMG,Positive,medium,0.0028303928371027835,0.6192937310166756
10148,X021021_150_2,AMG,Positive,long,0.0020549253273642607,1.0501024848510343
10151,X021120_007_3,46v,Positive,short,0.001948092794714048,0.8900008616975188
10151,X021120_007_3,46v,Positive,medium,0.002759290931383938,0.6370093488086406
10151,X021120_007_3,46v,Positive,long,0.0005566010580640857,0.9810951676920131
10155,X021120_036_2,12o,Positive,short,0.00010800422737196727,0.8338698290548785
10155,X021120_036_2,12o,Positive,medium,0.003865023024547052,1.3799536092619036
10155,X021120_036_2,12o,Positive,long,0.0034945132050071552,1.3096289814925581
10163,X021120_096_4,8B,Positive,short,0.001943481847635701,-0.93882969554867
10163,X021120_096_4,8B,Positive,medium,0.0019444134832499117,-0.16770091862843903
10163,X021120_096_4,8B,Positive,long,0.0016841414691271053,0.0022990279372158955
10166,X021120_104_4,45,Positive,short,0.0008622300562977878,-0.7144411638155952
10166,X021120_104_4,45,Positive,medium,0.001524204091207415,-0.47083345362085605
10166,X021120_104_4,45,Positive,long,0.001565331070235812,0.0009728712903354286
10176,X021121_015_2,11ml,Positive,short,0.003119202147639041,-0.22112384239349595
10176,X021121_015_2,11ml,Positive,medium,0.003956116742894867,0.13336078610237123
10176,X021121_015_2,11ml,Positive,long,0.0034239587027342457,0.37957475964753223
10181,X021121_034_2,13m,Positive,short,0.0038675102931498475,0.42322665018288297
10181,X021121_034_2,13m,Positive,medium,0.0032935197993509756,1.235429558103374
10181,X021121_034_2,13m,Positive,long,0.0003594127279329005,1.3098125035274841
10182,X021121_038_3,13l,Positive,short,0.00237532099782973,-0.46718266408763803
10182,X021121_038_3,13l,Positive,medium,0.0032762137369741835,-0.2679097261243018
10182,X021121_038_3,13l,Positive,long,0.004028588225655345,0.02439398746767055
10188,X021121_051_2,13l,Negative,short,-0.0031719887844899614,0.5101642736931875
10188,X021121_051_2,13l,Negative,medium,-0.001516933377205353,0.01789288410119644
10188,X021121_051_2,13l,Negative,long,-0.0025600395478683137,-0.260297069493596
10195,X021121_066_1,12o,Positive,short,0.002030905176328559,-0.14424910018888432
10195,X021121_066_1,12o,Positive,medium,0.0021747645843785074,-0.32985541369911664
10195,X021121_066_1,12o,Positive,long,0.003053830060795583,-0.07463656148924407
10206,X021121_091_8,AI,Negative,short,-0.0016121613788012185,-0.03248544951580068
10206,X021121_091_8,AI,Negative,medium,-0.0023431616531623474,-0.9131259301699816
10206,X021121_091_8,AI,Negative,long,-0.00098995442770038,-1.1919762171842097
10207,X021121_109_5,cd,Negative,short,-0.004455821693883261,0.14799494061660884
10207,X021121_109_5,cd,Negative,medium,-0.00242061371762289,-0.746413976911722
10207,X021121_109_5,cd,Negative,long,0.0011514444766344135,-1.045227458294537
10208,X021121_109_6,cd,Negative,short,-0.0014078643393303637,0.296763076645302
10208,X021121_109_6,cd,Negative,medium,-0.0027913798716458294,-0.014580329563995567
10208,X021121_109_6,cd,Negative,long,-0.005452446111978255,-0.7554064869924065
10210,X021121_118_1,AMG,Negative,short,-0.0011179227445673227,-0.7154023188868299
10210,X021121_118_1,AMG,Negative,medium,-0.0008061830965354248,-0.3705021816270175
10210,X021121_118_1,AMG,Negative,long,-1.781805629494285e-05,-0.7025817966649616
10213,X021121_138_1,AMG,Positive,short,0.0027546823928995654,0.6776265020167669
10213,X021121_138_1,AMG,Positive,medium,0.003487616516035435,1.125000334017834
10213,X021121_138_1,AMG,Positive,long,0.004275714209736463,1.7976311154651166
10223,X021220_022_3,46v,Negative,short,-0.0023648911344375505,-0.23514834429972656
10223,X021220_022_3,46v,Negative,medium,-0.0004539704965884222,-0.7907859352285572
10223,X021220_022_3,46v,Negative,long,3.595493255178655e-05,-0.8367939533885822
10225,X021220_028_4,12l,Positive,short,0.0007105504435873256,-0.7909377409197923
10225,X021220_028_4,12l,Positive,medium,0.0009085817788509994,-0.864422573920296
10225,X021220_028_4,12l,Positive,long,0.0010067527793075725,-0.7415769012914522
10226,X021220_036_3,12o,Positive,short,0.0018808882120057767,0.12543637175533298
10226,X021220_036_3,12o,Positive,medium,0.004588794315509725,0.6489785169977649
10226,X021220_036_3,12o,Positive,long,0.004652815183472201,1.2977997019484844
10237,X021220_091_1,6VaVb,Negative,short,-0.0011686549134377522,-0.5508508549510391
10237,X021220_091_1,6VaVb,Negative,medium,-0.0005277885228059219,-1.1151771383257754
10237,X021220_091_1,6VaVb,Negative,long,-0.0015588116202256723,-1.3509553514185444
10240,X021220_096_1,8B,Negative,short,-0.0021410524768144383,-0.05678583039750118
10240,X021220_096_1,8B,Negative,medium,-0.0009852272989964719,-0.7006998301643301
10240,X021220_096_1,8B,Negative,long,0.00034695579523196825,-0.8985734439134201
10246,X021220_104_5,45,Positive,short,0.003727557170359164,-0.119652983693781
10246,X021220_104_5,45,Positive,medium,0.006049499608346654,0.7919899659070919
10246,X021220_104_5,45,Positive,long,0.005494772603009231,1.262421960513202
10247,X021220_104_7,45,Positive,short,0.002621334132289315,-0.44087818299711506
10247,X021220_104_7,45,Positive,medium,0.003962247093966003,-0.868290906794487
10247,X021220_104_7,45,Positive,long,0.004574320839196021,-0.5378492381951552
10252,X021220_118_3,pu,Positive,short,0.0013319780064269273,0.9903003725156609
10252,X021220_118_3,pu,Positive,medium,0.001225199049886152,1.0853514204207753
10252,X021220_118_3,pu,Positive,long,0.001578150754087575,1.7575062871376013
10264,X021221_047_3,12o,Negative,short,-0.0028615664980803854,0.2916213628629102
10264,X021221_047_3,12o,Negative,medium,-0.0016832854060611464,-0.22590338535174517
10264,X021221_047_3,12o,Negative,long,-0.0011658163307882113,-0.8138667989151084
10269,X021221_051_4,13l,Negative,short,-0.0021077094412594952,0.2629297852507264
10269,X021221_051_4,13l,Negative,medium,-0.002109079525767839,0.10712498410553757
10269,X021221_051_4,13l,Negative,long,-0.0013772924685049042,-0.4766937880389417
10275,X021221_063_2,13l,Positive,short,0.002905515743643277,-0.20236571089669864
10275,X021221_063_2,13l,Positive,medium,0.002328595918906286,0.2831410959481336
10275,X021221_063_2,13l,Positive,long,0.003151807914197456,0.7665593127558122
10277,X021221_070_2,AI,Positive,short,0.0029424621584335977,-0.4279839908453317
10277,X021221_070_2,AI,Positive,medium,0.004426993095175954,1.246595120751694
10277,X021221_070_2,AI,Positive,long,0.0030302704003234014,1.7825395618619617
10284,X021221_087_2,cd,Negative,short,-0.003905617554619051,0.18212645812062375
10284,X021221_087_2,cd,Negative,medium,-0.0010583167562828349,-0.7063982907726046
10284,X021221_087_2,cd,Negative,long,-0.0009639198569006706,-0.4192195882560327
10288,X021221_110_5,pu,Negative,short,-0.00259721485944573,1.479987698466131
10288,X021221_110_5,pu,Negative,medium,-0.003513845315530717,1.1424978566379247
10288,X021221_110_5,pu,Negative,long,-0.0015247986923874568,0.08485840212004786
10290,X021221_112_4,cd,Negative,short,-0.0021847426849813654,0.017745872746034216
10290,X021221_112_4,cd,Negative,medium,-0.0011244318686813445,-0.3035647784001016
10290,X021221_112_4,cd,Negative,long,-0.000480559145305557,-0.37265777828391894
10291,X021221_128_2,AMG,Negative,short,-0.0018698437677458616,-0.09645953130971845
10291,X021221_128_2,AMG,Negative,medium,-0.0007821773122107813,-0.785832757114769
10291,X021221_128_2,AMG,Negative,long,0.00023695458793906917,-1.0291356195427614
10294,X021221_138_3,AMG,Positive,short,0.004006218876367947,0.39467596706175734
10294,X021221_138_3,AMG,Positive,medium,0.0033658199483755755,1.0680931959047095
10294,X021221_138_3,AMG,Positive,long,0.0029938346953595815,1.5892781946504373
10295,X021221_138_4,AMG,Negative,short,-0.0019816636045733365,-0.5013703001781635
10295,X021221_138_4,AMG,Negative,medium,-0.001316034326538135,-0.8003926484933908
10295,X021221_138_4,AMG,Negative,long,-0.00024623716434400033,-0.6867324483275612
10297,X021221_145_4,cd,Negative,short,-0.00232703508742157,0.22820210003409497
10297,X021221_145_4,cd,Negative,medium,-0.0016459249672243538,-0.09757510369206576
10297,X021221_145_4,cd,Negative,long,-0.0014049000160571148,-0.45443280466666414
10302,X021320_013_2,46v,Negative,short,-0.0021456584550474454,0.08751229325991423
10302,X021320_013_2,46v,Negative,medium,-0.002325519615387061,-0.44537231511292674
10302,X021320_013_2,46v,Negative,long,-0.0015315108818236929,-0.5137157803990208
10303,X021320_015_1,46v,Positive,short,0.003140349749328199,-0.16771282518542868
10303,X021320_015_1,46v,Positive,medium,0.0015034812475479447,0.3325017649908122
10303,X021320_015_1,46v,Positive,long,-9.968911445101185e-05,0.6161780619680782
10305,X021320_027_3,12l,Negative,short,-0.0013000798944105686,0.2912913986836008
10305,X021320_027_3,12l,Negative,medium,-0.003603313338358144,-0.41689801534553356
10305,X021320_027_3,12l,Negative,long,-0.0010643971991375176,-1.4848987900476884
10313,X021320_088_5,cd,Positive,short,0.0015387982477492305,-0.4393588675328603
10313,X021320_088_5,cd,Positive,medium,0.0008511116636486603,-0.42130598078052606
10313,X021320_088_5,cd,Positive,long,0.0014021865195816823,-0.36044734275906415
10314,X021320_088_6,cd,Positive,short,0.0025363190731234847,0.0821133320043158
10314,X021320_088_6,cd,Positive,medium,0.0017024769183504056,1.3528522841148884
10314,X021320_088_6,cd,Positive,long,0.0012053717265635767,1.7176064727905387
10316,X021320_096_1,8B,Negative,short,-0.002459771465535242,-0.017877473220649098
10316,X021320_096_1,8B,Negative,medium,-0.0009071350333684724,-0.6373057555587042
10316,X021320_096_1,8B,Negative,long,0.0005338583931079509,-0.8090750895403388
10319,X021320_101_3,6VaVb,Positive,short,0.001756819756188528,-0.31438686497069385
10319,X021320_101_3,6VaVb,Positive,medium,0.0013311848393958933,0.05368998079807087
10319,X021320_101_3,6VaVb,Positive,long,0.0004863889688707602,-0.37256382920309755
10326,X021320_109_3,cd,Negative,short,-0.0011842024880404543,-0.009211285668154079
10326,X021320_109_3,cd,Negative,medium,-0.0028545153771887747,-0.3745466504970832
10326,X021320_109_3,cd,Negative,long,-0.002152989770958233,-0.8268678465024405
10329,X021320_118_3,pu,Negative,short,-0.0026477821996098412,1.4862329257208973
10329,X021320_118_3,pu,Negative,medium,-0.002344821883258399,0.3833786949328226
10329,X021320_118_3,pu,Negative,long,-0.0012462604680436753,-0.2882595105312579
10331,X021320_131_1,pu,Negative,short,-0.0019826379206383596,-0.2645143278207732
10331,X021320_131_1,pu,Negative,medium,-0.0034414846638867016,-0.34835405993397767
10331,X021320_131_1,pu,Negative,long,0.00024550889625979703,-0.7854557794560608
10336,X021420_012_4,12m,Negative,short,-0.00013652569793319206,-0.3364888540873561
10336,X021420_012_4,12m,Negative,medium,-0.004925255819591089,-0.06650976213462303
10336,X021420_012_4,12m,Negative,long,-0.0031858471754031394,-0.8847321276731182
10338,X021420_022_1,46v,Negative,short,-0.002585171085749249,-0.2881165823264639
10338,X021420_022_1,46v,Negative,medium,-0.0012097781215560822,-0.6380973029277364
10338,X021420_022_1,46v,Negative,long,0.00020837971084370363,-0.8838223590827028
10344,X021420_052_2,13l,Negative,short,-0.003148130413455393,0.5556476745417825
10344,X021420_052_2,13l,Negative,medium,-0.001926664133106896,-0.08484248002679606
10344,X021420_052_2,13l,Negative,long,-0.0011578765467460228,-1.246764724321056
10346,X021420_057_3,12o,Negative,short,-0.001286371069761755,0.2699911785974218
10346,X021420_057_3,12o,Negative,medium,-0.0015205742277098243,-0.32059584424030785
10346,X021420_057_3,12o,Negative,long,-0.0013487496241857033,-1.0615370579051495
10348,X021420_078_4,12o,Positive,short,0.0016865393771637366,-0.6566659838341629
10348,X021420_078_4,12o,Positive,medium,0.002058302838533566,-0.565132157619463
10348,X021420_078_4,12o,Positive,long,0.0024734107973518903,-0.3928244291783811
10353,X021420_086_2,8B,Positive,short,0.001277202047487072,-0.3660536054617167
10353,X021420_086_2,8B,Positive,medium,0.0005370272815650678,0.1822918114320572
10353,X021420_086_2,8B,Positive,long,0.0005148826688231729,0.3904280317180206
10355,X021420_089_1,6VaVb,Positive,short,0.0031082794835319313,-0.8055550251992888
10355,X021420_089_1,6VaVb,Positive,medium,0.0037746908336618035,0.11915373474411037
10355,X021420_089_1,6VaVb,Positive,long,0.005832124062101565,1.4720353303204434
10356,X021420_089_5,6VaVb,Negative,short,-0.0010713602843650317,-0.870793539305495
10356,X021420_089_5,6VaVb,Negative,medium,-0.0020281026440370784,-1.092513670441315
10356,X021420_089_5,6VaVb,Negative,long,-0.00017960616883897653,-1.4053175855000284
10359,X021420_097_3,cd,Negative,short,-0.0028865163336544634,0.18449308302411546
10359,X021420_097_3,cd,Negative,medium,-0.0029768972522217197,-0.6897212507802924
10359,X021420_097_3,cd,Negative,long,-0.0005300750379725118,-1.1976606914287002
10360,X021420_103_3,44,Negative,short,-0.0019849636814567957,0.4977131074512557
10360,X021420_103_3,44,Negative,medium,-0.0035536646671903618,-0.3946987251442617
10360,X021420_103_3,44,Negative,long,-0.0006038881363587644,-1.1881091173198972
10363,X021420_104_5,45,Negative,short,-0.0033694274945618935,0.7862000698177222
10363,X021420_104_5,45,Negative,medium,-0.0033674249470210006,-0.014138772535120787
10363,X021420_104_5,45,Negative,long,-0.0008343851999227995,-0.5714379386145764
10369,X021420_157_3,cd,Negative,short,-0.0018470414487783825,-0.20985948551793315
10369,X021420_157_3,cd,Negative,medium,-0.001437054617623542,-0.6325552645170873
10369,X021420_157_3,cd,Negative,long,7.568685395118684e-05,-0.7985369043421626
10370,X021721_004_5,12r,Negative,short,-0.0035922909007218996,-0.6586712413997994
10370,X021721_004_5,12r,Negative,medium,-0.001462785436542595,-1.151508637950345
10370,X021721_004_5,12r,Negative,long,-0.0010328798275985086,-1.8065921782257157
10377,X021721_015_3,11ml,Positive,short,0.004822380948480348,0.3232016619728776
10377,X021721_015_3,11ml,Positive,medium,0.002312077886759702,0.3168368125835436
10377,X021721_015_3,11ml,Positive,long,0.0031376708676634905,0.878072377294302
10380,X021721_034_4,13m,Negative,short,-0.0024848470739523504,-0.3371229005803954
10380,X021721_034_4,13m,Negative,medium,-0.0019337404072376366,-0.5882758055376569
10380,X021721_034_4,13m,Negative,long,-0.0011283220081246164,-0.916093169204804
10384,X021721_044_6,13m,Negative,short,-0.0029240662047986545,-0.08832281921063735
10384,X021721_044_6,13m,Negative,medium,-0.003581117581588213,-0.4890687727398811
10384,X021721_044_6,13m,Negative,long,-0.0017937231845850693,-0.6108632018663646
10390,X021721_056_7,12l,Negative,short,0.000365875067176763,1.7815977471838775
10390,X021721_056_7,12l,Negative,medium,-0.0027426543221350562,1.0963593146666115
10390,X021721_056_7,12l,Negative,long,-0.003348430904481613,0.3415289545195803
10393,X021721_066_2,12o,Positive,short,0.003517296329951983,0.06182927188592128
10393,X021721_066_2,12o,Positive,medium,0.004221912108545609,0.4749494449370316
10393,X021721_066_2,12o,Positive,long,0.0029598041577714204,0.6754607179399184
10398,X021721_079_2,12o,Negative,short,-0.001582194969742763,0.2222279568021488
10398,X021721_079_2,12o,Negative,medium,-0.0006222706248312371,-0.25482167154062424
10398,X021721_079_2,12o,Negative,long,-0.00031685469637209653,-0.4422603810388911
10407,X021721_119_2,AMG,Positive,short,0.0010494861539425621,-0.47945510089000726
10407,X021721_119_2,AMG,Positive,medium,0.0008558091816376976,-0.358989694051928
10407,X021721_119_2,AMG,Positive,long,0.0003076896676604001,-0.7058536664717606
10409,X021721_122_3,pu,Negative,short,-0.0005842508740478131,1.488834883726377
10409,X021721_122_3,pu,Negative,medium,-0.005102567644407239,0.9456734236057835
10409,X021721_122_3,pu,Negative,long,-0.005487444314544427,-0.3910024179875565
10410,X021721_130_3,AMG,Negative,short,-0.0018938932032309828,-0.3177636765809838
10410,X021721_130_3,AMG,Negative,medium,-0.0007346505833464474,-0.6617289972979693
10410,X021721_130_3,AMG,Negative,long,4.3112550354265494e-05,-0.7399653107076636
10412,X021721_135_3,cd,Negative,short,-0.005578916849048033,-0.12649913996569626
10412,X021721_135_3,cd,Negative,medium,-0.0037863179507549127,-0.7811145915234533
10412,X021721_135_3,cd,Negative,long,-0.0016999388388705089,-1.6236258183610617
10415,X021721_143_3,AMG,Positive,short,0.0042283540355727905,0.18104125890174197
10415,X021721_143_3,AMG,Positive,medium,0.005360660300592616,0.27523877839139427
10415,X021721_143_3,AMG,Positive,long,0.005274946937403696,0.3700125601310004
10431,X021820_086_4,8B,Positive,short,0.0021595704573414945,0.05281712292630021
10431,X021820_086_4,8B,Positive,medium,0.0016142515182914728,0.8281088250126696
10431,X021820_086_4,8B,Positive,long,0.0007624817515615444,1.5234132540999554
10432,X021820_091_3,6VaVb,Positive,short,0.001096218198376544,-0.6044583193362751
10432,X021820_091_3,6VaVb,Positive,medium,0.002831477992234433,-0.28030424491779726
10432,X021820_091_3,6VaVb,Positive,long,0.005555155765075519,1.3173874159546541
10435,X021820_096_3,8B,Positive,short,0.0017143337973237597,-1.0508370338481992
10435,X021820_096_3,8B,Positive,medium,0.0005388569759360866,-0.7790454814517359
10435,X021820_096_3,8B,Positive,long,5.015076416228997e-05,-0.13315898706683152
10439,X021820_101_3,6VaVb,Positive,short,0.0007929983730718825,-0.6696747359935932
10439,X021820_101_3,6VaVb,Positive,medium,0.000629847099725241,-0.3878670258450627
10439,X021820_101_3,6VaVb,Positive,long,0.000544974193258048,-0.2049642446899892
10447,X021820_117_3,pu,Negative,short,-0.0023830130263050573,0.21449951785623356
10447,X021820_117_3,pu,Negative,medium,-0.001482539959774602,-0.389434485663133
10447,X021820_117_3,pu,Negative,long,-0.00013878311176624992,-0.3657734434814006
10454,X021821_015_3,11ml,Positive,short,0.0044550878027242264,0.3007352234417582
10454,X021821_015_3,11ml,Positive,medium,0.005144778624973369,0.7172107161967992
10454,X021821_015_3,11ml,Positive,long,0.003958345543103422,0.7836436284891951
10455,X021821_015_4,11ml,Positive,short,0.004342646323616542,0.3079017674919999
10455,X021821_015_4,11ml,Positive,medium,0.004666768081415531,0.5320884508937721
10455,X021821_015_4,11ml,Positive,long,0.004693042075588901,0.6827804632583702
10461,X021821_047_1,12o,Negative,short,-0.0030566177748289915,-0.28234892981374843
10461,X021821_047_1,12o,Negative,medium,-0.0022726871729889277,-0.7085206275427142
10461,X021821_047_1,12o,Negative,long,-0.0004704892989412876,-0.9822189778139111
10479,X021821_079_7,12o,Negative,short,-0.0020412344576634235,0.21362880504778342
10479,X021821_079_7,12o,Negative,medium,-0.0015381672874609945,-0.1704364060619908
10479,X021821_079_7,12o,Negative,long,-0.0013409265824495206,-0.34843998307471835
10483,X021821_097_1,pu,Positive,short,0.0038067403743916586,-0.6390073855668357
10483,X021821_097_1,pu,Positive,medium,0.0027853386467790245,-0.47443690999781407
10483,X021821_097_1,pu,Positive,long,0.001032784941494222,-0.23891334508709086
10485,X021821_103_3,AI,Positive,short,0.0021541328740853458,0.357921840611399
10485,X021821_103_3,AI,Positive,medium,0.0022914486676802012,0.4545925739103116
10485,X021821_103_3,AI,Positive,long,0.0015866293316680721,0.44716499916894964
10487,X021821_110_3,pu,Negative,short,-0.0018529319973266466,0.06063915240629104
10487,X021821_110_3,pu,Negative,medium,-0.0008278045828763082,-0.08582696234617543
10487,X021821_110_3,pu,Negative,long,-0.0004556275340331559,-0.22822487406094036
10490,X021821_128_6,AMG,Negative,short,-0.0017908173321363723,-0.1163759754649898
10490,X021821_128_6,AMG,Negative,medium,-0.001359883054958378,-0.7927416059436097
10490,X021821_128_6,AMG,Negative,long,-0.0007396087569397429,-0.954126470894266
10491,X021821_128_8,AMG,Positive,short,0.002395623363421866,0.3954172032556346
10491,X021821_128_8,AMG,Positive,medium,0.0021746023343181147,0.9839877240768883
10491,X021821_128_8,AMG,Positive,long,0.0016959081476148196,1.6393582442040848
10492,X021821_130_2,AMG,Negative,short,-0.001951018091974598,-0.38158589128649695
10492,X021821_130_2,AMG,Negative,medium,-0.0004721528527780165,-0.6688550277279934
10492,X021821_130_2,AMG,Negative,long,0.00014168187901172276,-0.7454277414847135
10496,X021920_011_3,12m,Positive,short,0.0026265795652981785,0.4853767747439219
10496,X021920_011_3,12m,Positive,medium,0.0028277823988617453,0.7479671711030845
10496,X021920_011_3,12m,Positive,long,0.0035042302776996585,1.2520581832939695
10500,X021920_015_3,46v,Negative,short,-0.0030312550667025997,-0.05151319369189859
10500,X021920_015_3,46v,Negative,medium,-0.0014357432552903077,-0.6534083920365166
10500,X021920_015_3,46v,Negative,long,5.354683469486919e-05,-0.9965115298645667
10502,X021920_019_2,12m,Positive,short,0.0030851712687807735,0.8089565867542625
10502,X021920_019_2,12m,Positive,medium,0.003187951529017791,0.6926411732121064
10502,X021920_019_2,12m,Positive,long,0.0037829254334905958,0.63906886845375
10503,X021920_024_2,46v,Negative,short,-0.0011341497867620903,-0.8066650466395298
10503,X021920_024_2,46v,Negative,medium,-0.0003522517501999156,-1.2406145864834206
10503,X021920_024_2,46v,Negative,long,-0.00041429476327671527,-1.374841534555851
10504,X021920_025_3,11ml,Positive,short,0.002099514002997543,0.8148102014513063
10504,X021920_025_3,11ml,Positive,medium,0.00210549298076404,1.240956859957557
10504,X021920_025_3,11ml,Positive,long,0.0018229801971347888,1.5017522148998723
10506,X021920_036_2,12o,Negative,short,-0.001633734894975409,-0.26028483563521954
10506,X021920_036_2,12o,Negative,medium,-0.0009463905003079244,-1.022968555250501
10506,X021920_036_2,12o,Negative,long,-0.00047790138808292596,-1.5842063906982218
10507,X021920_036_4,12o,Negative,short,-0.003209013122894241,0.4148646193903603
10507,X021920_036_4,12o,Negative,medium,-0.0032313387791503643,-0.788378563602052
10507,X021920_036_4,12o,Negative,long,0.0013869150827068358,-1.661250212922469
10508,X021920_040_3,46v,Positive,short,0.00042103926912046675,-0.1750192949965793
10508,X021920_040_3,46v,Positive,medium,0.001583830719547689,0.6784785594216846
10508,X021920_040_3,46v,Positive,long,0.00268641440786836,1.5843007160899247
10510,X021920_055_3,12l,Positive,short,0.00038828144697483283,-0.9495468158491837
10510,X021920_055_3,12l,Positive,medium,0.002834817946040421,0.46031036874443637
10510,X021920_055_3,12l,Positive,long,0.004749178483852159,2.7036543128494417
10512,X021920_066_3,12l,Positive,short,0.002694490773873911,0.5178829808920907
10512,X021920_066_3,12l,Positive,medium,0.0031374361899634694,1.2573739126349448
10512,X021920_066_3,12l,Positive,long,0.0029494430512031215,1.704002959855186
10515,X021920_086_3,8B,Positive,short,0.00171675461881164,0.1213935054304038
10515,X021920_086_3,8B,Positive,medium,0.0006057555666373189,0.9792926945226165
10515,X021920_086_3,8B,Positive,long,0.0006186112487709743,1.36588189070316
10517,X021920_091_3,6VaVb,Positive,short,0.0025680696655650363,-1.0339069800473093
10517,X021920_091_3,6VaVb,Positive,medium,0.0032055556596635028,-0.41466973980264227
10517,X021920_091_3,6VaVb,Positive,long,0.005365758623358375,0.6982505335914166
10520,X021920_098_1,cd,Negative,short,-0.0022359905906455457,-0.4869451933751927
10520,X021920_098_1,cd,Negative,medium,-0.0012938584556782611,-0.9893044240760327
10520,X021920_098_1,cd,Negative,long,-0.0010408484242254885,-1.4235417862700146
10521,X021920_101_3,6VaVb,Positive,short,0.000838578265012898,-0.5303192825464162
10521,X021920_101_3,6VaVb,Positive,medium,0.0008317190393595544,-0.2894140430749355
10521,X021920_101_3,6VaVb,Positive,long,4.501906019291896e-06,-0.120227259119369
10526,X021920_104_2,45,Positive,short,0.003025739127342094,0.17690395871595713
10526,X021920_104_2,45,Positive,medium,0.003375675603056171,0.7156435484955701
10526,X021920_104_2,45,Positive,long,0.0019906713776167047,1.3744361441762198
10530,X021920_109_4,cd,Positive,short,0.0025213703669538746,0.23174389916558433
10530,X021920_109_4,cd,Positive,medium,0.0014799064464203653,0.6803999588686892
10530,X021920_109_4,cd,Positive,long,0.0013754171714554122,1.2678292354014074
10541,X021921_047_4,12o,Negative,short,-0.0029823079963553732,-0.5041816090433138
10541,X021921_047_4,12o,Negative,medium,-0.0018623964593258685,-1.037872642427435
10541,X021921_047_4,12o,Negative,long,-0.0015256831839948126,-1.2741622175035778
10550,X021921_064_3,13m,Positive,short,0.00265643174430018,1.0776817363163087
10550,X021921_064_3,13m,Positive,medium,0.0013080729641452222,1.2845473899916682
10550,X021921_064_3,13m,Positive,long,0.0014898593143175532,1.3926293851928584
10552,X021921_079_3,12o,Negative,short,-0.002750421840962127,-0.2653941795328313
10552,X021921_079_3,12o,Negative,medium,-0.001955591564341867,-0.7601241605254061
10552,X021921_079_3,12o,Negative,long,-0.0010344188302135427,-0.97966332795616
10553,X021921_080_2,12o,Negative,short,-0.0015803302987214705,-0.7502664011560641
10553,X021921_080_2,12o,Negative,medium,-0.0027234146591435344,-0.2511903742714142
10553,X021921_080_2,12o,Negative,long,1.626077724479384e-05,-0.723906029926957
10557,X021921_105_2,AMG,Negative,short,-0.004398824130862588,-0.31839154746337717
10557,X021921_105_2,AMG,Negative,medium,-0.0014400936335911378,-0.9105185207100384
10557,X021921_105_2,AMG,Negative,long,-0.001570896421302262,-0.845819088025251
10566,X021921_128_1,AMG,Positive,short,0.0024962254765964666,0.43351929930404653
10566,X021921_128_1,AMG,Positive,medium,0.0020181295801369246,1.0890875137387814
10566,X021921_128_1,AMG,Positive,long,0.00144429955305693,1.5918434082767532
10568,X021921_128_6,AMG,Negative,short,-0.004185080849992332,0.0622375038376515
10568,X021921_128_6,AMG,Negative,medium,-0.0022000385600936872,-0.8272225556088558
10568,X021921_128_6,AMG,Negative,long,-0.0008375098351738315,-0.9975436661088725
10570,X021921_130_3,AMG,Positive,short,0.003976378611282852,0.780521375352074
10570,X021921_130_3,AMG,Positive,medium,0.002700831343779438,1.4468375755824185
10570,X021921_130_3,AMG,Positive,long,0.0026836281278013567,1.5874624943574533
10573,X021921_138_3,AMG,Negative,short,-0.0017421630921117348,-0.42825632839879724
10573,X021921_138_3,AMG,Negative,medium,-0.0005777214895109844,-0.7368557366872588
10573,X021921_138_3,AMG,Negative,long,-0.00022671276393583536,-0.852035504510121
10574,X021921_143_1,AMG,Positive,short,0.0015589955512057049,0.19994521472051419
10574,X021921_143_1,AMG,Positive,medium,0.0042573143539006856,0.2170973391831541
10574,X021921_143_1,AMG,Positive,long,0.005090370285299553,0.41370305902372656
10576,X021921_157_3,cd,Positive,short,0.0007778195619821744,0.11970005170155484
10576,X021921_157_3,cd,Positive,medium,0.004261518845832942,0.7081243317479009
10576,X021921_157_3,cd,Positive,long,0.004159418214287459,1.8846913437280004
10594,X022321_092_4,AI,Negative,short,-0.0024217453329140304,0.6296425736216772
10594,X022321_092_4,AI,Negative,medium,-0.0019365602592639568,-0.12882871420692943
10594,X022321_092_4,AI,Negative,long,-0.0019206344633275968,-0.5924412928748847
10599,X022321_128_4,AMG,Negative,short,-0.0021219407462265394,0.8218968936975134
10599,X022321_128_4,AMG,Negative,medium,-0.003643106234408312,-0.6553698592461311
10599,X022321_128_4,AMG,Negative,long,-0.002329259223610767,-1.3937115197173768
10601,X022321_128_7,AMG,Positive,short,0.003655153068239156,0.6099596305945175
10601,X022321_128_7,AMG,Positive,medium,0.003270594932178416,1.4057236876642447
10601,X022321_128_7,AMG,Positive,long,0.0017028454147809443,1.7366652044400994
10602,X022321_138_4,AMG,Negative,short,-0.001664060026718117,-0.42658946657838637
10602,X022321_138_4,AMG,Negative,medium,-0.0026361558949564855,-0.709092378418393
10602,X022321_138_4,AMG,Negative,long,-0.002253189946000383,-1.5007564644151044
10617,X022421_064_2,13m,Positive,short,0.0015177021499598125,-0.7232757919664012
10617,X022421_064_2,13m,Positive,medium,0.0009743770092283412,-0.41817575545529034
10617,X022421_064_2,13m,Positive,long,0.0007451466508496437,-0.0540089915876296
10625,X022421_092_1,AI,Negative,short,-0.002988074358708627,0.6111872627798115
10625,X022421_092_1,AI,Negative,medium,-0.0021699439919197973,0.07229852913328742
10625,X022421_092_1,AI,Negative,long,-0.0009034950169346095,-0.22746173792461338
10630,X022421_109_5,cd,Negative,short,-0.002102456670658608,1.1465861209220378
10630,X022421_109_5,cd,Negative,medium,-0.003282232023215448,0.2460996099188304
10630,X022421_109_5,cd,Negative,long,-0.0015968479145992743,-0.6551978775337337
10639,X022521_004_2,12r,Positive,short,0.003303277257807314,0.88074748736253
10639,X022521_004_2,12r,Positive,medium,0.0016914085785722296,0.7516830963471567
10639,X022521_004_2,12r,Positive,long,0.0013981274978886722,0.28004725177202083
10643,X022521_023_7,11ml,Positive,short,0.00391044156116716,0.664184589564127
10643,X022521_023_7,11ml,Positive,medium,0.0028802995435312524,1.0948941744802
10643,X022521_023_7,11ml,Positive,long,0.0011578645699705625,0.9906411049965019
10659,X022521_063_7,13l,Positive,short,0.0036437375087066616,0.47333503664686605
10659,X022521_063_7,13l,Positive,medium,0.0021335142816131377,0.9292668384839216
10659,X022521_063_7,13l,Positive,long,0.0019040905989194123,1.22716860554976
10661,X022521_067_3,12o,Negative,short,4.572833930247537e-05,0.3871912894283922
10661,X022521_067_3,12o,Negative,medium,-0.004834032690809636,-0.2570716090548393
10661,X022521_067_3,12o,Negative,long,-0.00212813407681471,-0.9892434770359151
10670,X022521_100_6,cd,Negative,short,-0.0024413738699856197,0.09835975472474418
10670,X022521_100_6,cd,Negative,medium,-0.001398627929622241,-0.37698910199977403
10670,X022521_100_6,cd,Negative,long,-0.0003875853610915781,-0.8834148737386538
10673,X022521_109_2,cd,Negative,short,-0.0036193972988128693,0.30952199237551326
10673,X022521_109_2,cd,Negative,medium,-0.0010205512702127987,-0.2814470374739393
10673,X022521_109_2,cd,Negative,long,0.0002957091852645728,-0.5558861038847493
10674,X022521_109_5,cd,Negative,short,-0.0034383430131063784,0.6207328511881619
10674,X022521_109_5,cd,Negative,medium,-0.004082451452553055,-0.6020888399984862
10674,X022521_109_5,cd,Negative,long,-0.003646537958630023,-1.3106483346511442
10679,X022521_119_3,AMG,Negative,short,-0.002407932936574324,-0.2931690204380306
10679,X022521_119_3,AMG,Negative,medium,-0.0005638872013855537,-0.5873585031701007
10679,X022521_119_3,AMG,Negative,long,-2.660873370829698e-05,-0.7696967659496428
10686,X022620_014_3,46v,Positive,short,0.003723956981457087,0.058641102209922774
10686,X022620_014_3,46v,Positive,medium,0.0020963637617868115,0.8218622692531271
10686,X022620_014_3,46v,Positive,long,-8.580809226976655e-05,1.2072709422936654
10688,X022620_016_4,46df,Positive,short,0.002115837083435142,-0.5612246177644281
10688,X022620_016_4,46df,Positive,medium,0.0025225286188659208,0.2541554458148796
10688,X022620_016_4,46df,Positive,long,0.0027980795642299516,1.1229206640986158
10692,X022620_036_2,12o,Positive,short,0.0008810393919652231,-0.9610090053418711
10692,X022620_036_2,12o,Positive,medium,0.005227083782269324,0.6038454253412365
10692,X022620_036_2,12o,Positive,long,0.005210028917939608,1.0076878921162902
10699,X022620_077_2,12l,Negative,short,-0.00238294617290265,1.013850634739943
10699,X022620_077_2,12l,Negative,medium,-0.0030784028042767746,0.10162112514911446
10699,X022620_077_2,12l,Negative,long,0.0003374480047394654,-0.30287410331473624
10703,X022620_085_2,cd,Negative,short,-0.002537101303816818,-0.20361808067677348
10703,X022620_085_2,cd,Negative,medium,-0.0007390030808761435,-0.6042921164269852
10703,X022620_085_2,cd,Negative,long,-6.275911191697989e-05,-0.6829668357844361
10711,X022620_103_2,44,Positive,short,0.0020249638461817404,-0.025658607821115068
10711,X022620_103_2,44,Positive,medium,0.002476428728775901,0.27558073185145726
10711,X022620_103_2,44,Positive,long,0.0024856058864226797,0.657528654559083
10715,X022620_104_3,45,Positive,short,0.0024662143958990488,-0.30272409463246674
10715,X022620_104_3,45,Positive,medium,0.003914333300044794,0.11960093010207848
10715,X022620_104_3,45,Positive,long,0.00481809503651983,0.685875365833679
10716,X022620_104_4,45,Negative,short,-0.002714638141006306,-0.039031440780316784
10716,X022620_104_4,45,Negative,medium,-0.0013391753449437948,-1.2889889558519976
10716,X022620_104_4,45,Negative,long,-0.003337127885337641,-2.0688353925695435
10719,X022620_109_3,cd,Positive,short,0.0029978808254711446,0.13636833702544518
10719,X022620_109_3,cd,Positive,medium,0.0020224023551400215,0.7462256534223425
10719,X022620_109_3,cd,Positive,long,0.002194856088599133,1.0121245558269805
10720,X022620_117_4,pu,Negative,short,-0.0032520165101210903,0.15218129060029698
10720,X022620_117_4,pu,Negative,medium,-0.0024678673356838435,-0.14072986490119516
10720,X022620_117_4,pu,Negative,long,-0.00022716679686850917,-1.011620175025229
10732,X022621_023_2,11ml,Positive,short,0.0032692538505930133,1.1196533067019412
10732,X022621_023_2,11ml,Positive,medium,0.0016024103736139502,1.278452426938963
10732,X022621_023_2,11ml,Positive,long,-0.0005543664469826924,1.4089175179080042
10735,X022621_031_3,13l,Positive,short,0.0021892086788168554,-0.6225686069609312
10735,X022621_031_3,13l,Positive,medium,0.0022745120927062956,-0.5192617560572576
10735,X022621_031_3,13l,Positive,long,0.002194028268373151,-0.4980972440250469
10747,X022621_049_2,13l,Positive,short,0.003711355878353518,0.31392003549495323
10747,X022621_049_2,13l,Positive,medium,0.003931113296925175,1.0853992343195304
10747,X022621_049_2,13l,Positive,long,0.004293246313338707,-0.2663282177232462
10762,X022621_073_6,AI,Negative,short,-0.002578106407555469,-0.24750303182155886
10762,X022621_073_6,AI,Negative,medium,-0.0009715323211763893,-0.7449281684521233
10762,X022621_073_6,AI,Negative,long,0.00010161605758896863,-1.2170647830018981
10763,X022621_079_2,12o,Positive,short,0.00039383085275326206,-0.9829981766405598
10763,X022621_079_2,12o,Positive,medium,0.0012125850793770427,-0.6284581233689968
10763,X022621_079_2,12o,Positive,long,0.0009530966324726743,-0.5429866501252584
10768,X022621_109_6,cd,Negative,short,-0.0031049191821063546,0.2625210016234445
10768,X022621_109_6,cd,Negative,medium,-0.001295021044232338,-0.2039219274750435
10768,X022621_109_6,cd,Negative,long,-0.0001643082517642381,-0.536673056801623
10773,X022621_128_5,AMG,Negative,short,-0.0010105285696921384,-0.468762474076841
10773,X022621_128_5,AMG,Negative,medium,-0.0017060367897045086,-1.0503818485978835
10773,X022621_128_5,AMG,Negative,long,-0.0005856876614482577,-1.311176179351902
10776,X022720_003_2,12r,Negative,short,-0.0029068111683422503,-0.4346329606792497
10776,X022720_003_2,12r,Negative,medium,-0.0023925205857155897,-1.1891744712029837
10776,X022720_003_2,12r,Negative,long,-0.0010906345688645196,-0.922559686686949
10777,X022720_012_2,12m,Negative,short,-0.0031208988611078937,0.5181602109120942
10777,X022720_012_2,12m,Negative,medium,-0.0014881779316976641,0.18107035420869885
10777,X022720_012_2,12m,Negative,long,-0.0035527576929959867,0.10616093018121658
10782,X022720_016_5,46df,Positive,short,0.0019198694616240203,-0.507369276226038
10782,X022720_016_5,46df,Positive,medium,0.0022549453054516062,0.5152311030023354
10782,X022720_016_5,46df,Positive,long,0.0019076076878281167,1.3313964253257395
10783,X022720_018_4,12m,Negative,short,-0.0017229333292498525,-0.8271935876465082
10783,X022720_018_4,12m,Negative,medium,-0.0011318714692481512,-1.018357156517105
10783,X022720_018_4,12m,Negative,long,-0.00023559006919595906,-1.204162387800296
10785,X022720_036_3,12o,Positive,short,-0.0003133828930519734,-1.1469781293646866
10785,X022720_036_3,12o,Positive,medium,0.00409883370256726,0.022503865572055196
10785,X022720_036_3,12o,Positive,long,0.007251232332084019,1.656185028646854
10788,X022720_051_4,13l,Negative,short,0.00027586969313479634,-0.5288141802173749
10788,X022720_051_4,13l,Negative,medium,-0.003431402343444784,-0.5873342066610675
10788,X022720_051_4,13l,Negative,long,-0.0021503246521622724,-0.8804246438298174
10790,X022720_055_3,12l,Negative,short,-0.0048766392753345975,-0.38013651700010104
10790,X022720_055_3,12l,Negative,medium,-0.0034481329997591787,-0.29061342914617844
10790,X022720_055_3,12l,Negative,long,-2.473989594428635e-05,-0.1365956510453967
10793,X022720_066_2,12l,Positive,short,0.00292632982526549,0.09343673634387788
10793,X022720_066_2,12l,Positive,medium,0.0024545703442437057,0.7049169088062015
10793,X022720_066_2,12l,Positive,long,0.0017122532987530554,1.0766867425993158
10799,X022720_085_3,cd,Negative,short,-0.003981360773064105,0.8057093670740476
10799,X022720_085_3,cd,Negative,medium,-0.004250593697722593,-0.827141872302235
10799,X022720_085_3,cd,Negative,long,0.0011176734418455372,-1.6060491461127053
10800,X022720_086_2,8B,Positive,short,0.002073472783220857,-0.20913434764652158
10800,X022720_086_2,8B,Positive,medium,0.0006206044433946928,0.1691492271200698
10800,X022720_086_2,8B,Positive,long,0.0003917436066163678,0.29182126665621155
10803,X022720_098_1,cd,Negative,short,-0.0014920504473872652,-0.7536923266953468
10803,X022720_098_1,cd,Negative,medium,-0.0005956256593504876,-1.3090716282063832
10803,X022720_098_1,cd,Negative,long,-0.0002748660080579216,-1.3706432172343657
10805,X022720_109_3,cd,Positive,short,0.0018711547771622199,0.20192509730398414
10805,X022720_109_3,cd,Positive,medium,0.0023426969416689754,0.7126794175995272
10805,X022720_109_3,cd,Positive,long,0.0016009851248231185,1.0893259052428945
10808,X030121_020_2,12m,Negative,short,-0.0018688770121041418,-0.2558985074491543
10808,X030121_020_2,12m,Negative,medium,-0.00164814187317907,-0.6718485428519336
10808,X030121_020_2,12m,Negative,long,-0.001958042587174005,-0.9689637747362331
10812,X030121_044_3,13m,Negative,short,-0.0011423053550077863,0.41801354495464466
10812,X030121_044_3,13m,Negative,medium,0.0004272676138828358,-0.5073658965612078
10812,X030121_044_3,13m,Negative,long,-0.00288538294050393,-0.1179233066063179
10826,X030121_073_3,AI,Negative,short,-0.0025585144233109475,-0.267025454043637
10826,X030121_073_3,AI,Negative,medium,-0.001088084567293396,-0.9748872797967194
10826,X030121_073_3,AI,Negative,long,2.7776110862285477e-05,-1.1368595347824986
10827,X030121_079_1,12o,Positive,short,0.0005048050337802233,-0.8326849204034059
10827,X030121_079_1,12o,Positive,medium,0.0001865791765054249,-0.5210149793478098
10827,X030121_079_1,12o,Positive,long,0.00043175999685500407,-0.1251972765635832
10833,X030121_099_3,cd,Negative,short,-0.0019336519497611426,0.1378018824503131
10833,X030121_099_3,cd,Negative,medium,-0.0015101684654346594,-0.3658173177267321
10833,X030121_099_3,cd,Negative,long,-0.0014801753361801302,-0.6924114704826311
10836,X030121_109_1,cd,Negative,short,-0.0030740290842682333,0.35439142286924713
10836,X030121_109_1,cd,Negative,medium,-0.0014044472950985592,-0.38445102327972797
10836,X030121_109_1,cd,Negative,long,-0.00010923949729492096,-0.3918682881282292
10840,X030121_123_5,cd,Negative,short,0.003098119038000003,1.4641658882928172
10840,X030121_123_5,cd,Negative,medium,-0.006130903972166602,0.7697831383632845
10840,X030121_123_5,cd,Negative,long,-0.0031440320261109976,-0.8984702575831526
10841,X030121_128_3,AMG,Negative,short,-0.0023213221037582865,-0.43479806984789876
10841,X030121_128_3,AMG,Negative,medium,-0.002348936331274693,-1.0270839417833655
10841,X030121_128_3,AMG,Negative,long,-0.0004053931103852573,-1.4101999385186321
10848,X030220_016_3,46df,Positive,short,0.0005568815138913174,-1.0672262999757554
10848,X030220_016_3,46df,Positive,medium,0.0030648310738539642,-0.21301278816892483
10848,X030220_016_3,46df,Positive,long,0.004594653032019745,1.005938240019535
10852,X030220_025_8,11ml,Negative,short,-0.0029469002478696438,-0.3759922336991535
10852,X030220_025_8,11ml,Negative,medium,-0.0026024021386333563,-0.8605537724546769
10852,X030220_025_8,11ml,Negative,long,-0.0010238725983379097,-1.1892595133448203
10853,X030220_028_3,12l,Negative,short,-0.0009781542113071321,0.6882629451189289
10853,X030220_028_3,12l,Negative,medium,-0.0037869568358793243,0.2202059377601584
10853,X030220_028_3,12l,Negative,long,-0.0015006629789419445,-0.1600614482397422
10854,X030220_029_4,12m,Positive,short,0.003726116382732551,-0.03095289589310322
10854,X030220_029_4,12m,Positive,medium,0.0022643804601925077,0.17563608305239367
10854,X030220_029_4,12m,Positive,long,0.0021912571163329427,0.4151715602256188
10863,X030220_057_5,12o,Negative,short,-0.0017708352638391045,-0.7270442111513147
10863,X030220_057_5,12o,Negative,medium,-0.001586238123222099,-1.0384967071740283
10863,X030220_057_5,12o,Negative,long,-0.0004822074838212096,-1.1093172198920798
10866,X030220_079_3,12o,Negative,short,-0.001066362666163876,-0.5712065451318233
10866,X030220_079_3,12o,Negative,medium,-0.0014931414582904426,-1.069931991187586
10866,X030220_079_3,12o,Negative,long,-0.0018365413993970188,-1.3583048009832766
10869,X030220_089_3,6VaVb,Negative,short,-0.002310246571697535,-0.49997818973938163
10869,X030220_089_3,6VaVb,Negative,medium,-0.001906846584672672,-0.7990181143780103
10869,X030220_089_3,6VaVb,Negative,long,-0.0006864493940963351,-0.9965050715376652
10878,X030220_109_3,cd,Positive,short,0.002123080923461866,0.3441705811322673
10878,X030220_109_3,cd,Positive,medium,0.0017943570209980066,0.66328242426109
10878,X030220_109_3,cd,Positive,long,0.001926538702553663,0.9058175272929688
10879,X030220_131_5,pu,Negative,short,-0.0012246782245623742,-0.144691323867194
10879,X030220_131_5,pu,Negative,medium,-0.0019182540583537438,-1.0578298036647518
10879,X030220_131_5,pu,Negative,long,-0.002894040797855778,-0.9673373557409479
10884,X030221_024_4,11ml,Negative,short,-0.002028081479780144,0.287173042728561
10884,X030221_024_4,11ml,Negative,medium,-0.002740188968265491,-0.44308478378890487
10884,X030221_024_4,11ml,Negative,long,-0.0021145603684393044,-0.8640251395706329
10888,X030221_031_6,13l,Positive,short,0.002322314797440664,-0.6433812368616807
10888,X030221_031_6,13l,Positive,medium,0.0024430365333463822,-0.49360737079690936
10888,X030221_031_6,13l,Positive,long,0.002466872758940264,-0.46474628211556934
10897,X030221_051_3,13l,Positive,short,0.004141588962851019,0.7256413601685978
10897,X030221_051_3,13l,Positive,medium,0.00362463807043393,0.42539647598491326
10897,X030221_051_3,13l,Positive,long,-0.0007698377484642387,0.937650004820219
10898,X030221_056_3,12l,Negative,short,8.867564519956233e-05,1.9013695754544708
10898,X030221_056_3,12l,Negative,medium,-0.0029776751495772884,1.2232797260143595
10898,X030221_056_3,12l,Negative,long,-0.003151055354848095,0.5137871601262414
10905,X030221_068_3,12o,Negative,short,-0.0019185224948878596,0.04160589407261665
10905,X030221_068_3,12o,Negative,medium,-0.0018343659155117028,-0.80917905261097
10905,X030221_068_3,12o,Negative,long,-0.0006906226420068933,-1.335983500504454
10906,X030221_073_3,AI,Negative,short,-0.0017485675800727048,-0.10681365702337874
10906,X030221_073_3,AI,Negative,medium,-0.0015722599982299038,-0.8193615551374717
10906,X030221_073_3,AI,Negative,long,-0.00017175874955432517,-1.0375294405688065
10907,X030221_079_4,12o,Positive,short,0.0022348084560327858,0.4633080715936502
10907,X030221_079_4,12o,Positive,medium,0.0007886077638115281,1.2366998314659132
10907,X030221_079_4,12o,Positive,long,3.20714498272498e-05,1.5795017697053424
10910,X030221_086_2,pu,Negative,short,-0.0024872925871957134,-0.011152534750718299
10910,X030221_086_2,pu,Negative,medium,-0.0009480719039945872,-0.5573724440102172
10910,X030221_086_2,pu,Negative,long,-0.00034906950413605005,-0.6526504513031235
10913,X030221_093_5,AI,Positive,short,0.0024923571272665265,-0.2875366743484329
10913,X030221_093_5,AI,Positive,medium,0.0024710829932279186,0.1488382696056314
10913,X030221_093_5,AI,Positive,long,0.001138612789963391,0.10830388213128174
10914,X030221_097_5,pu,Positive,short,0.005455968061577119,1.6178669814023687
10914,X030221_097_5,pu,Positive,medium,0.00013014145214717906,1.4207642358075363
10914,X030221_097_5,pu,Positive,long,0.0021127179975315275,1.5212583147150507
10915,X030221_098_6,pu,Negative,short,-0.0013353546620942884,-0.2754727784608539
10915,X030221_098_6,pu,Negative,medium,-0.0004710409598116151,-1.0340957294486326
10915,X030221_098_6,pu,Negative,long,-0.001105147241770466,-1.178522851026792
10924,X030221_128_5,AMG,Negative,short,-0.0012298393086100426,-0.15657379967523716
10924,X030221_128_5,AMG,Negative,medium,-0.0010621265925686086,-0.696780921169208
10924,X030221_128_5,AMG,Negative,long,-0.001263714788974887,-0.8972523325493252
10925,X030221_128_6,AMG,Negative,short,-0.001539285993642408,-0.8319898294331428
10925,X030221_128_6,AMG,Negative,medium,-0.0006573374340743381,-1.1001416165102738
10925,X030221_128_6,AMG,Negative,long,-9.708434890122704e-05,-1.2247453432114865
10926,X030221_130_2,AMG,Negative,short,-0.0025220679352883444,-0.4759174613266588
10926,X030221_130_2,AMG,Negative,medium,-0.0012671627308301126,-0.6828139971526411
10926,X030221_130_2,AMG,Negative,long,-0.00021285574744364075,-1.0020963287789888
10928,X030221_150_3,AMG,Negative,short,-0.004919210887176276,-0.6306448722887357
10928,X030221_150_3,AMG,Negative,medium,-0.0021134898937510073,-0.4896263224989452
10928,X030221_150_3,AMG,Negative,long,-0.0026573760488161134,0.5397511428584671
10929,X030221_155_2,AMG,Positive,short,0.0023680030720315917,-0.09240704283229434
10929,X030221_155_2,AMG,Positive,medium,0.0007084224398020511,0.1095524573199226
10929,X030221_155_2,AMG,Positive,long,0.0008156553537265403,0.24521735812360715
10938,X030320_057_1,12o,Negative,short,-0.0009986794679206423,0.6441944192098562
10938,X030320_057_1,12o,Negative,medium,-0.0033331497996655986,0.22187612188544503
10938,X030320_057_1,12o,Negative,long,-0.003137857375594981,-0.6430528480970237
10942,X030320_089_3,6VaVb,Positive,short,0.00531244013113867,0.5183636502404627
10942,X030320_089_3,6VaVb,Positive,medium,0.0036279595639475163,0.5699788807204053
10942,X030320_089_3,6VaVb,Positive,long,0.004562650374815016,1.9788097627151031
10945,X030320_098_2,cd,Positive,short,0.003714163409213062,-0.044337704070702554
10945,X030320_098_2,cd,Positive,medium,0.003536154424333136,-0.06146028842174599
10945,X030320_098_2,cd,Positive,long,0.0041193670393483185,0.190320390214626
10947,X030320_101_3,6VaVb,Positive,short,0.0006612915976335393,-0.2918293350810083
10947,X030320_101_3,6VaVb,Positive,medium,0.003149288272039934,0.4551729398369696
10947,X030320_101_3,6VaVb,Positive,long,0.006286213394192905,1.8155916797540235
10954,X030320_109_3,cd,Negative,short,-0.0018869906538689872,-0.26080534794056376
10954,X030320_109_3,cd,Negative,medium,-0.0004022602886962556,-0.33437617308461726
10954,X030320_109_3,cd,Negative,long,-0.000417206932055032,-0.44546914022546047
10955,X030320_109_4,cd,Positive,short,0.0019484819050916658,-0.055540407890804146
10955,X030320_109_4,cd,Positive,medium,0.0021511860027352697,0.5204605458410048
10955,X030320_109_4,cd,Positive,long,0.0016775646116079703,0.6099847008949905
10956,X030320_112_2,cd,Positive,short,0.00489390154281223,-0.08614061651739777
10956,X030320_112_2,cd,Positive,medium,0.005192249478920934,-0.31637877845259604
10956,X030320_112_2,cd,Positive,long,0.007248988012897053,0.812770639278131
10971,X030321_056_2,12l,Negative,short,-0.0015125716529736876,1.564719020427761
10971,X030321_056_2,12l,Negative,medium,-0.004102480620706502,1.1106092253089348
10971,X030321_056_2,12l,Negative,long,-0.002908160984063718,0.3305038864171898
10975,X030321_069_4,12o,Positive,short,0.0034356116186502537,-0.46120327788586424
10975,X030321_069_4,12o,Positive,medium,0.0012107910492340417,-0.26190768206209647
10975,X030321_069_4,12o,Positive,long,0.0013184593144479435,-0.830717181266222
10978,X030321_073_1,AI,Negative,short,-0.0030508076920391096,0.5712849138838824
10978,X030321_073_1,AI,Negative,medium,-0.0005467856313977221,-0.1859338879611416
10978,X030321_073_1,AI,Negative,long,-0.0024681462388136542,-0.41610427661696475
10979,X030321_073_6,AI,Negative,short,-0.0024313411643899093,-0.28819730465429966
10979,X030321_073_6,AI,Negative,medium,-0.0010506716401867437,-0.7938601975135517
10979,X030321_073_6,AI,Negative,long,-0.0005521543067050967,-0.9795986094113792
10983,X030321_079_2,12o,Positive,short,0.002064121056743405,0.2542213652028815
10983,X030321_079_2,12o,Positive,medium,0.0015712353614168572,1.0455901422933016
10983,X030321_079_2,12o,Positive,long,0.000644608102868385,1.643922390041256
10987,X030321_087_6,cd,Negative,short,-0.0029089367781874615,0.21608115711023554
10987,X030321_087_6,cd,Negative,medium,-0.0010209188700832212,-0.1807155841924276
10987,X030321_087_6,cd,Negative,long,-0.00044546008764985483,-0.5330485632385866
10995,X030321_112_2,cd,Negative,short,-0.00207444639339657,0.8776959083399452
10995,X030321_112_2,cd,Negative,medium,-0.003898849118176848,-0.008491896999420323
10995,X030321_112_2,cd,Negative,long,-0.0023997767044137176,-0.3131605404380325
10997,X030321_123_4,cd,Negative,short,-0.0021209723682925237,-0.4211679963882549
10997,X030321_123_4,cd,Negative,medium,-0.0024854785913722686,-0.945559251862121
10997,X030321_123_4,cd,Negative,long,-0.0023574385283185065,-1.7835023342670497
10999,X030321_128_6,AMG,Negative,short,-0.0009188626188454578,-0.26851610800496534
10999,X030321_128_6,AMG,Negative,medium,-0.00045940944383674457,-0.4112953496244604
10999,X030321_128_6,AMG,Negative,long,-0.0006265524668064642,-0.5840503655733562
11000,X030321_128_7,AMG,Negative,short,-0.001206923965941195,-0.8039273466425212
11000,X030321_128_7,AMG,Negative,medium,-0.000993688446640604,-1.1102835342610338
11000,X030321_128_7,AMG,Negative,long,-0.0005646355296966289,-1.3071510060853053
11002,X030321_130_1,AMG,Negative,short,-0.001595656476832634,-0.7949045725203988
11002,X030321_130_1,AMG,Negative,medium,-0.001204803484684285,-0.6811221563776401
11002,X030321_130_1,AMG,Negative,long,-0.000622828749103116,-1.1513410765002055
11003,X030321_130_5,AMG,Positive,short,0.0018067282051772715,0.750359224598737
11003,X030321_130_5,AMG,Positive,medium,0.0019691468137145412,1.208090143175966
11003,X030321_130_5,AMG,Positive,long,0.0009513674636920971,1.417580585709824
11007,X030321_155_4,AMG,Positive,short,0.0021936242463051515,-0.26361739628591085
11007,X030321_155_4,AMG,Positive,medium,0.0015167279318481779,0.028905495550872712
11007,X030321_155_4,AMG,Positive,long,0.0016009525587884408,0.3856998313829039
11008,X030420_004_2,12r,Negative,short,-0.0012297413830731582,-0.4239570012257222
11008,X030420_004_2,12r,Negative,medium,-0.0007334538334741889,-0.7388736878377625
11008,X030420_004_2,12r,Negative,long,-0.00020437185451932125,-0.80151031973358
11010,X030420_005_3,11ml,Positive,short,0.0020380447829484957,-0.6436089494524403
11010,X030420_005_3,11ml,Positive,medium,0.001650210114632777,0.311152701063509
11010,X030420_005_3,11ml,Positive,long,0.0024659043017017874,1.9203450779946591
11019,X030420_057_3,12o,Negative,short,-0.0003146287543452412,0.6017219729647164
11019,X030420_057_3,12o,Negative,medium,-0.0024467745154332526,0.6054549564881725
11019,X030420_057_3,12o,Negative,long,-0.004322483037497934,-0.5251118117391741
11023,X030420_086_2,8B,Negative,short,-0.0008832793337580611,-0.9675561596768073
11023,X030420_086_2,8B,Negative,medium,-0.0008619447372386582,-1.1521002686955963
11023,X030420_086_2,8B,Negative,long,-0.0006813145739812851,-1.5127868757470078
11030,X030420_101_3,6VaVb,Positive,short,0.0018866086912044514,-0.5172561404191441
11030,X030420_101_3,6VaVb,Positive,medium,0.003952785739791044,0.40148263279198104
11030,X030420_101_3,6VaVb,Positive,long,0.006108435389073352,2.298591640695756
11034,X030420_109_3,cd,Negative,short,-0.001988666505336044,-0.19403886453594513
11034,X030420_109_3,cd,Negative,medium,-0.0009488017020178387,-0.42490133552686327
11034,X030420_109_3,cd,Negative,long,-0.0009617854573471421,-0.5504674124787136
11035,X030420_109_5,cd,Positive,short,0.0021478219776124604,0.29667325565721625
11035,X030420_109_5,cd,Positive,medium,0.001859077766178774,0.928221289037468
11035,X030420_109_5,cd,Positive,long,0.0017900067383345185,0.954433218760419
11037,X030420_112_3,cd,Negative,short,-0.0008663911534848226,-0.49474940003948087
11037,X030420_112_3,cd,Negative,medium,-0.0008843487566720695,-0.5951115578016306
11037,X030420_112_3,cd,Negative,long,-0.0012823578780381737,-0.6966102364753526
11040,X030420_143_2,AMG,Negative,short,-0.0038339990229475382,-0.6297239351411545
11040,X030420_143_2,AMG,Negative,medium,-0.004768499535301655,-1.0448580276067625
11040,X030420_143_2,AMG,Negative,long,-0.0032448919983929085,-1.6210789158816346
11041,X030421_011_3,12m,Negative,short,-0.000549311274182539,-0.5783194073672699
11041,X030421_011_3,12m,Negative,medium,-0.0012021119493735922,-0.8389109596981978
11041,X030421_011_3,12m,Negative,long,-0.00042934286083751085,-1.0611578469070142
11045,X030421_046_2,12o,Positive,short,0.004090615443193092,0.045162303461158605
11045,X030421_046_2,12o,Positive,medium,0.003053970061523063,0.5364215962136297
11045,X030421_046_2,12o,Positive,long,0.002588492772107577,1.0000509639547985
11051,X030421_056_3,12l,Negative,short,0.0009627917422106201,1.7034717582029828
11051,X030421_056_3,12l,Negative,medium,-0.0038512041424134916,1.0495097641887363
11051,X030421_056_3,12l,Negative,long,-0.0026101410914746537,0.3840337404998689
11060,X030421_079_3,12o,Negative,short,-0.0006558329638371169,-0.1912492684187145
11060,X030421_079_3,12o,Negative,medium,-0.0011067061113592175,-0.39970651096641124
11060,X030421_079_3,12o,Negative,long,-0.0005477198345731105,-0.6998453411504552
11062,X030421_092_4,AI,Positive,short,0.005765470404807599,0.44682916623389907
11062,X030421_092_4,AI,Positive,medium,0.0038160031058214706,1.0205437288853572
11062,X030421_092_4,AI,Positive,long,0.001626618088163871,1.1351232341244295
11069,X030421_112_2,cd,Negative,short,-0.002446763438759144,0.8494962178892804
11069,X030421_112_2,cd,Negative,medium,-0.003993146128912385,0.14139399280424497
11069,X030421_112_2,cd,Negative,long,-0.0009367797414021683,-0.5660899638038706
11071,X030421_118_2,AMG,Negative,short,-0.0008321417934379311,0.6818605576968828
11071,X030421_118_2,AMG,Negative,medium,-0.0022535390045195004,0.4698776431335601
11071,X030421_118_2,AMG,Negative,long,-0.0017884512425008839,0.34101463003251037
11074,X030421_123_5,cd,Negative,short,-0.0008862368830672359,-0.5532710342954676
11074,X030421_123_5,cd,Negative,medium,-0.003535459520919143,-0.8997652650645259
11074,X030421_123_5,cd,Negative,long,-0.0010122747986230497,-1.8864731778717676
11076,X030421_128_3,AMG,Negative,short,-0.0029723353994807766,-0.34197264310350634
11076,X030421_128_3,AMG,Negative,medium,-0.0008994845043282343,-1.120368293537673
11076,X030421_128_3,AMG,Negative,long,-0.00035648059611956967,-1.189858718937923
11078,X030421_155_5,AMG,Positive,short,0.0029313681004003098,-0.22143455749120372
11078,X030421_155_5,AMG,Positive,medium,0.002929389315179265,0.4158660825039279
11078,X030421_155_5,AMG,Positive,long,0.0027788374102067984,0.9637939048785338
11080,X030520_013_4,46v,Positive,short,0.0023046699433537125,-0.9819863473565725
11080,X030520_013_4,46v,Positive,medium,0.0019683665383154808,-0.31204060828096286
11080,X030520_013_4,46v,Positive,long,0.0031745914978792587,1.2221072829904163
11089,X030520_066_1,12l,Positive,short,0.0026816684962907866,-0.23487314786111158
11089,X030520_066_1,12l,Positive,medium,0.002152178010134857,0.42767774382472107
11089,X030520_066_1,12l,Positive,long,0.0012413403272810658,0.8471028077820573
11092,X030520_069_2,AI,Positive,short,0.0022533124569525725,0.4804645549120868
11092,X030520_069_2,AI,Positive,medium,0.001645990219699589,1.2030400953157967
11092,X030520_069_2,AI,Positive,long,0.00038443119540235664,1.67021871227988
11095,X030520_077_1,12l,Positive,short,0.0015000208236491393,-0.1252221022380017
11095,X030520_077_1,12l,Positive,medium,0.0003764258197172054,0.20428077220671134
11095,X030520_077_1,12l,Positive,long,-9.015262414400597e-05,0.3945480177485804
11098,X030520_085_5,cd,Negative,short,-0.0034093295991890087,0.5088393507815056
11098,X030520_085_5,cd,Negative,medium,-0.002000290656920028,0.24384267245591332
11098,X030520_085_5,cd,Negative,long,0.00041194897601037786,-0.0586503586275887
11104,X030520_097_3,cd,Negative,short,-0.004571935127830237,0.2458998871023477
11104,X030520_097_3,cd,Negative,medium,-0.001766511779894117,-0.925807670236855
11104,X030520_097_3,cd,Negative,long,0.001097108848358491,-1.207737717374589
11105,X030520_098_1,cd,Positive,short,0.003899197171678423,-0.13326045313033394
11105,X030520_098_1,cd,Positive,medium,0.003452575678259355,0.16253713620259053
11105,X030520_098_1,cd,Positive,long,0.004057762391016227,0.6277652181482164
11107,X030520_101_3,6VaVb,Positive,short,0.0008707427909146123,-0.5133506161053843
11107,X030520_101_3,6VaVb,Positive,medium,0.003966852044668091,0.27572572595376316
11107,X030520_101_3,6VaVb,Positive,long,0.0075812754415862625,2.052033661049597
11109,X030520_104_3,45,Positive,short,0.002534674812111209,0.5889309609294118
11109,X030520_104_3,45,Positive,medium,0.0034532144206768168,0.9751519948149083
11109,X030520_104_3,45,Positive,long,0.00031548697599093344,1.1099725827797875
11110,X030520_104_5,45,Positive,short,0.003197410784603625,-0.011868182057301713
11110,X030520_104_5,45,Positive,medium,0.0025147143840476287,0.7785130644375194
11110,X030520_104_5,45,Positive,long,0.0013183425740822255,1.0272774433534275
11111,X030520_109_2,cd,Positive,short,0.003019188669782237,0.4870901875854152
11111,X030520_109_2,cd,Positive,medium,0.0010923736592566024,0.7451823959731421
11111,X030520_109_2,cd,Positive,long,0.0019992618717880844,0.7304227505368917
11114,X030520_143_2,AMG,Positive,short,0.0017851530218305318,-0.6798493772769927
11114,X030520_143_2,AMG,Positive,medium,0.0009893223235232958,-0.14484625310625823
11114,X030520_143_2,AMG,Positive,long,0.0011964809958789405,0.2682346477421789
11115,X030520_149_3,pu,Negative,short,-0.0018718224458199415,0.3863722136121758
11115,X030520_149_3,pu,Negative,medium,-0.0009441974286481993,-0.06928883135105102
11115,X030520_149_3,pu,Negative,long,-0.0005851686635926658,-0.110624999128818
11117,X030521_012_6,12m,Negative,short,-0.002729629300408664,-0.46234848108661736
11117,X030521_012_6,12m,Negative,medium,-0.0015343339578323084,-1.2374380770419877
11117,X030521_012_6,12m,Negative,long,-0.0012812285468853522,-1.5954345198915325
11118,X030521_020_3,12m,Negative,short,-0.002446221082561036,-0.6459466779295404
11118,X030521_020_3,12m,Negative,medium,-0.001203206309062615,-0.7355924706887484
11118,X030521_020_3,12m,Negative,long,-0.0001968197562776372,-1.1674827722067047
11119,X030521_029_2,12m,Negative,short,-0.00306153367407566,-0.6731991794812092
11119,X030521_029_2,12m,Negative,medium,-0.0017641621998951526,-0.6668415407974818
11119,X030521_029_2,12m,Negative,long,-0.0029158108980635727,-1.4126911595736487
11121,X030521_031_6,13l,Negative,short,-0.0024879475183823127,0.02031221316845316
11121,X030521_031_6,13l,Negative,medium,-0.0004328079582924256,-0.5229763681946102
11121,X030521_031_6,13l,Negative,long,-0.0005294220794101972,-0.8709524225276243
11123,X030521_037_3,12o,Positive,short,0.002328015262617736,-0.35555647629097775
11123,X030521_037_3,12o,Positive,medium,0.005320334815587071,-0.16691648178794322
11123,X030521_037_3,12o,Positive,long,0.008543460758320506,0.5860554899848643
11134,X030521_064_2,13m,Positive,short,0.003922172417954577,0.1545598373458583
11134,X030521_064_2,13m,Positive,medium,0.0034494702279993642,0.04212962717364872
11134,X030521_064_2,13m,Positive,long,0.0014964656934601432,0.1075056377273772
11138,X030521_074_5,13m,Negative,short,-0.0030747818199940405,-0.21586338344377584
11138,X030521_074_5,13m,Negative,medium,-0.0012408722605650746,-0.795944993091304
11138,X030521_074_5,13m,Negative,long,-0.0017445630192622868,-1.1539233860477631
11143,X030521_082_2,AI,Negative,short,-0.0032592402208622227,-0.6303247116915199
11143,X030521_082_2,AI,Negative,medium,-0.005421993038579187,-0.18104437577418872
11143,X030521_082_2,AI,Negative,long,-0.003643036716828651,-0.9049352647143164
11145,X030521_092_1,AI,Positive,short,0.006365548870682221,0.35426937095114275
11145,X030521_092_1,AI,Positive,medium,0.003839243320566513,0.7529585395084257
11145,X030521_092_1,AI,Positive,long,0.0026042098516020915,0.8832769806244211
11151,X030521_111_4,cd,Negative,short,-0.0015859627245591718,0.7292767332434056
11151,X030521_111_4,cd,Negative,medium,-0.002854639962342847,1.0746746549999555
11151,X030521_111_4,cd,Negative,long,-0.005804251822566794,0.08397186674896671
11153,X030521_119_2,AMG,Positive,short,0.0028122957142990104,-0.12320551330589002
11153,X030521_119_2,AMG,Positive,medium,0.003115254232326861,0.3572805090354114
11153,X030521_119_2,AMG,Positive,long,0.0023866345608318305,0.7446855393776084
11154,X030521_123_1,cd,Negative,short,-0.003153378887797768,-0.23806556545396582
11154,X030521_123_1,cd,Negative,medium,-0.0031149014438027404,-1.1864027941720359
11154,X030521_123_1,cd,Negative,long,-0.0018579864193322018,-1.8492230042046596
11160,X030620_013_4,46v,Negative,short,-0.0035882907935780553,-0.21242072468090062
11160,X030620_013_4,46v,Negative,medium,-0.0018022487322092951,-0.8335180180348741
11160,X030620_013_4,46v,Negative,long,-0.0007705296741005798,-1.1270361514436624
11162,X030620_027_1,12l,Positive,short,0.0022348458165195838,-0.6574607088107234
11162,X030620_027_1,12l,Positive,medium,0.00262375513044626,-0.11496491118732487
11162,X030620_027_1,12l,Positive,long,0.0022684838091196814,0.40987366040162865
11169,X030620_046_2,12o,Negative,short,-0.0025932374593370137,-0.803093649816549
11169,X030620_046_2,12o,Negative,medium,-0.002813341890263305,-0.7286177900540484
11169,X030620_046_2,12o,Negative,long,-0.003442177806405876,-0.8501038343936235
11173,X030620_066_3,12l,Positive,short,0.0022929382110445764,-0.13538941756563383
11173,X030620_066_3,12l,Positive,medium,0.001980073267391515,0.6000761123879281
11173,X030620_066_3,12l,Positive,long,0.001165915218622838,0.988695100718449
11175,X030620_077_1,12l,Positive,short,0.0013619104403880177,-0.13950920807107353
11175,X030620_077_1,12l,Positive,medium,0.0005178617869564216,0.16682895480342105
11175,X030620_077_1,12l,Positive,long,-5.4700866396533165e-05,0.316976925125733
11178,X030620_089_3,6VaVb,Negative,short,-0.0025932489883486254,0.6275704217502869
11178,X030620_089_3,6VaVb,Negative,medium,-0.002559992988217599,-0.1991862652165902
11178,X030620_089_3,6VaVb,Negative,long,-0.0021323935084507292,-0.7308222621091612
11179,X030620_089_4,6VaVb,Positive,short,0.0003889527773690279,0.5629538804348465
11179,X030620_089_4,6VaVb,Positive,medium,0.003073936750715135,0.08981419223201494
11179,X030620_089_4,6VaVb,Positive,long,0.005037244730354753,0.7421920668165635
11181,X030620_095_4,pu,Positive,short,0.0011154288470119462,-0.23114380894574382
11181,X030620_095_4,pu,Positive,medium,0.0030068184519512556,0.15848822618596226
11181,X030620_095_4,pu,Positive,long,0.0028520577944581506,1.342625246418891
11184,X030620_104_2,45,Positive,short,0.001963895030635552,-0.33624481816554114
11184,X030620_104_2,45,Positive,medium,0.00399901781175111,-0.013937490494819528
11184,X030620_104_2,45,Positive,long,0.0034020873355397625,1.1400318045934774
11185,X030620_109_2,cd,Positive,short,0.0023725369271185488,0.2678967011178582
11185,X030620_109_2,cd,Positive,medium,0.001523527640052465,0.6736255057292453
11185,X030620_109_2,cd,Positive,long,0.001503948353697549,0.9144051609539152
11189,X030821_011_3,12m,Negative,short,-0.003481427064810249,0.39014390909804314
11189,X030821_011_3,12m,Negative,medium,-0.0038934637531895977,-0.49327211388186887
11189,X030821_011_3,12m,Negative,long,-0.0033361419035284863,-1.4876774836598141
11197,X030821_041_6,13l,Negative,short,-0.0017584320758114334,-0.5223146158693972
11197,X030821_041_6,13l,Negative,medium,-0.0010651601675707276,-1.0553068821124745
11197,X030821_041_6,13l,Negative,long,-0.0012366027971628575,-1.064815931580031
11199,X030821_056_4,12l,Negative,short,-0.0007003001041257814,1.6415649666365688
11199,X030821_056_4,12l,Negative,medium,-0.004270025411144299,1.1296601071132475
11199,X030821_056_4,12l,Negative,long,-0.0032301791896056542,0.1402899604294598
11208,X030821_092_1,AI,Positive,short,0.005993789716555856,0.5007844641246831
11208,X030821_092_1,AI,Positive,medium,0.0020989683090274092,1.0065159272036814
11208,X030821_092_1,AI,Positive,long,0.0005125045884653304,0.7312793359284393
11216,X030821_128_1,AMG,Positive,short,0.003943088325174978,0.28920039212906085
11216,X030821_128_1,AMG,Positive,medium,0.0037292352625465782,0.36664402854943434
11216,X030821_128_1,AMG,Positive,long,0.002964025193002068,0.27104156172312116
11218,X030821_139_3,AMG,Negative,short,-0.002453030259054493,-0.7849025725816186
11218,X030821_139_3,AMG,Negative,medium,-0.001566562780735522,-1.0356696984930562
11218,X030821_139_3,AMG,Negative,long,-0.001044516261247349,-0.7686659641650672
11220,X030920_007_2,46v,Negative,short,-0.0008123819052607344,0.9244778771666243
11220,X030920_007_2,46v,Negative,medium,-0.003998200886426539,0.08481500994959558
11220,X030920_007_2,46v,Negative,long,-0.002561079579905747,-0.04446689488742804
11223,X030920_040_4,46v,Negative,short,-0.0018776837423838217,-0.010628693657671528
11223,X030920_040_4,46v,Negative,medium,-0.0012618355949725242,-0.6878232228974137
11223,X030920_040_4,46v,Negative,long,-0.0006043424885056614,-0.7741461103152911
11229,X030920_066_2,12l,Negative,short,-0.002839143825086526,0.44367473030396226
11229,X030920_066_2,12l,Negative,medium,-0.0016386398384248763,-0.3294160664705296
11229,X030920_066_2,12l,Negative,long,-0.00025059454798604075,-0.9228353265319609
11232,X030920_095_3,pu,Positive,short,0.0021872101914901586,-0.5602798522961405
11232,X030920_095_3,pu,Positive,medium,0.0038403396833145594,-0.1678480180540198
11232,X030920_095_3,pu,Positive,long,0.002625574507377305,0.4363894128347569
11234,X030920_098_2,cd,Positive,short,0.004475544071125839,0.08478574872794817
11234,X030920_098_2,cd,Positive,medium,0.00367297806324725,0.18953057091695547
11234,X030920_098_2,cd,Positive,long,0.0038164621003685833,0.391522323915707
11241,X030920_118_3,pu,Positive,short,0.005608164624060038,0.7838770047220682
11241,X030920_118_3,pu,Positive,medium,0.0023304320069962086,-0.384861825220558
11241,X030920_118_3,pu,Positive,long,0.0019544202777486857,0.9953723438820196
11243,X030920_143_1,AMG,Negative,short,-0.0031360341466684922,0.44361469384105395
11243,X030920_143_1,AMG,Negative,medium,-0.0041538820179684854,-0.22368738134899108
11243,X030920_143_1,AMG,Negative,long,-0.0033932303795951536,-1.5182299361550273
11245,X030921_012_3,12m,Negative,short,-0.002432633142980139,0.09394349171601843
11245,X030921_012_3,12m,Negative,medium,-0.0010146009068403479,-0.5121147078783491
11245,X030921_012_3,12m,Negative,long,-0.0001881050988712461,-0.45203103256571076
11247,X030921_015_3,11ml,Negative,short,-0.000589036308813192,-0.6646564731036565
11247,X030921_015_3,11ml,Negative,medium,-0.0007538371335961206,-0.8361985691375224
11247,X030921_015_3,11ml,Negative,long,-0.00024330843293378994,-1.032987477874597
11249,X030921_029_3,12m,Negative,short,-0.0007001501489295879,-0.7563996695341564
11249,X030921_029_3,12m,Negative,medium,-0.0033804572558417643,-1.0625378126263023
11249,X030921_029_3,12m,Negative,long,-0.002644647948851672,-1.244225555221967
11251,X030921_041_3,13l,Negative,short,-0.002792914800256425,-0.6170664238228235
11251,X030921_041_3,13l,Negative,medium,-0.0006603881100800453,-1.083344334770558
11251,X030921_041_3,13l,Negative,long,-0.0009027251015077123,-1.3298610354620288
11252,X030921_041_4,13l,Negative,short,-0.002160505836548357,-0.18450508866390947
11252,X030921_041_4,13l,Negative,medium,-0.00018639604155725034,-0.4041079434003687
11252,X030921_041_4,13l,Negative,long,0.00010877552024302717,-0.17289649449814168
11256,X030921_056_3,12l,Negative,short,-0.002869499742585025,1.2733996345068075
11256,X030921_056_3,12l,Negative,medium,-0.004565805269430832,0.17629429462486676
11256,X030921_056_3,12l,Negative,long,-0.003877225725269839,-1.0023228050435826
11260,X030921_068_4,12o,Negative,short,-0.0009357094278267346,0.16824344505934907
11260,X030921_068_4,12o,Negative,medium,-0.001323488178162904,-0.20855048474278948
11260,X030921_068_4,12o,Negative,long,-0.000916625987336087,-0.7010402163233416
11282,X031020_047_3,12o,Positive,short,0.0027892097374316387,0.269523001978256
11282,X031020_047_3,12o,Positive,medium,0.0006428035358344844,1.095996729992392
11282,X031020_047_3,12o,Positive,long,0.0027702533886497303,1.155463030180598
11287,X031020_051_8,13l,Positive,short,0.0033272880851018534,0.0936388456577996
11287,X031020_051_8,13l,Positive,medium,0.002506214218792272,1.4488910703413103
11287,X031020_051_8,13l,Positive,long,0.0024459829140053182,2.005446127766182
11290,X031020_066_3,12l,Negative,short,-0.0017795998560380518,-0.1151591328529557
11290,X031020_066_3,12l,Negative,medium,-0.0010888871773124793,-0.5713260674139425
11290,X031020_066_3,12l,Negative,long,-0.0005768010942343696,-0.7285359669445755
11296,X031020_089_5,6VaVb,Negative,short,-0.0011303408690985838,-0.8553506500907428
11296,X031020_089_5,6VaVb,Negative,medium,-0.0017169488712668905,-0.8345568841090814
11296,X031020_089_5,6VaVb,Negative,long,-0.001032341390520485,-1.0807536544895013
11298,X031020_098_3,cd,Positive,short,0.0033016152119322195,-0.23160370521498425
11298,X031020_098_3,cd,Positive,medium,0.003453557047141394,0.24462727782279314
11298,X031020_098_3,cd,Positive,long,0.0030475805052619393,0.2487109873471735
11303,X031020_109_4,cd,Positive,short,0.0016944774820488783,-0.18445606852617497
11303,X031020_109_4,cd,Positive,medium,0.002523397002725411,0.4604674902891418
11303,X031020_109_4,cd,Positive,long,0.0030965569059625496,0.8689767288140171
11306,X031020_141_3,AMG,Negative,short,-0.0008123322492748871,0.32852802710114093
11306,X031020_141_3,AMG,Negative,medium,-0.0014220301951421736,-0.1759384060537128
11306,X031020_141_3,AMG,Negative,long,-0.000390373118781353,-0.46241870882011293
11308,X031021_011_2,12m,Negative,short,-0.0009497167070731968,1.6651051641502317
11308,X031021_011_2,12m,Negative,medium,-0.0020973093227824664,0.2865536775350487
11308,X031021_011_2,12m,Negative,long,-0.003032660257828687,-0.20481121969624685
11310,X031021_012_3,12m,Positive,short,0.0019411746363749381,-0.7103116962117291
11310,X031021_012_3,12m,Positive,medium,0.001364962646483439,-0.10779439640919462
11310,X031021_012_3,12m,Positive,long,0.0030858989775098544,0.021348367752189658
11319,X031021_047_4,12o,Negative,short,-0.0030809713888532487,-0.8240485508955656
11319,X031021_047_4,12o,Negative,medium,-0.0024647632680900936,-1.3820470411844936
11319,X031021_047_4,12o,Negative,long,-0.0003583185829965141,-1.7118943463546068
11326,X031021_060_4,AI,Negative,short,-0.001433054306646685,-0.09645426660596382
11326,X031021_060_4,AI,Negative,medium,-0.001381493303522399,-0.5496098032920852
11326,X031021_060_4,AI,Negative,long,-0.002008937424820947,-0.6341473393749675
11330,X031021_068_4,12o,Negative,short,-0.0010463955474270563,0.19077282854493982
11330,X031021_068_4,12o,Negative,medium,-0.00107833109901787,-0.3630768294433967
11330,X031021_068_4,12o,Negative,long,-0.0010898672524653698,-0.6947786972149834
11333,X031021_069_5,12o,Negative,short,-0.0027558218235731406,0.1452974289517769
11333,X031021_069_5,12o,Negative,medium,-0.000677347521067492,-0.41549549833212834
11333,X031021_069_5,12o,Negative,long,0.00043489400886892774,-0.5382275129908606
11346,X031021_104_3,AI,Positive,short,0.0007168219209740533,-0.170751657623824
11346,X031021_104_3,AI,Positive,medium,0.003396333116710566,0.4980145545057277
11346,X031021_104_3,AI,Positive,long,0.004641456097549388,1.322104940372798
11348,X031021_112_5,cd,Negative,short,-0.002630984211401807,0.9840058625393707
11348,X031021_112_5,cd,Negative,medium,-0.005083627100430242,-0.17227180326859562
11348,X031021_112_5,cd,Negative,long,-0.003074710303891401,-0.6722003348509141
11352,X031021_128_6,AMG,Negative,short,-0.002140212168166573,-0.711718305903944
11352,X031021_128_6,AMG,Negative,medium,-0.0007464998025112495,-1.1779647292987678
11352,X031021_128_6,AMG,Negative,long,-0.0003671124274838433,-1.6867230017847705
11367,X031120_061_4,AI,Negative,short,-0.0022439796174960063,0.772225132356545
11367,X031120_061_4,AI,Negative,medium,-0.0025871292025000862,-0.03491178742058253
11367,X031120_061_4,AI,Negative,long,-0.000431797839391302,-0.5490794189494357
11368,X031120_065_3,13m,Positive,short,0.003021010241768056,0.6405524948190359
11368,X031120_065_3,13m,Positive,medium,0.0038453722882032825,1.1373928433002132
11368,X031120_065_3,13m,Positive,long,0.0032437282372744128,1.3524351794886311
11369,X031120_066_3,12l,Negative,short,-0.003893860845188458,0.09899749213553805
11369,X031120_066_3,12l,Negative,medium,-0.0006370161518240114,-1.1150986628603816
11369,X031120_066_3,12l,Negative,long,-0.0009227425257856936,-0.938417770699931
11380,X031120_097_4,cd,Positive,short,0.0008534751848884485,-0.44589575326605585
11380,X031120_097_4,cd,Positive,medium,0.005727511645187115,-0.6137351929306978
11380,X031120_097_4,cd,Positive,long,0.006023337635469759,-0.1867905886244872
11381,X031120_098_3,cd,Positive,short,0.0027865319909393727,-0.00983563467597561
11381,X031120_098_3,cd,Positive,medium,0.004376143427222096,0.24362001772047936
11381,X031120_098_3,cd,Positive,long,0.003857997508428816,0.4525967167538842
11388,X031120_109_4,cd,Positive,short,0.0018714984039182442,-0.21247953152982904
11388,X031120_109_4,cd,Positive,medium,0.002342355275798639,0.41224964007016807
11388,X031120_109_4,cd,Positive,long,0.0029980102907880505,0.8146891038610713
11397,X031121_012_2,12m,Positive,short,0.001162407026608665,-0.4581286474643391
11397,X031121_012_2,12m,Positive,medium,0.003788038386593733,0.22217477866202073
11397,X031121_012_2,12m,Positive,long,0.0029638960956533565,0.5411723149388706
11399,X031121_015_8,11ml,Positive,short,0.002894040287140186,0.17194678446900924
11399,X031121_015_8,11ml,Positive,medium,0.0022591332142728898,0.9780126888450201
11399,X031121_015_8,11ml,Positive,long,0.0017629352484327286,0.792621850632689
11405,X031121_047_2,12o,Negative,short,-0.002256055887049431,-1.403464948451658
11405,X031121_047_2,12o,Negative,medium,-0.0033810269607438387,-0.7080676248007146
11405,X031121_047_2,12o,Negative,long,-0.0005052665710934199,-0.3569121111305229
11406,X031121_047_4,12o,Negative,short,-0.0037500846622689414,-0.8468152244583844
11406,X031121_047_4,12o,Negative,medium,-0.002789456688104913,-1.3828683989912818
11406,X031121_047_4,12o,Negative,long,0.0005635239032330207,-1.3800926853138675
11408,X031121_048_5,12o,Negative,short,-0.0025886795005564773,-0.5260530174206713
11408,X031121_048_5,12o,Negative,medium,-0.002110898758066757,-1.097783758621136
11408,X031121_048_5,12o,Negative,long,-0.001965094038657806,-0.842590573750523
11418,X031121_065_6,13m,Negative,short,-0.003750991186425238,-1.2143249470727384
11418,X031121_065_6,13m,Negative,medium,-0.0013586989231991447,-0.8181750771780181
11418,X031121_065_6,13m,Negative,long,0.0003337757482365861,-1.2285926570610675
11423,X031121_079_3,12o,Positive,short,0.0009594091979591778,-0.20923013314635752
11423,X031121_079_3,12o,Positive,medium,0.0004477032362646409,0.15788342223160617
11423,X031121_079_3,12o,Positive,long,0.00010701939559537483,0.29627098352609577
11424,X031121_079_4,12o,Positive,short,0.0027857317311639593,-0.4215488210777611
11424,X031121_079_4,12o,Positive,medium,0.0018135637455983194,-0.25532953907881795
11424,X031121_079_4,12o,Positive,long,0.0020280462385431,-0.3765414415389877
11433,X031121_092_5,AI,Positive,short,0.0011350319442331015,-0.6326095697635818
11433,X031121_092_5,AI,Positive,medium,0.0016414352130410769,-0.3336187624513945
11433,X031121_092_5,AI,Positive,long,0.0008085304236514868,-0.26717007381588953
11438,X031121_104_6,AI,Positive,short,0.0004567663781113019,-0.5038467385355203
11438,X031121_104_6,AI,Positive,medium,0.0037511778991612564,-0.8681847193528636
11438,X031121_104_6,AI,Positive,long,0.0041486514659173175,-0.5930021952003041
11439,X031121_112_7,cd,Negative,short,-0.003059556319125756,0.546644452189912
11439,X031121_112_7,cd,Negative,medium,-0.002313863707756925,-0.2638872113708754
11439,X031121_112_7,cd,Negative,long,-0.00034566856914088176,-0.7029543413893752
11444,X031121_139_5,AMG,Positive,short,0.00029820038603040115,-1.1132684932175572
11444,X031121_139_5,AMG,Positive,medium,0.0013498610177683757,-0.5205019107514592
11444,X031121_139_5,AMG,Positive,long,0.001976320449591772,-0.1514574725873545
11445,X031121_145_4,cd,Negative,short,-0.002951341591995621,-0.1922997705401704
11445,X031121_145_4,cd,Negative,medium,0.000155086421438253,-0.6035305910717429
11445,X031121_145_4,cd,Negative,long,-2.4912512321311095e-05,-0.7115038441937299
11454,X031220_040_3,46v,Negative,short,-0.0039674303376943465,0.6256395737150395
11454,X031220_040_3,46v,Negative,medium,-0.00247032656069762,-0.454871149031684
11454,X031220_040_3,46v,Negative,long,-0.0028393714114249404,-1.762415738748433
11455,X031220_048_1,12o,Negative,short,-0.0041940758212672775,0.7939536709620457
11455,X031220_048_1,12o,Negative,medium,-0.005103972591769522,0.5188748887236448
11455,X031220_048_1,12o,Negative,long,-0.0002207237011383401,-1.1665131333353813
11460,X031220_077_6,12l,Negative,short,-0.00020072234272558082,-0.526882568383574
11460,X031220_077_6,12l,Negative,medium,-0.00015402321902778615,-0.5281858381733124
11460,X031220_077_6,12l,Negative,long,4.658808493088248e-05,-0.5655491796388801
11466,X031220_090_6,12o,Negative,short,-0.0007474266816904315,0.05323323602550743
11466,X031220_090_6,12o,Negative,medium,-0.0007553279262545497,-0.338302933200326
11466,X031220_090_6,12o,Negative,long,-0.000517263329696757,-0.5087385937794671
11469,X031220_098_7,cd,Positive,short,0.002358877953998184,0.37744098295011275
11469,X031220_098_7,cd,Positive,medium,0.0036317162437045332,0.8294838715628248
11469,X031220_098_7,cd,Positive,long,0.0022290582345190365,0.8387964609297559
11474,X031220_109_3,cd,Positive,short,0.0013636985211034893,-0.19081442947617613
11474,X031220_109_3,cd,Positive,medium,0.0037430014983274875,-0.09701037476034509
11474,X031220_109_3,cd,Positive,long,0.004123166427952594,0.8023307119362899
11480,X031220_141_3,AMG,Negative,short,-0.002115537571647059,-0.006397895288187623
11480,X031220_141_3,AMG,Negative,medium,-0.0004920277199850201,-0.2320987652104708
11480,X031220_141_3,AMG,Negative,long,-0.0010356235423580626,-0.4127777930974868
11483,X031221_015_2,11ml,Negative,short,-0.0005659729466491747,-0.8718035843427884
11483,X031221_015_2,11ml,Negative,medium,-0.0006041007965392756,-1.1189805117502387
11483,X031221_015_2,11ml,Negative,long,-0.0007098748214297512,-1.0434513423288125
11487,X031221_032_3,13m,Positive,short,0.005211179451866933,0.28759824955516716
11487,X031221_032_3,13m,Positive,medium,0.0049676577775339984,0.4977548439706522
11487,X031221_032_3,13m,Positive,long,0.005923205974291398,1.422307592568905
11491,X031221_043_1,13m,Negative,short,-0.0020150586002649867,0.7230986191220148
11491,X031221_043_1,13m,Negative,medium,-0.004608859069286234,0.4723141593333181
11491,X031221_043_1,13m,Negative,long,-0.004667088441927269,-0.029793121756678958
11497,X031221_056_3,12l,Positive,short,0.0023793710589812343,0.2830904779034495
11497,X031221_056_3,12l,Positive,medium,0.003397603976237185,1.2130329091963474
11497,X031221_056_3,12l,Positive,long,0.00043011192970319513,2.14235747852262
11506,X031221_070_2,AI,Negative,short,-0.001187824172091824,0.1749545621311644
11506,X031221_070_2,AI,Negative,medium,-0.0028390068600351423,-0.15669205107206258
11506,X031221_070_2,AI,Negative,long,-0.001688770998553888,-0.5038663063084237
11510,X031221_077_2,12l,Negative,short,-0.0025576403756876584,0.4251007585206725
11510,X031221_077_2,12l,Negative,medium,-0.0024955626996198484,0.22295933731923812
11510,X031221_077_2,12l,Negative,long,-0.003060520055780571,-0.739745750961695
11518,X031221_092_2,AI,Positive,short,0.0014385064735487922,-0.5542460900371873
11518,X031221_092_2,AI,Positive,medium,0.0010116648218107414,-0.4543318562209606
11518,X031221_092_2,AI,Positive,long,0.0005708030508671857,-0.12533762931789638
11520,X031221_098_3,pu,Negative,short,-0.0020136916177604697,-0.06487470060066257
11520,X031221_098_3,pu,Negative,medium,-0.0005482476930268479,-0.5914543427762493
11520,X031221_098_3,pu,Negative,long,-0.00043011571885726225,-0.7506394625801016
11525,X031221_124_6,cd,Negative,short,-0.0022509321134517087,-0.23538703088936846
11525,X031221_124_6,cd,Negative,medium,-0.0014127300327502583,-0.7501078289677815
11525,X031221_124_6,cd,Negative,long,-0.000899652662697964,-1.0898333227574923
11526,X031221_128_3,AMG,Negative,short,-0.0006895489493176627,-0.7803234866078007
11526,X031221_128_3,AMG,Negative,medium,-0.00010836793131160309,-0.9295776033163468
11526,X031221_128_3,AMG,Negative,long,-0.00032392903613892256,-0.9029220072877983
11529,X031221_139_1,AMG,Positive,short,0.001813010112750238,-0.9797492258362286
11529,X031221_139_1,AMG,Positive,medium,0.0020008885067021812,-0.30526649444627446
11529,X031221_139_1,AMG,Positive,long,0.001027434622391841,0.24831573858776962
11533,X031320_005_4,11ml,Negative,short,-0.0022797277044028616,-0.08519235007389729
11533,X031320_005_4,11ml,Negative,medium,-0.0018065853647651483,-0.3025956993164051
11533,X031320_005_4,11ml,Negative,long,-0.0005261926487256036,-0.14473251174456833
11536,X031320_029_2,12m,Positive,short,0.003100632957752906,0.9373936641731992
11536,X031320_029_2,12m,Positive,medium,0.0026265765552753347,1.0026067325259604
11536,X031320_029_2,12m,Positive,long,0.0019887983610975056,0.931411850571434
11540,X031320_040_3,46v,Negative,short,-0.0018340165652870142,0.7162502970056028
11540,X031320_040_3,46v,Negative,medium,-0.004692295547684592,-0.17787750398512886
11540,X031320_040_3,46v,Negative,long,-0.0020369893566604524,-1.2645982012722932
11550,X031320_097_4,cd,Positive,short,0.0031656214447870986,-0.046751501543847176
11550,X031320_097_4,cd,Positive,medium,0.006678057969137612,-0.36763763036532404
11550,X031320_097_4,cd,Positive,long,0.005656818058544481,-0.369054824584156
11560,X031521_015_3,11ml,Negative,short,-0.0026550577077500983,0.6398880257549775
11560,X031521_015_3,11ml,Negative,medium,-0.002389678169538403,-0.167210101963915
11560,X031521_015_3,11ml,Negative,long,-0.0013745183541525867,-0.46224713685213664
11561,X031521_015_5,11ml,Positive,short,0.0037032850637205845,0.7604292262110784
11561,X031521_015_5,11ml,Positive,medium,0.003476068701972443,0.7946596310351752
11561,X031521_015_5,11ml,Positive,long,0.0031848901518459383,1.0992763967264114
11562,X031521_015_6,11ml,Negative,short,-0.0032940820542888345,0.986882560533129
11562,X031521_015_6,11ml,Negative,medium,-0.004972021693685504,-0.10134349442156847
11562,X031521_015_6,11ml,Negative,long,-0.0014229895971797526,-0.9549654162366458
11575,X031521_066_3,12l,Positive,short,0.002576449686502702,0.004134272760207983
11575,X031521_066_3,12l,Positive,medium,0.004229132796348612,1.2643960239381193
11575,X031521_066_3,12l,Positive,long,0.0045584728700196146,2.067075794726957
11581,X031521_092_3,AI,Negative,short,-0.002031329695038252,-0.6860898197243573
11581,X031521_092_3,AI,Negative,medium,-0.001307725055236285,-1.213697452414254
11581,X031521_092_3,AI,Negative,long,-0.0002683073814660885,-1.6693264684343894
11589,X031620_005_3,11ml,Negative,short,-0.0011127006414622341,-0.07886400568735213
11589,X031620_005_3,11ml,Negative,medium,-0.0012134588382771295,-0.47431593981165493
11589,X031620_005_3,11ml,Negative,long,-0.000538129609715377,-0.48718570535398165
11592,X031620_019_2,12m,Positive,short,0.004622356014964314,0.30041361610741607
11592,X031620_019_2,12m,Positive,medium,0.004289947652465219,0.401555652829149
11592,X031620_019_2,12m,Positive,long,0.003865946553763051,0.2120893570507711
11595,X031620_038_3,13l,Positive,short,0.00302526986009575,-0.8354379203133347
11595,X031620_038_3,13l,Positive,medium,0.0016702560276181584,-0.3878803803785371
11595,X031620_038_3,13l,Positive,long,0.002921186133908575,-0.02287137228470143
11596,X031620_040_3,46v,Positive,short,0.0032288010242907824,0.10537890658811504
11596,X031620_040_3,46v,Positive,medium,0.004658715002563217,0.845479788614891
11596,X031620_040_3,46v,Positive,long,0.005517113543601042,2.1259010963253493
11597,X031620_040_4,46v,Negative,short,-0.0018755944936556526,-0.04883239028146126
11597,X031620_040_4,46v,Negative,medium,-0.003787997841886663,-0.8727769390028086
11597,X031620_040_4,46v,Negative,long,-0.0017444305695709628,-1.4047000931324856
11602,X031620_097_3,cd,Negative,short,-0.004005422396180026,0.07001489965700716
11602,X031620_097_3,cd,Negative,medium,-0.00116814650247347,-1.1397214374635152
11602,X031620_097_3,cd,Negative,long,0.0015540210681085763,-1.5082225432610155
11609,X031620_131_4,pu,Negative,short,-0.0014806806529344188,0.6415641946026965
11609,X031620_131_4,pu,Negative,medium,-0.002110189525606218,0.4143723239231167
11609,X031620_131_4,pu,Negative,long,-0.0014620647968900506,0.0061135546145279825
11610,X031621_015_3,11ml,Negative,short,-0.001489304950719935,0.44100302345461884
11610,X031621_015_3,11ml,Negative,medium,-0.0028911584689608714,-0.36833088161030975
11610,X031621_015_3,11ml,Negative,long,-0.0009371224741483117,-1.180159454436945
11615,X031621_033_5,13m,Negative,short,-0.0037420043223898537,0.29331011989656774
11615,X031621_033_5,13m,Negative,medium,-0.0013314042873906445,-0.318052031928069
11615,X031621_033_5,13m,Negative,long,-0.002010780381053734,-0.24599335882572548
11624,X031621_057_1,12o,Positive,short,0.003897887344342881,-0.27054739057298705
11624,X031621_057_1,12o,Positive,medium,0.004141160349302667,0.2252163133710257
11624,X031621_057_1,12o,Positive,long,0.004502560263237702,0.9404912659223927
11627,X031621_066_3,12l,Positive,short,0.0030476543713348907,0.03476235656043613
11627,X031621_066_3,12l,Positive,medium,0.003731207471961331,0.9912367947914865
11627,X031621_066_3,12l,Positive,long,0.004241133477470889,2.1250757412386814
11651,X031720_029_3,12m,Negative,short,-0.0019370785792849573,0.4387643681755332
11651,X031720_029_3,12m,Negative,medium,-0.0007732340027875826,0.4989228522693258
11651,X031720_029_3,12m,Negative,long,-0.0009678270152476821,0.8124201960254231
11655,X031720_038_2,13l,Positive,short,0.0021377214942530894,-0.22606369553109826
11655,X031720_038_2,13l,Positive,medium,0.00253973429616464,-0.4984491434043774
11655,X031720_038_2,13l,Positive,long,0.0012962044028167854,0.08015437950463439
11664,X031720_098_4,cd,Negative,short,-0.0008402994626270278,-0.33721766579885704
11664,X031720_098_4,cd,Negative,medium,-0.00012692585804880872,-0.568907359673854
11664,X031720_098_4,cd,Negative,long,-0.00021422869753345486,-0.6411131988349255
11666,X031720_107_2,pu,Positive,short,0.0003637664654728842,-0.930006827867765
11666,X031720_107_2,pu,Positive,medium,0.00044279286351320084,-0.7905138401739212
11666,X031720_107_2,pu,Positive,long,0.0004034649785052974,-0.7239277204142236
11670,X031720_131_3,pu,Negative,short,-0.0017232715406466572,0.6749699756738647
11670,X031720_131_3,pu,Negative,medium,-0.0014905941507823153,0.4747782969744078
11670,X031720_131_3,pu,Negative,long,-0.0005816056072636751,-0.10247479649455311
11673,X031721_007_6,11ml,Negative,short,-0.003780880046816376,-0.2942387102491001
11673,X031721_007_6,11ml,Negative,medium,-0.001455870971023756,-0.8286226672955639
11673,X031721_007_6,11ml,Negative,long,-0.00038615724883480973,-0.9990962976822242
11693,X031721_079_5,12o,Positive,short,0.00029988873481418384,-0.8430355171395617
11693,X031721_079_5,12o,Positive,medium,0.0013333707244646742,-0.550005163943175
11693,X031721_079_5,12o,Positive,long,0.0016392702725610566,-0.22388807498412547
11706,X031721_112_2,cd,Positive,short,0.0014957241680730686,1.003356565750776
11706,X031721_112_2,cd,Positive,medium,0.0022325746052609184,1.294650068894004
11706,X031721_112_2,cd,Positive,long,0.0023124190519256973,1.6295584448165386
11709,X031721_123_5,cd,Negative,short,-0.002643494538436585,-0.19096609685506466
11709,X031721_123_5,cd,Negative,medium,-0.0003438382096377202,-0.6153967608627979
11709,X031721_123_5,cd,Negative,long,-0.0005387971108000247,-0.5085070042959268
11711,X031721_130_3,AMG,Negative,short,-0.002272518498678495,-0.1890131990268777
11711,X031721_130_3,AMG,Negative,medium,-8.447033402643482e-05,-0.7824346723227761
11711,X031721_130_3,AMG,Negative,long,-7.583627330285247e-05,-0.6481517474856631
11713,X031721_146_4,cd,Negative,short,-0.0015875589195958088,-0.2959457841033919
11713,X031721_146_4,cd,Negative,medium,-0.0009518732411391012,-0.656759124875267
11713,X031721_146_4,cd,Negative,long,-0.00043679876560225104,-0.8984317270769255
11715,X031821_021_4,11ml,Positive,short,0.0024939743373417027,-0.777390408353491
11715,X031821_021_4,11ml,Positive,medium,0.001410649475400864,-0.3568377152795031
11715,X031821_021_4,11ml,Positive,long,0.0017583241634963097,0.5799479187937289
11716,X031821_024_6,11ml,Negative,short,-0.002543883110110613,-0.07024648540247287
11716,X031821_024_6,11ml,Negative,medium,-0.0022917933535435324,0.34456224558207077
11716,X031821_024_6,11ml,Negative,long,-0.0038381069885610685,0.12476759419285269
11735,X031821_062_4,13l,Negative,short,-0.003024444832380653,-0.7131807977969398
11735,X031821_062_4,13l,Negative,medium,-0.003120989120014796,-0.8910751334111053
11735,X031821_062_4,13l,Negative,long,-0.0031652308183503413,-0.5519521337976065
11742,X031821_078_1,12o,Positive,short,0.00250125653609881,-0.8139522596508011
11742,X031821_078_1,12o,Positive,medium,0.002381321262910615,-0.725098582440228
11742,X031821_078_1,12o,Positive,long,0.002513295036406651,-0.46100870384846326
11743,X031821_078_2,12o,Positive,short,0.0016189058393416631,-0.49358767913902385
11743,X031821_078_2,12o,Positive,medium,0.0026297332617502027,0.1545248255364135
11743,X031821_078_2,12o,Positive,long,0.0036888479622733754,1.4025798948007495
11745,X031821_081_5,AI,Negative,short,-0.0038598824394975788,-0.28425223490001694
11745,X031821_081_5,AI,Negative,medium,-0.0019982053183750566,-0.42239358174860997
11745,X031821_081_5,AI,Negative,long,-0.0003025018561282938,-0.26438279902780315
11750,X031821_092_3,AI,Negative,short,-0.0024260384666280757,0.44950989367999755
11750,X031821_092_3,AI,Negative,medium,-0.0019045289610959385,-0.10707631688736442
11750,X031821_092_3,AI,Negative,long,-0.0011404697997799125,-0.4682981945487505
11755,X031821_119_2,AMG,Positive,short,0.004060015829945073,0.7079891620132958
11755,X031821_119_2,AMG,Positive,medium,0.0028531289910494664,1.117975001823089
11755,X031821_119_2,AMG,Positive,long,0.0019282096555083132,1.4349421391669606
11757,X031821_123_5,cd,Negative,short,-0.0018399213299443457,-0.19163875947327227
11757,X031821_123_5,cd,Negative,medium,-0.00013202745918801877,-0.5230302838438164
11757,X031821_123_5,cd,Negative,long,-0.00025418134907967177,-0.5232643610030759
11758,X031821_130_2,AMG,Negative,short,-0.0026069268584866627,-0.2049607638736099
11758,X031821_130_2,AMG,Negative,medium,-0.001219805154840428,-0.6747180199414838
11758,X031821_130_2,AMG,Negative,long,-0.0008174681293136118,-0.8142552157110858
11759,X031821_146_4,cd,Negative,short,-0.0013070928102224622,-0.2691343198911486
11759,X031821_146_4,cd,Negative,medium,-0.0012533542156419146,-0.5352763074888738
11759,X031821_146_4,cd,Negative,long,-0.000915082717851088,-0.9445882406885334
11773,X031921_048_7,12o,Negative,short,-0.003303683624311614,-0.8251854211805596
11773,X031921_048_7,12o,Negative,medium,-0.001639208030448724,-1.7417898270086123
11773,X031921_048_7,12o,Negative,long,-0.0025271168908234188,-0.4716740511317107
11777,X031921_056_4,12o,Positive,short,0.00384507600250327,0.9602142659528491
11777,X031921_056_4,12o,Positive,medium,0.0023062274230272422,1.3175933004020652
11777,X031921_056_4,12o,Positive,long,0.0006337895750457099,1.6843509632418436
11779,X031921_057_6,12o,Negative,short,-0.0015801620587154084,-1.0395737418319144
11779,X031921_057_6,12o,Negative,medium,-0.0009387745537260125,-1.355507488457018
11779,X031921_057_6,12o,Negative,long,-9.222724808835098e-05,-1.6303993390126157
11788,X031921_080_1,12o,Negative,short,-0.00257032627548793,0.12661395989253438
11788,X031921_080_1,12o,Negative,medium,-0.002363610415556089,-0.08948639190225814
11788,X031921_080_1,12o,Negative,long,-0.0017247834378952313,-0.22540268111166648
11793,X031921_108_5,pu,Positive,short,0.0012022750927609437,1.1133372934408077
11793,X031921_108_5,pu,Positive,medium,0.0009572255921302795,1.3364475345651243
11793,X031921_108_5,pu,Positive,long,0.002047663895753854,1.4167801253807526
11794,X031921_112_3,cd,Negative,short,-0.001509792361874317,-0.19391220822711838
11794,X031921_112_3,cd,Negative,medium,-0.0002437787478362512,-0.46844077928490724
11794,X031921_112_3,cd,Negative,long,-0.00030611868010784425,-0.4941034946782815
11799,X031921_123_2,cd,Negative,short,-0.0016593653157440642,-0.21476174557536737
11799,X031921_123_2,cd,Negative,medium,-0.00029713339459766156,-0.5145792131515192
11799,X031921_123_2,cd,Negative,long,-0.0002542983276768992,-0.4504447538225901
11801,X031921_128_1,AMG,Negative,short,-0.0038271816369299457,-0.19589071945688638
11801,X031921_128_1,AMG,Negative,medium,-0.0019081629102639635,-0.7418932328463614
11801,X031921_128_1,AMG,Negative,long,-0.00034735445231259387,-0.9193405706354861
11803,X031921_132_7,AMG,Negative,short,-0.0015466535434125524,-0.28533168793160296
11803,X031921_132_7,AMG,Negative,medium,-0.0010447456766609355,-0.5240554991061993
11803,X031921_132_7,AMG,Negative,long,-0.0007419011606220106,-0.3571555289620388
11806,X031921_147_3,cd,Negative,short,-0.0014223660893590239,0.27027440707477435
11806,X031921_147_3,cd,Negative,medium,-0.0022664405598234617,0.2007510344065515
11806,X031921_147_3,cd,Negative,long,-0.00016367313778215412,-0.005151752741968538
11815,X032221_033_1,13m,Negative,short,-0.0023823050034231805,-0.5333217394808633
11815,X032221_033_1,13m,Negative,medium,-0.0014755920666488901,-0.5752078308514668
11815,X032221_033_1,13m,Negative,long,-0.0011230267477874655,-0.9224023694008242
11819,X032221_046_3,12o,Negative,short,-0.0016992253871367588,0.6462077189069521
11819,X032221_046_3,12o,Negative,medium,-0.0022190976811569804,-0.6032626429460741
11819,X032221_046_3,12o,Negative,long,-0.0022654856262002165,-1.0772023242059552
11825,X032221_056_3,12o,Positive,short,0.002846636484969298,-0.48162366825527775
11825,X032221_056_3,12o,Positive,medium,0.003340306861919194,0.15802578616208596
11825,X032221_056_3,12o,Positive,long,0.003913084816102311,0.9736663032092229
11826,X032221_057_2,12o,Negative,short,-0.0023687421307070776,-0.7818802490747323
11826,X032221_057_2,12o,Negative,medium,-0.0006413174955629558,-1.3170848230950647
11826,X032221_057_2,12o,Negative,long,-0.0010659293080554988,-1.610431504130562
11838,X032221_080_4,12o,Negative,short,-0.00178373258464044,-0.05288407356625875
11838,X032221_080_4,12o,Negative,medium,-0.0014207129243379978,-0.635140779944208
11838,X032221_080_4,12o,Negative,long,-0.0008236494822468951,-0.9326176837756114
11841,X032221_091_2,AI,Negative,short,-0.0029517502606484915,-0.18557062840337915
11841,X032221_091_2,AI,Negative,medium,-0.0013890039414848293,-0.2906525757828841
11841,X032221_091_2,AI,Negative,long,-0.002855079675884519,-0.5046583719711561
11846,X032221_097_4,pu,Positive,short,0.0013144929745674528,-0.8331443686751082
11846,X032221_097_4,pu,Positive,medium,0.0014902543949704531,-0.4111223628011512
11846,X032221_097_4,pu,Positive,long,0.0006741135908152229,-0.03407674356482514
11848,X032221_103_2,AI,Negative,short,-0.002100729854548431,-0.21816810305709153
11848,X032221_103_2,AI,Negative,medium,-0.0017327121506200535,-0.47330765083973403
11848,X032221_103_2,AI,Negative,long,-0.00040365846229060515,-0.9412380949828073
11856,X032221_128_5,AMG,Positive,short,0.0035137374806508154,0.05022491087374617
11856,X032221_128_5,AMG,Positive,medium,0.0035401141815687956,0.39988350667842076
11856,X032221_128_5,AMG,Positive,long,0.0022856028029758224,0.5769896951876735
11857,X032221_139_3,AMG,Negative,short,-0.0005332185918708432,-0.07275378272046232
11857,X032221_139_3,AMG,Negative,medium,-0.0011059160688355715,-0.07114207602449664
11857,X032221_139_3,AMG,Negative,long,-0.002241235548583889,-0.9182750526164811
11861,X032321_013_6,11ml,Negative,short,-0.002781653796165928,1.1158630246181853
11861,X032321_013_6,11ml,Negative,medium,-0.0031769362963680044,0.48151765830229903
11861,X032321_013_6,11ml,Negative,long,-0.003055034122868581,-0.18052581714864466
11886,X032321_080_4,12o,Negative,short,-0.0017655761212094002,0.006512802645983252
11886,X032321_080_4,12o,Negative,medium,-0.000978257459587684,-0.4700929454330993
11886,X032321_080_4,12o,Negative,long,-0.0005066367834939055,-0.7915650993932701
11893,X032321_103_3,AI,Negative,short,-0.0024807165707426263,-0.09971829078790923
11893,X032321_103_3,AI,Negative,medium,-0.0017329645155322964,-0.6707678601723366
11893,X032321_103_3,AI,Negative,long,-0.0013373440972506683,-0.8205591325404838
11894,X032321_103_5,AI,Negative,short,-0.0021394166369686535,-0.41326502899564443
11894,X032321_103_5,AI,Negative,medium,-0.0006189518763653524,-1.026134881025146
11894,X032321_103_5,AI,Negative,long,-0.0010293590879279645,-0.9872827221470546
11897,X032321_118_3,AMG,Positive,short,0.0030030509654215744,0.11796630788617729
11897,X032321_118_3,AMG,Positive,medium,0.004442929509080952,0.8205165223093271
11897,X032321_118_3,AMG,Positive,long,0.004184295789769697,1.8771650678169807
11909,X032421_037_3,12o,Positive,short,0.001725169935852901,-0.15528958254205544
11909,X032421_037_3,12o,Positive,medium,0.002673185946933629,0.08652766736334898
11909,X032421_037_3,12o,Positive,long,0.000911114576514289,-0.3096619726825936
11916,X032421_043_6,13m,Negative,short,-0.0029125155203221674,0.2906409029937202
11916,X032421_043_6,13m,Negative,medium,-0.001284975520336369,-0.1454214880920976
11916,X032421_043_6,13m,Negative,long,-0.0023577694076545638,-0.6963890120480055
11931,X032421_068_1,12o,Positive,short,0.0036405168862348922,0.8283530840616884
11931,X032421_068_1,12o,Positive,medium,0.0014802426290715315,0.9921292554518942
11931,X032421_068_1,12o,Positive,long,0.0006891433070132592,0.8203300250052612
11934,X032421_074_6,13m,Negative,short,-0.0011809677807910809,-1.0258260230082838
11934,X032421_074_6,13m,Negative,medium,-0.003183775925155279,-1.2692473882893736
11934,X032421_074_6,13m,Negative,long,-0.0019190462771294,-1.3343840947563754
11936,X032421_080_2,12o,Negative,short,-0.0014809124078624001,0.037391151865237636
11936,X032421_080_2,12o,Negative,medium,-0.0012530449108257293,-0.5043141980726774
11936,X032421_080_2,12o,Negative,long,-0.0007863521549651089,-0.7691294021792896
11941,X032421_103_2,AI,Negative,short,-0.002775984516735448,0.24862593151273527
11941,X032421_103_2,AI,Negative,medium,-0.002477612271560354,-0.6468502204585704
11941,X032421_103_2,AI,Negative,long,-0.00023802835792610048,-1.222672358824687
11945,X032421_119_3,AMG,Positive,short,0.002118671458589255,-0.49057285607190604
11945,X032421_119_3,AMG,Positive,medium,0.002641276021695651,-0.09768234141490201
11945,X032421_119_3,AMG,Positive,long,0.0015257209720572682,0.05685897457063548
11951,X032521_014_2,11ml,Positive,short,0.0012433806326166256,-0.3078921455905437
11951,X032521_014_2,11ml,Positive,medium,0.001476958818235569,-0.5047387527766795
11951,X032521_014_2,11ml,Positive,long,0.002924688571683552,-0.20621419929048532
11956,X032521_037_3,12o,Positive,short,0.0019987652761438526,0.24099422163371084
11956,X032521_037_3,12o,Positive,medium,0.001567926069387571,0.6802355758411912
11956,X032521_037_3,12o,Positive,long,0.001312804260528489,1.0423872137129209
11974,X032521_074_3,13m,Negative,short,-0.0004879080256213287,-0.668707392333438
11974,X032521_074_3,13m,Negative,medium,-0.0027395709381196516,-1.1420737678516724
11974,X032521_074_3,13m,Negative,long,-0.0009592282364735103,-1.0515449124941612
11976,X032521_091_2,AI,Negative,short,-0.00269730817884371,0.1363336015749818
11976,X032521_091_2,AI,Negative,medium,-0.00046956967391608654,-3.812647131093938e-05
11976,X032521_091_2,AI,Negative,long,-0.0025887524133646465,0.5700231127176719
11977,X032521_103_7,AI,Negative,short,-0.0021254252253346713,-0.40604503584101026
11977,X032521_103_7,AI,Negative,medium,-0.0015662177086723918,-1.0456951721486156
11977,X032521_103_7,AI,Negative,long,-0.0008292314740899937,-1.4221255263552293
11983,X032521_128_5,AMG,Positive,short,0.002542170365394267,0.08141103198909869
11983,X032521_128_5,AMG,Positive,medium,0.0019790488510707392,0.3418603523695584
11983,X032521_128_5,AMG,Positive,long,0.0020659199227217734,0.47619674588474575
11987,X032621_007_5,11ml,Positive,short,0.004198695308390643,0.08745514468124102
11987,X032621_007_5,11ml,Positive,medium,0.0027860595283689064,1.0402397638351073
11987,X032621_007_5,11ml,Positive,long,0.0009948741504040093,0.8173522440950617
11988,X032621_014_2,11ml,Positive,short,0.0005716912917736667,-0.5746015275575952
11988,X032621_014_2,11ml,Positive,medium,0.0016298047204976432,-0.6171274066092245
11988,X032621_014_2,11ml,Positive,long,0.0023889705462789615,-0.2777628864682924
11989,X032621_014_3,11ml,Negative,short,-0.0038024562901989283,-0.07455474929961557
11989,X032621_014_3,11ml,Negative,medium,-0.0031667224694188435,-1.2595721685831507
11989,X032621_014_3,11ml,Negative,long,-0.0010676262526448058,-1.5864968871118226
11995,X032621_032_2,13m,Negative,short,0.00014183128123455992,1.4635782307277305
11995,X032621_032_2,13m,Negative,medium,-0.004481086159598889,1.0396971032751752
11995,X032621_032_2,13m,Negative,long,-0.00422068614110157,0.4691866250143475
11996,X032621_037_4,12o,Positive,short,0.0031093833438832702,-0.40483866645989414
11996,X032621_037_4,12o,Positive,medium,0.0019867255115791622,-0.13898357721208324
11996,X032621_037_4,12o,Positive,long,0.002556784186355683,-0.07337757305338198
11997,X032621_037_5,12o,Positive,short,0.0040011712812153466,-0.18288595317095865
11997,X032621_037_5,12o,Positive,medium,0.004689138920487572,0.08018619582070946
11997,X032621_037_5,12o,Positive,long,0.004524277995480561,0.7410607076747445
11999,X032621_040_4,13l,Negative,short,-0.0015080204115371493,-0.6172920928019783
11999,X032621_040_4,13l,Negative,medium,-0.002874906495502715,-1.2026914215821791
11999,X032621_040_4,13l,Negative,long,-0.00242661924524943,-1.3116284431812173
12002,X032621_043_5,13m,Negative,short,-0.0027990904506428366,-0.011574688887346796
12002,X032621_043_5,13m,Negative,medium,-0.0027262207469633372,-0.2148330094393098
12002,X032621_043_5,13m,Negative,long,-0.0010355337433757372,-0.9698168885787196
12021,X032621_079_4,12o,Positive,short,0.00033729593373032547,-0.9013281084733478
12021,X032621_079_4,12o,Positive,medium,0.0021959830355758026,-0.7231565016102797
12021,X032621_079_4,12o,Positive,long,0.00354731596407001,-0.00497280016770825
12022,X032621_080_4,12o,Negative,short,-0.0019438021500147742,-0.041238834227907153
12022,X032621_080_4,12o,Negative,medium,-0.0009385277452909377,-0.5233139580676639
12022,X032621_080_4,12o,Negative,long,-0.0005906847796972113,-0.8236825961043156
12025,X032621_103_2,AI,Negative,short,-0.002047296291883918,-0.22271494694821578
12025,X032621_103_2,AI,Negative,medium,-0.0022263672010114396,-0.9190992584231987
12025,X032621_103_2,AI,Negative,long,-0.0009916644915256752,-1.4972618039753196
12027,X032621_119_3,AMG,Positive,short,0.0031469261824354717,0.19827799800048876
12027,X032621_119_3,AMG,Positive,medium,0.0036425743361089874,0.6081382650058921
12027,X032621_119_3,AMG,Positive,long,0.0034179108821966384,1.0096775099461566
12031,X032921_014_1,11ml,Positive,short,0.0010116043800375255,-0.6607392755106166
12031,X032921_014_1,11ml,Positive,medium,0.0019010826412101326,-0.5532878414714576
12031,X032921_014_1,11ml,Positive,long,0.001637969426753236,-0.3522966162480969
12032,X032921_015_1,11ml,Positive,short,0.002070669769268713,-0.6933309973191203
12032,X032921_015_1,11ml,Positive,medium,0.001736693512418598,-0.3528831747452343
12032,X032921_015_1,11ml,Positive,long,0.0011565880366298774,-0.41737100760478213
12033,X032921_016_3,11ml,Positive,short,0.0035002895507025545,0.4746223045720296
12033,X032921_016_3,11ml,Positive,medium,0.0026122066576401352,1.0673919965492906
12033,X032921_016_3,11ml,Positive,long,0.0019429470716711907,1.0234290049000707
12035,X032921_023_2,11ml,Positive,short,0.002313032600336955,0.4083597594945724
12035,X032921_023_2,11ml,Positive,medium,0.0055934284905665935,1.2638891336545675
12035,X032921_023_2,11ml,Positive,long,0.005019310731996328,1.5564216074755357
12049,X032921_056_3,12o,Positive,short,0.007537130296420018,0.770270096707315
12049,X032921_056_3,12o,Positive,medium,-0.00043140198292472006,0.13683250247320305
12049,X032921_056_3,12o,Positive,long,0.0006731638044266958,0.7431042475266361
12055,X032921_076_6,cd,Positive,short,0.0024791915845010304,-0.20764331360912794
12055,X032921_076_6,cd,Positive,medium,0.000795120445214293,0.783939257312563
12055,X032921_076_6,cd,Positive,long,0.0003115612642177472,0.7466956826791589
12063,X032921_093_2,AI,Negative,short,-0.0013658177315334116,-0.07954112870919715
12063,X032921_093_2,AI,Negative,medium,-0.0029610805675343013,-0.5371869336381732
12063,X032921_093_2,AI,Negative,long,-0.0023826780965020425,-0.026142452725716022
12068,X032921_119_2,AMG,Positive,short,0.003328544953716828,0.15561346597806822
12068,X032921_119_2,AMG,Positive,medium,0.0037063382257867816,0.5948547135183151
12068,X032921_119_2,AMG,Positive,long,0.00294839216626123,0.760655363841128
12071,X032921_132_5,AMG,Positive,short,0.0030618259891955044,1.2363672823755198
12071,X032921_132_5,AMG,Positive,medium,0.0010977431983514294,1.3743066102415076
12071,X032921_132_5,AMG,Positive,long,-5.70517945216357e-06,1.467631253942277
12073,X032921_138_3,AMG,Negative,short,-0.0014752151171724542,-0.34563042858256005
12073,X032921_138_3,AMG,Negative,medium,-0.0018012355916796703,-1.1319383346458616
12073,X032921_138_3,AMG,Negative,long,-0.002871748730321578,-1.6628101212212727
12074,X032921_147_2,cd,Positive,short,0.0012488359212150504,-0.813627597843351
12074,X032921_147_2,cd,Positive,medium,0.0021363217143231016,-0.7472718077496363
12074,X032921_147_2,cd,Positive,long,0.002562343994381393,-0.7292921820013535
12078,X080421_023_3,11ml,Positive,short,0.0024908290230782632,0.12656241485399827
12078,X080421_023_3,11ml,Positive,medium,0.005454115799298683,1.1837489255281715
12078,X080421_023_3,11ml,Positive,long,0.006980874196488312,1.6218522916894416
12080,X080421_028_3,46v,Positive,short,0.0015581595757283748,-0.4638584590669622
12080,X080421_028_3,46v,Positive,medium,0.001946607856927969,-0.2874236545411594
12080,X080421_028_3,46v,Positive,long,0.0020853110939430875,-0.1717802555587072
12081,X080421_031_3,13l,Positive,short,0.0026101063778916737,-0.3414536069810527
12081,X080421_031_3,13l,Positive,medium,0.003036514094377488,0.13267911996978324
12081,X080421_031_3,13l,Positive,long,0.0038053006586589873,0.40619964383981166
12082,X080421_032_3,13m,Positive,short,0.003131375372283462,0.886375860597771
12082,X080421_032_3,13m,Positive,medium,0.0017455387658770673,1.3121185141077851
12082,X080421_032_3,13m,Positive,long,0.002674603488924212,1.555153640355921
12090,X080421_053_3,13m,Positive,short,0.001991352945958776,-0.44216598714887784
12090,X080421_053_3,13m,Positive,medium,0.0020233486832324146,-0.40916713403226784
12090,X080421_053_3,13m,Positive,long,0.002418280218747771,-0.08212451772499339
12100,X080421_066_2,12o,Positive,short,0.0031267461855117745,-0.2501394929274833
12100,X080421_066_2,12o,Positive,medium,0.0032993161576810133,0.456006863726475
12100,X080421_066_2,12o,Positive,long,0.0025273070701610405,1.2658385582850895
12107,X080421_119_1,AMG,Positive,short,0.0037206747554593828,0.16165284917354947
12107,X080421_119_1,AMG,Positive,medium,0.0038021439890304058,0.4365196134104779
12107,X080421_119_1,AMG,Positive,long,0.003864892991095547,0.7559311295676079
12113,X081821_007_3,11ml,Negative,short,-0.003007826998688611,1.0222250118645562
12113,X081821_007_3,11ml,Negative,medium,-0.0024797429662399297,0.05572354422007438
12113,X081821_007_3,11ml,Negative,long,-0.0029807527084468317,-0.2590257041490429
12118,X081821_023_3,11ml,Positive,short,0.0043478615921893,0.6016497661091523
12118,X081821_023_3,11ml,Positive,medium,0.0031403078936855593,1.2899822763813513
12118,X081821_023_3,11ml,Positive,long,0.0012386526014403353,2.1730380534332325
12136,X081821_078_3,12o,Negative,short,-0.002211343471261348,-0.8318421516672843
12136,X081821_078_3,12o,Negative,medium,-0.0006278082324121055,-1.3238723391106046
12136,X081821_078_3,12o,Negative,long,0.00045820378227421504,-1.31026804566185
12138,X081821_085_1,pu,Negative,short,-0.0015518951431648202,-0.355225535490265
12138,X081821_085_1,pu,Negative,medium,-0.0007777764277562545,-0.6849714988182468
12138,X081821_085_1,pu,Negative,long,-0.0004358172628811159,-0.78872361119694
12149,X081821_140_2,AMG,Positive,short,0.003390867122149335,-0.40210070611890436
12149,X081821_140_2,AMG,Positive,medium,0.004880276361614795,-0.08817646413256636
12149,X081821_140_2,AMG,Positive,long,0.006052663552769557,0.3007888837846092
12150,X081821_141_3,pu,Positive,short,0.0028772103304927467,-0.0029912628795170596
12150,X081821_141_3,pu,Positive,medium,0.0021424769422901217,0.696124970692887
12150,X081821_141_3,pu,Positive,long,0.004605131869344283,0.713332902518459
12155,X082321_012_3,12m,Negative,short,-0.0008542261643321856,0.9043298949814478
12155,X082321_012_3,12m,Negative,medium,-0.0017329484267757044,0.5297578017504541
12155,X082321_012_3,12m,Negative,long,-0.0019503317815825713,0.25775089347657565
12157,X082321_021_2,11ml,Negative,short,-0.004339534584622607,-0.43468929545027196
12157,X082321_021_2,11ml,Negative,medium,-0.0022171806592627837,-0.9689706357911898
12157,X082321_021_2,11ml,Negative,long,-0.0027979107191173583,-0.9725320273250986
12159,X082321_021_6,11ml,Negative,short,-0.004126773355316347,-0.5771092574907073
12159,X082321_021_6,11ml,Negative,medium,-0.002918384568681367,-0.2856985671796717
12159,X082321_021_6,11ml,Negative,long,-0.002962651804652933,-0.4324356422766566
12160,X082321_023_2,11ml,Positive,short,0.004897445033554558,0.7569784313934652
12160,X082321_023_2,11ml,Positive,medium,0.0032507823060312353,1.1368918118877538
12160,X082321_023_2,11ml,Positive,long,0.002171321748313561,0.9123711542361191
12165,X082321_038_3,13l,Positive,short,0.004229579990268257,1.0632353420779976
12165,X082321_038_3,13l,Positive,medium,0.003323023953290641,1.6036343098480175
12165,X082321_038_3,13l,Positive,long,0.00031691252048210157,1.399065401113767
12170,X082321_054_4,13m,Negative,short,-0.0012328316136408736,0.6527347431553778
12170,X082321_054_4,13m,Negative,medium,-0.0011322981840870656,0.518586496919581
12170,X082321_054_4,13m,Negative,long,-0.0005762946091846393,0.6600998094593625
12176,X082321_064_3,13m,Negative,short,-0.002811862493448485,-0.9697179597050506
12176,X082321_064_3,13m,Negative,medium,-7.823385677121721e-05,-1.3756682599047059
12176,X082321_064_3,13m,Negative,long,-0.0018122236069963097,-1.440396289658824
12179,X082321_072_2,AI,Negative,short,-0.003201530606133636,-0.5250479532953912
12179,X082321_072_2,AI,Negative,medium,-0.0015582423901020325,-1.2234377408781385
12179,X082321_072_2,AI,Negative,long,0.0015908913328914096,-1.8718345797994171
12180,X082321_074_3,13m,Negative,short,-0.0025200175836655393,0.7677116818288198
12180,X082321_074_3,13m,Negative,medium,-0.0025111158110168097,-0.19635904340976895
12180,X082321_074_3,13m,Negative,long,-0.0003858629663610221,-0.4431014766935228
12181,X082321_074_4,13m,Negative,short,-0.0029344661016063524,-0.34847377996083195
12181,X082321_074_4,13m,Negative,medium,-0.00242478695154876,-0.9849350835737491
12181,X082321_074_4,13m,Negative,long,-0.0005422806037273533,-1.4655635364837138
12184,X082321_082_3,AI,Positive,short,0.002259655338244422,0.45462646650323973
12184,X082321_082_3,AI,Positive,medium,0.0014474206666813382,1.4182233200493748
12184,X082321_082_3,AI,Positive,long,0.0013121734397765767,1.3533976155390557
12190,X082321_099_3,pu,Negative,short,-0.0030261819028827206,0.3421009699755911
12190,X082321_099_3,pu,Negative,medium,-0.0014768888921611772,-0.26214361551082915
12190,X082321_099_3,pu,Negative,long,4.257404404264734e-05,-0.7085217381277418
12191,X082321_107_2,AMG,Negative,short,-0.0031873976103760494,0.3366884565176117
12191,X082321_107_2,AMG,Negative,medium,-0.002632240746448982,-0.28106192165416993
12191,X082321_107_2,AMG,Negative,long,-0.001612474371748072,-0.4962373801248269
12193,X082321_119_4,AMG,Positive,short,0.0035559966151501175,0.7101969458860478
12193,X082321_119_4,AMG,Positive,medium,0.0026079807116615224,1.3165778403670934
12193,X082321_119_4,AMG,Positive,long,0.00198885692742127,1.767448700009884
12202,X082321_154_3,AMG,Positive,short,0.0030656463406025453,0.2816973664936485
12202,X082321_154_3,AMG,Positive,medium,0.002531052004037997,0.6174397668822555
12202,X082321_154_3,AMG,Positive,long,0.0021342654458046217,0.676880234787349
12204,X082621_007_3,11ml,Negative,short,-0.0032038938898114326,0.41051469010028974
12204,X082621_007_3,11ml,Negative,medium,-0.0013580127993774,-0.6222443270389325
12204,X082621_007_3,11ml,Negative,long,-0.001418013353224651,-0.6735095799080841
12207,X082621_031_3,13l,Positive,short,0.005319542011914214,1.224975440669774
12207,X082621_031_3,13l,Positive,medium,0.002847151084035448,1.043727662420511
12207,X082621_031_3,13l,Positive,long,0.0013378702150953021,1.2333864337592673
12210,X082621_038_4,13l,Negative,short,-0.004297607561290739,-0.3377476174433943
12210,X082621_038_4,13l,Negative,medium,-0.00402581215720118,-0.5735829302742024
12210,X082621_038_4,13l,Negative,long,-0.003351743099853274,-1.230059179884944
12227,X082621_066_4,12o,Negative,short,-0.0024099475816731484,-0.07784667490191721
12227,X082621_066_4,12o,Negative,medium,-0.002056286000359498,-0.17501635791892892
12227,X082621_066_4,12o,Negative,long,-0.001777019956245078,-0.902694377120733
12229,X082621_069_4,12o,Positive,short,0.002998152922653859,-0.27960411136440727
12229,X082621_069_4,12o,Positive,medium,0.002560832913749809,0.06366795742730866
12229,X082621_069_4,12o,Positive,long,0.002432929900609566,0.25982720586095687
12235,X082621_096_3,pu,Negative,short,-0.0028388909563589362,1.1955500925440161
12235,X082621_096_3,pu,Negative,medium,-0.0032313327041480033,0.5454015837131555
12235,X082621_096_3,pu,Negative,long,-0.0023968101180572277,-0.02915633909083264
12238,X082621_107_2,AMG,Negative,short,-0.003017464107200946,0.5699577574947359
12238,X082621_107_2,AMG,Negative,medium,-0.0019919597763150333,-0.058024519192095156
12238,X082621_107_2,AMG,Negative,long,-0.0011144798745101928,-0.5037078219706103
12243,X082621_119_7,AMG,Positive,short,0.0033001935722513412,0.8465615782417547
12243,X082621_119_7,AMG,Positive,medium,0.002770470964961385,1.403407695487811
12243,X082621_119_7,AMG,Positive,long,0.0011329401604236369,1.9942744105508838
12248,X090221_029_2,12m,Negative,short,-0.002900074730383795,0.2748294002742595
12248,X090221_029_2,12m,Negative,medium,-0.0011205793181856382,0.22282637625749838
12248,X090221_029_2,12m,Negative,long,0.0002859464353540211,-0.30263560390763894
12254,X090221_054_1,13m,Positive,short,0.003551880168307643,0.015236588820238628
12254,X090221_054_1,13m,Positive,medium,0.004419900440400931,0.599574696776287
12254,X090221_054_1,13m,Positive,long,0.003621057838788764,0.9282382408971462
12255,X090221_054_4,13m,Positive,short,0.0035288962352393585,0.7068603613348786
12255,X090221_054_4,13m,Positive,medium,0.0026949819342796063,0.8362075398597066
12255,X090221_054_4,13m,Positive,long,0.003111594089983921,1.0562081782770236
12256,X090221_056_2,12o,Positive,short,0.00029884753207807467,-0.8020160313255577
12256,X090221_056_2,12o,Positive,medium,0.0005994471381811042,-0.3922966513875717
12256,X090221_056_2,12o,Positive,long,0.0007035201644709775,0.03837392901220729
12262,X090221_066_2,12o,Positive,short,0.002426691150895863,-0.6046398591696472
12262,X090221_066_2,12o,Positive,medium,0.002098715268055324,-0.7038082263123293
12262,X090221_066_2,12o,Positive,long,0.0011480443497153688,-0.4734436211287789
12279,X090221_142_5,AMG,Negative,short,-0.0025321703943406485,-0.07714283066626329
12279,X090221_142_5,AMG,Negative,medium,-0.0004798458101748083,-0.551789611875515
12279,X090221_142_5,AMG,Negative,long,8.363372955200386e-19,-0.6696835160255432
12283,X090921_029_2,12m,Positive,short,0.005204634729609522,0.681437944959963
12283,X090921_029_2,12m,Positive,medium,0.004305959964251318,0.9238865307955781
12283,X090921_029_2,12m,Positive,long,0.0037837023270264523,1.1457446047450461
12292,X090921_057_3,12o,Positive,short,0.0016455838385070298,-0.4310383165751177
12292,X090921_057_3,12o,Positive,medium,0.003537352781344604,0.9451594147381811
12292,X090921_057_3,12o,Positive,long,0.003537662903607955,2.2561397494968283
12297,X090921_079_1,12o,Negative,short,-0.001444740148495656,0.41904556578545893
12297,X090921_079_1,12o,Negative,medium,-0.001960756423927336,-0.3459103689042808
12297,X090921_079_1,12o,Negative,long,-0.0011550997609084796,-0.3314494759376283
12298,X090921_081_2,AI,Negative,short,-0.0020697022998863424,-0.3782008618818357
12298,X090921_081_2,AI,Negative,medium,-0.001726364492005566,-0.6118607043835664
12298,X090921_081_2,AI,Negative,long,-0.0019313521811362075,-1.1274348911945515
12301,X090921_093_3,AI,Positive,short,0.0022763269484175194,0.592311072563861
12301,X090921_093_3,AI,Positive,medium,0.0030345469741942382,0.8863979908521481
12301,X090921_093_3,AI,Positive,long,0.0023524236231237533,1.386522691083232
12313,X091020_028_7,12o,Positive,short,0.002826403209427687,-0.4514280546729708
12313,X091020_028_7,12o,Positive,medium,0.0037130716826904403,-0.22678852835577137
12313,X091020_028_7,12o,Positive,long,0.0019050959060525744,-0.4479582174341179
12351,X091120_028_2,12o,Positive,short,0.0033684904196070674,0.7875078044407157
12351,X091120_028_2,12o,Positive,medium,0.004180721037469614,0.7072410756786401
12351,X091120_028_2,12o,Positive,long,0.004575686373233845,0.9516048570045001
12359,X091120_046_4,12o,Negative,short,-0.003305467907040129,-0.33319548431413165
12359,X091120_046_4,12o,Negative,medium,-0.0019184107941576112,-0.046194527895010065
12359,X091120_046_4,12o,Negative,long,-0.007194620190579087,0.182585109201122
12360,X091120_047_2,12o,Positive,short,0.003683314020028746,0.23164697255809077
12360,X091120_047_2,12o,Positive,medium,0.004466585614244885,0.013207147330256448
12360,X091120_047_2,12o,Positive,long,0.005482148587065046,0.19636298952695486
12372,X091120_086_2,6DR,Positive,short,0.0008905508608913758,0.6790353839724215
12372,X091120_086_2,6DR,Positive,medium,0.00236500793270279,1.3891470575590499
12372,X091120_086_2,6DR,Positive,long,0.002440102356344679,2.0767182488608085
12381,X091120_127_2,6VaVb,Positive,short,0.0037899679588671415,0.49538272733919436
12381,X091120_127_2,6VaVb,Positive,medium,0.0032307286899762653,0.48072289289657133
12381,X091120_127_2,6VaVb,Positive,long,0.004667648433747256,0.7294775820867981
12394,X091520_003_6,12r,Positive,short,0.003702783342727718,0.16366462863535433
12394,X091520_003_6,12r,Positive,medium,0.002648663816559088,0.09286776908463228
12394,X091520_003_6,12r,Positive,long,0.001653952856339141,0.08965846854486749
12401,X091520_022_2,46df,Negative,short,-0.003046365067201575,0.32085114876629656
12401,X091520_022_2,46df,Negative,medium,-0.001178403382660549,-0.15195663127069595
12401,X091520_022_2,46df,Negative,long,-0.0004914555516684912,-0.13374864416810833
12404,X091520_029_3,46v,Positive,short,0.0006090883765627876,-0.877709228464847
12404,X091520_029_3,46v,Positive,medium,0.0020449726330651393,0.09171032537754138
12404,X091520_029_3,46v,Positive,long,0.0029561743538148674,0.3553341807717746
12407,X091520_045_5,12o,Positive,short,-0.00010298246278476718,-0.6975317277547325
12407,X091520_045_5,12o,Positive,medium,0.003702845623378941,-0.28140907566343587
12407,X091520_045_5,12o,Positive,long,0.0031968310428230643,0.9051487642834691
12412,X091520_057_5,46v,Negative,short,-0.003202848721058809,-0.5693588583667111
12412,X091520_057_5,46v,Negative,medium,-0.0002576988533619217,-1.197323668221269
12412,X091520_057_5,46v,Negative,long,-0.0004021644742992787,-1.326894939044946
12414,X091520_065_1,6DR,Positive,short,0.0014128127974268575,0.8142301595201111
12414,X091520_065_1,6DR,Positive,medium,0.002897383248439577,1.1981493849896154
12414,X091520_065_1,6DR,Positive,long,0.002392442712325116,1.4217325782220493
12415,X091520_065_4,6DR,Negative,short,-0.0040239829136690984,0.157286546254467
12415,X091520_065_4,6DR,Negative,medium,-0.002586551081474369,-0.4443221632846416
12415,X091520_065_4,6DR,Negative,long,0.0024200759606294213,-0.5589133976428334
12420,X091520_073_6,8B,Negative,short,-0.0024185445897147366,0.3189029178912201
12420,X091520_073_6,8B,Negative,medium,-0.002003173658971165,-0.4821228093081022
12420,X091520_073_6,8B,Negative,long,-0.0012385980668238447,-0.5784276471912594
12421,X091520_073_7,8B,Negative,short,-0.0017159124669401168,-0.30569560054694295
12421,X091520_073_7,8B,Negative,medium,-0.0010036424055479966,-0.399593270380676
12421,X091520_073_7,8B,Negative,long,-0.00033413613067797486,-0.7154750003790895
12423,X091520_078_8,8A,Negative,short,-0.001860020018973139,-0.02730744945819698
12423,X091520_078_8,8A,Negative,medium,-0.0009776425260861917,-0.17750832230465527
12423,X091520_078_8,8A,Negative,long,-0.0010730851884986404,-0.21479405753237787
12425,X091520_087_5,6DR,Negative,short,-0.004214367675587584,-0.4886051100220054
12425,X091520_087_5,6DR,Negative,medium,-0.002647683272869825,-0.6693392470130347
12425,X091520_087_5,6DR,Negative,long,-0.0007100146430826267,-0.9115824373609412
12438,X091520_138_2,6VaVb,Negative,short,-0.0021154340255686906,-0.8939944204693031
12438,X091520_138_2,6VaVb,Negative,medium,-0.0011141855612020488,-1.3512773809585714
12438,X091520_138_2,6VaVb,Negative,long,-0.0018569168577755595,-1.6873703935182036
12439,X091520_139_2,6DC,Negative,short,-0.002061433941064914,-0.8285985750435989
12439,X091520_139_2,6DC,Negative,medium,-0.0011886789656780107,-1.1591249892794948
12439,X091520_139_2,6DC,Negative,long,-0.0007030095203326847,-1.2831394613880087
12441,X091520_139_5,6DC,Negative,short,-0.003958649008437821,-0.7802402497758893
12441,X091520_139_5,6DC,Negative,medium,-0.001399829254654234,-1.3255011371031602
12441,X091520_139_5,6DC,Negative,long,-0.0030737821122681272,-1.5439337592156674
12459,X091521_091_2,AI,Negative,short,-0.002744412172473227,0.026473573135900097
12459,X091521_091_2,AI,Negative,medium,-0.0042866767995343525,-0.3560353044603336
12459,X091521_091_2,AI,Negative,long,-0.003739992138696321,-0.41972224406033914
12461,X091521_092_3,AI,Negative,short,-0.0025738021320081098,-0.16045207848939766
12461,X091521_092_3,AI,Negative,medium,-0.004524675993254721,-0.2795600013066697
12461,X091521_092_3,AI,Negative,long,-0.0028835695257814434,-0.8880555197664733
12462,X091521_093_2,AI,Positive,short,0.0005298924683337076,-1.2188900443361126
12462,X091521_093_2,AI,Positive,medium,0.0019327761387036694,-0.8826520978015988
12462,X091521_093_2,AI,Positive,long,0.0021864760506921876,-0.39920520634050854
12467,X091521_110_3,cd,Negative,short,-0.0015706283467273204,1.0325392482681401
12467,X091521_110_3,cd,Negative,medium,-0.001862341334769106,0.7008018760187257
12467,X091521_110_3,cd,Negative,long,-0.0014425139365395326,0.2901948096626191
12468,X091521_139_3,6DC,Positive,short,0.0017351107058118183,0.7386292642394635
12468,X091521_139_3,6DC,Positive,medium,0.0017587889084269633,1.1856121565656932
12468,X091521_139_3,6DC,Positive,long,0.0023116840635093103,1.6798407117062917
12471,X091620_003_2,12r,Positive,short,0.0035022817419064992,0.43915372639882866
12471,X091620_003_2,12r,Positive,medium,0.003116486776978437,1.2161947698727522
12471,X091620_003_2,12r,Positive,long,0.0009321765366189277,0.8835320686487583
12489,X091620_053_1,8B,Positive,short,0.002749147224313559,-0.1139419273923778
12489,X091620_053_1,8B,Positive,medium,0.0005471936078411589,0.2646759686593126
12489,X091620_053_1,8B,Positive,long,-0.00038051256100562054,-0.05455756196581732
12503,X091620_067_1,45,Negative,short,-0.003873450379830386,0.16017340311932435
12503,X091620_067_1,45,Negative,medium,-0.002457821092932022,-0.19893499900034464
12503,X091620_067_1,45,Negative,long,-0.002250530260816105,-0.9493653352247217
12505,X091620_085_3,8B,Negative,short,-0.001741993379378564,-0.2068200795717792
12505,X091620_085_3,8B,Negative,medium,-0.0006262021338116074,-0.5861488839924435
12505,X091620_085_3,8B,Negative,long,0.00012539749144987254,-0.6055634401602277
12506,X091620_085_4,8B,Positive,short,0.0021795154313041984,-0.22787621260032573
12506,X091620_085_4,8B,Positive,medium,0.001403973293732874,0.2385269454569912
12506,X091620_085_4,8B,Positive,long,0.0009764632323380104,0.33570329441546387
12512,X091620_108_2,6DR,Positive,short,0.0015717680094663872,0.018435639053561208
12512,X091620_108_2,6DR,Positive,medium,0.0028116996162037416,1.2714413974477528
12512,X091620_108_2,6DR,Positive,long,0.0018148003687649746,1.660186052619915
12513,X091620_111_2,6DR,Negative,short,-0.002998426400913477,-0.08813225458408652
12513,X091620_111_2,6DR,Negative,medium,-0.002510699694098962,-0.7481419536267282
12513,X091620_111_2,6DR,Negative,long,-0.0009649740291512554,-1.061974025010666
12515,X091620_117_2,6DC,Negative,short,-0.0018310521615881713,0.34757718491608575
12515,X091620_117_2,6DC,Negative,medium,-0.0024616410708446245,-0.3508835985945513
12515,X091620_117_2,6DC,Negative,long,-0.0033546170832838658,-1.1689546917334273
12520,X091620_129_4,6DC,Negative,short,-0.00025787498981713424,0.2732590875080275
12520,X091620_129_4,6DC,Negative,medium,-0.0031070426148930223,0.3281772859499537
12520,X091620_129_4,6DC,Negative,long,-0.0020640006381208026,-0.4260127301307158
12528,X091620_143_7,6DC,Positive,short,0.003848879523140272,-0.38137712274721053
12528,X091620_143_7,6DC,Positive,medium,0.004586312886386658,0.007936693749083717
12528,X091620_143_7,6DC,Positive,long,0.004748257930975193,0.42469476240635934
12529,X091620_144_4,6DC,Positive,short,0.004518412848969165,0.042925019596742865
12529,X091620_144_4,6DC,Positive,medium,0.0025085634118796867,0.5793628364171098
12529,X091620_144_4,6DC,Positive,long,-0.00035595177929335383,1.4890268744525814
12536,X091720_011_4,12r,Positive,short,0.004024252266371749,-0.1001575457919296
12536,X091720_011_4,12r,Positive,medium,0.0020511723077401745,-0.4565899551427883
12536,X091720_011_4,12r,Positive,long,0.002843666112169628,-0.6428262310285825
12548,X091720_057_6,46v,Negative,short,-0.0036093515394484345,-0.6012164630373931
12548,X091720_057_6,46v,Negative,medium,-0.0007007339762793636,-1.4811170999698353
12548,X091720_057_6,46v,Negative,long,0.0013172223543633295,-1.6370129579315567
12549,X091720_057_8,46v,Negative,short,-0.0013882463656934708,0.2711814551797468
12549,X091720_057_8,46v,Negative,medium,-0.0011279457478341678,-0.38014431900930545
12549,X091720_057_8,46v,Negative,long,-0.0007400082571973804,-0.8314308228587945
12556,X091720_078_2,8A,Negative,short,-0.004037313997854577,0.9097207096620725
12556,X091720_078_2,8A,Negative,medium,-0.003479329633788437,-0.2037467372630058
12556,X091720_078_2,8A,Negative,long,-0.0003279251685844371,-0.8294446552652686
12569,X091720_129_2,6DC,Negative,short,-0.0029928016941992703,0.09571777944807149
12569,X091720_129_2,6DC,Negative,medium,-0.0034178933965851805,-0.9339217698757851
12569,X091720_129_2,6DC,Negative,long,-0.0005110092730308795,-1.3811986254227537
12572,X091720_140_3,6DC,Positive,short,0.004153321207799123,0.09692049206284102
12572,X091720_140_3,6DC,Positive,medium,0.005931358623630529,1.0111825169109043
12572,X091720_140_3,6DC,Positive,long,-0.0012183816997321552,1.5740902462909108
12574,X091720_143_4,6DC,Positive,short,0.0028184376294125794,-0.404492051135799
12574,X091720_143_4,6DC,Positive,medium,0.002759711729204037,0.0026787818849595036
12574,X091720_143_4,6DC,Positive,long,0.0033486091514626525,0.11386907101549153
12576,X091720_144_2,6DC,Positive,short,0.0016783171428272226,1.0850068520438454
12576,X091720_144_2,6DC,Positive,medium,0.004651672063007119,1.162372545736645
12576,X091720_144_2,6DC,Positive,long,0.004500478989164306,0.9489917335954313
12580,X091820_006_3,46d,Positive,short,0.00039168531229329226,-0.4061775660202738
12580,X091820_006_3,46d,Positive,medium,0.0016454865407030538,0.3418063087347808
12580,X091820_006_3,46d,Positive,long,0.0034040299805765672,1.7345936963343977
12593,X091820_053_5,8B,Negative,short,-0.002320107095636291,0.11367854189256302
12593,X091820_053_5,8B,Negative,medium,-0.0017367606930403802,-0.219439982328257
12593,X091820_053_5,8B,Negative,long,-0.002463489568888199,-0.48988742111826056
12598,X091820_057_6,46v,Positive,short,0.0038336647593551873,-0.4017416949549724
12598,X091820_057_6,46v,Positive,medium,0.003328861904492087,1.0985955415919622
12598,X091820_057_6,46v,Positive,long,-0.0010461809886770663,0.9897613516712744
12599,X091820_058_3,46v,Negative,short,-0.0024087540649462337,0.5899917083071233
12599,X091820_058_3,46v,Negative,medium,-0.003539172443994251,-0.14534246130147563
12599,X091820_058_3,46v,Negative,long,-0.0021194114837087483,-1.0378670056231207
12601,X091820_062_2,46d,Negative,short,-0.0009658625113044214,0.4466274378316852
12601,X091820_062_2,46d,Negative,medium,-0.0013482323699417166,0.21745863922824385
12601,X091820_062_2,46d,Negative,long,-0.002454264950012818,-0.5101969479947365
12607,X091820_073_7,8B,Positive,short,0.0029043364467908938,0.18948647404359203
12607,X091820_073_7,8B,Positive,medium,0.004354355232820242,0.7477338101428944
12607,X091820_073_7,8B,Positive,long,0.004798106404966899,1.58424750945458
12608,X091820_078_3,45,Positive,short,0.002548496712117444,1.16275495672583
12608,X091820_078_3,45,Positive,medium,0.001642347342208806,1.6329023617872978
12608,X091820_078_3,45,Positive,long,0.0008653915797295199,1.8893100509230984
12609,X091820_081_3,46v,Negative,short,-0.002433360540836591,0.4040045847332945
12609,X091820_081_3,46v,Negative,medium,-0.0025523168064917295,-1.0656566065553914
12609,X091820_081_3,46v,Negative,long,-0.000445988190108137,-1.7613660303407819
12610,X091820_085_4,8B,Negative,short,-0.002440512466423569,-0.3778359075849752
12610,X091820_085_4,8B,Negative,medium,7.6503627362909e-06,-0.6132048681849449
12610,X091820_085_4,8B,Negative,long,-0.00036835378178581385,-0.5568305339769595
12614,X091820_101_2,6VaVb,Positive,short,0.00391908179731777,-0.41022890717386645
12614,X091820_101_2,6VaVb,Positive,medium,0.003471956261206476,0.011570910800762859
12614,X091820_101_2,6VaVb,Positive,long,0.0034600709847465334,0.2987960198479232
12616,X091820_103_4,45,Positive,short,0.003988016561613677,0.14441996983704955
12616,X091820_103_4,45,Positive,medium,0.0038347757628582136,0.7456347688046802
12616,X091820_103_4,45,Positive,long,0.004547439313487064,1.6091422314651793
12617,X091820_108_4,6DC,Negative,short,-0.002977070627021653,-0.07861947721734677
12617,X091820_108_4,6DC,Negative,medium,-0.0015768112111411122,-0.7619621449160993
12617,X091820_108_4,6DC,Negative,long,7.515150834043068e-05,-0.965126907071734
12618,X091820_108_5,6DC,Negative,short,-0.0020900698382588633,-0.7099697840772531
12618,X091820_108_5,6DC,Negative,medium,-0.0014791631515643927,-1.353155537373611
12618,X091820_108_5,6DC,Negative,long,-0.0006683890522061738,-1.5543353894784329
12622,X091820_130_3,6DC,Positive,short,0.003991623159595063,-0.39272226552368944
12622,X091820_130_3,6DC,Positive,medium,0.0036023863300526813,-0.05931013223893139
12622,X091820_130_3,6DC,Positive,long,0.0017451168245785883,0.6079839595489688
12624,X091820_131_3,6DC,Positive,short,0.0016777704828353896,-0.5950021180293263
12624,X091820_131_3,6DC,Positive,medium,0.0027881399711972748,-0.2486570940411862
12624,X091820_131_3,6DC,Positive,long,0.004045578376130456,0.6587676259980023
12627,X091820_138_2,6VaVb,Negative,short,-0.001343715234052776,0.7129163470856955
12627,X091820_138_2,6VaVb,Negative,medium,-0.001799309028022009,0.5621103622180451
12627,X091820_138_2,6VaVb,Negative,long,-0.0005023025020108318,0.4548155099165916
12633,X091820_145_3,6DC,Positive,short,0.001544088588952944,0.601964341496511
12633,X091820_145_3,6DC,Positive,medium,0.002593350178230295,1.4821715817078576
12633,X091820_145_3,6DC,Positive,long,0.0037892974054005947,2.0625596668279904
12644,X092120_023_3,46df,Negative,short,-0.0032427885331344276,-0.31613679836812536
12644,X092120_023_3,46df,Negative,medium,-0.0018734518287025666,-1.247099881263422
12644,X092120_023_3,46df,Negative,long,-0.0007533011850674496,-1.0118044951989529
12653,X092120_047_3,12o,Negative,short,-0.002268252263698256,-0.08024417536840268
12653,X092120_047_3,12o,Negative,medium,-0.0012531718851205328,-0.7191017527449349
12653,X092120_047_3,12o,Negative,long,-0.00046206463726986707,-1.0128786381389854
12659,X092120_056_2,45,Negative,short,-0.001680129953671187,0.10445640977633228
12659,X092120_056_2,45,Negative,medium,-0.0025528449297926967,0.04304669534047785
12659,X092120_056_2,45,Negative,long,-0.0019430266416781063,0.3348421902318691
12662,X092120_066_4,12l,Positive,short,0.0021480494245468148,0.3800440158442394
12662,X092120_066_4,12l,Positive,medium,0.0024242460747098456,1.4087429161178888
12662,X092120_066_4,12l,Positive,long,0.0024532280358849543,1.9729228942049124
12667,X092120_078_3,45,Negative,short,-0.0026988564349022305,-0.3456698002075984
12667,X092120_078_3,45,Negative,medium,-0.0019481664076987438,-1.2884307204685275
12667,X092120_078_3,45,Negative,long,-0.002959630330224954,-1.1893956874452296
12672,X092120_091_1,45,Negative,short,-0.002053730084501257,0.41144664849703994
12672,X092120_091_1,45,Negative,medium,-0.004123605985198605,-0.2733224048085523
12672,X092120_091_1,45,Negative,long,-0.0031796891528534754,-1.0818594349949668
12675,X092120_097_3,8B,Negative,short,-0.003929622211825971,-0.11838616771288774
12675,X092120_097_3,8B,Negative,medium,-0.0007632769617019236,-0.7917805574739433
12675,X092120_097_3,8B,Negative,long,0.0001448335619728132,-1.015578510658118
12690,X092120_144_1,6DC,Negative,short,-0.001123514894877676,1.2591058343103443
12690,X092120_144_1,6DC,Negative,medium,-0.0020979373608570736,0.9131336798287073
12690,X092120_144_1,6DC,Negative,long,-0.0013740514885620225,0.8030016268549267
12693,X092320_003_3,12r,Positive,short,0.0021212321609916625,0.22163330589865834
12693,X092320_003_3,12r,Positive,medium,0.0027527853069169218,0.22097741408118035
12693,X092320_003_3,12r,Positive,long,0.0021948401609823715,0.665523512305199
12695,X092320_011_2,12r,Positive,short,0.0021895962533624016,0.48207620076264507
12695,X092320_011_2,12r,Positive,medium,0.002318234561951594,0.8616477725113093
12695,X092320_011_2,12r,Positive,long,0.0018473950270148103,1.9207619700376286
12718,X092320_078_2,45,Positive,short,0.003140623609960157,0.25707115300798544
12718,X092320_078_2,45,Positive,medium,0.001959965666734875,0.9079851716409706
12718,X092320_078_2,45,Positive,long,0.0004094629482354663,1.1456293074937907
12720,X092320_080_1,45,Negative,short,-0.0037586925732346296,0.6552524904359053
12720,X092320_080_1,45,Negative,medium,-0.005248630894826105,-0.8463423567976703
12720,X092320_080_1,45,Negative,long,-0.0032917329014290294,-1.7644259693122744
12725,X092320_091_3,45,Negative,short,-0.0006633584158032993,-0.4908919586318107
12725,X092320_091_3,45,Negative,medium,-0.0015441017091429449,-0.6720467407671663
12725,X092320_091_3,45,Negative,long,-0.0012780244353359197,-1.0160420049545966
12726,X092320_092_2,45,Positive,short,0.001848033371905969,0.022672799997575606
12726,X092320_092_2,45,Positive,medium,0.004378363888038542,1.0268352335790008
12726,X092320_092_2,45,Positive,long,0.004667528034753722,2.0830685454676434
12727,X092320_092_4,45,Positive,short,0.003243671455120542,0.29250146792783166
12727,X092320_092_4,45,Positive,medium,0.0035459389731275826,1.1277838448901658
12727,X092320_092_4,45,Positive,long,0.003461314944357531,1.7933273483036758
12730,X092320_101_3,6VaVb,Negative,short,-0.002675727750967377,-0.3988611923171186
12730,X092320_101_3,6VaVb,Negative,medium,-0.003520029167321452,-0.6161217812523122
12730,X092320_101_3,6VaVb,Negative,long,-0.0020035291461814597,-0.8812776328174524
12735,X092320_114_3,6VaVb,Negative,short,-0.0019994457951590895,0.39153324186913485
12735,X092320_114_3,6VaVb,Negative,medium,-0.0012736581944546071,0.1369987710657221
12735,X092320_114_3,6VaVb,Negative,long,-0.0015344300315699884,-0.007134431742206092
12756,X092520_040_1,46v,Negative,short,0.0030390153002788196,0.2995272460463341
12756,X092520_040_1,46v,Negative,medium,-0.0033738052844064456,0.015945873891325752
12756,X092520_040_1,46v,Negative,long,-0.004807602413207001,-0.9307378451641108
12766,X092520_063_3,8B,Negative,short,-0.0011040621396626227,-0.7341478655212396
12766,X092520_063_3,8B,Negative,medium,-0.0013365100466072456,-0.9906475001484304
12766,X092520_063_3,8B,Negative,long,-0.000590734198712441,-1.0819413680304306
12767,X092520_064_2,8B,Negative,short,-0.0016929067191750096,-0.017182475426214452
12767,X092520_064_2,8B,Negative,medium,-0.00028328964271465574,-0.1777259993803503
12767,X092520_064_2,8B,Negative,long,0.00034010925301350317,-0.22252234218397277
12773,X092520_081_3,46v,Negative,short,-0.002565278928828546,-0.5069081475128938
12773,X092520_081_3,46v,Negative,medium,-0.00044239700965416335,-1.0565737768536598
12773,X092520_081_3,46v,Negative,long,0.0005248533618956851,-0.8303739417610867
12777,X092520_092_3,45,Positive,short,0.0004757720798003768,-0.9462237451318497
12777,X092520_092_3,45,Positive,medium,0.0016195261671800379,-0.7792038638857558
12777,X092520_092_3,45,Positive,long,0.0009866710938232193,-0.5658180363439086
12781,X092520_103_3,45,Positive,short,0.0006304390841077066,-0.5030447449488764
12781,X092520_103_3,45,Positive,medium,0.0033025759132780017,0.8341823432651874
12781,X092520_103_3,45,Positive,long,0.003334022090542849,3.0006931522324956
12784,X092520_110_2,6DR,Negative,short,-0.003656671202338242,0.41677832209773225
12784,X092520_110_2,6DR,Negative,medium,-0.0021497862898266773,-0.6255908625962805
12784,X092520_110_2,6DR,Negative,long,7.621233237562184e-05,-0.976041381450342
12786,X092520_117_3,6DC,Positive,short,0.0017067806248148966,-0.28670733784642705
12786,X092520_117_3,6DC,Positive,medium,0.0035107111682621994,-0.17335618000334987
12786,X092520_117_3,6DC,Positive,long,0.003466408622540183,-0.023444536363259702
12792,X092520_132_4,6DC,Positive,short,0.0049999849708940195,0.6215559454640984
12792,X092520_132_4,6DC,Positive,medium,0.004331948534352317,0.9858574206567371
12792,X092520_132_4,6DC,Positive,long,0.0044025219854604445,1.383262812186299
12793,X092520_138_2,6VaVb,Negative,short,-0.0023102482066025736,-0.9538507369066436
12793,X092520_138_2,6VaVb,Negative,medium,-0.0011257057763553013,-1.6951805673502447
12793,X092520_138_2,6VaVb,Negative,long,-0.0004720713536857058,-1.643530407681838
12796,X092520_140_4,6DC,Positive,short,0.0023564263863875817,-0.4734950513217841
12796,X092520_140_4,6DC,Positive,medium,0.0016740958639357587,0.2544627228027137
12796,X092520_140_4,6DC,Positive,long,0.0018178451428112349,0.5443869657172887
12802,X092820_015_2,46df,Negative,short,-0.004058453951505934,0.29264896232619286
12802,X092820_015_2,46df,Negative,medium,-0.0022688527433351344,-0.50620892260126
12802,X092820_015_2,46df,Negative,long,-0.0006978632067297099,-0.9605636162041824
12806,X092820_023_5,46df,Negative,short,-0.0006575778482925725,1.0447145967485505
12806,X092820_023_5,46df,Negative,medium,-0.0021239172437797008,0.08939529983086601
12806,X092820_023_5,46df,Negative,long,-0.0009798577535766134,-0.6196813749973841
12814,X092820_060_5,46v,Positive,short,0.003868916238445185,0.7818003393004195
12814,X092820_060_5,46v,Positive,medium,0.003952212818397024,0.9703507688843309
12814,X092820_060_5,46v,Positive,long,0.0037952005440012237,1.2655204114025325
12816,X092820_064_5,8B,Positive,short,0.002331756256755628,-0.7328525829680392
12816,X092820_064_5,8B,Positive,medium,0.002127257835000052,0.020052355493127543
12816,X092820_064_5,8B,Positive,long,0.000938615006529522,0.4620011112406329
12818,X092820_075_5,8B,Negative,short,-0.0025505760923296475,1.8188094372757262
12818,X092820_075_5,8B,Negative,medium,-0.0034764521765600874,0.6199439818801951
12818,X092820_075_5,8B,Negative,long,-0.0012686019638308067,-0.47874752961710476
12820,X092820_077_2,12l,Positive,short,0.002316903013689121,-0.827210416524561
12820,X092820_077_2,12l,Positive,medium,0.0017178612664250842,-0.5099074805543576
12820,X092820_077_2,12l,Positive,long,0.0026380920286310865,-0.23319145030835597
12821,X092820_078_3,45,Positive,short,0.002588487874659621,0.7088604881265472
12821,X092820_078_3,45,Positive,medium,0.005279419246563838,0.5609314902274933
12821,X092820_078_3,45,Positive,long,0.006718050754658365,0.652417035345701
12823,X092820_084_3,8B,Negative,short,-0.0019026376604502728,-0.34756134073993816
12823,X092820_084_3,8B,Negative,medium,-0.0003000133753435055,-0.6574033351983881
12823,X092820_084_3,8B,Negative,long,0.00010788529332568847,-0.6062341495579768
12824,X092820_086_4,6DR,Negative,short,-0.002220836025244786,0.2040322548327247
12824,X092820_086_4,6DR,Negative,medium,-0.0006489376847176894,-0.05551009862792187
12824,X092820_086_4,6DR,Negative,long,-0.0023899370684853367,-0.09350843273258974
12831,X092820_101_2,6VaVb,Positive,short,0.0027709577270512223,0.44685827428552505
12831,X092820_101_2,6VaVb,Positive,medium,0.0018359168344441905,1.0180799070491569
12831,X092820_101_2,6VaVb,Positive,long,0.0016459053511677577,1.1320015147402758
12834,X092820_114_2,6VaVb,Negative,short,-0.002067318786816177,0.7580504115429179
12834,X092820_114_2,6VaVb,Negative,medium,-0.001620964287894928,0.4473441318606787
12834,X092820_114_2,6VaVb,Negative,long,-0.0011526252307352373,0.4351198629324267
12835,X092820_116_3,6DC,Positive,short,0.0020574902225496627,0.5222749242903091
12835,X092820_116_3,6DC,Positive,medium,0.0020642063629706586,0.42396892900473715
12835,X092820_116_3,6DC,Positive,long,0.0022479530282393497,0.781578123346343
12842,X092820_140_1,6DC,Positive,short,0.0008203496523902081,-0.6279729215194143
12842,X092820_140_1,6DC,Positive,medium,0.0038160067412874137,-0.42332320397691847
12842,X092820_140_1,6DC,Positive,long,0.0043035828364746745,0.34953600609521635
12843,X092820_140_2,6DC,Positive,short,0.001446550281824013,0.22712559014974865
12843,X092820_140_2,6DC,Positive,medium,0.0024555430778767226,0.5838193629756756
12843,X092820_140_2,6DC,Positive,long,0.0031082178650400204,1.6409543717958766
12844,X092820_140_6,6DC,Negative,short,-0.00026425033122914464,1.762854745007196
12844,X092820_140_6,6DC,Negative,medium,-0.0024364403320038504,0.990143087064962
12844,X092820_140_6,6DC,Negative,long,-0.0022604918665470935,0.19598885935486393
12846,X092820_146_3,6DC,Positive,short,0.0030963059918655816,-0.5735048178748806
12846,X092820_146_3,6DC,Positive,medium,0.00404731677620997,-0.0623641197636302
12846,X092820_146_3,6DC,Positive,long,0.005058332976591499,0.6786720732637569
12854,X092920_016_2,24c,Positive,short,0.0021995771287384,0.301293751055773
12854,X092920_016_2,24c,Positive,medium,0.00027785090310702087,1.0037305793428977
12854,X092920_016_2,24c,Positive,long,0.0007127157001072143,1.4811631375660317
12856,X092920_024_2,46df,Negative,short,-0.0030689323510117456,0.07818183908723264
12856,X092920_024_2,46df,Negative,medium,-0.0016416447277704715,-0.5098146127843718
12856,X092920_024_2,46df,Negative,long,-4.6442312133089e-06,-0.7267820165676999
12857,X092920_029_5,12m,Negative,short,-0.001381395745885375,1.447976504209236
12857,X092920_029_5,12m,Negative,medium,-0.0033097999401451917,0.9096509275256545
12857,X092920_029_5,12m,Negative,long,-0.0019278488467009487,-0.4908302833811192
12869,X092920_059_4,46v,Negative,short,-0.0023723258636437834,0.15208917280009013
12869,X092920_059_4,46v,Negative,medium,-0.00260087039014661,0.18526474769675047
12869,X092920_059_4,46v,Negative,long,-0.0027774022817994497,-0.6697416662353985
12873,X092920_064_3,8B,Negative,short,-0.0026917056441161224,0.8288608032246562
12873,X092920_064_3,8B,Negative,medium,-0.0026685025360489744,0.5030297820670174
12873,X092920_064_3,8B,Negative,long,0.0001994885075203289,-0.044725403620066516
12875,X092920_066_5,12l,Positive,short,0.0012306087078087038,-0.7441724926580406
12875,X092920_066_5,12l,Positive,medium,0.0011107988248691123,-0.5812553499086129
12875,X092920_066_5,12l,Positive,long,0.0010144553389018975,-0.5025567777839159
12877,X092920_067_3,45,Negative,short,-0.0020428366324531664,-0.018025691631852886
12877,X092920_067_3,45,Negative,medium,-0.0011463397057460928,-0.5225814050040519
12877,X092920_067_3,45,Negative,long,-0.0005033535147894013,-0.6774440202955002
12878,X092920_069_5,46v,Negative,short,-0.0019913634735435367,0.9373998943737207
12878,X092920_069_5,46v,Negative,medium,-0.004577216192707503,-0.3590330222974874
12878,X092920_069_5,46v,Negative,long,-0.001257773028278766,-1.7171905718111555
12879,X092920_070_2,46v,Negative,short,-0.0026294380746557655,0.32302381065340957
12879,X092920_070_2,46v,Negative,medium,-0.0018952191384965103,-0.15445534218708595
12879,X092920_070_2,46v,Negative,long,-0.0005937282681720823,-0.5672245211589356
12880,X092920_075_4,8B,Positive,short,0.002057074683969127,-0.582951723504676
12880,X092920_075_4,8B,Positive,medium,0.0017147599076067512,-0.4553970617721378
12880,X092920_075_4,8B,Positive,long,0.0011320998399574193,-0.4817512979352856
12884,X092920_091_7,45,Negative,short,-0.0037158276217805404,-1.057242175085337
12884,X092920_091_7,45,Negative,medium,-0.001533379064332531,-1.247648697030326
12884,X092920_091_7,45,Negative,long,-0.00035840244656136933,-1.314379616604867
12887,X092920_092_4,45,Positive,short,0.0014354139190452554,0.24536360403814952
12887,X092920_092_4,45,Positive,medium,0.0018763453283578578,1.386955342009143
12887,X092920_092_4,45,Positive,long,0.0014997053207976476,2.695549272856181
12888,X092920_096_2,8B,Negative,short,-0.0011271379472575851,0.1664857473702847
12888,X092920_096_2,8B,Negative,medium,-0.003193385814544113,-0.6682637928919781
12888,X092920_096_2,8B,Negative,long,-0.0029174639372015576,-1.7979115560626031
12895,X092920_116_2,6DC,Positive,short,0.0014478571760750077,0.3442635191948802
12895,X092920_116_2,6DC,Positive,medium,0.00212660070524642,0.5215394826425385
12895,X092920_116_2,6DC,Positive,long,0.0019762712864218332,0.559370500940563
12902,X092920_140_3,6DC,Negative,short,-0.00020896792197767222,-0.10919623154590523
12902,X092920_140_3,6DC,Negative,medium,-0.004444761986847779,0.09393090265066968
12902,X092920_140_3,6DC,Negative,long,-0.005005557464569338,-0.23139037095442624
12903,X092920_147_7,6DC,Positive,short,0.0011605719659257025,-0.3648799814290821
12903,X092920_147_7,6DC,Positive,medium,0.0028322907627358214,0.306699420204975
12903,X092920_147_7,6DC,Positive,long,0.0018507719836947597,1.18463299645362
12908,X093020_016_4,24c,Positive,short,0.0030701558439868385,0.27536833338391425
12908,X093020_016_4,24c,Positive,medium,0.0014159736499492555,0.906739720191416
12908,X093020_016_4,24c,Positive,long,0.0020148417415373457,0.6556339460442657
12909,X093020_038_3,13l,Positive,short,0.0020396025142734595,-0.27622628867685367
12909,X093020_038_3,13l,Positive,medium,0.0031727079504417074,0.03890082968891708
12909,X093020_038_3,13l,Positive,long,0.004611800329005381,0.018451879515170046
12919,X093020_064_3,8B,Negative,short,-0.0017436188329009276,-0.09491054628145165
12919,X093020_064_3,8B,Negative,medium,-0.001238006140330863,-0.38529758249407947
12919,X093020_064_3,8B,Negative,long,-0.0010284801947481141,-0.6200982688022731
12920,X093020_066_3,12l,Positive,short,0.0011805100156047986,-0.7292891765840835
12920,X093020_066_3,12l,Positive,medium,0.0007767916611140166,-0.6664860858000852
12920,X093020_066_3,12l,Positive,long,0.001276768620231352,-0.6612525621240032
12922,X093020_067_3,45,Negative,short,-0.0019684369965031643,0.18269603593141684
12922,X093020_067_3,45,Negative,medium,-0.0018017148306376574,-0.3256305287200446
12922,X093020_067_3,45,Negative,long,-0.001008916823026267,-0.6619345997514423
12923,X093020_070_6,46v,Negative,short,-0.0011619117509297611,0.6534048343718846
12923,X093020_070_6,46v,Negative,medium,-0.0022330705621010595,0.5794640602590438
12923,X093020_070_6,46v,Negative,long,-0.00039439165740990235,0.6669084979174736
12927,X093020_084_2,8B,Negative,short,-0.0007674493157735308,-1.0567743275407546
12927,X093020_084_2,8B,Negative,medium,-0.0002642711135899717,-1.1499832553197065
12927,X093020_084_2,8B,Negative,long,-0.0005053179821864828,-1.1750711736187165
12929,X093020_085_4,8B,Negative,short,-0.005080750658252216,0.36931309251489736
12929,X093020_085_4,8B,Negative,medium,-0.001092435285770093,-0.7080684931183268
12929,X093020_085_4,8B,Negative,long,6.732932976667219e-05,-0.8063868973497147
12930,X093020_086_3,8B,Negative,short,-0.0012898138976054747,0.7338374213202424
12930,X093020_086_3,8B,Negative,medium,-0.001020400291332739,0.6344952142437899
12930,X093020_086_3,8B,Negative,long,-0.0014505810600042707,0.5582133510429722
12932,X093020_091_4,45,Negative,short,-0.0036149138143384556,-0.6383683308982252
12932,X093020_091_4,45,Negative,medium,-0.0015612085596202322,-1.43431660329641
12932,X093020_091_4,45,Negative,long,-0.0009635555100978309,-1.2132819180877354
12933,X093020_091_5,45,Negative,short,-0.0037561109223295053,0.20679257547377475
12933,X093020_091_5,45,Negative,medium,-0.0004931786524994951,-0.48228649248193933
12933,X093020_091_5,45,Negative,long,-0.000942701551896075,-0.1831894506730942
12934,X093020_096_2,8B,Negative,short,-0.0022804898182430685,-0.366189986154919
12934,X093020_096_2,8B,Negative,medium,-0.0020416762618254646,-1.1261589100178386
12934,X093020_096_2,8B,Negative,long,-0.0006318884161612384,-1.7451146634763568
12935,X093020_096_3,8B,Positive,short,0.0028527000369788225,0.8787888949566495
12935,X093020_096_3,8B,Positive,medium,-0.00020348984715320656,0.9050917881300763
12935,X093020_096_3,8B,Positive,long,-0.0004858867160711898,0.6148075628498826
12936,X093020_101_3,6VaVb,Negative,short,-0.0038315823646348944,0.4339931655253676
12936,X093020_101_3,6VaVb,Negative,medium,-0.0031414746588769027,0.6076261701076656
12936,X093020_101_3,6VaVb,Negative,long,-0.0015346581446013493,-0.2581370204963435
12941,X093020_117_1,6DC,Positive,short,0.003737891403155339,0.6836473792752626
12941,X093020_117_1,6DC,Positive,medium,0.0018603090071529077,0.791184489015558
12941,X093020_117_1,6DC,Positive,long,0.002401905961097999,0.566580782065667
12944,X093020_131_2,6DC,Positive,short,0.002095738604254022,-0.6205290196710533
12944,X093020_131_2,6DC,Positive,medium,0.003992180761502222,0.24183337518576525
12944,X093020_131_2,6DC,Positive,long,0.002639057159917401,1.9503942303570256
12948,X093020_147_5,6DC,Positive,short,0.0011965995028877941,-0.37675929258572877
12948,X093020_147_5,6DC,Positive,medium,0.002533319325888274,0.3287554448933423
12948,X093020_147_5,6DC,Positive,long,0.0017026309868959132,1.4693958511864287
12951,X100120_004_4,12r,Negative,short,-0.0035951571449938055,0.8878203023600078
12951,X100120_004_4,12r,Negative,medium,-0.003333307984368923,-0.1159356182290802
12951,X100120_004_4,12r,Negative,long,-0.0009004342665340226,-0.7613101618460529
12952,X100120_006_2,46d,Negative,short,-0.0022638656077323353,-0.557534441146372
12952,X100120_006_2,46d,Negative,medium,-0.001213904662883916,-1.082307757335574
12952,X100120_006_2,46d,Negative,long,-0.0015086966775213443,-1.200022385640073
12954,X100120_011_6,12r,Negative,short,-0.0018748490124984205,-0.8530656469988942
12954,X100120_011_6,12r,Negative,medium,-0.0023092191192565542,-0.9854732986397037
12954,X100120_011_6,12r,Negative,long,-0.0015484931372772986,-1.5326594018103081
12955,X100120_013_4,46v,Negative,short,-0.002171030189947984,-0.11560050858271474
12955,X100120_013_4,46v,Negative,medium,-0.000859190240137007,-0.5041520960439932
12955,X100120_013_4,46v,Negative,long,0.000327997604387562,-0.772955546958276
12959,X100120_016_2,24c,Positive,short,0.0015375921566271105,0.11029431447055994
12959,X100120_016_2,24c,Positive,medium,0.0010240219734012229,0.6659021435678645
12959,X100120_016_2,24c,Positive,long,0.0013635495619639683,1.0934423744777673
12960,X100120_024_3,46df,Negative,short,-0.003346165866660855,-0.2705645212162488
12960,X100120_024_3,46df,Negative,medium,-0.002345924554842591,-0.7951591658947746
12960,X100120_024_3,46df,Negative,long,-0.0017923831543883765,-1.1684738469996587
12962,X100120_029_4,12m,Negative,short,-0.001970985154395322,1.7065383577703834
12962,X100120_029_4,12m,Negative,medium,-0.0037465297035650675,0.4616178857091312
12962,X100120_029_4,12m,Negative,long,-0.0014970849697189502,-0.17360610987978697
12964,X100120_038_2,13l,Positive,short,0.0012886006680380465,-0.23579119064050189
12964,X100120_038_2,13l,Positive,medium,0.003651102934490647,0.4006306994109788
12964,X100120_038_2,13l,Positive,long,0.008972197568110829,1.7707719957717878
12965,X100120_040_3,46v,Negative,short,-0.0032346827390430533,0.26752735562769764
12965,X100120_040_3,46v,Negative,medium,-0.0028832703054346813,-0.45447475851642066
12965,X100120_040_3,46v,Negative,long,-0.0010556682464868546,-0.986918792078975
12966,X100120_047_1,12o,Positive,short,0.0009847724685643617,0.20879334091621848
12966,X100120_047_1,12o,Positive,medium,0.0034812291365264162,-0.06984710897207252
12966,X100120_047_1,12o,Positive,long,0.0061119092636747335,0.4959740808120351
12970,X100120_056_3,45,Positive,short,0.00158861245528909,-0.906466178344981
12970,X100120_056_3,45,Positive,medium,0.0036709555590258725,0.04398970351246079
12970,X100120_056_3,45,Positive,long,0.0011945893871842994,0.857304113051008
12971,X100120_058_3,46v,Negative,short,-0.002510737844570368,0.7494866685376591
12971,X100120_058_3,46v,Negative,medium,-0.0030403166441428917,-0.12126652530926015
12971,X100120_058_3,46v,Negative,long,-0.0005954630836238101,-0.5933966244665437
12974,X100120_066_3,12l,Positive,short,0.0006976570406419853,-0.7522013168069169
12974,X100120_066_3,12l,Positive,medium,0.0011984846217318725,-0.6603635299374379
12974,X100120_066_3,12l,Positive,long,0.0011459911640286469,-0.5903489794985031
12977,X100120_070_3,46v,Negative,short,-0.0027329956317561944,0.28818512579213873
12977,X100120_070_3,46v,Negative,medium,-0.001996629842601603,-0.28441976454920953
12977,X100120_070_3,46v,Negative,long,-0.0007723085321540976,-0.698590913300903
12984,X100120_084_4,8B,Negative,short,-0.0016828050514577655,-0.5609949405466151
12984,X100120_084_4,8B,Negative,medium,-0.0003240088448475778,-0.9732138703944481
12984,X100120_084_4,8B,Negative,long,-0.00016455368595905633,-0.8631292790819127
12990,X100120_092_3,45,Negative,short,-0.0027545704571242083,0.40639408667124
12990,X100120_092_3,45,Negative,medium,-0.0017597564001639325,-0.14505708256404973
12990,X100120_092_3,45,Negative,long,-0.0004134775942493876,-0.3098377156274365
13007,X100220_006_3,46d,Negative,short,-0.0027133797259819245,-0.5016743955566562
13007,X100220_006_3,46d,Negative,medium,-0.0012238890996325656,-0.7715937191009918
13007,X100220_006_3,46d,Negative,long,-0.0013105490784344682,-1.4977523317055377
13008,X100220_011_7,12r,Negative,short,-0.0010834657436221092,-0.9188172392262001
13008,X100220_011_7,12r,Negative,medium,-0.0007434005876275988,-1.1173922425498581
13008,X100220_011_7,12r,Negative,long,-0.0011193251571120382,-1.3902613529548074
13013,X100220_029_4,12m,Negative,short,-0.0017968905905185442,1.8723523824068156
13013,X100220_029_4,12m,Negative,medium,-0.0033121396257887385,0.4652217118605699
13013,X100220_029_4,12m,Negative,long,-0.000900514749583027,-0.2143657071162023
13014,X100220_031_4,46v,Negative,short,-0.002537459126041224,-0.0624584215778405
13014,X100220_031_4,46v,Negative,medium,-0.00014924381712190808,-0.7464438064423655
13014,X100220_031_4,46v,Negative,long,-6.508016811540849e-06,-0.7398132677879588
13016,X100220_040_4,46v,Negative,short,-0.0019340837458552281,0.5722383493884929
13016,X100220_040_4,46v,Negative,medium,-0.00259287149669479,-0.5833015183417892
13016,X100220_040_4,46v,Negative,long,-0.00012161771220597127,-0.9714576639668914
13018,X100220_051_4,46df,Negative,short,-0.0014740717110853306,0.5283084945898882
13018,X100220_051_4,46df,Negative,medium,-0.001309706568405047,-0.085072072411689
13018,X100220_051_4,46df,Negative,long,-0.0007026867066485504,-0.4642555766464668
13020,X100220_058_3,46v,Negative,short,-0.0031657676111605266,0.8127293422110782
13020,X100220_058_3,46v,Negative,medium,-0.001853040888480214,-0.34417309775152793
13020,X100220_058_3,46v,Negative,long,0.0006439435923192643,-0.5219388749952523
13023,X100220_066_6,12l,Positive,short,0.0006581117344806314,-0.671129103756189
13023,X100220_066_6,12l,Positive,medium,0.001062638035217972,-0.6562445383401163
13023,X100220_066_6,12l,Positive,long,0.0009195113684437694,-0.7753645770264148
13027,X100220_077_7,12l,Positive,short,0.0012904193671881767,-0.16874954912570553
13027,X100220_077_7,12l,Positive,medium,0.0018458582755604667,0.12017033960144911
13027,X100220_077_7,12l,Positive,long,0.0007157963073803021,0.7437002903064357
13029,X100220_078_4,45,Positive,short,0.005493524576991677,1.067086462296403
13029,X100220_078_4,45,Positive,medium,0.0012746011838698954,-0.04981959243536987
13029,X100220_078_4,45,Positive,long,0.0003711147661618699,0.2082296146466262
13032,X100220_087_3,24c,Positive,short,0.0007757048546702445,0.15687044241809256
13032,X100220_087_3,24c,Positive,medium,0.0032443793877808855,0.852354143411479
13032,X100220_087_3,24c,Positive,long,0.002179061508002238,2.1819992683294807
13034,X100220_092_3,45,Positive,short,0.003857545212396428,0.1045578053076217
13034,X100220_092_3,45,Positive,medium,0.005220095300709451,0.548757507214741
13034,X100220_092_3,45,Positive,long,0.005378515692946927,1.018623399754233
13035,X100220_096_2,8B,Negative,short,-0.0008815024564920181,1.245927786271703
13035,X100220_096_2,8B,Negative,medium,-0.001893068180332083,0.5933391106951852
13035,X100220_096_2,8B,Negative,long,9.300310420457398e-05,0.07648842803476852
13040,X100220_109_3,6DR,Negative,short,-0.0032309875061240106,1.2962882175813808
13040,X100220_109_3,6DR,Negative,medium,-0.004628757774285563,0.3726018786069297
13040,X100220_109_3,6DR,Negative,long,-0.00024237621724007585,-0.6422246574066245
13048,X100220_140_7,6DC,Positive,short,0.0002537547384739307,-0.06863568274353858
13048,X100220_140_7,6DC,Positive,medium,0.001289353108805863,0.7643076184193314
13048,X100220_140_7,6DC,Positive,long,0.002218738580805606,2.1364297327305035
13051,X100520_006_2,46d,Negative,short,-0.003548694830714488,-0.3735577003230742
13051,X100520_006_2,46d,Negative,medium,-0.00016574025899579456,-0.7717015608376552
13051,X100520_006_2,46d,Negative,long,-0.00037422324916738965,-1.2581597272052543
13063,X100520_023_3,46df,Negative,short,-0.0018004337938001742,1.0436243305785486
13063,X100520_023_3,46df,Negative,medium,-0.0033528240168607623,0.48830997793717423
13063,X100520_023_3,46df,Negative,long,-0.0015847217894541527,-0.6492950083988528
13068,X100520_033_3,46d,Positive,short,0.002367771930115861,-0.0686511561716558
13068,X100520_033_3,46d,Positive,medium,0.0034040355569152866,0.9538886918625895
13068,X100520_033_3,46d,Positive,long,0.003286127529738894,1.4894336033085618
13077,X100520_070_4,46v,Negative,short,-0.002078435303326754,-0.49483167344637247
13077,X100520_070_4,46v,Negative,medium,-0.00025607929085499703,-1.1393863595464264
13077,X100520_070_4,46v,Negative,long,0.00016993813668619815,-1.2120754405385048
13079,X100520_075_1,8B,Negative,short,-0.001728924131080161,-0.0071547220237537625
13079,X100520_075_1,8B,Negative,medium,-0.0005872657841431342,-0.07160799617710766
13079,X100520_075_1,8B,Negative,long,-0.0004656101885589398,0.1574056472325147
13080,X100520_077_4,12l,Negative,short,-0.001568947465390603,-0.6158862243346039
13080,X100520_077_4,12l,Negative,medium,-0.0012576440025703496,-1.2834149313944945
13080,X100520_077_4,12l,Negative,long,-0.0019035448727311498,-1.6961792582481752
13083,X100520_080_4,45,Negative,short,-0.0021190824671997515,-0.6480316210371032
13083,X100520_080_4,45,Negative,medium,-0.001392466360581355,-1.1398943726611812
13083,X100520_080_4,45,Negative,long,-0.0009904507920362213,-1.5335716562540875
13084,X100520_096_3,8B,Negative,short,-0.0032582730602157242,0.16007915956197546
13084,X100520_096_3,8B,Negative,medium,-0.0022137010031085132,-0.41881836063388156
13084,X100520_096_3,8B,Negative,long,-0.001745775167131399,-0.6765630412257947
13087,X100520_106_3,pu,Negative,short,-0.00202568997054973,1.1335759134141856
13087,X100520_106_3,pu,Negative,medium,-0.00256106608290162,1.2746550374619428
13087,X100520_106_3,pu,Negative,long,-0.0024526376769450917,1.10219794483282
13089,X100520_118_4,6DC,Negative,short,-0.00259081246405253,1.037525560911404
13089,X100520_118_4,6DC,Negative,medium,-0.0018277163267111495,0.30767761524381215
13089,X100520_118_4,6DC,Negative,long,-0.0022213473928470815,-0.39931284908517906
13097,X100520_140_4,6DC,Positive,short,0.0014873941069604706,-0.245385657360207
13097,X100520_140_4,6DC,Positive,medium,0.002834828842088094,0.5216739319843382
13097,X100520_140_4,6DC,Positive,long,0.002374225408134535,1.760320817670489
13098,X100520_140_5,6DC,Positive,short,-0.0006076560394991911,-0.04170569194972636
13098,X100520_140_5,6DC,Positive,medium,0.003879055034029392,0.8641294909566765
13098,X100520_140_5,6DC,Positive,long,0.003171044981177638,2.3001944258090066
13102,X100620_004_3,12r,Positive,short,0.002613995282359148,-0.14024018962488288
13102,X100620_004_3,12r,Positive,medium,0.0027177500072228297,0.2550242207766187
13102,X100620_004_3,12r,Positive,long,0.002868600972131972,0.8507628047495178
13123,X100620_042_5,46df,Positive,short,0.0012368431682426575,-0.7114746551474513
13123,X100620_042_5,46df,Positive,medium,0.0015186591128046538,-0.13541177046111785
13123,X100620_042_5,46df,Positive,long,0.0011679291174637384,0.3118893097038768
13127,X100620_067_3,45,Positive,short,0.0026111604664824,0.16300491767033962
13127,X100620_067_3,45,Positive,medium,0.0029529174732691272,0.959533380672255
13127,X100620_067_3,45,Positive,long,0.003318249613507763,2.368360212559311
13129,X100620_074_4,8B,Negative,short,-0.0015386200700686263,-0.35407274614046397
13129,X100620_074_4,8B,Negative,medium,-0.00023370211224558053,-0.6946984492304321
13129,X100620_074_4,8B,Negative,long,-0.00023000054219772778,-0.7294645216223007
13130,X100620_075_2,8B,Negative,short,-0.0015524169913532905,-0.13439487715324577
13130,X100620_075_2,8B,Negative,medium,-5.403932196691328e-05,-0.12044469363303288
13130,X100620_075_2,8B,Negative,long,-0.00033468044397573743,0.11830146744193164
13133,X100620_079_3,45,Negative,short,-0.0024125014106339783,0.2579099684206966
13133,X100620_079_3,45,Negative,medium,-0.0009555009392757082,-0.37003802104448424
13133,X100620_079_3,45,Negative,long,-0.0028091303472141892,-1.2296943842261385
13135,X100620_084_1,8B,Negative,short,-0.0024901441807262115,-0.5722301862684517
13135,X100620_084_1,8B,Negative,medium,-0.0011028160451251275,-1.3275281851382899
13135,X100620_084_1,8B,Negative,long,0.0003088526647324643,-1.6400990442507675
13140,X100620_085_5,8B,Negative,short,-0.0014551386317261227,-0.1497629499344733
13140,X100620_085_5,8B,Negative,medium,-0.003774969995683945,-1.0813616327182103
13140,X100620_085_5,8B,Negative,long,-0.00110649821010676,-1.3866091080989298
13141,X100620_086_3,8B,Negative,short,-0.0017334595598544817,0.33505020788952106
13141,X100620_086_3,8B,Negative,medium,-0.0011684666898880264,0.7352185063745932
13141,X100620_086_3,8B,Negative,long,-0.0021779117177982924,0.6492819102986959
13142,X100620_091_3,45,Negative,short,-0.0031501496882579342,-1.0689759674465003
13142,X100620_091_3,45,Negative,medium,-0.0007700250819853852,-1.2264666474996113
13142,X100620_091_3,45,Negative,long,-0.0004343500496984633,-1.1628832259709745
13144,X100620_092_7,45,Negative,short,-0.0034600568995636345,0.5987778246583272
13144,X100620_092_7,45,Negative,medium,-0.0025626919130926555,0.009461221475767811
13144,X100620_092_7,45,Negative,long,-0.0005594894991515493,-0.5073581808269917
13150,X100620_119_5,6DC,Positive,short,0.0017469342186354616,-0.7427926949247061
13150,X100620_119_5,6DC,Positive,medium,0.0031113217620202488,-0.6974399055795649
13150,X100620_119_5,6DC,Positive,long,0.003778871178032665,0.3934302045620851
13155,X100620_147_2,6DC,Negative,short,0.00024348366386744467,0.40726272347685377
13155,X100620_147_2,6DC,Negative,medium,-0.0012251915444141366,0.5731182737498135
13155,X100620_147_2,6DC,Negative,long,-0.0028250008080037614,0.28990423722933706
13165,X100720_024_4,46df,Negative,short,-0.004154064175151262,-0.3817293749128107
13165,X100720_024_4,46df,Negative,medium,-0.0018006457327478754,-0.887517773712088
13165,X100720_024_4,46df,Negative,long,-0.0007561078269010044,-1.643501080609796
13178,X100720_066_2,12l,Negative,short,-0.0027456720697332584,-0.5227439083614559
13178,X100720_066_2,12l,Negative,medium,-0.0013350127396407033,-1.4034103798484756
13178,X100720_066_2,12l,Negative,long,-0.00013732048718046255,-1.6127835613320551
13179,X100720_075_3,8B,Negative,short,-0.001843688070547914,-0.12400800255242504
13179,X100720_075_3,8B,Negative,medium,-0.00047857729451287784,-0.021763358465450106
13179,X100720_075_3,8B,Negative,long,-0.00044936455850899323,0.008419349452770453
13184,X100720_084_1,8B,Positive,short,0.0015706926839828721,-0.7791775130332559
13184,X100720_084_1,8B,Positive,medium,0.0022351695956318697,0.45437730404604715
13184,X100720_084_1,8B,Positive,long,0.0021237875073565806,1.8003666369173175
13187,X100720_084_11,8B,Negative,short,-0.0027836590640788494,-0.38928398536566644
13187,X100720_084_11,8B,Negative,medium,-0.001292162949776994,-1.2257372427502409
13187,X100720_084_11,8B,Negative,long,0.00018711337550905618,-1.6273336870698087
13193,X100720_092_3,45,Positive,short,0.002837615074780973,0.08119617630038008
13193,X100720_092_3,45,Positive,medium,0.0034908917414100847,0.9209388818927132
13193,X100720_092_3,45,Positive,long,0.004669379126688802,2.1402900431695673
13195,X100720_096_3,8B,Negative,short,-0.0031406523807619084,0.6743416316751484
13195,X100720_096_3,8B,Negative,medium,-0.002610024188076722,-0.08827858308399233
13195,X100720_096_3,8B,Negative,long,0.0003291114752131016,-0.027580507378445324
13197,X100720_097_3,8B,Negative,short,-0.0017721126738395362,-0.6086650318273265
13197,X100720_097_3,8B,Negative,medium,-1.1635630936205926e-05,-0.8436706700856594
13197,X100720_097_3,8B,Negative,long,-0.0002574568956052659,-0.8204182120607221
13202,X100720_106_4,pu,Positive,short,0.0035081967586960013,-0.1764575418072463
13202,X100720_106_4,pu,Positive,medium,0.0036215944902928472,-0.09607885434864068
13202,X100720_106_4,pu,Positive,long,0.003473947013454188,-0.12535499742087255
13211,X100820_013_6,46v,Negative,short,-0.0019984813905049572,0.31754329156970446
13211,X100820_013_6,46v,Negative,medium,-0.00043864522549157716,-0.09489547346561758
13211,X100820_013_6,46v,Negative,long,-0.0008608799799196658,-0.4929972514603132
13216,X100820_016_6,24c,Positive,short,0.0022364658857750635,-0.12182498686777342
13216,X100820_016_6,24c,Positive,medium,0.0016150851473055465,0.14508498877786374
13216,X100820_016_6,24c,Positive,long,0.0023574897502621358,1.029918046888218
13224,X100820_066_3,12l,Negative,short,-0.0020654401276415063,-0.7631775649631183
13224,X100820_066_3,12l,Negative,medium,-0.0015916214885839833,-1.4671610067172376
13224,X100820_066_3,12l,Negative,long,-0.0003370716715319477,-1.7432291767561494
13225,X100820_067_4,45,Positive,short,0.002563527321557835,0.1279077661787772
13225,X100820_067_4,45,Positive,medium,0.0036854630737536984,1.3177055776267996
13225,X100820_067_4,45,Positive,long,0.003000271858851038,2.328432186669399
13227,X100820_075_3,8B,Negative,short,-0.0015669424273215002,-0.029428420622465812
13227,X100820_075_3,8B,Negative,medium,-0.0004958737269880095,-0.1263216520650812
13227,X100820_075_3,8B,Negative,long,-0.00100135501394234,0.058011420034079386
13228,X100820_077_4,12l,Positive,short,0.005061938341650734,0.4584081811774615
13228,X100820_077_4,12l,Positive,medium,0.0010674768087796712,0.7920699852476898
13228,X100820_077_4,12l,Positive,long,5.416731904697924e-05,0.5598168862540392
13229,X100820_080_3,44,Positive,short,0.002851782041650896,0.5271113125139386
13229,X100820_080_3,44,Positive,medium,0.0036750028644471243,1.3338406826787863
13229,X100820_080_3,44,Positive,long,0.001312118195014484,2.304215814230248
13232,X100820_084_2,8B,Negative,short,-0.0027426944140201207,-0.45374176101022035
13232,X100820_084_2,8B,Negative,medium,-0.0011223023115539842,-1.2911852234215189
13232,X100820_084_2,8B,Negative,long,-0.0001014242256273716,-1.6619871690150307
13234,X100820_084_6,8B,Positive,short,0.0010092074768021748,-0.5636884193501734
13234,X100820_084_6,8B,Positive,medium,0.002986985451595809,1.0297750102126733
13234,X100820_084_6,8B,Positive,long,0.0032957489978111217,2.573622383412823
13236,X100820_086_4,8B,Negative,short,-0.002115989164884637,0.5406611260466786
13236,X100820_086_4,8B,Negative,medium,-0.0013523276808243031,-0.2593953704958109
13236,X100820_086_4,8B,Negative,long,-0.0013537752381700286,-0.3020066473076737
13237,X100820_091_4,45,Positive,short,0.0031692017801994567,1.1200281065608222
13237,X100820_091_4,45,Positive,medium,0.0017503741915724515,1.5505576700021741
13237,X100820_091_4,45,Positive,long,0.001545854170237632,1.6492734371921585
13238,X100820_092_2,45,Positive,short,0.004866013251964882,0.020006376300038098
13238,X100820_092_2,45,Positive,medium,0.004807932491945448,1.2754866093562702
13238,X100820_092_2,45,Positive,long,0.001341143250406085,1.5983320138418733
13239,X100820_092_3,45,Positive,short,0.003454033892184841,0.025701742303928053
13239,X100820_092_3,45,Positive,medium,0.004814115255934754,0.708714531070585
13239,X100820_092_3,45,Positive,long,0.0052556934153837115,1.2602610313435265
13240,X100820_093_3,45,Negative,short,-0.000964274241582841,-0.02270639907164242
13240,X100820_093_3,45,Negative,medium,-0.003081077613237743,-0.6788222553644688
13240,X100820_093_3,45,Negative,long,-0.002191593398951692,-1.2306463231461218
13242,X100820_097_3,8B,Negative,short,-0.0017217595656992303,-0.7709155779249792
13242,X100820_097_3,8B,Negative,medium,-0.0003975659022221117,-0.9886918831585647
13242,X100820_097_3,8B,Negative,long,4.6125630943049614e-05,-0.9643925206236752
13250,X100820_114_2,6VaVb,Positive,short,0.002069340922251943,-0.2626259278749331
13250,X100820_114_2,6VaVb,Positive,medium,0.0007275246085267766,0.36214792915114735
13250,X100820_114_2,6VaVb,Positive,long,0.00019543951643014742,0.9816145899886894
13253,X100820_131_6,6DC,Positive,short,0.0017329438667541125,0.722197236279382
13253,X100820_131_6,6DC,Positive,medium,0.0016196646750009213,0.9339708027843627
13253,X100820_131_6,6DC,Positive,long,0.0006398131229348437,1.3502844682152377
13255,X100820_152_3,pu,Negative,short,-0.0016067072372473916,-0.3180402047856991
13255,X100820_152_3,pu,Negative,medium,-0.0016473755342598002,-1.2715362152224174
13255,X100820_152_3,pu,Negative,long,-0.0009059124577536413,-1.9616334541466787
13257,X100920_004_3,12r,Negative,short,-0.0030112564242272947,-0.7389095828646853
13257,X100920_004_3,12r,Negative,medium,-0.0029442623528212275,-1.1165832708064412
13257,X100920_004_3,12r,Negative,long,-0.0019526035877134224,-1.5634922409017946
13264,X100920_015_3,46df,Negative,short,-0.0027527485765632986,0.5537973371994512
13264,X100920_015_3,46df,Negative,medium,-0.003271821483946539,0.8499006530397437
13264,X100920_015_3,46df,Negative,long,-0.0021787998395887413,0.19073387137510558
13265,X100920_016_3,24c,Positive,short,0.003073509655187442,0.34898080664861963
13265,X100920_016_3,24c,Positive,medium,0.0026280453199398427,0.2937092249779133
13265,X100920_016_3,24c,Positive,long,0.002654760735937215,1.016021511165701
13273,X100920_031_1,46v,Positive,short,0.001464805707715223,-0.5539676038116006
13273,X100920_031_1,46v,Positive,medium,0.0022780753882361833,0.007293751172739981
13273,X100920_031_1,46v,Positive,long,0.001065058800145223,0.2924313934196355
13279,X100920_066_4,12l,Positive,short,0.004010797467251869,0.4842253912320847
13279,X100920_066_4,12l,Positive,medium,0.0041698575997278055,1.0103616622583043
13279,X100920_066_4,12l,Positive,long,0.004114044283852819,1.5066910095996349
13280,X100920_066_5,12l,Negative,short,-0.0028966422061643643,-0.3956549775345976
13280,X100920_066_5,12l,Negative,medium,-0.000617679729427159,-0.5767825460324867
13280,X100920_066_5,12l,Negative,long,0.00024862974087103726,-0.17942265710950722
13282,X100920_077_4,12l,Positive,short,0.0014845938954163676,-0.4832741946991945
13282,X100920_077_4,12l,Positive,medium,0.0033411127740745833,0.4252878318743365
13282,X100920_077_4,12l,Positive,long,0.0026058346410438417,0.6969906458228353
13284,X100920_079_2,45,Negative,short,-0.0030881149871222393,0.7129882143503566
13284,X100920_079_2,45,Negative,medium,-0.0016415501522249751,-0.0518620905211465
13284,X100920_079_2,45,Negative,long,-0.0018025075229857763,-0.09159348188405902
13291,X100920_086_6,8B,Negative,short,-0.0015782550525291997,0.23446727055735103
13291,X100920_086_6,8B,Negative,medium,-0.0015153512744393051,-0.047550015676241314
13291,X100920_086_6,8B,Negative,long,-0.0006435955510366069,-0.40031878732008463
13292,X100920_087_2,24c,Negative,short,-0.00263277496055559,0.8206186001958052
13292,X100920_087_2,24c,Negative,medium,-0.0030185728509039647,0.15154220791757897
13292,X100920_087_2,24c,Negative,long,-0.0035764897479834794,-0.6144560625096365
13293,X100920_091_3,45,Positive,short,0.003513659955212371,0.9839526267207774
13293,X100920_091_3,45,Positive,medium,0.0016947513053571677,1.3572660849217368
13293,X100920_091_3,45,Positive,long,0.001762622800143717,1.6228223551132912
13299,X100920_108_5,6DC,Negative,short,-0.002521604422530944,-0.15028134334952695
13299,X100920_108_5,6DC,Negative,medium,-0.0004949369526310873,-0.6282769516482329
13299,X100920_108_5,6DC,Negative,long,-0.00029328303385110034,-0.6975415471984622
13309,X101220_004_5,12r,Negative,short,-0.002388166442827138,-0.8772753563999336
13309,X101220_004_5,12r,Negative,medium,-0.0017008795467335245,-1.3749744682859462
13309,X101220_004_5,12r,Negative,long,-0.0012412588770023536,-1.6102796582731351
13328,X101220_060_4,46v,Negative,short,-0.0019096406379681566,-1.0900286031939623
13328,X101220_060_4,46v,Negative,medium,-0.00010280373727751306,-1.54496985683822
13328,X101220_060_4,46v,Negative,long,-0.0005296626617643276,-1.8054753976336335
13329,X101220_064_3,8B,Positive,short,0.000426556216042509,-0.9187576917066749
13329,X101220_064_3,8B,Positive,medium,0.0018019923576124439,-0.8299605954010753
13329,X101220_064_3,8B,Positive,long,0.003953203521080262,-0.17183730421748986
13332,X101220_066_4,12l,Positive,short,0.0031579314467186145,-0.45351171638574855
13332,X101220_066_4,12l,Positive,medium,0.005250443800516316,0.1270636575174101
13332,X101220_066_4,12l,Positive,long,0.00768470096418463,1.0647466185637524
13340,X101220_091_1,45,Positive,short,0.002343001212867491,1.0307496917525465
13340,X101220_091_1,45,Positive,medium,0.0017382825337827173,1.3354246074863758
13340,X101220_091_1,45,Positive,long,0.001970014379525075,1.6466974952256621
13348,X101220_114_1,6VaVb,Negative,short,-0.0016188208498422532,0.1977386949657495
13348,X101220_114_1,6VaVb,Negative,medium,-0.0015013298322252954,0.5801166597623595
13348,X101220_114_1,6VaVb,Negative,long,-0.001330977003757298,-0.06650871704401295
13349,X101220_114_3,6VaVb,Positive,short,0.0003709954159044226,-0.7750291041843903
13349,X101220_114_3,6VaVb,Positive,medium,0.00029006500381431626,-0.7334774725647417
13349,X101220_114_3,6VaVb,Positive,long,0.00040086411271858264,-0.7288078084563256
13358,X101320_004_3,12r,Negative,short,-0.003033005098551437,-0.8949227441325411
13358,X101320_004_3,12r,Negative,medium,-0.0024756006666159245,-1.1884082323203666
13358,X101320_004_3,12r,Negative,long,-0.001811926151641098,-1.514351186062056
13381,X101320_048_4,13l,Negative,short,-0.002545314801695746,-0.2924674132950418
13381,X101320_048_4,13l,Negative,medium,-0.0015148332825227742,-0.7778320659290784
13381,X101320_048_4,13l,Negative,long,-0.0013732442506657113,-1.2873258266889316
13384,X101320_066_3,12l,Positive,short,0.0024113365114009785,-0.7293741619734749
13384,X101320_066_3,12l,Positive,medium,0.004602387229397679,-0.02684931880399312
13384,X101320_066_3,12l,Positive,long,0.006152525115244643,1.267588069343714
13387,X101320_077_3,12l,Positive,short,0.004632827825299615,0.6538200376930332
13387,X101320_077_3,12l,Positive,medium,0.0019236146661956114,0.43163081083767124
13387,X101320_077_3,12l,Positive,long,-0.0005657801721601109,0.4633018110089233
13394,X101320_086_3,8B,Negative,short,0.0005493608795650435,0.6647801172614296
13394,X101320_086_3,8B,Negative,medium,-0.00041366647107396367,0.7255297151956701
13394,X101320_086_3,8B,Negative,long,-0.0028485592317077832,0.12668151101918765
13410,X101320_130_5,6VaVb,Positive,short,0.00138601105343439,-0.2893165728190209
13410,X101320_130_5,6VaVb,Positive,medium,0.003035349902384311,0.14546044525126
13410,X101320_130_5,6VaVb,Positive,long,0.004443117569993491,1.386276335492087
13411,X101320_130_8,6VaVb,Positive,short,0.0008417218784774664,0.006469859997606286
13411,X101320_130_8,6VaVb,Positive,medium,0.0035346086232246206,1.0976303409856314
13411,X101320_130_8,6VaVb,Positive,long,0.002328852691221847,2.5518996257353543
13413,X101320_134_3,cd,Positive,short,0.0007043132301042483,0.9649204386649235
13413,X101320_134_3,cd,Positive,medium,0.0016198693534206208,1.3627865346219892
13413,X101320_134_3,cd,Positive,long,0.0011925092720650521,1.702793204248844
13417,X101320_154_3,cd,Positive,short,0.00044978909889482514,-0.4169800730790949
13417,X101320_154_3,cd,Positive,medium,0.0004415028378044244,0.32420956101206544
13417,X101320_154_3,cd,Positive,long,0.002498727648690914,1.0775518113136688
13440,X101420_066_2,12l,Positive,short,0.0027006922308311196,-0.6236062605807964
13440,X101420_066_2,12l,Positive,medium,0.00533995065081904,0.44038647769976674
13440,X101420_066_2,12l,Positive,long,0.005379297133616303,1.7574020102248216
13446,X101420_084_2,8B,Negative,short,-0.001541080620971094,-0.45521905827653686
13446,X101420_084_2,8B,Negative,medium,-7.468324161719866e-05,-0.6452154278160134
13446,X101420_084_2,8B,Negative,long,-2.616051007446397e-05,-0.5540444440333895
13447,X101420_084_3,8B,Negative,short,-0.0011871612111694228,-1.0844309076096572
13447,X101420_084_3,8B,Negative,medium,-0.0004312401645781295,-1.2510167019141096
13447,X101420_084_3,8B,Negative,long,-0.0005212887155629487,-1.3882366565618658
13449,X101420_086_2,8B,Negative,short,0.00013172966147701734,0.8442860769352778
13449,X101420_086_2,8B,Negative,medium,-0.0014795170372800769,0.5830414630728348
13449,X101420_086_2,8B,Negative,long,-0.00336764296615966,0.03738320767437844
13450,X101420_086_3,8B,Negative,short,-0.0028778802557698595,0.25951034507749854
13450,X101420_086_3,8B,Negative,medium,-0.0015393847822292826,-0.2728888287910953
13450,X101420_086_3,8B,Negative,long,-0.0009667788006808421,-0.5841588107450632
13454,X101420_104_2,45,Positive,short,0.0013742065985835237,-0.0015340594293165352
13454,X101420_104_2,45,Positive,medium,0.0021188665524242657,1.3498612962625982
13454,X101420_104_2,45,Positive,long,0.0014415875784575172,2.9119850891005377
13468,X101420_135_6,24c,Negative,short,-0.0022432692407029784,0.047037657272820665
13468,X101420_135_6,24c,Negative,medium,-0.0015739051513975189,-0.8255335434145076
13468,X101420_135_6,24c,Negative,long,-0.0018808962325214315,-2.2799501912962774
13469,X101420_139_4,6VaVb,Negative,short,-0.0004200231964085064,0.7829026300677048
13469,X101420_139_4,6VaVb,Negative,medium,-0.0006039829957682307,0.5737576779728126
13469,X101420_139_4,6VaVb,Negative,long,-0.0006205399197067306,0.5518221413583406
13471,X101520_004_3,12r,Positive,short,0.0036559379668353893,-0.2934922872017449
13471,X101520_004_3,12r,Positive,medium,0.0028529203601548392,-0.09576921930173242
13471,X101520_004_3,12r,Positive,long,0.0017919791276683038,0.8118252385630057
13477,X101520_013_3,46v,Negative,short,-0.0021471806658972157,-0.3665061988154025
13477,X101520_013_3,46v,Negative,medium,-0.0011674602732653194,-0.645597247186794
13477,X101520_013_3,46v,Negative,long,-0.0013045338095353087,-0.9030548454620279
13482,X101520_022_2,46v,Negative,short,-0.004005639642574023,-0.22964736559705656
13482,X101520_022_2,46v,Negative,medium,-0.0006119182760837739,-0.9612617167379217
13482,X101520_022_2,46v,Negative,long,-0.00023648962195388959,-1.1843306267519362
13488,X101520_029_2,12m,Positive,short,0.001656413758284942,-0.7417137079845847
13488,X101520_029_2,12m,Positive,medium,0.0013765229077713306,-0.6031538087397368
13488,X101520_029_2,12m,Positive,long,0.0016655171009294055,-0.26336597659524
13489,X101520_031_2,46v,Negative,short,-0.0027889050347935022,0.06503732611699116
13489,X101520_031_2,46v,Negative,medium,-0.001394242108640977,-0.5252476242532064
13489,X101520_031_2,46v,Negative,long,-0.0003364520149236465,-0.7533408013139906
13496,X101520_060_1,46v,Positive,short,0.003906592827578903,-0.4693964520923444
13496,X101520_060_1,46v,Positive,medium,0.0048955312084225985,0.6278394150319889
13496,X101520_060_1,46v,Positive,long,0.0034169770780907494,1.7473634611846207
13497,X101520_066_3,12l,Positive,short,0.002969009641431136,-0.5640387705381195
13497,X101520_066_3,12l,Positive,medium,0.005488478468028559,0.3804596021706347
13497,X101520_066_3,12l,Positive,long,0.0055381948893511775,1.6781685401355466
13504,X101520_078_3,12l,Negative,short,-0.0007036580704722006,1.251506903008891
13504,X101520_078_3,12l,Negative,medium,-0.0012158363350947177,0.4615311880341069
13504,X101520_078_3,12l,Negative,long,-0.001753306660345118,-0.14153766382978408
13508,X101520_085_2,8B,Negative,short,-0.004287340728145522,-0.0674519669047608
13508,X101520_085_2,8B,Negative,medium,-0.0022534297069068043,-0.7905096724209455
13508,X101520_085_2,8B,Negative,long,-0.0005039991603618618,-1.1101415431043273
13510,X101520_085_5,8B,Negative,short,-0.0017247766066992253,-0.5537920587118126
13510,X101520_085_5,8B,Negative,medium,-6.562189619842721e-05,-0.8078294809963461
13510,X101520_085_5,8B,Negative,long,-0.00028541854893500673,-0.7911294175067083
13511,X101520_093_3,45,Positive,short,0.007484416651917919,0.469575678763877
13511,X101520_093_3,45,Positive,medium,0.006912811918952806,0.24629742655432016
13511,X101520_093_3,45,Positive,long,0.006476291090859771,0.8072972475644433
13528,X101620_004_5,12r,Negative,short,-0.0014817432849755232,-0.5972648798600428
13528,X101620_004_5,12r,Negative,medium,-0.0003114438647124069,-0.9041538214723203
13528,X101620_004_5,12r,Negative,long,-0.001601431238782148,-0.8613251825041461
13530,X101620_006_4,46v,Negative,short,-0.002566423328410347,0.6229100265541538
13530,X101620_006_4,46v,Negative,medium,-0.002516771465542898,-0.24860287337608872
13530,X101620_006_4,46v,Negative,long,-0.0005731955731353489,-0.8624860784178368
13532,X101620_013_5,46v,Negative,short,-0.0021715582597094845,-0.21473760452367885
13532,X101620_013_5,46v,Negative,medium,-0.0003364614409391922,-0.6974073056869221
13532,X101620_013_5,46v,Negative,long,-0.0012328525983610688,-0.7333626051413239
13540,X101620_029_2,12m,Positive,short,0.002635387390034259,-0.6156851464631454
13540,X101620_029_2,12m,Positive,medium,0.003175239651234457,-0.44790764551275813
13540,X101620_029_2,12m,Positive,long,0.002205314411913408,-0.46649202252319055
13547,X101620_050_3,46v,Negative,short,-0.002608619239385667,1.0887355779401475
13547,X101620_050_3,46v,Negative,medium,-0.0037631407438706295,-0.21540165107275752
13547,X101620_050_3,46v,Negative,long,-0.0003659392534872986,-0.8136760840152147
13549,X101620_066_4,12l,Positive,short,0.002850382642707363,0.045860618177129026
13549,X101620_066_4,12l,Positive,medium,0.0034822161463206338,1.4880895354535537
13549,X101620_066_4,12l,Positive,long,0.0014739007166597409,2.39946481411945
13553,X101620_084_3,8B,Negative,short,-0.0022208178160317378,-0.6600821756915857
13553,X101620_084_3,8B,Negative,medium,-0.0007909493240064464,-0.8585274967298333
13553,X101620_084_3,8B,Negative,long,-0.0006059072148851876,-0.8975840158351448
13554,X101620_084_4,8B,Negative,short,-0.0007291078160302172,0.12171136641358886
13554,X101620_084_4,8B,Negative,medium,-0.0017188393191924784,-0.22249729925620923
13554,X101620_084_4,8B,Negative,long,-0.0020401699118035993,-1.1643340270749345
13561,X101620_092_4,45,Positive,short,0.001981756467667147,0.15309871432203692
13561,X101620_092_4,45,Positive,medium,0.0018461890332546,1.5023807919461794
13561,X101620_092_4,45,Positive,long,0.0024865227686200436,2.5736751102171405
13562,X101620_097_3,8B,Negative,short,-0.001458046541999567,-1.040851641217008
13562,X101620_097_3,8B,Negative,medium,-0.0003069934357045612,-1.1154596458457273
13562,X101620_097_3,8B,Negative,long,-4.852947778582813e-05,-1.2437041970140328
13576,X101620_129_2,pu,Negative,short,-0.001567249729014733,0.7076724892382986
13576,X101620_129_2,pu,Negative,medium,-0.004396363651977212,-0.7149844716462661
13576,X101620_129_2,pu,Negative,long,-5.611059603749296e-05,-2.1280075367199203
13577,X101620_131_2,6DC,Positive,short,0.001086311685209222,0.8409584937446725
13577,X101620_131_2,6DC,Positive,medium,0.0013475121662646138,1.1162438455119903
13577,X101620_131_2,6DC,Positive,long,0.0018330855943166312,2.377588729890135
13581,X101620_152_4,pu,Positive,short,0.001363697869733457,-0.6667082553571354
13581,X101620_152_4,pu,Positive,medium,0.001322300491878105,-0.5058402574195769
13581,X101620_152_4,pu,Positive,long,0.001765970224480163,-0.7609640959892019
13588,X101920_013_3,46v,Negative,short,-0.002144193718233261,-0.29881241839606093
13588,X101920_013_3,46v,Negative,medium,-0.0011708267474506487,-0.7345885625000603
13588,X101920_013_3,46v,Negative,long,-0.0007153033817834717,-0.7587762590553518
13589,X101920_013_4,46v,Negative,short,-0.002667944289994239,0.08409624346109655
13589,X101920_013_4,46v,Negative,medium,-0.003376825729696511,-0.40564030495550896
13589,X101920_013_4,46v,Negative,long,-0.00041006572161668864,-1.642928924219382
13599,X101920_040_4,13l,Negative,short,-0.0013640418084281177,-1.0399535280154917
13599,X101920_040_4,13l,Negative,medium,-0.001052041492957589,-1.178676682581719
13599,X101920_040_4,13l,Negative,long,-0.001377715251107927,-1.2362174630760154
13611,X101920_084_3,8B,Negative,short,-0.0024335113891567513,-0.5311729496145604
13611,X101920_084_3,8B,Negative,medium,-8.485490374170735e-05,-0.8703341669032657
13611,X101920_084_3,8B,Negative,long,-0.0006083429152888778,-1.1307144020242421
13618,X101920_097_3,8B,Negative,short,-0.0020901178105487673,-0.6358466544196307
13618,X101920_097_3,8B,Negative,medium,-0.0007014069483859157,-1.0405951298017073
13618,X101920_097_3,8B,Negative,long,-0.00017129534713630228,-1.1240133550916853
13635,X102020_004_3,12r,Negative,short,-0.0016756771479797786,-0.727958613419332
13635,X102020_004_3,12r,Negative,medium,-0.0011180730126843668,-1.037043768137743
13635,X102020_004_3,12r,Negative,long,-0.002174101859930923,-0.7403000959515968
13642,X102020_025_4,11ml,Negative,short,-0.0023759680799315683,0.01851883025905009
13642,X102020_025_4,11ml,Negative,medium,-0.0009226830308537151,-0.7886312357994562
13642,X102020_025_4,11ml,Negative,long,-0.0008975829713039511,-0.9928178636484257
13648,X102020_050_4,46v,Negative,short,-0.002313366594996973,-0.18786891564702035
13648,X102020_050_4,46v,Negative,medium,-0.0009478807389341115,-0.719576496451151
13648,X102020_050_4,46v,Negative,long,0.00019466274200820023,-0.8393066831912455
13650,X102020_066_3,12l,Positive,short,0.0037334492148947346,-0.1904153924268018
13650,X102020_066_3,12l,Positive,medium,0.0033765864123677636,0.8129811544039484
13650,X102020_066_3,12l,Positive,long,0.0038760024821017382,1.544715391369707
13651,X102020_070_3,AI,Negative,short,-0.002283312982045849,-0.5785899433795384
13651,X102020_070_3,AI,Negative,medium,-0.0029322875771671322,-0.2984711260854142
13651,X102020_070_3,AI,Negative,long,-0.0007378632211531501,-1.6285564851840204
13660,X102020_092_3,45,Positive,short,0.0046936460311433155,0.15419035172787265
13660,X102020_092_3,45,Positive,medium,0.002728129697065125,1.0286313818461847
13660,X102020_092_3,45,Positive,long,0.004102786314709137,1.6932562834609566
13661,X102020_092_4,45,Positive,short,0.0017664272135040826,-0.2344959670698701
13661,X102020_092_4,45,Positive,medium,0.001614446214258711,0.5859846688470803
13661,X102020_092_4,45,Positive,long,0.00038370827026676325,1.7190661811193888
13662,X102020_097_3,8B,Negative,short,-0.0034914345545655,-0.5656819427037262
13662,X102020_097_3,8B,Negative,medium,-0.0004803171385565579,-1.305923684762044
13662,X102020_097_3,8B,Negative,long,-9.613610352641653e-05,-1.3136140459190788
13666,X102020_105_3,6DC,Negative,short,-0.002139366061648676,0.44321162931858554
13666,X102020_105_3,6DC,Negative,medium,-0.004091281492619174,1.1208040761403404
13666,X102020_105_3,6DC,Negative,long,-0.002347068329458491,-0.04012373328645142
13671,X102020_112_6,24c,Negative,short,-0.0027742968490356086,0.15286077397523723
13671,X102020_112_6,24c,Negative,medium,-0.0020285262250124185,-0.6205549169628978
13671,X102020_112_6,24c,Negative,long,-0.0021324417842062417,-1.0796416347316418
13675,X102020_128_5,pu,Negative,short,-0.0016809138265359723,0.7562441743054922
13675,X102020_128_5,pu,Negative,medium,-0.0007868778035551878,0.3758917055743593
13675,X102020_128_5,pu,Negative,long,-0.0005323726682098637,0.10622233123421287
13676,X102020_129_2,pu,Negative,short,-0.0020832280125090267,0.10301824105584284
13676,X102020_129_2,pu,Negative,medium,-0.0023709106282071984,-1.5869731743031255
13676,X102020_129_2,pu,Negative,long,0.000529623343186321,-2.267686443003561
13678,X102020_134_3,cd,Positive,short,0.0029628490287031623,-0.01857074733921164
13678,X102020_134_3,cd,Positive,medium,0.0037248875603413246,0.602251422845258
13678,X102020_134_3,cd,Positive,long,0.0038749321380341746,1.5128155707098085
13682,X102020_145_2,24c,Negative,short,-0.00039508051709920695,0.36836017142305655
13682,X102020_145_2,24c,Negative,medium,-0.0023703938768349403,-0.6588608218049367
13682,X102020_145_2,24c,Negative,long,-0.0012314317877721336,-0.846956307499262
13688,X102120_011_5,12m,Positive,short,0.0027335488408489154,0.3947663515716707
13688,X102120_011_5,12m,Positive,medium,0.0021968307699120064,0.4586567398801949
13688,X102120_011_5,12m,Positive,long,0.001904955505272055,0.5553775347037839
13697,X102120_050_6,46v,Negative,short,-0.002373864402902064,-0.30219562296159397
13697,X102120_050_6,46v,Negative,medium,-0.0009316447915422957,-0.8501257533935858
13697,X102120_050_6,46v,Negative,long,0.0003757896162570153,-0.9723490716613667
13700,X102120_066_3,12l,Positive,short,0.002138832207977963,-0.8176664980027682
13700,X102120_066_3,12l,Positive,medium,0.0058909546429225315,0.2440660418245241
13700,X102120_066_3,12l,Positive,long,0.006086798172524986,1.559622363863395
13711,X102120_093_4,45,Negative,short,-0.00262280631020695,-0.08373742271253465
13711,X102120_093_4,45,Negative,medium,-0.0009647107030119857,-0.5513657736103864
13711,X102120_093_4,45,Negative,long,-0.0005808132295126773,-0.8702782653334137
13712,X102120_097_4,8B,Negative,short,-0.004050906640442471,-0.6529775084575139
13712,X102120_097_4,8B,Negative,medium,-0.0009588512635037397,-1.335845615225108
13712,X102120_097_4,8B,Negative,long,-0.00023044353894826383,-1.3829732308173537
13715,X102120_109_1,6DR,Negative,short,-0.001646083792583352,1.251742587906747
13715,X102120_109_1,6DR,Negative,medium,-0.0006921882031269038,0.751629976236483
13715,X102120_109_1,6DR,Negative,long,-0.003722002379394763,-0.1553449399310037
13719,X102120_129_3,pu,Negative,short,-0.0029337147924055292,0.055375814000163184
13719,X102120_129_3,pu,Negative,medium,-0.0030690684495141398,-1.3991217297142688
13719,X102120_129_3,pu,Negative,long,-5.741517011775538e-05,-2.2107178605535065
13732,X102220_038_2,13l,Positive,short,0.001073268999206552,-0.1445364843830596
13732,X102220_038_2,13l,Positive,medium,0.004053774729532846,0.028891421897110595
13732,X102220_038_2,13l,Positive,long,0.0021106457715165195,-0.4156104181745956
13735,X102220_047_7,12o,Negative,short,-0.0013862646452469484,-0.025218543569132577
13735,X102220_047_7,12o,Negative,medium,-0.005214843765738625,-0.43340544273341525
13735,X102220_047_7,12o,Negative,long,-0.0034205110918462864,-0.5629316360663356
13737,X102220_050_9,46v,Negative,short,-0.0030110374847905886,-0.2060738779660996
13737,X102220_050_9,46v,Negative,medium,-0.0008819337507935648,-0.881100763050768
13737,X102220_050_9,46v,Negative,long,0.00028118862127775654,-0.9937933092307727
13749,X102220_079_9,45,Negative,short,-0.0006466861832007389,0.44823074481603437
13749,X102220_079_9,45,Negative,medium,-0.0031699709635659382,-0.41188692129271326
13749,X102220_079_9,45,Negative,long,-0.00349228939696249,-1.5283268471147722
13751,X102220_080_5,AI,Negative,short,-0.0016118517477976151,-0.3214366542760007
13751,X102220_080_5,AI,Negative,medium,-0.0020538257128280913,-0.6217761949365391
13751,X102220_080_5,AI,Negative,long,-0.0018810141957342984,-0.5920144601714582
13754,X102220_088_3,cd,Negative,short,-0.0033446955203380343,0.7089940673445418
13754,X102220_088_3,cd,Negative,medium,-0.0017692987251431637,-0.5546988879676021
13754,X102220_088_3,cd,Negative,long,-0.002092156877480603,-0.9370419650002322
13755,X102220_091_5,45,Negative,short,-0.002336058722998457,-0.5849602700830182
13755,X102220_091_5,45,Negative,medium,-0.0012852876418147285,-0.9859947609822087
13755,X102220_091_5,45,Negative,long,-0.0007651631618390736,-1.2192929152045988
13760,X102220_109_4,6DR,Negative,short,8.41024717336473e-06,1.1237386592017633
13760,X102220_109_4,6DR,Negative,medium,-0.0017468767148154285,0.9759514333801143
13760,X102220_109_4,6DR,Negative,long,-0.004147155004594236,-0.1344467064371265
13767,X102220_121_6,cd,Positive,short,0.0015722921880169797,-0.2971303538803225
13767,X102220_121_6,cd,Positive,medium,0.002277847373034979,0.8522204256819146
13767,X102220_121_6,cd,Positive,long,0.0028167674848569063,2.3195432860918728
13772,X102220_135_2,24c,Negative,short,-0.0007435101566555572,0.7148600384320276
13772,X102220_135_2,24c,Negative,medium,-0.0009534770976840697,1.0084602048809634
13772,X102220_135_2,24c,Negative,long,-0.0004861142323374079,0.06012178743859686
13776,X102220_152_2,pu,Negative,short,0.0001574392601674752,0.8063738321801787
13776,X102220_152_2,pu,Negative,medium,-0.0016696460325237885,0.2671280229710563
13776,X102220_152_2,pu,Negative,long,-0.0021594785015546835,-0.7056240916773971
13779,X102320_006_1,46v,Positive,short,0.0025683551960340566,-0.3694535986571294
13779,X102320_006_1,46v,Positive,medium,0.0018652826946531553,-0.1320604958288736
13779,X102320_006_1,46v,Positive,long,0.0012434719333838224,0.1689254145332443
13782,X102320_011_3,12m,Negative,short,-0.0012633577600525867,0.5363064658101308
13782,X102320_011_3,12m,Negative,medium,-0.0015616503315510413,0.24061647342321024
13782,X102320_011_3,12m,Negative,long,-0.002975721508474765,-0.1970313316698848
13794,X102320_050_3,46v,Negative,short,-0.002823622144968891,-0.26828273133976294
13794,X102320_050_3,46v,Negative,medium,-0.0006906784183182296,-0.900696046538837
13794,X102320_050_3,46v,Negative,long,0.00022086518188322093,-0.9560608514731815
13801,X102320_079_1,45,Negative,short,-0.0021147163486421494,0.2227260987421563
13801,X102320_079_1,45,Negative,medium,-0.0029024908071126035,-0.5706565926212865
13801,X102320_079_1,45,Negative,long,-0.003340667457952054,-2.216952983134995
13813,X102320_118_4,pu,Positive,short,0.0053171998611443,0.44248303847570286
13813,X102320_118_4,pu,Positive,medium,0.004136372708568404,1.123141275313582
13813,X102320_118_4,pu,Positive,long,0.0028314036404445786,2.014427121883621
13815,X102320_119_7,pu,Positive,short,0.002568902200981684,0.19165101652761948
13815,X102320_119_7,pu,Positive,medium,0.0016612805499560982,0.6665502509300577
13815,X102320_119_7,pu,Positive,long,0.0014240280996581842,0.5659034856598586
13816,X102320_121_4,cd,Positive,short,0.0020179252087988543,-0.03973139710658495
13816,X102320_121_4,cd,Positive,medium,0.0016901857714771032,0.00791471304352268
13816,X102320_121_4,cd,Positive,long,0.0019215794030553674,-0.14164482398936254
13817,X102320_124_2,cd,Negative,short,-0.0024931736224856715,0.2218219155310878
13817,X102320_124_2,cd,Negative,medium,-0.0013794902421948561,-0.7183626582598106
13817,X102320_124_2,cd,Negative,long,0.00012625256398999523,-1.5062426227499761
13819,X102320_129_2,pu,Negative,short,-0.0033308758490303726,0.8336377059825821
13819,X102320_129_2,pu,Negative,medium,-0.0030045480178853964,-1.226642017077636
13819,X102320_129_2,pu,Negative,long,-0.0004907669778475141,-1.9800932614656535
13820,X102320_130_3,6VaVb,Positive,short,0.0017539981021406248,-0.9530064620065213
13820,X102320_130_3,6VaVb,Positive,medium,0.0021778855100984033,-0.752889176282277
13820,X102320_130_3,6VaVb,Positive,long,0.002034766751248253,-0.4662115677624411
13823,X102320_145_3,24c,Negative,short,-0.0030768757477901555,0.10391655422401569
13823,X102320_145_3,24c,Negative,medium,-0.002399438600324025,-0.5391694294883809
13823,X102320_145_3,24c,Negative,long,-0.0017111609100945557,-1.6396800012834456
13826,X102320_152_2,pu,Negative,short,-0.0021569646598893328,-0.060049810348397833
13826,X102320_152_2,pu,Negative,medium,-0.0006875150522671301,0.13820121887631207
13826,X102320_152_2,pu,Negative,long,-0.00351685635010091,-0.5657218621021753
13828,X102620_006_2,46v,Positive,short,0.0015292926007807297,-0.7004946093082726
13828,X102620_006_2,46v,Positive,medium,0.0013776953907854975,-0.2728303909276964
13828,X102620_006_2,46v,Positive,long,0.00103387563636885,0.15803878308551234
13829,X102620_006_3,46v,Positive,short,0.00246066713664951,0.24849580214540704
13829,X102620_006_3,46v,Positive,medium,0.0030827583994917996,0.41116078728275335
13829,X102620_006_3,46v,Positive,long,0.003659620471725973,0.7391444076898724
13833,X102620_013_2,46v,Negative,short,-0.0008422836345336992,-0.29497666111039295
13833,X102620_013_2,46v,Negative,medium,-0.0018094690647004349,-0.7200439255467667
13833,X102620_013_2,46v,Negative,long,-0.0012848616752188734,-1.2988852705812692
13844,X102620_050_4,46v,Negative,short,-0.0017124840801348341,-0.45408334605532935
13844,X102620_050_4,46v,Negative,medium,-0.0008413400123308751,-0.9237033022124438
13844,X102620_050_4,46v,Negative,long,0.00011961742660055575,-0.9659283401168721
13847,X102620_066_3,12l,Positive,short,0.0008160726489684829,-0.5759791487133666
13847,X102620_066_3,12l,Positive,medium,0.002459779655922302,-0.017560896055948006
13847,X102620_066_3,12l,Positive,long,0.0027477004172235613,1.111365022271997
13852,X102620_086_2,8B,Negative,short,-0.0030788403784826096,-0.09080380801914939
13852,X102620_086_2,8B,Negative,medium,-0.0015559225199355696,-0.7574626791497039
13852,X102620_086_2,8B,Negative,long,-0.00012653404660451783,-0.7171266109197588
13864,X102620_109_1,6DR,Negative,short,0.00043005134543563505,0.9956576649638856
13864,X102620_109_1,6DR,Negative,medium,-0.0019499569346185855,0.6443493743481334
13864,X102620_109_1,6DR,Negative,long,-0.0029026751103147664,-0.021309619271081173
13869,X102620_129_3,pu,Negative,short,-0.002446995277012776,0.8032339312997763
13869,X102620_129_3,pu,Negative,medium,-0.0037642132964337952,-0.561222459735448
13869,X102620_129_3,pu,Negative,long,-8.103253360993786e-05,-1.9241556520271619
13870,X102620_130_3,6VaVb,Negative,short,-0.0016935294792636653,0.5265294033776389
13870,X102620_130_3,6VaVb,Negative,medium,-0.003642964163124132,-0.08985533664013087
13870,X102620_130_3,6VaVb,Negative,long,-0.003717888708230203,-0.9976298797729106
13871,X102620_145_3,24c,Positive,short,0.002494913384743866,-0.48449420958413625
13871,X102620_145_3,24c,Positive,medium,0.001028214228083388,0.7197548908355046
13871,X102620_145_3,24c,Positive,long,0.001079711663831459,0.7095635904746127
13874,X102720_006_2,46v,Positive,short,0.0027996085706286995,-0.19867531156164048
13874,X102720_006_2,46v,Positive,medium,0.003494853122502475,0.3443868358351427
13874,X102720_006_2,46v,Positive,long,0.003299656822131651,0.3048890350137011
13877,X102720_011_3,12m,Positive,short,0.0026875685379599786,1.358784126213902
13877,X102720_011_3,12m,Positive,medium,0.002440569673115484,1.076552877955746
13877,X102720_011_3,12m,Positive,long,0.0017061988209919757,1.4765847558388099
13878,X102720_013_3,46v,Negative,short,-0.0035942155961503426,-0.24403828617443754
13878,X102720_013_3,46v,Negative,medium,-0.0037771026702838493,-1.1235490458132815
13878,X102720_013_3,46v,Negative,long,-0.00104606504835719,-2.2138461808793357
13896,X102720_067_4,12o,Positive,short,0.005006419142333845,0.3946868227694041
13896,X102720_067_4,12o,Positive,medium,0.003721498687404561,0.49624243586850253
13896,X102720_067_4,12o,Positive,long,0.002461502593397573,0.4295693015991675
13907,X102720_107_3,pu,Positive,short,0.0020011830254451682,0.33157855689089843
13907,X102720_107_3,pu,Positive,medium,0.0028488302349318722,1.2644077994660807
13907,X102720_107_3,pu,Positive,long,0.004125177534492279,1.71394002050806
13913,X102720_129_3,pu,Negative,short,-0.0013944200517880697,1.0356357991839713
13913,X102720_129_3,pu,Negative,medium,-0.0038585195903552134,-0.7728162376169804
13913,X102720_129_3,pu,Negative,long,-0.0017341259684742084,-2.114022630324181
13929,X102820_022_4,46v,Negative,short,-0.003559070397743098,0.11354195870328912
13929,X102820_022_4,46v,Negative,medium,0.0008693317278037812,-0.1792384709461868
13929,X102820_022_4,46v,Negative,long,-0.0021336702848181225,-0.5040287386977284
13930,X102820_023_4,46v,Negative,short,-0.0005467337133725546,0.3401825044820544
13930,X102820_023_4,46v,Negative,medium,-0.0017045524403261649,-0.0887769192343205
13930,X102820_023_4,46v,Negative,long,-0.007294263633366606,-0.5370030498764355
13940,X102820_041_3,46v,Negative,short,-0.004217745249296595,-0.6523752580745495
13940,X102820_041_3,46v,Negative,medium,-0.002898178904343624,-0.6495631350682407
13940,X102820_041_3,46v,Negative,long,-0.0020462539826874996,-1.2687430726652782
13945,X102820_066_4,12l,Positive,short,0.0017194386746242276,-0.11197860132338798
13945,X102820_066_4,12l,Positive,medium,0.001351474141621036,-0.011593141807661626
13945,X102820_066_4,12l,Positive,long,0.003417841608227811,0.9799531583430962
13949,X102820_079_3,45,Negative,short,-0.002347041841445892,-1.6090952700465768
13949,X102820_079_3,45,Negative,medium,-0.0018943412568002314,-1.524597741204768
13949,X102820_079_3,45,Negative,long,-0.0005811504530284998,-1.6619210898777015
13952,X102820_086_5,8B,Negative,short,-0.0025864649506169026,-0.256145180701466
13952,X102820_086_5,8B,Negative,medium,-0.0016493224082027055,-0.804367939614615
13952,X102820_086_5,8B,Negative,long,0.0008626342145124019,-0.5727087911125427
13954,X102820_091_2,45,Negative,short,-0.00226844425099659,-0.6286089245552281
13954,X102820_091_2,45,Negative,medium,-0.002003145264685226,-0.8846096362726462
13954,X102820_091_2,45,Negative,long,0.0005693247719735356,-1.259033403856782
13957,X102820_098_3,cd,Positive,short,0.0007724744155796656,-1.6280299550086608
13957,X102820_098_3,cd,Positive,medium,0.002473790208264863,-0.39329118578849337
13957,X102820_098_3,cd,Positive,long,0.0013458412228012668,0.7675785747249789
13960,X102820_106_4,pu,Negative,short,-0.0019677691333901035,-0.6485907890060653
13960,X102820_106_4,pu,Negative,medium,-0.0013462757011240896,-0.819863664816535
13960,X102820_106_4,pu,Negative,long,-0.0004968650938816775,-1.4365562450469234
13970,X102920_011_3,12m,Positive,short,0.003298615163191012,0.797394472442431
13970,X102920_011_3,12m,Positive,medium,0.0023655044453146624,1.1228404244944181
13970,X102920_011_3,12m,Positive,long,0.0019822461236904195,0.9378524367603011
13971,X102920_012_3,12m,Negative,short,-0.0011075467425706873,0.16927566861144164
13971,X102920_012_3,12m,Negative,medium,-0.0019377714553362336,-0.1266971872156771
13971,X102920_012_3,12m,Negative,long,-0.0013410639347312128,-0.791576374539123
13973,X102920_014_6,46v,Positive,short,0.0036951853830778903,0.19105640132508603
13973,X102920_014_6,46v,Positive,medium,0.0038464833836635106,1.170810267463452
13973,X102920_014_6,46v,Positive,long,0.0011911026445502828,1.9260853126322768
13976,X102920_015_6,46v,Negative,short,-0.0022413462155139153,-0.5344113354983169
13976,X102920_015_6,46v,Negative,medium,-0.0008257495337755856,-0.8516770546594186
13976,X102920_015_6,46v,Negative,long,-0.002643203183830428,-1.2505558646855854
13977,X102920_023_6,46v,Negative,short,-0.003483392914597477,0.2661392266138421
13977,X102920_023_6,46v,Negative,medium,-0.0008653409315557646,-0.20849364344180737
13977,X102920_023_6,46v,Negative,long,-0.0010112454158314205,-0.4639764969687895
13983,X102920_040_5,13l,Positive,short,0.0031041479168123273,0.8231395883361705
13983,X102920_040_5,13l,Positive,medium,0.0021347007126011623,1.2180661011654605
13983,X102920_040_5,13l,Positive,long,0.0005655305871260988,0.887804938136242
13987,X102920_050_2,46v,Negative,short,-0.0021448793914364715,-0.41365077446010307
13987,X102920_050_2,46v,Negative,medium,-0.0007577451318868972,-1.057407090945569
13987,X102920_050_2,46v,Negative,long,0.00041952630974248934,-1.0459704296957832
13992,X102920_066_7,12l,Positive,short,0.0006937971855204029,0.03061719759363145
13992,X102920_066_7,12l,Positive,medium,0.00135314207488288,0.41985316716557597
13992,X102920_066_7,12l,Positive,long,0.004010794445403771,0.9357440823386152
13995,X102920_068_2,12o,Negative,short,-0.001621505931874339,-0.35039200637029744
13995,X102920_068_2,12o,Negative,medium,-0.0007304436897167062,-0.7142521557018483
13995,X102920_068_2,12o,Negative,long,-0.00033952049973171787,-0.835824687548366
13999,X102920_077_2,12l,Positive,short,0.004344931404003478,0.6288789081745184
13999,X102920_077_2,12l,Positive,medium,0.0029900007558521647,0.6693783367925111
13999,X102920_077_2,12l,Positive,long,0.0023467581743108696,0.1184817844468747
14007,X102920_092_3,45,Positive,short,0.0033513886569805874,0.904471643408528
14007,X102920_092_3,45,Positive,medium,0.0031736033135290813,1.3747761051807617
14007,X102920_092_3,45,Positive,long,-0.0004242187160085398,1.2484280670839618
14009,X102920_098_3,cd,Positive,short,0.0007004548432083019,-1.6433493864913153
14009,X102920_098_3,cd,Positive,medium,0.0038506715014331792,-0.4272492695921341
14009,X102920_098_3,cd,Positive,long,0.0008259294868000338,0.6216932177735793
14010,X102920_100_2,24c,Negative,short,-0.002461355238042361,0.010647539783713909
14010,X102920_100_2,24c,Negative,medium,-0.0017776624585776543,-0.4061921483647433
14010,X102920_100_2,24c,Negative,long,-0.001170494675697295,-0.5719933100002113
14016,X102920_124_3,cd,Negative,short,-0.0025033940675332636,0.695962627402843
14016,X102920_124_3,cd,Negative,medium,0.00017929658464316327,0.6567358881383887
14016,X102920_124_3,cd,Negative,long,-0.0002993418239407611,0.35764698467694667
14030,X103020_012_6,12m,Positive,short,0.0025925747965762492,-0.3852179270619666
14030,X103020_012_6,12m,Positive,medium,0.0020267421632737363,-0.501738346255118
14030,X103020_012_6,12m,Positive,long,0.002235928213985779,-0.4557626694708151
14036,X103020_021_5,11ml,Negative,short,-0.0024649630373368976,-0.10541581183833887
14036,X103020_021_5,11ml,Negative,medium,-0.003919223398370618,0.17375693415983515
14036,X103020_021_5,11ml,Negative,long,-0.001118381676911133,-1.3608972328078133
14045,X103020_040_5,13l,Positive,short,0.002594979370599357,1.090684690560755
14045,X103020_040_5,13l,Positive,medium,0.0015643557644191657,1.1415902396010082
14045,X103020_040_5,13l,Positive,long,0.0006714367617093968,0.9565176904300683
14050,X103020_057_2,12o,Positive,short,0.0033941316875940623,1.1237360006890047
14050,X103020_057_2,12o,Positive,medium,0.002854836391019855,1.2833285631732814
14050,X103020_057_2,12o,Positive,long,0.0033901998530160315,1.5817366905894732
14051,X103020_066_3,12l,Positive,short,0.0008784118679517813,-0.36321567285783857
14051,X103020_066_3,12l,Positive,medium,0.0016870530659119647,0.013635670520474099
14051,X103020_066_3,12l,Positive,long,0.0036506696775238574,1.5916156724169725
14061,X103020_086_3,8B,Negative,short,-0.003329038384483883,-0.2540973405550218
14061,X103020_086_3,8B,Negative,medium,-0.002731326077958532,-0.6664030046799622
14061,X103020_086_3,8B,Negative,long,-0.0002393223674846491,-0.464366375247366
14064,X103020_093_3,45,Negative,short,-0.004592195072961634,0.6224402939165558
14064,X103020_093_3,45,Negative,medium,-0.002275572029890779,-0.47708299966740536
14064,X103020_093_3,45,Negative,long,-1.7805789009397754e-05,-0.8031688265118146
14068,X103020_103_3,44,Negative,short,-0.003236737966002508,0.14919113211516608
14068,X103020_103_3,44,Negative,medium,-0.0034947727549643408,-0.7354227239932375
14068,X103020_103_3,44,Negative,long,-0.002394703930392293,-1.5860271247075917
14070,X103020_104_2,45,Positive,short,0.00408927256073587,0.27265410459799516
14070,X103020_104_2,45,Positive,medium,0.0038098820433927114,0.17054530820645045
14070,X103020_104_2,45,Positive,long,0.003933478753645257,0.2790312356231874
14073,X103020_106_5,pu,Positive,short,5.21437856222362e-05,-0.19052951380534147
14073,X103020_106_5,pu,Positive,medium,0.0018989550171472575,-0.27510355099659256
14073,X103020_106_5,pu,Positive,long,0.001684685611256459,0.15138899928893268
14076,X103020_109_5,6DR,Positive,short,0.0028594796253494487,0.08170623682786443
14076,X103020_109_5,6DR,Positive,medium,0.001742835109507965,1.0039937169896982
14076,X103020_109_5,6DR,Positive,long,0.001677849579389611,1.5391593852178032
14078,X103020_114_2,6VaVb,Positive,short,0.0013349951141587056,-0.7628944365930637
14078,X103020_114_2,6VaVb,Positive,medium,0.0013137517463238959,-0.5983418093594457
14078,X103020_114_2,6VaVb,Positive,long,0.001857154338989552,-0.10633134487336471
14088,X110220_003_2,12r,Negative,short,-0.0022971110974063596,0.3581049390677239
14088,X110220_003_2,12r,Negative,medium,-0.002566868429679993,-0.5216808546400703
14088,X110220_003_2,12r,Negative,long,-4.8124540184659416e-05,-0.8880914216132807
14102,X110220_057_2,12o,Positive,short,0.005465163862634937,0.7282333552082706
14102,X110220_057_2,12o,Positive,medium,0.0033273855431792524,0.8115740362079006
14102,X110220_057_2,12o,Positive,long,0.0037564753084884384,0.9857917372017697
14108,X110220_075_3,8B,Negative,short,-0.0023795104217952364,0.15178407328792176
14108,X110220_075_3,8B,Negative,medium,-0.0012154767496968652,-0.3031208511765817
14108,X110220_075_3,8B,Negative,long,0.00011634177245194116,-0.4253350636377906
14118,X110220_092_3,45,Positive,short,0.0025726454727449245,0.16123318140834303
14118,X110220_092_3,45,Positive,medium,0.0024575389648597424,0.6560917468671803
14118,X110220_092_3,45,Positive,long,0.002348170475939093,0.9605885335242689
14123,X110220_103_1,44,Negative,short,-0.0033525674239977873,0.9764675301082817
14123,X110220_103_1,44,Negative,medium,-0.004612113598068871,-0.4676466858232961
14123,X110220_103_1,44,Negative,long,-0.0006271890553055263,-0.8678700408453552
14125,X110220_103_8,44,Negative,short,-0.0022230537998169327,-0.2268810987374908
14125,X110220_103_8,44,Negative,medium,-0.0027246372242129818,-0.8632480433472617
14125,X110220_103_8,44,Negative,long,-0.0020390438382243015,-1.7847942935051815
14126,X110220_104_2,45,Positive,short,0.005027335242612758,0.455290949852291
14126,X110220_104_2,45,Positive,medium,0.00437096944844172,0.41859856203272816
14126,X110220_104_2,45,Positive,long,0.005603651540058766,0.9257727184994595
14127,X110220_104_3,45,Positive,short,0.0034295855333938714,0.30053239175778645
14127,X110220_104_3,45,Positive,medium,0.005029514388627455,0.6090175666429487
14127,X110220_104_3,45,Positive,long,0.006488342300024847,1.5797432557568916
14130,X110220_108_1,6DC,Negative,short,-0.0012844052358228885,0.10751219266856003
14130,X110220_108_1,6DC,Negative,medium,-0.0016203511776076956,-0.013248053469428617
14130,X110220_108_1,6DC,Negative,long,-0.0009300077151703979,-0.44366515726817635
14131,X110220_109_3,6DR,Negative,short,-0.0024895923785010115,-0.30264027555958956
14131,X110220_109_3,6DR,Negative,medium,-0.002538420131832303,-0.59046555732779
14131,X110220_109_3,6DR,Negative,long,-0.0031560959345786955,-1.8267094086291589
14167,X110320_091_7,45,Positive,short,-0.000773112776052694,-0.03516326955315841
14167,X110320_091_7,45,Positive,medium,0.005342152350068858,0.2065138304311652
14167,X110320_091_7,45,Positive,long,0.005395129229154031,1.278588967835771
14174,X110320_103_2,44,Negative,short,-0.0036680964278589406,-0.3599098851106605
14174,X110320_103_2,44,Negative,medium,-0.003039198889544485,-1.1984204817613657
14174,X110320_103_2,44,Negative,long,0.0004620510447995266,-1.343954621918016
14175,X110320_104_1,45,Positive,short,0.0035256787801919293,0.03886918240440265
14175,X110320_104_1,45,Positive,medium,0.0039118520984066174,0.1504071895521252
14175,X110320_104_1,45,Positive,long,0.004106390536892871,0.18620351563012552
14177,X110320_109_2,6DR,Positive,short,0.00282384315854469,-0.09747542024488574
14177,X110320_109_2,6DR,Positive,medium,0.002467976557222211,0.8900740839751707
14177,X110320_109_2,6DR,Positive,long,0.001379488535732924,1.5301848196745316
14187,X110420_028_5,12l,Negative,short,0.00023907571882311857,-0.16122348188336325
14187,X110420_028_5,12l,Negative,medium,-0.0021982879400424746,-0.6292387617321161
14187,X110420_028_5,12l,Negative,long,-0.0027180128322827953,-1.3522834607249687
14192,X110420_040_3,13l,Negative,short,-0.001636271107055112,-0.655795388146863
14192,X110420_040_3,13l,Negative,medium,-0.0014945147534272357,-0.7991637363875044
14192,X110420_040_3,13l,Negative,long,0.00021950987647467805,-1.3116282799874686
14198,X110420_067_2,12o,Positive,short,0.000996228914563568,-0.10770056930754475
14198,X110420_067_2,12o,Positive,medium,0.0025234319812768103,1.021585557107719
14198,X110420_067_2,12o,Positive,long,0.002816293022955376,3.003794382891917
14199,X110420_067_4,12o,Positive,short,0.003780157455926502,-0.14691927306084412
14199,X110420_067_4,12o,Positive,medium,0.003740771174479479,-0.07397584545777834
14199,X110420_067_4,12o,Positive,long,0.005628898277451851,0.46252653637463953
14200,X110420_067_5,12o,Positive,short,0.003574918847796048,0.005295542822670371
14200,X110420_067_5,12o,Positive,medium,0.0036493215629242832,0.6749876329697398
14200,X110420_067_5,12o,Positive,long,0.0030615115057572614,1.340086451683584
14201,X110420_068_3,12o,Positive,short,0.003204730050773042,0.666218566310014
14201,X110420_068_3,12o,Positive,medium,0.0025825182533163464,1.2437985835971928
14201,X110420_068_3,12o,Positive,long,0.0009123141209709276,1.913788327758205
14208,X110420_103_3,44,Negative,short,-0.0039122725616169435,-0.25461997079198867
14208,X110420_103_3,44,Negative,medium,-0.0019919515770470317,-0.5582737914362486
14208,X110420_103_3,44,Negative,long,0.0004157171074510803,-0.9975582248160922
14209,X110420_104_1,45,Positive,short,0.0039450091685737255,0.12888762358090447
14209,X110420_104_1,45,Positive,medium,0.003822297044760601,-0.21132917298899326
14209,X110420_104_1,45,Positive,long,0.004901933411851816,-0.23641388025987095
14210,X110420_104_3,45,Positive,short,0.003002060180260581,-0.16662641233957712
14210,X110420_104_3,45,Positive,medium,0.003029605997979397,-0.05734963824576582
14210,X110420_104_3,45,Positive,long,0.0035276776296821154,0.3932864055860347
14211,X110420_105_3,6DC,Negative,short,-0.0012205489508620852,0.2386063897270673
14211,X110420_105_3,6DC,Negative,medium,-0.0012383239504351398,-0.15643426396178173
14211,X110420_105_3,6DC,Negative,long,-0.001094149932791,-0.443560597773474
14214,X110420_123_1,cd,Negative,short,-0.0025140645952195107,-0.3291831916500698
14214,X110420_123_1,cd,Negative,medium,-0.0014904878675028389,-0.42669581360890285
14214,X110420_123_1,cd,Negative,long,-0.00021559235998265167,-0.5544176595579963
14217,X110420_146_3,24c,Negative,short,-0.0036804716123603064,0.3936218890902306
14217,X110420_146_3,24c,Negative,medium,4.970595602936028e-05,0.34901400495800167
14217,X110420_146_3,24c,Negative,long,-0.00196822186509035,0.25181035737168017
14226,X110520_031_2,13l,Negative,short,-0.0022185221675306223,0.2500656798939854
14226,X110520_031_2,13l,Negative,medium,-0.003109110922377527,-0.46702805711901724
14226,X110520_031_2,13l,Negative,long,-0.0015217687959336295,-0.8972145041044858
14236,X110520_066_4,12l,Positive,short,0.0014790508282668227,-0.5436985639424471
14236,X110520_066_4,12l,Positive,medium,0.0007037879904825778,-0.6902979033659777
14236,X110520_066_4,12l,Positive,long,0.0013423522175254254,-0.7184240866743784
14247,X110520_105_5,6DC,Negative,short,-0.0015847843886162341,0.8097451686074247
14247,X110520_105_5,6DC,Negative,medium,-0.0023604820908230506,-0.14759657490059436
14247,X110520_105_5,6DC,Negative,long,-0.0012855534774967108,-1.060895927087675
14250,X110520_109_1,6DR,Negative,short,-0.0019443284437948704,-0.4033743694615233
14250,X110520_109_1,6DR,Negative,medium,-0.0021358696029864744,-0.8511396092850833
14250,X110520_109_1,6DR,Negative,long,-0.0032636164648225875,-1.6429037429925408
14251,X110520_109_2,6DR,Negative,short,-0.0013691348927358244,-0.8037166450600358
14251,X110520_109_2,6DR,Negative,medium,-0.0010168073388651258,-1.0716908270626417
14251,X110520_109_2,6DR,Negative,long,-0.0023801881963731258,-1.594065054581685
14256,X110520_145_2,24c,Positive,short,0.0007913704361978398,0.03876475663352045
14256,X110520_145_2,24c,Positive,medium,0.002648983606254018,0.13829160058417067
14256,X110520_145_2,24c,Positive,long,0.003316634225023172,0.7081068375600369
14264,X110620_021_2,11ml,Negative,short,-0.0010886210183147717,-0.03498419774998407
14264,X110620_021_2,11ml,Negative,medium,-0.0018358829259126637,-0.0660319733402433
14264,X110620_021_2,11ml,Negative,long,-0.0010290409732230115,0.007088485023325632
14273,X110620_039_7,13l,Negative,short,-0.0021456728967704144,-1.0436539644012832
14273,X110620_039_7,13l,Negative,medium,-0.0008689657062785177,-0.8295505637932141
14273,X110620_039_7,13l,Negative,long,-0.0014209527994954937,-1.4085285800467315
14278,X110620_066_2,12l,Negative,short,-0.0017920828997123456,-0.3099595459523656
14278,X110620_066_2,12l,Negative,medium,-0.0019056625019101805,-0.6377999825311836
14278,X110620_066_2,12l,Negative,long,-0.002952516734208151,-1.3313863377132145
14281,X110620_075_5,8B,Negative,short,-0.0015183628947859587,-0.025731574791249587
14281,X110620_075_5,8B,Negative,medium,-0.0005290615018643433,-0.31800973002555566
14281,X110620_075_5,8B,Negative,long,-0.00045941930629080313,-0.34020910609185
14282,X110620_075_6,8B,Negative,short,-0.0026929345199714558,-0.12481331185495075
14282,X110620_075_6,8B,Negative,medium,-0.00047249145987836365,-0.6244347775339485
14282,X110620_075_6,8B,Negative,long,-0.00011027032132007672,-0.7041125776565412
14294,X110620_104_2,45,Positive,short,0.00308990621031271,-0.06896535357028036
14294,X110620_104_2,45,Positive,medium,0.003937679023413553,0.028416487275577846
14294,X110620_104_2,45,Positive,long,0.004129555949036203,0.14011271181942495
14296,X110620_105_5,6DC,Negative,short,-0.0013311700062818047,0.5115185634429134
14296,X110620_105_5,6DC,Negative,medium,-0.0035518804156284603,-0.0570176993136429
14296,X110620_105_5,6DC,Negative,long,-0.002433557443042189,-1.2202759910399674
14298,X110620_109_4,6DR,Positive,short,0.0032775328344172203,0.23087583402285627
14298,X110620_109_4,6DR,Positive,medium,0.002421303711854568,0.7524087834127399
14298,X110620_109_4,6DR,Positive,long,0.0012129582971834132,2.002850057083041
14302,X110620_117_7,pu,Negative,short,-0.0010813919831582659,0.24069060066148618
14302,X110620_117_7,pu,Negative,medium,-0.00279505884592518,-0.7769949602338171
14302,X110620_117_7,pu,Negative,long,-0.0014421486095430164,-1.1432710641037407
14304,X110620_145_2,24c,Positive,short,0.0027005165940760644,-0.22368902255089088
14304,X110620_145_2,24c,Positive,medium,0.004043858003379264,-0.08644220549551253
14304,X110620_145_2,24c,Positive,long,0.005563402997360867,1.2992829028338801
14308,X110920_021_2,11ml,Negative,short,-0.0033314519531955546,-0.15425367450718142
14308,X110920_021_2,11ml,Negative,medium,-0.0014051208833181655,-0.013034875777236436
14308,X110920_021_2,11ml,Negative,long,-0.0022927116175823162,-0.6806823927126577
14309,X110920_023_2,46v,Negative,short,-0.0029242362088497263,0.8129602058049905
14309,X110920_023_2,46v,Negative,medium,-0.005441357767848477,-0.1701251972890335
14309,X110920_023_2,46v,Negative,long,-0.003460132142978036,-1.3112875548053453
14315,X110920_037_3,12o,Positive,short,0.0005109562487156931,-0.7452522775595279
14315,X110920_037_3,12o,Positive,medium,0.0014890143088457915,-1.0325370961536782
14315,X110920_037_3,12o,Positive,long,0.0020101978008010184,-0.5916211636517718
14320,X110920_066_2,12l,Negative,short,-0.00222187475239755,0.005244206187947531
14320,X110920_066_2,12l,Negative,medium,-0.005316133018662582,-0.7144127109114348
14320,X110920_066_2,12l,Negative,long,-0.0019359035869006044,-0.994651899528252
14322,X110920_078_1,12o,Positive,short,0.0026308542897083885,-0.16922290207269586
14322,X110920_078_1,12o,Positive,medium,0.0030573200081919693,0.7559472420015574
14322,X110920_078_1,12o,Positive,long,0.0023728132370329463,1.6865509719697886
14327,X110920_093_1,45,Positive,short,0.0026239539909924366,-0.6869383768361378
14327,X110920_093_1,45,Positive,medium,0.004685271168377141,-0.3101393592694213
14327,X110920_093_1,45,Positive,long,0.004954487892182363,-0.08746846468604717
14343,X110920_145_3,24c,Positive,short,0.0007173809398812105,-1.2498112615452035
14343,X110920_145_3,24c,Positive,medium,0.003594704957160459,-0.2821822106934012
14343,X110920_145_3,24c,Positive,long,0.005028836799818301,0.11247633186946879
14344,X110920_146_3,24c,Negative,short,-0.005088321176988417,0.08525775677153373
14344,X110920_146_3,24c,Negative,medium,-0.005239614433090964,-0.6050171702472608
14344,X110920_146_3,24c,Negative,long,-0.005315593233984807,-0.3330686437747652
14345,X110920_147_4,24c,Positive,short,0.0013565911835641251,-0.028306107112846125
14345,X110920_147_4,24c,Positive,medium,0.002330863413707614,1.1673793739169687
14345,X110920_147_4,24c,Positive,long,0.0028184454266679325,2.020679275922093
14349,X111020_012_3,12m,Negative,short,-0.002988417205756299,0.5634538598371028
14349,X111020_012_3,12m,Negative,medium,-0.003132666796545906,-0.4283341451751137
14349,X111020_012_3,12m,Negative,long,-0.0002709636204524774,-1.2082435986563291
14350,X111020_015_3,46v,Negative,short,-0.001203905593951946,-0.5935665123607652
14350,X111020_015_3,46v,Negative,medium,-0.00014625305759642356,-0.4270356079089314
14350,X111020_015_3,46v,Negative,long,-0.0003533158609139201,-1.1871063267926805
14353,X111020_029_3,12m,Negative,short,-0.0038250218296260376,-0.3319074777599638
14353,X111020_029_3,12m,Negative,medium,-0.001028233077611429,-0.710962260365889
14353,X111020_029_3,12m,Negative,long,-0.0017732213543479268,-0.8281892581708022
14368,X111020_086_4,8B,Positive,short,0.00064168543550863,-1.0899862810696619
14368,X111020_086_4,8B,Positive,medium,0.0025403429652444917,-0.4180651459659484
14368,X111020_086_4,8B,Positive,long,0.0032058871584159563,0.9415802500573314
14379,X111020_141_1,pu,Positive,short,0.001897118618524061,0.8774322657382965
14379,X111020_141_1,pu,Positive,medium,0.00147095695354039,1.0849307168541653
14379,X111020_141_1,pu,Positive,long,0.0009287604464607453,1.0309358636868773
14382,X111020_147_1,24c,Positive,short,0.001059630599339064,0.683670201783569
14382,X111020_147_1,24c,Positive,medium,0.0016069610842298914,0.9094920949808968
14382,X111020_147_1,24c,Positive,long,0.0012860456415058577,1.904128819654468
14386,X111120_004_3,12m,Positive,short,0.0033715055628389602,-0.17464793144807392
14386,X111120_004_3,12m,Positive,medium,0.0009214219755030241,0.13755444927633462
14386,X111120_004_3,12m,Positive,long,0.001072642267498961,-0.4028321500943537
14391,X111120_016_3,11ml,Positive,short,0.0006880857584378306,-0.9238837225464933
14391,X111120_016_3,11ml,Positive,medium,0.0009239332210497947,-0.7433158884726824
14391,X111120_016_3,11ml,Positive,long,0.0017538954356228428,-0.5013750675149857
14397,X111120_034_3,13m,Negative,short,-0.0011840323611734035,0.10940435146182824
14397,X111120_034_3,13m,Negative,medium,-0.002986837336817329,-0.42170587415263033
14397,X111120_034_3,13m,Negative,long,0.00015476755032339695,-0.8366849816678567
14404,X111120_056_2,12l,Negative,short,-0.004798003790159478,0.22136817013414054
14404,X111120_056_2,12l,Negative,medium,-0.0025441705645832596,-0.6398550316802971
14404,X111120_056_2,12l,Negative,long,-0.0003700369653680381,-0.8807393088316957
14409,X111120_066_3,12l,Positive,short,0.0014966395792850103,-0.43765844325588027
14409,X111120_066_3,12l,Positive,medium,0.001949590435160686,-0.42752104162059557
14409,X111120_066_3,12l,Positive,long,0.002339588875935622,-0.4626797444696349
14413,X111120_077_2,12l,Negative,short,-0.00018155580732450544,-0.3411768520880063
14413,X111120_077_2,12l,Negative,medium,-0.00047100101511811675,-0.46555193733058237
14413,X111120_077_2,12l,Negative,long,-0.0010788945240294786,-0.5309975564777355
14414,X111120_078_5,12o,Positive,short,0.0024428152134107596,0.2709604457145504
14414,X111120_078_5,12o,Positive,medium,0.0030811908205312555,1.0455342025903616
14414,X111120_078_5,12o,Positive,long,0.002364398103804897,1.6745276838888146
14422,X111120_103_5,44,Negative,short,-0.002112118163447876,0.6753431914642317
14422,X111120_103_5,44,Negative,medium,-0.002184936170709389,-0.03502357429662059
14422,X111120_103_5,44,Negative,long,-0.002692494166388222,-0.7102022003955805
14423,X111120_106_3,AMG,Negative,short,-0.002496433576080378,0.27699516309337485
14423,X111120_106_3,AMG,Negative,medium,-0.001394985775212642,-0.33167846093204445
14423,X111120_106_3,AMG,Negative,long,-0.0010996367801756554,-0.42960853190774234
14425,X111120_117_3,pu,Positive,short,0.004635549950642922,0.03381005467416195
14425,X111120_117_3,pu,Positive,medium,0.004139150176315495,0.24827103156243108
14425,X111120_117_3,pu,Positive,long,0.003852847504055516,0.3743985728953443
14438,X111220_012_4,12m,Positive,short,0.0030086848052156123,-0.5704381828961085
14438,X111220_012_4,12m,Positive,medium,0.002899743699150118,-0.03450408772774236
14438,X111220_012_4,12m,Positive,long,0.002895110329147543,0.3020133189210039
14440,X111220_029_2,12m,Negative,short,-0.0036293155909715045,-0.5083604473713631
14440,X111220_029_2,12m,Negative,medium,-0.001881784645736798,-0.7913504651725949
14440,X111220_029_2,12m,Negative,long,-0.0010617012200463927,-1.2539950479286879
14456,X111220_067_2,12o,Positive,short,0.0034674898023658025,-0.08628944199382732
14456,X111220_067_2,12o,Positive,medium,0.0037411601793282505,0.30034029447611504
14456,X111220_067_2,12o,Positive,long,0.003792254963319936,0.8293499024133077
14465,X111220_078_3,12o,Positive,short,0.0036760295775165874,0.4961582643588921
14465,X111220_078_3,12o,Positive,medium,0.0029546094638540276,1.2012673347890872
14465,X111220_078_3,12o,Positive,long,0.0021606757665009833,1.6500496377365759
14466,X111220_078_6,12o,Negative,short,-0.0022872129962980482,-0.03405092702800805
14466,X111220_078_6,12o,Negative,medium,-0.001131070632485195,-0.32904057759987276
14466,X111220_078_6,12o,Negative,long,-0.0006075304292041935,-0.527831831807503
14467,X111220_080_4,AI,Positive,short,0.002933438273459804,-0.3953332096235997
14467,X111220_080_4,AI,Positive,medium,0.0033937176457778224,-0.17725305932073446
14467,X111220_080_4,AI,Positive,long,0.0032371143938121944,0.09922866627681279
14468,X111220_086_1,8B,Positive,short,0.003336877838458274,-0.7356490806185217
14468,X111220_086_1,8B,Positive,medium,0.004803517026388347,-0.23913314508525235
14468,X111220_086_1,8B,Positive,long,0.004461141832746616,1.103971999407453
14470,X111220_086_5,8B,Positive,short,0.0025346294614984194,-1.4652087133061669
14470,X111220_086_5,8B,Positive,medium,0.004022983601355372,-0.9364564849436438
14470,X111220_086_5,8B,Positive,long,0.0017715405713906785,0.19736434158897367
14473,X111220_091_4,44,Positive,short,0.002357213394221586,-0.28744924520281845
14473,X111220_091_4,44,Positive,medium,0.0029923078067334956,1.295699505758365
14473,X111220_091_4,44,Positive,long,0.0019262350426248096,2.3181750546279245
14481,X111220_108_3,6DC,Negative,short,-0.002470168602968225,-0.24139081658144634
14481,X111220_108_3,6DC,Negative,medium,-0.0006009921680527003,-0.7746136219995391
14481,X111220_108_3,6DC,Negative,long,-5.1307206666524824e-05,-0.8255434984375355
14483,X111220_112_3,cd,Negative,short,-0.0027424430550172965,-0.11592384001020088
14483,X111220_112_3,cd,Negative,medium,-0.0009456583977552193,-0.7323289128785919
14483,X111220_112_3,cd,Negative,long,-0.0011326935783333948,-0.7552605793995786
14495,X111320_020_2,12m,Positive,short,0.002428208614381694,-0.1787525597725764
14495,X111320_020_2,12m,Positive,medium,0.003417321130499172,0.03674440282999775
14495,X111320_020_2,12m,Positive,long,0.003056005143075238,0.22985716061875808
14499,X111320_032_4,13m,Positive,short,0.0031774066035220256,0.41659526595629454
14499,X111320_032_4,13m,Positive,medium,0.0029944645750964193,0.9843921945267629
14499,X111320_032_4,13m,Positive,long,0.0022115845642273254,1.3238424900764236
14500,X111320_032_9,13m,Negative,short,-0.0034957338309140815,0.31882878110685753
14500,X111320_032_9,13m,Negative,medium,-0.0014025739840026145,-0.4305927838545956
14500,X111320_032_9,13m,Negative,long,-0.0003641876937596086,-0.5796955348846321
14503,X111320_037_5,12o,Positive,short,0.00411123785684243,0.2627574378847704
14503,X111320_037_5,12o,Positive,medium,0.003935418828290816,0.5010743160887924
14503,X111320_037_5,12o,Positive,long,0.006793966495899105,0.3134192482513312
14505,X111320_039_5,13l,Negative,short,-0.0005466212678706509,0.6739767189780731
14505,X111320_039_5,13l,Negative,medium,-0.0005045075161655634,0.5370665983015916
14505,X111320_039_5,13l,Negative,long,-0.0028637363926399284,-0.3661256218569263
14507,X111320_040_3,13l,Negative,short,-0.0028307061713190567,0.3714247232557936
14507,X111320_040_3,13l,Negative,medium,-0.0027690660119989038,0.18809192083751203
14507,X111320_040_3,13l,Negative,long,-0.0033364229774167043,-0.2524034028228834
14511,X111320_057_5,12o,Positive,short,0.0030566687399660843,-0.09709421605949319
14511,X111320_057_5,12o,Positive,medium,0.004865934514651646,0.5104903932498108
14511,X111320_057_5,12o,Positive,long,0.005712050732067325,1.3843475154906313
14514,X111320_069_3,AI,Positive,short,0.0011213616326867042,-0.8053386482145147
14514,X111320_069_3,AI,Positive,medium,0.0008328936412241788,-0.7144179861874826
14514,X111320_069_3,AI,Positive,long,0.001044411857817162,-0.666127226044255
14520,X111320_086_4,8B,Positive,short,0.002794803589731002,-0.38125061422288914
14520,X111320_086_4,8B,Positive,medium,0.002198401481932735,-0.17491756851774037
14520,X111320_086_4,8B,Positive,long,0.002042097311888873,0.31119099838208614
14521,X111320_086_6,8B,Negative,short,-0.001834197505263946,-0.607018254336261
14521,X111320_086_6,8B,Negative,medium,0.00024955423138883504,-0.71933101903579
14521,X111320_086_6,8B,Negative,long,-0.00022349984716017683,-0.6112996083924457
14523,X111320_091_4,44,Positive,short,0.0010056885247996586,-0.024662386422568915
14523,X111320_091_4,44,Positive,medium,0.0029060193307993447,1.5411861648476262
14523,X111320_091_4,44,Positive,long,0.003127233467195833,2.5399080907643934
14527,X111320_100_7,24c,Positive,short,0.0016172921390586663,-0.5266089423988851
14527,X111320_100_7,24c,Positive,medium,0.003219367743219002,0.4115560479516771
14527,X111320_100_7,24c,Positive,long,0.0018168788340739992,1.2099195969432046
14532,X111320_108_2,6DC,Negative,short,-0.0011899995364788142,-0.5494607105996838
14532,X111320_108_2,6DC,Negative,medium,0.0001707896037533798,-0.6579991977742429
14532,X111320_108_2,6DC,Negative,long,-0.0006377461384400006,-0.7540761791727507
14534,X111320_117_4,pu,Positive,short,0.0023555345293938493,1.3059056879775892
14534,X111320_117_4,pu,Positive,medium,0.004658549490312028,1.7370630043516937
14534,X111320_117_4,pu,Positive,long,0.00022871412010592407,1.527510666609207
14542,X111320_142_2,AMG,Negative,short,-0.001817518188696094,-0.3027549095966306
14542,X111320_142_2,AMG,Negative,medium,-0.00016284309827970558,-0.5218546251687353
14542,X111320_142_2,AMG,Negative,long,4.181686477600193e-19,-0.7355612516403198
14552,X111620_031_4,13l,Negative,short,-0.0016624156068568074,0.1105683913354947
14552,X111620_031_4,13l,Negative,medium,-0.0012828001320513915,-0.5101997557046983
14552,X111620_031_4,13l,Negative,long,-0.0014336434599172831,-0.5992903753757917
14564,X111620_057_2,12o,Positive,short,0.0029803491043865517,0.11353079027445141
14564,X111620_057_2,12o,Positive,medium,0.004744569039926365,0.842409938013649
14564,X111620_057_2,12o,Positive,long,0.005199032638408201,1.6154626349046108
14567,X111620_068_2,12o,Positive,short,0.005752263614508534,0.16525911598678636
14567,X111620_068_2,12o,Positive,medium,0.00607227873920184,0.6223878723440596
14567,X111620_068_2,12o,Positive,long,0.005169748221117756,0.6781621019240893
14573,X111620_077_4,12l,Negative,short,-0.001164893621506818,0.2791299335856127
14573,X111620_077_4,12l,Negative,medium,-0.0013498190059008036,0.1263951984247326
14573,X111620_077_4,12l,Negative,long,-0.0008645431839606761,0.04862431058284463
14578,X111620_102_3,6VaVb,Negative,short,-0.002924289465311858,-0.2640157565236256
14578,X111620_102_3,6VaVb,Negative,medium,-0.001231376449614334,-0.18662459347373844
14578,X111620_102_3,6VaVb,Negative,long,-0.001402944960618348,-1.3472322598471618
14587,X111620_133_2,pu,Negative,short,-0.0023841893377793493,-0.18687937706058066
14587,X111620_133_2,pu,Negative,medium,-0.0005385071463316321,-0.739348155636954
14587,X111620_133_2,pu,Negative,long,-0.0006209374741890717,-0.8876216775565695
14588,X111620_134_3,cd,Negative,short,-0.0031760475162338126,0.8667195262483278
14588,X111620_134_3,cd,Negative,medium,-0.001652115236589348,0.20935486972250839
14588,X111620_134_3,cd,Negative,long,-0.002162203651319198,-0.0964338010407135
14589,X111620_136_3,cd,Positive,short,0.0024147318704902947,-0.2337666926409634
14589,X111620_136_3,cd,Positive,medium,0.003596502158939186,-0.1785543194428449
14589,X111620_136_3,cd,Positive,long,-0.0022823422369753943,-0.49249501497329395
14590,X111620_139_1,pu,Negative,short,-0.0009725597907458512,0.33571910989688114
14590,X111620_139_1,pu,Negative,medium,-0.002080131141427525,0.30665794319896256
14590,X111620_139_1,pu,Negative,long,-0.0019232854101664694,-0.48491495335184054
14597,X111720_006_2,11ml,Positive,short,0.0016419317750918639,-0.21038985834963028
14597,X111720_006_2,11ml,Positive,medium,0.0020547765908549304,0.2525115795708579
14597,X111720_006_2,11ml,Positive,long,0.002008681712448443,1.1234535269699557
14602,X111720_022_3,11ml,Positive,short,0.0013799502146142502,0.8340828494105283
14602,X111720_022_3,11ml,Positive,medium,0.0006908414274649004,1.186551102980996
14602,X111720_022_3,11ml,Positive,long,-0.00011500056059165238,0.7715251853878605
14604,X111720_023_3,11ml,Negative,short,-0.0014896681097004724,0.44164861311514075
14604,X111720_023_3,11ml,Negative,medium,-0.003204349505872031,-0.2448690130801278
14604,X111720_023_3,11ml,Negative,long,-0.0026105834151079264,-1.2320209360757406
14610,X111720_037_3,12o,Positive,short,0.003361357780330887,0.29237161551024177
14610,X111720_037_3,12o,Positive,medium,0.005344626613974855,0.924791785774404
14610,X111720_037_3,12o,Positive,long,0.005518640458835676,0.4711622232478267
14625,X111720_073_2,AI,Negative,short,-0.0018118409165311454,0.11412611981263437
14625,X111720_073_2,AI,Negative,medium,-0.002296520197484459,-0.5702872452901029
14625,X111720_073_2,AI,Negative,long,-0.0025188415921487675,-0.36900415047169305
14630,X111720_099_2,cd,Negative,short,-7.070760768509715e-05,0.26650904413694654
14630,X111720_099_2,cd,Negative,medium,-0.0029990955958270546,-0.20324481710188785
14630,X111720_099_2,cd,Negative,long,-0.001928125410892644,-1.4849772543558066
14635,X111720_108_3,6DC,Negative,short,-0.0035787905792478724,-0.022386663511996707
14635,X111720_108_3,6DC,Negative,medium,-0.002284169257415001,-1.0479918301297555
14635,X111720_108_3,6DC,Negative,long,0.0011648335831429474,-1.3697272455831138
14636,X111720_116_2,pu,Negative,short,-0.0026719573322715002,-0.532198579400815
14636,X111720_116_2,pu,Negative,medium,-0.0024993899746566296,-1.2168526604350116
14636,X111720_116_2,pu,Negative,long,-0.0011260945435017766,-1.6424519224293814
14637,X111720_117_3,pu,Positive,short,0.0011212194203451549,-0.2057863201488107
14637,X111720_117_3,pu,Positive,medium,0.0014709640686210456,-0.34032612760210745
14637,X111720_117_3,pu,Positive,long,0.0015651353916292573,-0.6122574459586274
14651,X111820_014_3,11ml,Negative,short,-0.002299361742070664,-0.12274861966450382
14651,X111820_014_3,11ml,Negative,medium,-0.0024065227990032667,-0.4885088254585467
14651,X111820_014_3,11ml,Negative,long,-0.0011236344763531762,-1.094508037491765
14652,X111820_020_3,12m,Positive,short,0.0013912043014778584,-0.27148649468727426
14652,X111820_020_3,12m,Positive,medium,0.001018353399989848,0.19452243020304574
14652,X111820_020_3,12m,Positive,long,0.003247380655727112,0.3156995518290331
14653,X111820_023_2,11ml,Positive,short,0.002933451335684757,0.32937548011940393
14653,X111820_023_2,11ml,Positive,medium,0.002349932703924891,0.9383795779080637
14653,X111820_023_2,11ml,Positive,long,0.0019246431042460447,1.3852653903096368
14681,X111820_116_3,pu,Negative,short,-0.002964740706475336,-0.3304616582786495
14681,X111820_116_3,pu,Negative,medium,-0.0025633208899504024,-0.9331208360598372
14681,X111820_116_3,pu,Negative,long,-0.0014848318924208708,-1.5400361503023474
14682,X111820_129_2,AMG,Positive,short,0.003812270639034924,0.6633264715054976
14682,X111820_129_2,AMG,Positive,medium,0.0010353613876910256,0.22424966452574316
14682,X111820_129_2,AMG,Positive,long,0.0017454260197837454,0.07891288211267207
14685,X111820_146_3,24c,Positive,short,0.0004922311627262923,0.1776941592331896
14685,X111820_146_3,24c,Positive,medium,0.001930365477541068,0.8507333341583039
14685,X111820_146_3,24c,Positive,long,0.0018809769253508811,2.3024401599277873
14688,X111820_156_2,24c,Positive,short,0.0024537197124715237,-0.6247966333668983
14688,X111820_156_2,24c,Positive,medium,0.0018577792361669388,-0.09973210535986897
14688,X111820_156_2,24c,Positive,long,0.004656932579943401,-0.048837155816969444
14698,X111920_014_2,11ml,Positive,short,0.002556241984336569,-0.06813457915512923
14698,X111920_014_2,11ml,Positive,medium,0.003412616588635449,0.26191925715822445
14698,X111920_014_2,11ml,Positive,long,0.0024183071895972482,0.3732809363035315
14700,X111920_023_2,11ml,Positive,short,0.001159344944648693,-0.18503662620559908
14700,X111920_023_2,11ml,Positive,medium,0.003632405582809536,0.7166246844404462
14700,X111920_023_2,11ml,Positive,long,0.002974239612482207,2.451155027018212
14706,X111920_054_2,13m,Positive,short,0.004175072834739572,0.36192436631189384
14706,X111920_054_2,13m,Positive,medium,0.003835581344840871,0.5968137304598818
14706,X111920_054_2,13m,Positive,long,0.0017032489544563535,-0.09216754833242535
14707,X111920_057_4,12o,Positive,short,0.0037889968070849355,0.8781500521058623
14707,X111920_057_4,12o,Positive,medium,0.0023793162639287073,0.8855817256473661
14707,X111920_057_4,12o,Positive,long,0.002700103476309381,1.8223027375692535
14714,X111920_086_2,8B,Negative,short,-0.002569144420576343,0.21875679610489238
14714,X111920_086_2,8B,Negative,medium,-0.0003800811254857461,-0.43424022966335696
14714,X111920_086_2,8B,Negative,long,-0.0001548365186117052,-0.6070656170464197
14715,X111920_087_4,cd,Negative,short,-0.00146866343954586,0.26546917252297575
14715,X111920_087_4,cd,Negative,medium,-0.002213282136659642,-0.4135022752813897
14715,X111920_087_4,cd,Negative,long,-0.00178376395885493,-0.9204726890597288
14720,X111920_116_3,pu,Negative,short,-0.0016930729642587502,-0.42183582107079354
14720,X111920_116_3,pu,Negative,medium,-0.001994886586370504,-1.1268865852903407
14720,X111920_116_3,pu,Negative,long,-0.0011842046828287917,-1.5162412309011881
14723,X111920_134_4,cd,Negative,short,-0.0026566924402801296,0.39000069216498245
14723,X111920_134_4,cd,Negative,medium,-0.0013707653145474048,-0.3597161726695697
14723,X111920_134_4,cd,Negative,long,-0.0004155738562848459,-1.0922219677891787
14726,X111920_151_5,pu,Negative,short,-0.002246258492495953,0.060214668586532495
14726,X111920_151_5,pu,Negative,medium,-0.0017819528304344936,-0.27672579541729814
14726,X111920_151_5,pu,Negative,long,-0.0013226415599810837,-0.5549002003735133
14732,X112020_007_4,11ml,Negative,short,-0.0034719072831535993,0.3189031994384799
14732,X112020_007_4,11ml,Negative,medium,-0.0022512346967224063,0.32405228106930273
14732,X112020_007_4,11ml,Negative,long,-0.0025416791140801366,-0.7348345979256323
14736,X112020_022_3,11ml,Negative,short,-0.0003866029320773936,-0.25512359969119563
14736,X112020_022_3,11ml,Negative,medium,-0.0021578573163684445,-0.24170713140993394
14736,X112020_022_3,11ml,Negative,long,-0.0025736506783853737,-0.7808660099905809
14741,X112020_044_3,13m,Negative,short,-0.0042079172521540635,0.017785954719545714
14741,X112020_044_3,13m,Negative,medium,-0.0012336304028667219,-0.7032362007295415
14741,X112020_044_3,13m,Negative,long,-0.0034951728768776716,-0.7667295441723749
14747,X112020_066_4,12l,Negative,short,-0.001441719699777908,-0.11013104649494633
14747,X112020_066_4,12l,Negative,medium,-0.0018208016912251354,-0.7153904270384609
14747,X112020_066_4,12l,Negative,long,-0.0013885786203335923,-1.38046197831234
14748,X112020_066_5,12l,Positive,short,0.003243091460979939,-0.19304455215066435
14748,X112020_066_5,12l,Positive,medium,0.003025419333792541,-0.23826269403382044
14748,X112020_066_5,12l,Positive,long,0.005144890414675912,0.13754978905216528
14753,X112020_087_4,cd,Negative,short,-0.002662034596018547,0.06109203540405472
14753,X112020_087_4,cd,Negative,medium,-0.0016422137688015617,-0.6475527425701055
14753,X112020_087_4,cd,Negative,long,-0.0016235531908041184,-0.8915899792149936
14785,X112320_014_2,11ml,Positive,short,0.004020119796196659,0.20104876193706064
14785,X112320_014_2,11ml,Positive,medium,0.0037741012437288494,0.44621809141264107
14785,X112320_014_2,11ml,Positive,long,0.004076496736851824,1.0113440351705263
14786,X112320_015_1,11ml,Positive,short,0.003222925168153364,1.1854381968891758
14786,X112320_015_1,11ml,Positive,medium,0.0024444399504957273,0.934589144394124
14786,X112320_015_1,11ml,Positive,long,0.002876544784763761,0.8513548472607989
14791,X112320_021_3,11ml,Negative,short,-0.0008283013738234876,0.05849821456211554
14791,X112320_021_3,11ml,Negative,medium,-0.0005122297706301358,-0.3411070020023281
14791,X112320_021_3,11ml,Negative,long,-0.0004039103975311959,-0.36285450440690464
14793,X112320_034_2,13m,Positive,short,0.0023450151589478278,0.6585804269756206
14793,X112320_034_2,13m,Positive,medium,0.0018336585724265015,1.1815793173582898
14793,X112320_034_2,13m,Positive,long,0.0008880872898788833,1.6728094790422183
14795,X112320_039_3,13l,Negative,short,-0.002725172991150515,0.08523736884474627
14795,X112320_039_3,13l,Negative,medium,-0.0013330284816855408,-0.2693606253564025
14795,X112320_039_3,13l,Negative,long,-0.0019249771979341498,-0.22912704446053747
14813,X112320_068_5,12o,Negative,short,-0.002577235434580311,0.3741915824132725
14813,X112320_068_5,12o,Negative,medium,-0.0016762020921114965,-0.45100103686261495
14813,X112320_068_5,12o,Negative,long,-0.0022034128600784864,-0.6282077477431349
14823,X112320_093_3,44,Positive,short,0.005084149462120811,0.48878244484213806
14823,X112320_093_3,44,Positive,medium,0.004042696213535161,0.3153682816494721
14823,X112320_093_3,44,Positive,long,0.003963393327537979,0.4896313800486564
14828,X112320_103_1,44,Positive,short,0.004515059250108326,-0.00430045111768084
14828,X112320_103_1,44,Positive,medium,0.0052623940953332345,0.8915137913908667
14828,X112320_103_1,44,Positive,long,0.004445110654983616,1.8396026305668365
14830,X112320_104_4,45,Positive,short,0.0006602083574189422,-0.5696636586637545
14830,X112320_104_4,45,Positive,medium,0.002862685422495104,0.63665724771962
14830,X112320_104_4,45,Positive,long,0.001679869203007214,2.45341691181386
14834,X112320_116_2,pu,Positive,short,0.0005803936320538912,-0.6029430915928522
14834,X112320_116_2,pu,Positive,medium,0.0016605051019095312,-0.39810230245212475
14834,X112320_116_2,pu,Positive,long,0.0006170228917071117,-0.5558419047348114
14837,X112320_129_3,AMG,Positive,short,0.004350058095685467,0.22229073051682452
14837,X112320_129_3,AMG,Positive,medium,0.005056640769331242,0.4605833040084496
14837,X112320_129_3,AMG,Positive,long,0.005898573402326377,0.8178223955457389
14842,X112320_156_1,24c,Positive,short,0.001908890435862659,-0.3825607592280266
14842,X112320_156_1,24c,Positive,medium,0.0037845976853766797,0.28885162727265756
14842,X112320_156_1,24c,Positive,long,0.0038264628182635052,1.8473330632025708
14848,X112420_032_1,13m,Positive,short,0.003375299422975458,0.32547007198794164
14848,X112420_032_1,13m,Positive,medium,0.0028129108231776338,0.7888817376830614
14848,X112420_032_1,13m,Positive,long,0.0028532196548719706,1.0280423406852461
14850,X112420_039_1,13l,Negative,short,-0.002595933021427797,0.2576644180653859
14850,X112420_039_1,13l,Negative,medium,-0.0017295812447543372,0.006679682361509049
14850,X112420_039_1,13l,Negative,long,-0.0017505313868137631,-0.520367655738841
14852,X112420_047_1,12o,Negative,short,-0.004212840241853059,0.3019199013487651
14852,X112420_047_1,12o,Negative,medium,-0.0055353137348390456,0.5617790097496069
14852,X112420_047_1,12o,Negative,long,-0.003956451016900191,0.11520956981512002
14856,X112420_066_2,12l,Positive,short,0.002640279277043245,-0.2469437860112061
14856,X112420_066_2,12l,Positive,medium,0.0034384697673243082,0.0545385481794357
14856,X112420_066_2,12l,Positive,long,0.005561760679066444,0.731032848648321
14857,X112420_066_4,12l,Positive,short,0.0034720424129141446,0.2940755346507392
14857,X112420_066_4,12l,Positive,medium,0.002818363287127422,0.887073274782414
14857,X112420_066_4,12l,Positive,long,0.0024142616761282246,1.1182526007369036
14858,X112420_066_5,12l,Positive,short,0.0031971629532295607,0.21329041530638498
14858,X112420_066_5,12l,Positive,medium,0.0038579048919683764,1.239340308551582
14858,X112420_066_5,12l,Positive,long,0.0029094239167466347,2.0526734203744845
14859,X112420_069_3,AI,Negative,short,-0.0014105098240952774,-0.5803373092833177
14859,X112420_069_3,AI,Negative,medium,-0.003424225642080879,-1.3269299781709265
14859,X112420_069_3,AI,Negative,long,-0.0035660419721097805,-1.6330501900326473
14865,X112420_077_4,12l,Positive,short,0.003082328619616668,-0.18880842816659532
14865,X112420_077_4,12l,Positive,medium,0.0032320794871435713,-0.16832280162599453
14865,X112420_077_4,12l,Positive,long,0.003968434817662825,0.2638361585683293
14867,X112420_085_2,cd,Positive,short,0.002390425209922695,-0.0023253552581550875
14867,X112420_085_2,cd,Positive,medium,0.0015939483566180038,0.465349915414156
14867,X112420_085_2,cd,Positive,long,0.0013793314023625213,0.9342919012373577
14868,X112420_085_4,cd,Positive,short,0.0032314959111160125,-1.026016191515286
14868,X112420_085_4,cd,Positive,medium,0.004126440060379144,-1.1166368703863052
14868,X112420_085_4,cd,Positive,long,0.003926438373009706,-0.26088712260039126
14869,X112420_086_2,8B,Negative,short,-0.003246761858987148,-0.34225817712352374
14869,X112420_086_2,8B,Negative,medium,-0.0014583149945374613,-0.6788849052841374
14869,X112420_086_2,8B,Negative,long,-0.0012781236055935097,-0.7185798877673518
14870,X112420_086_5,8B,Negative,short,-0.001484566716698114,-0.457527994127098
14870,X112420_086_5,8B,Negative,medium,-0.0001123274327109957,-0.6418387798620342
14870,X112420_086_5,8B,Negative,long,-0.00028966213315999637,-0.6991742878110953
14871,X112420_091_2,44,Negative,short,-0.0022297025641534007,-0.634819342594008
14871,X112420_091_2,44,Negative,medium,-0.0014573799761048558,-1.1198047334064858
14871,X112420_091_2,44,Negative,long,-0.0008884219677204277,-1.227381803430059
14874,X112420_093_1,44,Positive,short,0.0034029607308329797,0.9118529422407793
14874,X112420_093_1,44,Positive,medium,0.0021839517544947787,1.018838897421832
14874,X112420_093_1,44,Positive,long,0.0019258289563786378,1.526960731643607
14875,X112420_093_3,44,Positive,short,0.005554102834583836,0.20063664265497652
14875,X112420_093_3,44,Positive,medium,0.004807389022234787,0.29244445822590626
14875,X112420_093_3,44,Positive,long,0.004840282943508268,0.39942415828058053
14878,X112420_103_2,44,Positive,short,0.0021270062176671862,-0.5901004129345877
14878,X112420_103_2,44,Positive,medium,0.0019537282348194326,-0.029432224528408824
14878,X112420_103_2,44,Positive,long,0.0023736429697975444,0.2913300393260829
14880,X112420_104_3,45,Positive,short,0.000797936961085238,0.5203893194951352
14880,X112420_104_3,45,Positive,medium,0.0020246658689901894,0.9209067529925887
14880,X112420_104_3,45,Positive,long,0.0026518672369014633,1.8365109801887474
14883,X112420_108_6,6DC,Negative,short,-0.0009623444360536723,-0.14533842093126845
14883,X112420_108_6,6DC,Negative,medium,-0.00022788930178132088,-0.3065489249152074
14883,X112420_108_6,6DC,Negative,long,-0.000264076732978829,-0.4618145469421158
14885,X112420_109_6,cd,Negative,short,-0.0038668424250509975,-0.2780677644772604
14885,X112420_109_6,cd,Negative,medium,-0.0011915178495175752,-0.9197110812810828
14885,X112420_109_6,cd,Negative,long,-0.0008055190241664122,-1.6566740681050025
14891,X112420_153_9,pu,Negative,short,-0.001461366944596119,-1.3664111998830977
14891,X112420_153_9,pu,Negative,medium,-0.001706649506626698,-1.1840348575456368
14891,X112420_153_9,pu,Negative,long,-0.0021344636424304847,-1.8499791819521672
14897,X112520_013_2,11ml,Negative,short,-0.0012272260671849806,-0.7798341889284588
14897,X112520_013_2,11ml,Negative,medium,-0.0021584671338154356,-1.198577814932274
14897,X112520_013_2,11ml,Negative,long,0.0006431459260465071,-0.6099177427782047
14898,X112520_014_3,11ml,Positive,short,0.0014425264908148954,-0.6581746942166877
14898,X112520_014_3,11ml,Positive,medium,0.0024767178812427956,-0.5265967330814784
14898,X112520_014_3,11ml,Positive,long,0.0031717264197715506,-0.05121462830356299
14903,X112520_031_4,13l,Positive,short,0.0006926058757303899,-0.7925688231645923
14903,X112520_031_4,13l,Positive,medium,0.0007772488730456482,-0.4365190123634013
14903,X112520_031_4,13l,Positive,long,0.0008688245838246965,-0.1697547812378592
14906,X112520_037_4,12o,Positive,short,0.002449493063012239,0.75904943342801
14906,X112520_037_4,12o,Positive,medium,0.005428369374022471,1.2909774221762698
14906,X112520_037_4,12o,Positive,long,0.005621877224626934,1.5222633424682424
14907,X112520_042_3,13l,Negative,short,-0.0016917713718808082,-0.06016960650753732
14907,X112520_042_3,13l,Negative,medium,-2.281911463856014e-05,0.10743574893655845
14907,X112520_042_3,13l,Negative,long,-0.00022307565435127522,0.19020840668705635
14908,X112520_042_4,13l,Negative,short,-0.0025260883871694663,-0.061310682512446694
14908,X112520_042_4,13l,Negative,medium,-0.000757460593846111,-0.6308699333776848
14908,X112520_042_4,13l,Negative,long,-1.277710231507478e-05,-0.7185193303222466
14917,X112520_066_3,12l,Positive,short,0.00306748971704437,0.07295918865276566
14917,X112520_066_3,12l,Positive,medium,0.0030759887808975857,0.8717639790894386
14917,X112520_066_3,12l,Positive,long,0.002699130932927373,1.0012127036064515
14918,X112520_066_4,12l,Positive,short,0.002360063392907112,-0.5563911757170038
14918,X112520_066_4,12l,Positive,medium,0.0035087465712892556,0.045690150350563154
14918,X112520_066_4,12l,Positive,long,0.0060022510452910835,0.8997388900613188
14919,X112520_066_5,12l,Positive,short,0.0029247851021673398,0.09110349997820302
14919,X112520_066_5,12l,Positive,medium,0.004092729269047438,1.2169838539524602
14919,X112520_066_5,12l,Positive,long,0.0031801021309567283,2.232266070243721
14928,X112520_085_2,cd,Positive,short,0.0014996030315738438,-0.4713432420089302
14928,X112520_085_2,cd,Positive,medium,0.0009841899648987398,0.012237780282704683
14928,X112520_085_2,cd,Positive,long,0.0012176252568236292,0.42106032069151084
14934,X112520_091_4,44,Negative,short,-0.002575949319791494,-0.17732102434036978
14934,X112520_091_4,44,Negative,medium,-0.003088904316676112,-0.8504802018811557
14934,X112520_091_4,44,Negative,long,-0.0013211742929948743,-1.6525016864901176
14935,X112520_091_6,44,Negative,short,-0.0013189619747811826,-0.6189488437826344
14935,X112520_091_6,44,Negative,medium,-0.0018242709784338238,-0.8765911789682265
14935,X112520_091_6,44,Negative,long,-0.0013824152077728574,-1.058182399701358
14940,X112520_103_3,44,Negative,short,-0.00323658815568793,-0.26944473553789833
14940,X112520_103_3,44,Negative,medium,-0.0018316992904102367,-0.7191958969999175
14940,X112520_103_3,44,Negative,long,-0.0009610558228438933,-0.9287412130892178
14953,X112520_146_2,24c,Negative,short,-0.0018484777894532465,0.49528656485560235
14953,X112520_146_2,24c,Negative,medium,-0.0014047432951517038,0.14562831030067633
14953,X112520_146_2,24c,Negative,long,-0.0011691086358519406,-0.07690931902200793
14955,X112520_147_5,24c,Negative,short,-0.0021254743311536427,0.24402475903994603
14955,X112520_147_5,24c,Negative,medium,-0.002069980225123415,0.0743097275874799
14955,X112520_147_5,24c,Negative,long,-0.0021412066576425503,-0.19916249762545687
14957,X112520_153_2,pu,Positive,short,0.0016240977165663277,-0.8480786639397434
14957,X112520_153_2,pu,Positive,medium,0.0019713776565997558,-1.0309133593383526
14957,X112520_153_2,pu,Positive,long,0.0018053437262169991,-0.2283911634255557
14961,X113020_004_3,12m,Positive,short,0.0012887021792073966,-0.7265494847406762
14961,X113020_004_3,12m,Positive,medium,0.0008427572959590318,-0.5421572720781883
14961,X113020_004_3,12m,Positive,long,0.0019790980434393458,-0.07365826905397822
14964,X113020_014_4,11ml,Negative,short,-0.004147557381444097,0.8742097092810988
14964,X113020_014_4,11ml,Negative,medium,-0.005281072078778152,0.06322188872360499
14964,X113020_014_4,11ml,Negative,long,-0.0011503410597101305,-0.8846671065430276
14967,X113020_024_3,11ml,Negative,short,-0.0007043336986116187,1.1067158622471942
14967,X113020_024_3,11ml,Negative,medium,-0.005447830858760413,0.29808463111758843
14967,X113020_024_3,11ml,Negative,long,-0.0013693850807175074,-0.8718269105226626
14969,X113020_037_2,12o,Positive,short,0.004234074003935105,0.9078258711539795
14969,X113020_037_2,12o,Positive,medium,0.005068948081469839,1.2679200788702043
14969,X113020_037_2,12o,Positive,long,0.003351161713770859,1.9164928602993785
14981,X113020_066_1,12l,Positive,short,0.0025054510800678184,0.24258210052005458
14981,X113020_066_1,12l,Positive,medium,0.0036022208491480064,1.3727184062863944
14981,X113020_066_1,12l,Positive,long,0.003070963640071885,2.19401678090881
14983,X113020_066_3,12l,Positive,short,0.002418864316597543,0.46972898500972465
14983,X113020_066_3,12l,Positive,medium,0.0026446801622913474,0.9471561078372692
14983,X113020_066_3,12l,Positive,long,0.0019475914565460061,0.9405149100921714
14984,X113020_066_6,12l,Positive,short,0.0027767329524153077,-0.27634250031934876
14984,X113020_066_6,12l,Positive,medium,0.003333481362060852,0.16414384805161922
14984,X113020_066_6,12l,Positive,long,0.005413991002430105,0.8723220057153459
14987,X113020_077_7,12l,Positive,short,0.0022881777066657907,0.2635767345755251
14987,X113020_077_7,12l,Positive,medium,0.0010618656636421447,0.3131551402593853
14987,X113020_077_7,12l,Positive,long,-6.168884288382132e-05,0.14324547185502093
14990,X113020_085_1,cd,Positive,short,0.002768480844947915,0.07634603009116023
14990,X113020_085_1,cd,Positive,medium,0.001953905917501116,0.3787365094960021
14990,X113020_085_1,cd,Positive,long,0.002224562090210689,0.9433601441825685
14991,X113020_085_2,cd,Positive,short,0.0061652489420789885,-0.8528133616757544
14991,X113020_085_2,cd,Positive,medium,0.0027886164807785774,-1.008879850775053
14991,X113020_085_2,cd,Positive,long,0.00354137055109736,-0.11797422175287903
14993,X113020_098_3,cd,Negative,short,-0.0007269457707625468,-0.3961530438253963
14993,X113020_098_3,cd,Negative,medium,-0.00036371412112464597,-0.6263684097324156
14993,X113020_098_3,cd,Negative,long,-0.00026209522700123997,-0.6019708841989521
14999,X113020_108_5,6DC,Negative,short,-0.0008268360574123073,-0.10615918485946743
14999,X113020_108_5,6DC,Negative,medium,4.8149994094998054e-05,-0.04164571633114799
14999,X113020_108_5,6DC,Negative,long,-0.000676573405922976,-0.02533970469913794
15007,X113020_145_6,cd,Positive,short,0.0033844388955085714,0.07628829998371754
15007,X113020_145_6,cd,Positive,medium,0.004326556064043096,-0.24381105092581914
15007,X113020_145_6,cd,Positive,long,0.006070635355573568,0.5014604456480996
15014,X120120_004_3,12m,Positive,short,0.0010818498079133922,-0.8261560010979457
15014,X120120_004_3,12m,Positive,medium,0.002352652293701274,-0.318323417360617
15014,X120120_004_3,12m,Positive,long,0.0013490492084401436,0.13199296217417955
15015,X120120_004_4,12m,Positive,short,0.0004659761727851627,-0.8355196515057924
15015,X120120_004_4,12m,Positive,medium,0.0013006014512075763,-0.8512512207551923
15015,X120120_004_4,12m,Positive,long,0.0011017556196398443,-0.5815662118217314
15018,X120120_014_2,11ml,Positive,short,0.0010000725478384793,-0.6922816806744022
15018,X120120_014_2,11ml,Positive,medium,0.00153388855347964,-0.3839668383160629
15018,X120120_014_2,11ml,Positive,long,0.0022572081417922166,-0.00012989513523343598
15019,X120120_014_6,11ml,Negative,short,-0.003743663628191886,0.5836604909286424
15019,X120120_014_6,11ml,Negative,medium,-0.003860944442546974,-0.2728543298159371
15019,X120120_014_6,11ml,Negative,long,-0.001285945305012379,-0.8264671562413085
15021,X120120_020_5,12m,Positive,short,0.001099235410302668,0.02751651922893244
15021,X120120_020_5,12m,Positive,medium,0.003255073355934626,0.5120531224371391
15021,X120120_020_5,12m,Positive,long,0.004324409333247699,0.5190625277254111
15023,X120120_031_2,13l,Positive,short,0.0024664321777016257,-0.5774831870719349
15023,X120120_031_2,13l,Positive,medium,0.003091699194301357,-0.09858040095844652
15023,X120120_031_2,13l,Positive,long,0.0024857512434932594,0.051515582498951745
15040,X120120_067_2,12o,Positive,short,0.0029420341477920664,0.20107388128634981
15040,X120120_067_2,12o,Positive,medium,0.002916348301821386,0.9630139996599834
15040,X120120_067_2,12o,Positive,long,0.002231673363641566,1.4657559898649397
15041,X120120_077_3,12l,Positive,short,0.0022679896148118067,-0.9058584587636114
15041,X120120_077_3,12l,Positive,medium,0.0026179702621223467,-0.8346698406602205
15041,X120120_077_3,12l,Positive,long,0.002971195927415703,-0.33394419409538967
15050,X120120_104_3,45,Positive,short,0.0035551836801387534,-0.2068731793712479
15050,X120120_104_3,45,Positive,medium,0.002585135040800349,-0.19146970882329983
15050,X120120_104_3,45,Positive,long,0.0023859856557458827,-0.0009403725520263313
15055,X120120_135_2,cd,Negative,short,-0.0008037465118497507,0.8392515529362413
15055,X120120_135_2,cd,Negative,medium,-0.0023768563018364184,0.84993796777631
15055,X120120_135_2,cd,Negative,long,-0.0028061476383296436,0.27068083402698784
15056,X120120_139_3,AMG,Positive,short,0.0014478320982313493,-0.8876700413486178
15056,X120120_139_3,AMG,Positive,medium,0.0028104534019139774,0.3664693298130552
15056,X120120_139_3,AMG,Positive,long,0.0021934180927613784,0.8061900908214981
15058,X120120_142_1,AMG,Negative,short,-0.002061079228535704,0.4533973017850032
15058,X120120_142_1,AMG,Negative,medium,-0.0027089388834601754,0.2772427168085911
15058,X120120_142_1,AMG,Negative,long,-0.0015364775235834,0.12029312689247822
15062,X120219_006_4,46d,Positive,short,0.0009349091997066351,-0.18231246943725815
15062,X120219_006_4,46d,Positive,medium,0.0003770257778418538,-0.1851340008973128
15062,X120219_006_4,46d,Positive,long,0.0016980984200788603,-0.05175156023519148
15071,X120219_113_1,6DR,Negative,short,-0.0008624066191601559,0.6155206869029364
15071,X120219_113_1,6DR,Negative,medium,-0.000616331039552722,0.3282057573513659
15071,X120219_113_1,6DR,Negative,long,-0.00033136987464513147,-0.2651064547742275
15085,X120220_004_6,12m,Positive,short,0.0016425401497246628,-0.6877478375322842
15085,X120220_004_6,12m,Positive,medium,0.0016774455392622389,-0.36712709392425596
15085,X120220_004_6,12m,Positive,long,0.001237560877144088,-0.16729468541756776
15087,X120220_014_5,11ml,Negative,short,-0.0037518388859128222,0.29423941276346127
15087,X120220_014_5,11ml,Negative,medium,-0.004279117716048903,-0.18861609986191383
15087,X120220_014_5,11ml,Negative,long,-0.001981571629000139,-0.6838760719497887
15088,X120220_016_1,11ml,Positive,short,0.0024215857060307295,1.45875354207891
15088,X120220_016_1,11ml,Positive,medium,0.0004331437403796935,1.2780887356613717
15088,X120220_016_1,11ml,Positive,long,2.7671176272474658e-05,0.8279969772562608
15089,X120220_016_8,11ml,Negative,short,-4.685449225613148e-05,0.5329091245404982
15089,X120220_016_8,11ml,Negative,medium,-0.001093204097039046,0.9159667224349367
15089,X120220_016_8,11ml,Negative,long,-0.00537150631140794,0.33815358403431695
15093,X120220_029_3,12m,Positive,short,0.0025909589466975675,0.39039013841783726
15093,X120220_029_3,12m,Positive,medium,0.0024937184020228597,0.07048192482520887
15093,X120220_029_3,12m,Positive,long,0.0033101839581479845,0.4741001966132003
15094,X120220_031_4,13l,Positive,short,0.003344430564369546,-0.2766242994308571
15094,X120220_031_4,13l,Positive,medium,0.0027168110005969972,-0.25382585392431195
15094,X120220_031_4,13l,Positive,long,0.002320883619268787,-0.09449801995855184
15102,X120220_042_7,13l,Positive,short,0.004137798639205473,0.6014594150107471
15102,X120220_042_7,13l,Positive,medium,0.0032013350730974942,0.6675650033601614
15102,X120220_042_7,13l,Positive,long,0.001753241957632985,1.0263302873652707
15103,X120220_047_3,12o,Negative,short,-0.0051279428686099825,0.24422382680503976
15103,X120220_047_3,12o,Negative,medium,-0.0013075245618517069,0.28686871876500036
15103,X120220_047_3,12o,Negative,long,-0.002867265683658545,0.33972618705186275
15109,X120220_061_4,AI,Negative,short,-0.0016336619064309266,-0.28519315186294475
15109,X120220_061_4,AI,Negative,medium,-0.0018567156467416853,-0.5362942633815667
15109,X120220_061_4,AI,Negative,long,-0.0016044397397809438,-1.1281367687759503
15114,X120220_066_4,12l,Positive,short,0.0021372106808850936,-0.005600004108030327
15114,X120220_066_4,12l,Positive,medium,0.003064977783677796,0.7034939109654198
15114,X120220_066_4,12l,Positive,long,0.005651070187129174,1.4718433584314392
15122,X120220_093_2,44,Positive,short,0.0014870449816141613,0.45430699893127746
15122,X120220_093_2,44,Positive,medium,0.002239604449678217,1.1959595154109295
15122,X120220_093_2,44,Positive,long,0.0035071587928094624,2.4339268986079934
15123,X120220_100_5,cd,Positive,short,0.0008155563854871841,-0.5571560264067622
15123,X120220_100_5,cd,Positive,medium,0.0014214025517683415,-0.4484544974469352
15123,X120220_100_5,cd,Positive,long,0.0020706307173337947,0.3232010393638335
15124,X120220_102_5,6VaVb,Negative,short,-0.0018312829478511336,0.6511319617037379
15124,X120220_102_5,6VaVb,Negative,medium,-0.0018654702524413301,0.13520787498633224
15124,X120220_102_5,6VaVb,Negative,long,-0.0027504128270322767,-0.019486553945304352
15126,X120220_104_2,45,Positive,short,0.002506867849782346,-0.3631230766703677
15126,X120220_104_2,45,Positive,medium,0.002374694382830422,-0.3164083917606653
15126,X120220_104_2,45,Positive,long,0.002282790407170374,-0.15803771295752098
15129,X120220_107_4,AMG,Negative,short,-0.0013071634780697893,-0.13168967606657853
15129,X120220_107_4,AMG,Negative,medium,-0.0009325367500473244,-0.33572548892538445
15129,X120220_107_4,AMG,Negative,long,-0.00026548129957472595,-0.5173896899239195
15135,X120220_127_1,AMG,Positive,short,0.0018276901082426467,0.5523194101814974
15135,X120220_127_1,AMG,Positive,medium,0.0013842934176055044,1.4664608607077956
15135,X120220_127_1,AMG,Positive,long,0.0017765442097279487,2.155259979544781
15136,X120220_138_5,AMG,Negative,short,-0.0013936006950885462,-0.37992441317704995
15136,X120220_138_5,AMG,Negative,medium,-0.0008164542407607449,-0.7966193523065818
15136,X120220_138_5,AMG,Negative,long,-4.700934839288277e-05,-0.961087023259796
15139,X120220_147_2,24c,Negative,short,-0.001525764976689858,0.3277024765670944
15139,X120220_147_2,24c,Negative,medium,-0.0014172560283947457,0.19633670894296595
15139,X120220_147_2,24c,Negative,long,-0.0007516558786625997,0.1410999169593333
15141,X120220_151_2,AMG,Negative,short,-0.0031266436381784907,0.5244494413652112
15141,X120220_151_2,AMG,Negative,medium,-0.0032177440408993454,0.09072060845156948
15141,X120220_151_2,AMG,Negative,long,-0.0033953908907896815,-0.8703119333728082
15146,X120319_066_1,8A,Negative,short,-0.00179357677433741,0.5781760343621702
15146,X120319_066_1,8A,Negative,medium,-0.0021205907626983193,-0.21010936100032807
15146,X120319_066_1,8A,Negative,long,-0.0002496968454841105,-0.9178857837560371
15147,X120319_074_1,6DR,Positive,short,0.0011991720115364347,0.38632553854039847
15147,X120319_074_1,6DR,Positive,medium,0.002702004029067848,0.5003347370020825
15147,X120319_074_1,6DR,Positive,long,0.00339917169097365,0.9688160560688874
15154,X120319_141_4,6DC,Positive,short,0.0010335398219602195,-0.23365848360780955
15154,X120319_141_4,6DC,Positive,medium,0.001346761272010495,-0.4883308734709146
15154,X120319_141_4,6DC,Positive,long,0.003726953653158099,0.20863498013448
15159,X120320_003_4,12r,Positive,short,0.002852232556866744,-0.3393384947649942
15159,X120320_003_4,12r,Positive,medium,0.0035331740667458303,0.7508613150357617
15159,X120320_003_4,12r,Positive,long,0.0022930548227097307,1.0626883761786443
15160,X120320_004_3,12m,Positive,short,0.0015394187560850573,-0.7290122117258347
15160,X120320_004_3,12m,Positive,medium,0.0025181596672111243,-0.26263638905337866
15160,X120320_004_3,12m,Positive,long,0.0025553409097392385,0.15214939822252324
15163,X120320_024_3,11ml,Positive,short,0.0025022982854211017,0.08385658862103437
15163,X120320_024_3,11ml,Positive,medium,0.002505221849804383,-0.003776506145411913
15163,X120320_024_3,11ml,Positive,long,0.002101877423186514,0.3430318448604619
15165,X120320_030_1,13l,Negative,short,-0.0012187900798493443,0.3914300924276092
15165,X120320_030_1,13l,Negative,medium,-0.0016663876810383907,0.14161074540247373
15165,X120320_030_1,13l,Negative,long,-0.001439897651608965,-0.0706122624685308
15172,X120320_048_3,12o,Positive,short,0.0024827855167218263,0.14487621253753913
15172,X120320_048_3,12o,Positive,medium,0.0020569392781367335,0.2202129807468882
15172,X120320_048_3,12o,Positive,long,0.001967077328247886,0.7123729820485644
15178,X120320_056_4,12l,Positive,short,0.0015323203620412828,-0.8400865191727034
15178,X120320_056_4,12l,Positive,medium,0.0032605267112879002,0.4252737354531345
15178,X120320_056_4,12l,Positive,long,0.003716923857183531,2.0238366124534766
15186,X120320_066_4,12l,Positive,short,0.0023826221923348165,-0.27510915962536003
15186,X120320_066_4,12l,Positive,medium,0.0046200041368869415,0.5859282034342356
15186,X120320_066_4,12l,Positive,long,0.00645462127478279,1.6997089549254458
15191,X120320_086_2,8B,Negative,short,-0.0025227680372970893,0.48281533204169386
15191,X120320_086_2,8B,Negative,medium,-0.0021883617665704397,0.05833608001089359
15191,X120320_086_2,8B,Negative,long,0.0002600148591424022,-0.0753164759788859
15198,X120320_093_1,44,Positive,short,0.0031718908077793613,1.0923578038675317
15198,X120320_093_1,44,Positive,medium,0.0012369170319301841,1.8088643818647414
15198,X120320_093_1,44,Positive,long,-0.00023825447041837122,2.0273395385996076
15200,X120320_093_5,44,Positive,short,0.0042092544856395814,1.1601372214152164
15200,X120320_093_5,44,Positive,medium,0.002361416959307089,1.7445795656043956
15200,X120320_093_5,44,Positive,long,0.0005992051195829063,1.7300982483214824
15202,X120320_102_5,6VaVb,Negative,short,-0.0010408566950070998,0.5577096180144245
15202,X120320_102_5,6VaVb,Negative,medium,-0.0018585697733036035,0.3318331438815899
15202,X120320_102_5,6VaVb,Negative,long,-0.0006158272229002961,0.6689035145197058
15205,X120320_107_4,AMG,Negative,short,-0.0012809595290553084,-0.05100361567454338
15205,X120320_107_4,AMG,Negative,medium,-0.0010064714621366199,-0.34224453068860555
15205,X120320_107_4,AMG,Negative,long,-3.611016599921968e-05,-0.4476462209383382
15212,X120320_151_3,AMG,Negative,short,-0.0029336502563094852,0.6025779291126846
15212,X120320_151_3,AMG,Negative,medium,-0.0033691632810778963,0.12322021067179678
15212,X120320_151_3,AMG,Negative,long,-0.003487025349065896,-0.4732575297523011
15224,X120419_076_2,6DR,Positive,short,0.001126548575152746,-0.7969171421698444
15224,X120419_076_2,6DR,Positive,medium,0.0011195091363533638,-0.697242157828193
15224,X120419_076_2,6DR,Positive,long,0.001225983250448953,-0.6031970685958465
15227,X120419_090_1,8A,Positive,short,0.002603268818241783,0.5795796263812186
15227,X120419_090_1,8A,Positive,medium,0.002078206652881655,1.0123460832332414
15227,X120419_090_1,8A,Positive,long,0.002238754839119062,1.2794993122088136
15233,X120419_117_2,6DC,Negative,short,-0.0017283228902587307,1.4890726107527532
15233,X120419_117_2,6DC,Negative,medium,-0.002199745408619932,0.5798604207740207
15233,X120419_117_2,6DC,Negative,long,-4.659858024177394e-05,0.5827769752183717
15235,X120419_118_6,6DC,Positive,short,0.0025343231821638047,1.2258501704348352
15235,X120419_118_6,6DC,Positive,medium,0.0017729877188273192,1.396009536332973
15235,X120419_118_6,6DC,Positive,long,0.0031558999581567364,1.660683491860769
15241,X120419_142_3,6DC,Positive,short,0.004267442016252407,0.11180642100160294
15241,X120419_142_3,6DC,Positive,medium,0.004536382839849352,0.27040499971463605
15241,X120419_142_3,6DC,Positive,long,0.004609748714063675,0.41431713855814517
15252,X120420_056_3,12l,Positive,short,0.0019088064069586676,-1.2002993951026295
15252,X120420_056_3,12l,Positive,medium,0.0027010919915139925,0.2858252040546699
15252,X120420_056_3,12l,Positive,long,0.0029791840555015475,1.757987670240902
15257,X120420_085_6,cd,Positive,short,0.0009996516970861141,-0.6280866526129242
15257,X120420_085_6,cd,Positive,medium,0.0006322767095753186,-0.42738374336289486
15257,X120420_085_6,cd,Positive,long,0.0002929969798121169,-0.3111856478869221
15258,X120420_086_4,8B,Negative,short,-0.0012414204911691694,0.93540138154974
15258,X120420_086_4,8B,Negative,medium,-0.0013835701307301797,0.12019050959705921
15258,X120420_086_4,8B,Negative,long,-0.0011638754622495325,-0.2567572566526035
15260,X120420_093_4,44,Positive,short,0.002022977358054469,0.7234744921642082
15260,X120420_093_4,44,Positive,medium,0.0026587373472727084,1.7592489604346961
15260,X120420_093_4,44,Positive,long,-8.733917814507973e-05,2.0856110994113664
15261,X120420_093_5,44,Positive,short,0.0026438852628560975,-0.01783038555147024
15261,X120420_093_5,44,Positive,medium,0.004009251654221548,0.6495750675927235
15261,X120420_093_5,44,Positive,long,0.0028666609761214784,1.1371424707666213
15266,X120420_102_5,6VaVb,Negative,short,-0.0017612099634091245,0.7552504184688387
15266,X120420_102_5,6VaVb,Negative,medium,-0.002015715444835186,-0.2621435498417403
15266,X120420_102_5,6VaVb,Negative,long,-0.0015284038607153167,-0.49447547839629075
15269,X120420_107_3,AMG,Negative,short,-0.0007838613885707635,0.14585513204294326
15269,X120420_107_3,AMG,Negative,medium,-0.0003655144726565294,-0.3018364457974517
15269,X120420_107_3,AMG,Negative,long,-0.000582359577834037,-0.4165053033888241
15293,X120519_097_3,6DR,Positive,short,0.003997340662314833,0.6080134134598622
15293,X120519_097_3,6DR,Positive,medium,0.004092852485234516,0.5344432850696453
15293,X120519_097_3,6DR,Positive,long,0.005223948319876829,1.362590256339627
15297,X120519_112_3,6DR,Positive,short,0.001991770935928782,0.49607002632427083
15297,X120519_112_3,6DR,Positive,medium,0.00206572007471422,1.3099029588818352
15297,X120519_112_3,6DR,Positive,long,0.0011546495076685472,2.041138835238934
15299,X120519_121_3,6DC,Negative,short,-0.003486388557641082,0.12473115791201927
15299,X120519_121_3,6DC,Negative,medium,-0.0013919609159373906,0.19043451659970245
15299,X120519_121_3,6DC,Negative,long,-0.0004207472488105612,-0.39613571088236543
15306,X120519_141_3,6DC,Positive,short,0.0015696748643357686,-0.3126998666081943
15306,X120519_141_3,6DC,Positive,medium,0.0015935413791455873,0.19956311269256632
15306,X120519_141_3,6DC,Positive,long,0.0017246869014325146,0.6457641879695653
15315,X120619_019_3,46v,Negative,short,-0.0017157210429975798,-0.4199495679513317
15315,X120619_019_3,46v,Negative,medium,-0.0017014294002055189,-0.342764828367171
15315,X120619_019_3,46v,Negative,long,-0.0011277406799476998,-0.8000655993447328
15318,X120619_027_2,12l,Negative,short,-0.00187005252285711,-0.12733326374395323
15318,X120619_027_2,12l,Negative,medium,-0.0015626942754452763,-1.1012858906621346
15318,X120619_027_2,12l,Negative,long,0.0004541011732235257,-1.8653268131757537
15324,X120619_045_2,12l,Positive,short,0.002978615748783231,-0.13081993359201488
15324,X120619_045_2,12l,Positive,medium,0.00321060483125238,-0.2690295421854653
15324,X120619_045_2,12l,Positive,long,0.001718395119812603,-0.2619825877257376
15326,X120619_046_1,12l,Positive,short,0.002110540258287017,0.5054633014005595
15326,X120619_046_1,12l,Positive,medium,0.00135178361826481,1.5091048007995238
15326,X120619_046_1,12l,Positive,long,0.0005897239702434441,2.2193636134539587
15331,X120619_066_2,8A,Negative,short,-0.00226521943615155,1.1611042222544279
15331,X120619_066_2,8A,Negative,medium,-0.004291387115508874,0.29292468308091874
15331,X120619_066_2,8A,Negative,long,-0.0001668402738913466,-0.8592297195297312
15333,X120619_069_5,46v,Negative,short,-0.0021812228532600885,0.08117831518607037
15333,X120619_069_5,46v,Negative,medium,-0.0007201222390060705,-0.2721371523538454
15333,X120619_069_5,46v,Negative,long,-0.0006032077421908176,-0.30151373327938497
15343,X120619_127_3,6VaVb,Negative,short,-0.00399982322351823,-0.2665694164551528
15343,X120619_127_3,6VaVb,Negative,medium,-0.0023154585891967316,-0.8499267295540656
15343,X120619_127_3,6VaVb,Negative,long,-0.0010010462966572188,-1.0923622824536783
15346,X120619_133_3,6DC,Positive,short,0.0013434420409418272,0.10286255223082283
15346,X120619_133_3,6DC,Positive,medium,0.0031987898587530752,0.9524360243814785
15346,X120619_133_3,6DC,Positive,long,0.0005445314775545802,1.771408072228043
15349,X120619_141_2,6DC,Positive,short,-0.0001465232152311907,-0.4093018019054327
15349,X120619_141_2,6DC,Positive,medium,0.0011411094167463136,0.35301970635438507
15349,X120619_141_2,6DC,Positive,long,0.0029906601452657634,0.6139817895480476
15352,X120619_144_3,6DC,Positive,short,0.0024279744598737297,-0.8249732164221315
15352,X120619_144_3,6DC,Positive,medium,0.0005436835136543595,-0.6381668041939824
15352,X120619_144_3,6DC,Positive,long,0.0010979310599694202,-0.6381397136332976
15354,X120720_004_1,12m,Positive,short,0.0030459939330742254,-0.1025731387769357
15354,X120720_004_1,12m,Positive,medium,0.002137250503773913,-0.02480059649896794
15354,X120720_004_1,12m,Positive,long,0.0020950088773610655,0.42361549244567553
15359,X120720_023_3,11ml,Negative,short,-0.002217625912891104,-0.5881645885327546
15359,X120720_023_3,11ml,Negative,medium,-0.0023958601828390504,-1.714850293023019
15359,X120720_023_3,11ml,Negative,long,-0.0008961169545436586,-2.4325283581325894
15373,X120720_050_3,13l,Negative,short,-0.002406110042623086,-0.6227099799644822
15373,X120720_050_3,13l,Negative,medium,-0.000988474782787369,-0.9724310285438119
15373,X120720_050_3,13l,Negative,long,-0.001154810795855936,-1.1109556071770172
15382,X120720_085_6,cd,Positive,short,0.0007092889381586086,-0.62180722915194
15382,X120720_085_6,cd,Positive,medium,0.000709878045469671,-0.4626124221304689
15382,X120720_085_6,cd,Positive,long,0.0003528258404813352,-0.3378057732756642
15396,X120720_138_4,AMG,Positive,short,0.004767924792802441,0.4612821331212821
15396,X120720_138_4,AMG,Positive,medium,0.004858762974302836,0.5893867431191445
15396,X120720_138_4,AMG,Positive,long,0.005100633909414666,0.8116097094418679
15403,X120820_004_3,12m,Positive,short,0.003275004407048345,-0.030598279613669895
15403,X120820_004_3,12m,Positive,medium,0.003783173039460941,0.12042625677798403
15403,X120820_004_3,12m,Positive,long,0.001962858090419991,0.570750871764654
15407,X120820_030_3,13l,Negative,short,-0.0012909813302178692,0.7665898995537903
15407,X120820_030_3,13l,Negative,medium,-0.0017329999256340198,0.2695663985393371
15407,X120820_030_3,13l,Negative,long,-0.0019118570177222706,-0.2581695366244819
15408,X120820_031_3,13l,Positive,short,0.002911738235115779,-0.12684170778038076
15408,X120820_031_3,13l,Positive,medium,0.0014564356455271557,-0.19971646230282167
15408,X120820_031_3,13l,Positive,long,0.0017658402111519745,0.28646461111364596
15409,X120820_031_4,13l,Positive,short,0.002887711392359632,0.264705313191619
15409,X120820_031_4,13l,Positive,medium,0.002247183213849512,0.5197860830322526
15409,X120820_031_4,13l,Positive,long,0.002769016897289709,1.1417138564606475
15415,X120820_047_3,12o,Negative,short,-0.002386785373762979,0.24483434283004116
15415,X120820_047_3,12o,Negative,medium,-0.003963121054846498,0.3343965835705052
15415,X120820_047_3,12o,Negative,long,-0.0027390802283236673,-0.16492594384817647
15417,X120820_050_3,13l,Negative,short,-0.003734102216386045,-0.05983363833207135
15417,X120820_050_3,13l,Negative,medium,-0.002906930119022197,-0.8650660222319645
15417,X120820_050_3,13l,Negative,long,-0.0017160693435803235,-1.2933242130596903
15421,X120820_067_2,12o,Negative,short,-0.0021714458620997606,-0.7484594753504841
15421,X120820_067_2,12o,Negative,medium,-0.0027767831500497926,-1.152413087755987
15421,X120820_067_2,12o,Negative,long,-0.0008751465445685697,-1.41569859235735
15422,X120820_067_5,12o,Negative,short,-0.002348128519819318,-0.7028275296511787
15422,X120820_067_5,12o,Negative,medium,-0.002002513202296184,-1.2090232269141123
15422,X120820_067_5,12o,Negative,long,-0.0007231612627803104,-1.6613031391692836
15424,X120820_077_2,12l,Negative,short,-0.0009942601292940094,0.5442097320185724
15424,X120820_077_2,12l,Negative,medium,-0.0009345450730566454,0.5638674258590737
15424,X120820_077_2,12l,Negative,long,0.00031617787908045763,0.5582429715083562
15425,X120820_085_1,cd,Negative,short,-0.0023420653771506895,0.8197818020383476
15425,X120820_085_1,cd,Negative,medium,-0.003821042698526769,-0.47542957691576476
15425,X120820_085_1,cd,Negative,long,-0.002194324310240747,-1.835810205702377
15430,X120820_092_6,44,Negative,short,-0.0024391472397882275,0.528491806303199
15430,X120820_092_6,44,Negative,medium,-0.0023242390946242504,0.07250130889689729
15430,X120820_092_6,44,Negative,long,-0.0012668529462348656,-0.891731642618066
15433,X120820_104_3,45,Positive,short,0.005238776331347528,0.8807784396548369
15433,X120820_104_3,45,Positive,medium,0.0031727219856151523,0.957412172369225
15433,X120820_104_3,45,Positive,long,0.0016715298671898923,0.9966194033126863
15435,X120820_104_5,45,Positive,short,0.003209721797903742,1.5666166928762604
15435,X120820_104_5,45,Positive,medium,0.0020833000554094055,1.8241163742125728
15435,X120820_104_5,45,Positive,long,-3.089352729263413e-05,1.804610710770834
15439,X120820_138_5,AMG,Positive,short,0.004223967198400716,0.5565335875401853
15439,X120820_138_5,AMG,Positive,medium,0.004080626486462279,0.5132352566044738
15439,X120820_138_5,AMG,Positive,long,0.0046570054862615905,0.925097534291798
15440,X120820_141_2,AMG,Positive,short,0.0016542158951371498,-0.5640311812517658
15440,X120820_141_2,AMG,Positive,medium,0.0015886138063460294,-0.3119949495658889
15440,X120820_141_2,AMG,Positive,long,0.0015731128407804882,-0.0802757167722255
15441,X120820_144_2,cd,Positive,short,0.0032912527762189235,1.0201853974435646
15441,X120820_144_2,cd,Positive,medium,0.0008167582791802922,1.7717187380830381
15441,X120820_144_2,cd,Positive,long,0.00025090236588589667,1.7346239772295198
15449,X120919_015_3,46df,Positive,short,0.0016548352481512434,0.04441715145962834
15449,X120919_015_3,46df,Positive,medium,0.004018516994971534,0.6696152401818412
15449,X120919_015_3,46df,Positive,long,0.0028715008105489846,0.6308037879130347
15450,X120919_022_5,46d,Negative,short,-0.002299739774290164,-0.599246638288145
15450,X120919_022_5,46d,Negative,medium,-0.0007450021795594907,-0.973171958808296
15450,X120919_022_5,46d,Negative,long,-6.645838169624986e-05,-1.0040443832188002
15454,X120919_047_4,46v,Positive,short,0.0012610887832784168,0.004248183489387418
15454,X120919_047_4,46v,Positive,medium,0.00240359394464828,1.357473513300526
15454,X120919_047_4,46v,Positive,long,0.0009964546718093696,2.6269794930634207
15458,X120919_057_3,46v,Negative,short,-0.0016374543717580278,0.6220865723213642
15458,X120919_057_3,46v,Negative,medium,-0.0011030702412985491,0.26298735760920955
15458,X120919_057_3,46v,Negative,long,-0.0025638191562777786,-0.38969461592754967
15460,X120919_066_5,8A,Negative,short,-0.0008900812745717711,1.3050696271132312
15460,X120919_066_5,8A,Negative,medium,-0.0027824074594334823,-0.28737355373217144
15460,X120919_066_5,8A,Negative,long,-0.000795268023107057,-0.9641651079095838
15462,X120919_074_8,6DR,Positive,short,0.002243395191548659,-0.08649558127902683
15462,X120919_074_8,6DR,Positive,medium,0.002135812512063087,0.9879094626810309
15462,X120919_074_8,6DR,Positive,long,0.001188739740926497,1.8026036133186987
15463,X120919_080_1,46v,Negative,short,-0.0032494253869881284,-0.3238572600962902
15463,X120919_080_1,46v,Negative,medium,-0.0008117638754878016,-1.0937262456151293
15463,X120919_080_1,46v,Negative,long,0.0003398044686237815,-1.2553193335128505
15464,X120919_081_3,8A,Positive,short,0.0018346488724974603,-0.9199412636173744
15464,X120919_081_3,8A,Positive,medium,0.003805313006365699,0.4025519833820229
15464,X120919_081_3,8A,Positive,long,0.0032921289714500828,1.6027756065080645
15465,X120919_086_3,6DR,Negative,short,-0.0020327187179930975,0.7019214710335366
15465,X120919_086_3,6DR,Negative,medium,-0.0019322282041662937,0.7669218323257557
15465,X120919_086_3,6DR,Negative,long,-0.0023862307431488793,0.7839607669477554
15466,X120919_086_5,6DR,Negative,short,-0.0009321062594307944,-0.00597903310548291
15466,X120919_086_5,6DR,Negative,medium,-0.0018499956109859022,-0.34091593966216543
15466,X120919_086_5,6DR,Negative,long,-0.0018866874079396653,-0.8507841646472943
15469,X120919_090_1,8A,Positive,short,0.0015774364320507146,0.8557897288717962
15469,X120919_090_1,8A,Positive,medium,0.0013090535987784345,1.3015757789230982
15469,X120919_090_1,8A,Positive,long,0.0014939093849287172,1.6939221920070553
15473,X120919_097_8,6DR,Negative,short,-0.0009378532744361542,-0.5869855213594218
15473,X120919_097_8,6DR,Negative,medium,-0.0027954446972384525,-0.44635457726974115
15473,X120919_097_8,6DR,Negative,long,-0.0004553376099404891,-0.7286064779996475
15474,X120919_098_2,6DR,Positive,short,0.0008335643921350901,0.27801782768157723
15474,X120919_098_2,6DR,Positive,medium,0.002193829478693771,0.44489109875810967
15474,X120919_098_2,6DR,Positive,long,0.0015152207269447725,1.106964065013035
15486,X120920_004_2,12m,Positive,short,0.0024017560286146147,-0.4811906745104207
15486,X120920_004_2,12m,Positive,medium,0.002236932263517634,-0.13818539598160198
15486,X120920_004_2,12m,Positive,long,0.0014028314985514193,0.03058062104090658
15495,X120920_031_2,13l,Positive,short,0.0028762789456943895,0.08901084603946315
15495,X120920_031_2,13l,Positive,medium,0.002024180030326626,0.12025723579345882
15495,X120920_031_2,13l,Positive,long,0.003144953731744813,0.4024307458556558
15498,X120920_043_3,13m,Positive,short,0.0031461407721335255,0.9609785526861594
15498,X120920_043_3,13m,Positive,medium,0.0022479554099358637,0.7886188464756814
15498,X120920_043_3,13m,Positive,long,0.001771573891259122,0.7789755680159776
15499,X120920_051_4,13l,Negative,short,-0.002526102138103815,-0.2574961163619217
15499,X120920_051_4,13l,Negative,medium,-0.0014449749212423096,-0.7444982642575962
15499,X120920_051_4,13l,Negative,long,-0.001908567007758212,-0.3609114199612962
15500,X120920_051_5,13l,Positive,short,0.0017191875721956592,0.08762886452301871
15500,X120920_051_5,13l,Positive,medium,0.0026294444890747315,1.3597048773692173
15500,X120920_051_5,13l,Positive,long,0.0012515414816454899,1.8206165611446399
15507,X120920_066_5,12o,Positive,short,0.0028340270439495773,-0.06350452820676497
15507,X120920_066_5,12o,Positive,medium,0.003254027598307911,1.1048755409926665
15507,X120920_066_5,12o,Positive,long,0.0041749507118780844,2.3857031057956015
15511,X120920_074_5,13m,Negative,short,-0.0011463723912721274,0.45117181862239375
15511,X120920_074_5,13m,Negative,medium,-0.0015494916500850377,0.058929528355634864
15511,X120920_074_5,13m,Negative,long,-0.0012565441680564976,-0.3487230538918029
15518,X120920_097_3,cd,Negative,short,-0.0023916864411168033,-0.3873890884942966
15518,X120920_097_3,cd,Negative,medium,-0.00030947048353280684,-0.8039003914088854
15518,X120920_097_3,cd,Negative,long,0.00012203133249361188,-0.8580980314787929
15520,X120920_104_2,45,Positive,short,0.0029891195737281316,0.109327519803731
15520,X120920_104_2,45,Positive,medium,0.0031858435256983363,0.8292918160027777
15520,X120920_104_2,45,Positive,long,0.00307948293204189,1.4439998920666002
15523,X120920_109_2,cd,Positive,short,-0.0003779361754501462,-0.8774080790219807
15523,X120920_109_2,cd,Positive,medium,0.0033498625302768818,-0.7148661346719759
15523,X120920_109_2,cd,Positive,long,0.001640093288585541,-0.13956240269983508
15525,X120920_127_5,AMG,Negative,short,-0.002921832205044412,-0.18732864762843895
15525,X120920_127_5,AMG,Negative,medium,-0.0009841052091864135,-0.7668876195707655
15525,X120920_127_5,AMG,Negative,long,-0.0001381457716798395,-0.9047767396972898
15527,X120920_138_4,AMG,Positive,short,0.004536473165656295,0.3314577692874805
15527,X120920_138_4,AMG,Positive,medium,0.0053707867605065325,0.1993226131157773
15527,X120920_138_4,AMG,Positive,long,0.005545844048229346,0.34682402993938244
15541,X121019_019_3,46v,Positive,short,0.004339023645103178,0.3692469084214558
15541,X121019_019_3,46v,Positive,medium,0.0034410528692983967,0.8482098881706918
15541,X121019_019_3,46v,Positive,long,0.0014494914278097163,1.1759352363683222
15543,X121019_022_5,46d,Negative,short,-0.004723059194152429,0.03967459291876751
15543,X121019_022_5,46d,Negative,medium,-0.0021288343660035326,-0.9844713095240852
15543,X121019_022_5,46d,Negative,long,0.00023939579931277755,-0.8288225946132831
15545,X121019_027_1,12l,Positive,short,0.00380643781697751,0.21088364135086368
15545,X121019_027_1,12l,Positive,medium,0.0036353312931471015,0.18999701038780878
15545,X121019_027_1,12l,Positive,long,0.004107528451283022,0.3511041871712895
15546,X121019_031_4,8B,Negative,short,-0.00048794558866298337,0.20805839624017836
15546,X121019_031_4,8B,Negative,medium,-0.004725635619934329,-0.6730131747554786
15546,X121019_031_4,8B,Negative,long,-0.0033294516506481376,-1.7151858414369892
15555,X121019_065_3,6DR,Positive,short,0.000981740806861709,-0.7879000918044028
15555,X121019_065_3,6DR,Positive,medium,0.0029880906270200584,0.41814997885598976
15555,X121019_065_3,6DR,Positive,long,0.0027171318635589416,2.771371907283383
15557,X121019_068_2,8A,Negative,short,-0.001237403096412999,1.3994035443133006
15557,X121019_068_2,8A,Negative,medium,-0.0023284745366171206,0.9330700281356614
15557,X121019_068_2,8A,Negative,long,-0.0013390294492385106,-0.18471903934127212
15561,X121019_074_3,6DR,Positive,short,0.002100485108376588,0.2500381492635781
15561,X121019_074_3,6DR,Positive,medium,0.0021639480241550228,1.3435547512501924
15561,X121019_074_3,6DR,Positive,long,0.0010727617277977713,1.9838235854309132
15563,X121019_086_3,6DR,Negative,short,-0.0015699082650935702,0.06389370673845914
15563,X121019_086_3,6DR,Negative,medium,-0.0023571740097904593,-0.3142692469367052
15563,X121019_086_3,6DR,Negative,long,-0.002042430418063789,-0.9291593980868526
15566,X121019_093_1,8A,Negative,short,-0.0017074232931009402,-0.41626417976006025
15566,X121019_093_1,8A,Negative,medium,-0.001435285101302734,-0.9029926104275835
15566,X121019_093_1,8A,Negative,long,-0.001442130116114747,-1.3103539414096395
15568,X121019_095_3,8A,Positive,short,-0.0005152720054815245,-1.7586286629297572
15568,X121019_095_3,8A,Positive,medium,0.002192222322533504,-1.3786850143688887
15568,X121019_095_3,8A,Positive,long,0.004297141572904164,0.635675728601218
15570,X121019_101_1,6VaVb,Positive,short,0.003447539895050087,0.8919564709509471
15570,X121019_101_1,6VaVb,Positive,medium,0.002300502189375359,1.1956381357945935
15570,X121019_101_1,6VaVb,Positive,long,0.00245885574149654,1.2904508425273038
15573,X121019_101_7,6VaVb,Negative,short,-0.002742744890195784,0.4505463127219606
15573,X121019_101_7,6VaVb,Negative,medium,-0.003403000277988978,0.6686308954043558
15573,X121019_101_7,6VaVb,Negative,long,-0.0040154253897804314,0.03334467091633258
15575,X121019_103_5,8A,Negative,short,-0.0022392952178660473,-0.21977926810375087
15575,X121019_103_5,8A,Negative,medium,-0.0009061584463221372,-0.9273955645458075
15575,X121019_103_5,8A,Negative,long,-0.0004354035682347052,-1.557864003887589
15576,X121019_104_3,8A,Positive,short,0.003330225029082962,-0.47622172615239816
15576,X121019_104_3,8A,Positive,medium,0.0033772579976836686,1.048433292141113
15576,X121019_104_3,8A,Positive,long,-7.574749366163789e-05,2.3261163199007413
15577,X121019_118_1,6DC,Positive,short,0.0022473561916001973,-0.3868104301840679
15577,X121019_118_1,6DC,Positive,medium,0.001176863850182326,-0.7693916371777133
15577,X121019_118_1,6DC,Positive,long,0.0016540363457550056,-1.0265751726268333
15583,X121019_140_2,6DC,Negative,short,-0.0017707495299845216,-0.38604440040026944
15583,X121019_140_2,6DC,Negative,medium,-0.0013163994404666144,-0.6433190155693774
15583,X121019_140_2,6DC,Negative,long,-0.0017943023846546235,-0.8477048166530105
15587,X121020_004_2,12m,Positive,short,0.0030007547745239983,-0.25872894438801447
15587,X121020_004_2,12m,Positive,medium,0.0021167382015578333,0.0005759667045748273
15587,X121020_004_2,12m,Positive,long,0.0014476470945549134,-0.011358061625345025
15592,X121020_020_3,12m,Positive,short,0.002794130080142179,0.2703174438859071
15592,X121020_020_3,12m,Positive,medium,0.004492534358157928,1.2078310554056233
15592,X121020_020_3,12m,Positive,long,0.003004950047873402,1.2352853299377364
15605,X121020_051_8,13l,Negative,short,-0.0027297251931884124,-0.07735712369948958
15605,X121020_051_8,13l,Negative,medium,-0.002947269685128064,-0.3092656079575128
15605,X121020_051_8,13l,Negative,long,-0.0025723414977963967,-0.8793080911340933
15614,X121020_066_2,12o,Negative,short,-0.0022847068491448786,-0.554264805705818
15614,X121020_066_2,12o,Negative,medium,-0.0013911706418044964,-1.026655842034075
15614,X121020_066_2,12o,Negative,long,-0.0008879757075957362,-1.183293631985263
15615,X121020_066_4,12o,Negative,short,0.0016070070152364078,0.9625046137459236
15615,X121020_066_4,12o,Negative,medium,-0.0037997453205186704,0.6231095834854857
15615,X121020_066_4,12o,Negative,long,-0.004387533359598139,-0.4761939335888968
15616,X121020_073_3,AI,Negative,short,-0.002758577383327513,0.03662671978754331
15616,X121020_073_3,AI,Negative,medium,-0.0015657584119436482,-0.2808448708701039
15616,X121020_073_3,AI,Negative,long,-0.0018799784110443663,-0.5693131434497193
15621,X121020_097_3,cd,Negative,short,-0.001973028968833934,-0.45202101620933827
15621,X121020_097_3,cd,Negative,medium,-0.00042011385156713073,-0.7823653958998187
15621,X121020_097_3,cd,Negative,long,7.628516318830451e-05,-0.829500042459929
15626,X121020_109_1,cd,Positive,short,0.002403917438969052,-1.538908910632332
15626,X121020_109_1,cd,Positive,medium,0.0036181679878130356,-0.7143667428762018
15626,X121020_109_1,cd,Positive,long,0.0024610108432529167,-0.36474819080117693
15634,X121020_153_1,pu,Negative,short,-0.0015236579516984033,0.4182138030455053
15634,X121020_153_1,pu,Negative,medium,-0.0019769627713462734,0.6017256447675104
15634,X121020_153_1,pu,Negative,long,-0.002650574690037085,0.5330651984058054
15646,X121119_018_8,12l,Negative,short,-0.0028298013124650246,-0.4381440323139246
15646,X121119_018_8,12l,Negative,medium,-0.0009683210654039715,-0.7421807518318767
15646,X121119_018_8,12l,Negative,long,-0.00041291170680325456,-0.6709241961158453
15648,X121119_022_3,46d,Negative,short,-0.002051902633097693,-0.6683169442690761
15648,X121119_022_3,46d,Negative,medium,-0.0005174829199563455,-1.0096286069136888
15648,X121119_022_3,46d,Negative,long,-0.0007517138895617135,-1.0122730415593368
15653,X121119_027_2,12l,Positive,short,0.0035417868119128476,0.2981534513635964
15653,X121119_027_2,12l,Positive,medium,0.003779316928377418,0.35193326498285715
15653,X121119_027_2,12l,Positive,long,0.004110601192513252,0.6386970841405625
15663,X121119_055_3,45,Negative,short,-0.004105214828305421,-0.1994987463500326
15663,X121119_055_3,45,Negative,medium,-0.002677316695251049,-0.8867545068200473
15663,X121119_055_3,45,Negative,long,-0.004198754042835428,-1.3934011511266784
15667,X121119_065_2,6DR,Positive,short,0.001273947395220186,-0.7560118914344743
15667,X121119_065_2,6DR,Positive,medium,0.002375171522841082,0.32456713968139456
15667,X121119_065_2,6DR,Positive,long,0.00357992440137732,2.50673106307793
15676,X121119_086_5,6DR,Negative,short,-0.0009752122846379545,-0.2535821664213519
15676,X121119_086_5,6DR,Negative,medium,-0.0016105482246689092,-0.26881390095763175
15676,X121119_086_5,6DR,Negative,long,-0.0015288456368543614,-0.644092067505873
15677,X121119_088_2,6DR,Positive,short,0.002144782170437402,-0.2747764331300258
15677,X121119_088_2,6DR,Positive,medium,0.0022053822297186452,-0.5057411835130464
15677,X121119_088_2,6DR,Positive,long,0.002637730902621171,-0.4517479041510319
15679,X121119_093_3,8A,Negative,short,-0.001799168413364758,0.006584887294999065
15679,X121119_093_3,8A,Negative,medium,-0.0015241545199414289,-0.9113429175463572
15679,X121119_093_3,8A,Negative,long,-0.0025782590782400315,-1.4502043129997126
15689,X121119_104_1,8A,Positive,short,0.002527926199276393,-0.504824223108791
15689,X121119_104_1,8A,Positive,medium,0.0028588686852536933,0.7101658562096781
15689,X121119_104_1,8A,Positive,long,0.0003594034480583074,2.2289896023253633
15696,X121119_140_2,6DC,Negative,short,-0.0028875261743303046,-0.5749598243884927
15696,X121119_140_2,6DC,Negative,medium,-0.0012434252407048359,-0.17543174153380367
15696,X121119_140_2,6DC,Negative,long,-0.0017032954608605564,-0.7936465242308504
15711,X121120_040_3,13l,Positive,short,0.0016707651588036725,-0.7122455963403135
15711,X121120_040_3,13l,Positive,medium,0.0030613118899542073,0.45314339766264916
15711,X121120_040_3,13l,Positive,long,0.002177777404010886,1.1501950236307008
15724,X121120_059_3,12o,Negative,short,-0.0029889118500072485,0.3549995378413107
15724,X121120_059_3,12o,Negative,medium,-0.002298303052586286,0.2234163978462012
15724,X121120_059_3,12o,Negative,long,-0.0030476742597902616,-0.14190862096106935
15730,X121120_066_4,12o,Negative,short,0.0013439013188297452,0.8705264563965123
15730,X121120_066_4,12o,Negative,medium,-0.002994252182908444,0.24272949980903485
15730,X121120_066_4,12o,Negative,long,-0.004797564578596164,-0.576939055390467
15731,X121120_066_5,12o,Negative,short,-0.0036234576611592854,-0.5122363536173908
15731,X121120_066_5,12o,Negative,medium,-0.0021428026016502536,-1.0147373700966151
15731,X121120_066_5,12o,Negative,long,-0.0008491107764907988,-1.3875002702341699
15732,X121120_068_3,12o,Positive,short,0.0030307881621694267,-0.2342408328086987
15732,X121120_068_3,12o,Positive,medium,0.0023501917157112326,0.4704695267232054
15732,X121120_068_3,12o,Positive,long,0.0016622169115379397,0.9453223734945306
15733,X121120_069_3,AI,Negative,short,-0.0018549161641788485,-0.24470768422341616
15733,X121120_069_3,AI,Negative,medium,-0.003681511991838145,-0.2575277218044257
15733,X121120_069_3,AI,Negative,long,-0.0033539820264334814,-0.43031577258760156
15738,X121120_080_4,AI,Negative,short,-0.0013307100867092747,-0.3441439861696703
15738,X121120_080_4,AI,Negative,medium,-0.00305543724241624,0.5748644908015197
15738,X121120_080_4,AI,Negative,long,-0.0014627971455562299,0.2612964470941301
15744,X121120_097_1,cd,Negative,short,-0.004059112525518416,-0.4419635813694409
15744,X121120_097_1,cd,Negative,medium,-0.0029806505495061355,-0.448412730736455
15744,X121120_097_1,cd,Negative,long,-0.004024124711109243,-0.8281939841865774
15745,X121120_098_3,cd,Negative,short,-0.0009027187887566921,1.3074117060905686
15745,X121120_098_3,cd,Negative,medium,-0.0027625983951747534,0.9351800905987845
15745,X121120_098_3,cd,Negative,long,-0.003271138241280214,0.2640571267912672
15746,X121120_104_2,45,Positive,short,0.005073651679741308,0.9792037148079169
15746,X121120_104_2,45,Positive,medium,0.0023410066610497584,1.3798240007655989
15746,X121120_104_2,45,Positive,long,0.001963355171672607,1.3817872705058925
15749,X121120_106_3,AMG,Negative,short,-0.0016243460578043072,-0.287696899144605
15749,X121120_106_3,AMG,Negative,medium,-0.0022067116251141667,-0.6077698135852911
15749,X121120_106_3,AMG,Negative,long,-0.0017478677432797816,-0.9823560840674922
15753,X121120_138_3,AMG,Positive,short,0.004536324655710251,0.273443406276535
15753,X121120_138_3,AMG,Positive,medium,0.0051120007597182495,0.400683493955745
15753,X121120_138_3,AMG,Positive,long,0.0050914012566010275,0.4820099360318839
15775,X121219_018_9,12l,Negative,short,-0.0019469497371014915,-0.28599867501765636
15775,X121219_018_9,12l,Negative,medium,-0.0031176222878764952,-0.27782222593625266
15775,X121219_018_9,12l,Negative,long,-0.0018820474554809943,-0.8363921113650062
15779,X121219_027_1,12l,Positive,short,0.0036853888683523704,0.3432804234862442
15779,X121219_027_1,12l,Positive,medium,0.003636894527905807,0.3415918804770227
15779,X121219_027_1,12l,Positive,long,0.003953379439642928,0.6453521154971426
15787,X121219_046_1,12l,Positive,short,0.0021090240167703335,0.9534553206601675
15787,X121219_046_1,12l,Positive,medium,0.0037304147560957793,1.0647756797686108
15787,X121219_046_1,12l,Positive,long,0.0032170990002903838,1.5481952713452243
15794,X121219_066_2,8A,Negative,short,0.0003388363310830379,1.3101085235989232
15794,X121219_066_2,8A,Negative,medium,-0.003989827254399251,0.9212862095677801
15794,X121219_066_2,8A,Negative,long,-0.0036576612383037686,-0.41485388641865123
15799,X121219_077_3,8A,Positive,short,0.0038923341389362045,0.3101768465007589
15799,X121219_077_3,8A,Positive,medium,0.0031079328646631474,0.8032509416090743
15799,X121219_077_3,8A,Positive,long,0.0026989045824297024,1.3302371262908974
15801,X121219_086_3,6DR,Negative,short,-0.0009295919548520669,-0.24870454222929492
15801,X121219_086_3,6DR,Negative,medium,-0.001517034483357205,-0.40175638155846666
15801,X121219_086_3,6DR,Negative,long,-0.001257506643341136,-0.4690518273155324
15803,X121219_088_4,6DR,Positive,short,0.0035945234289888332,-0.3013531674258837
15803,X121219_088_4,6DR,Positive,medium,0.0018168515480736559,-0.5309039920507643
15803,X121219_088_4,6DR,Positive,long,0.0023581166011011627,-0.3505161348969549
15809,X121219_099_3,6DR,Negative,short,-0.0017378041351182112,0.3451788604762924
15809,X121219_099_3,6DR,Negative,medium,-0.0005260518288633026,-0.0018908474968200837
15809,X121219_099_3,6DR,Negative,long,-0.0009775584091710437,0.3607631496722483
15810,X121219_099_4,6DR,Negative,short,-0.0006740748976593068,1.1751942405486464
15810,X121219_099_4,6DR,Negative,medium,-0.0018645675355481715,0.8653573045714723
15810,X121219_099_4,6DR,Negative,long,-0.002184340539918347,0.8601560081028303
15814,X121219_112_2,6DR,Positive,short,0.0010356398673220496,-0.7399201519576563
15814,X121219_112_2,6DR,Positive,medium,0.0014766337581828093,-0.7274462215466031
15814,X121219_112_2,6DR,Positive,long,0.0015527240753714364,-0.4293761644340988
15816,X121219_113_1,6DR,Positive,short,0.0015527793761657852,1.1130234877797411
15816,X121219_113_1,6DR,Positive,medium,0.0005284150116206444,1.0129800418054007
15816,X121219_113_1,6DR,Positive,long,-8.037738951323364e-05,1.3322221804379226
15818,X121219_118_2,6DC,Negative,short,-0.0007340076305562573,-1.3551080524425538
15818,X121219_118_2,6DC,Negative,medium,-0.0024033811092627907,-0.8484295745873778
15818,X121219_118_2,6DC,Negative,long,-0.001970588333961208,-1.5571001563810072
15825,X121219_140_2,6DC,Negative,short,-0.0024072637907069454,-0.5706391743699649
15825,X121219_140_2,6DC,Negative,medium,-0.0018463270349461517,-0.3587856917675858
15825,X121219_140_2,6DC,Negative,long,-0.0005685613484556919,-0.6288341461818746
15829,X121319_006_3,46d,Negative,short,-0.0015934612158902293,0.3993495818225205
15829,X121319_006_3,46d,Negative,medium,-0.0011234876537365333,0.724357494161799
15829,X121319_006_3,46d,Negative,long,-0.0024692407735622387,-0.33091067753527076
15834,X121319_022_1,46d,Negative,short,-0.003977680575289084,-0.5077427732789217
15834,X121319_022_1,46d,Negative,medium,-0.0003408750569117071,-0.8643997615565873
15834,X121319_022_1,46d,Negative,long,-4.6150677025589606e-05,-0.9783770596723191
15837,X121319_027_4,12l,Positive,short,0.002904574391671721,0.20487100593899701
15837,X121319_027_4,12l,Positive,medium,0.003843801995144894,0.29776033123074946
15837,X121319_027_4,12l,Positive,long,0.004246661817539537,0.51570791690452
15842,X121319_052_3,6DR,Negative,short,-0.0039374672012722845,1.1942654562418267
15842,X121319_052_3,6DR,Negative,medium,-0.003588939698966525,0.15000045295634185
15842,X121319_052_3,6DR,Negative,long,-0.0019528292024587276,-0.7371452454405492
15856,X121319_096_2,6DR,Negative,short,-0.0021473047480174206,-0.028408349245265994
15856,X121319_096_2,6DR,Negative,medium,-0.0031886653017113575,-0.28292576304269634
15856,X121319_096_2,6DR,Negative,long,-0.0022855789053292308,-0.9148457690983539
15860,X121319_141_1,6DC,Positive,short,0.003296644420544124,0.3659712863227106
15860,X121319_141_1,6DC,Positive,medium,0.0012878107951142018,0.8243451134709272
15860,X121319_141_1,6DC,Positive,long,0.000519250143806001,1.2555137268715413
15868,X121420_004_3,12m,Positive,short,0.0018700395558202865,-0.7195363463799062
15868,X121420_004_3,12m,Positive,medium,0.0018676998786127026,-0.3872050067753986
15868,X121420_004_3,12m,Positive,long,0.0014052683147703672,-0.20908330641640427
15881,X121420_046_6,12o,Negative,short,-0.004330340709183137,0.09726675337641702
15881,X121420_046_6,12o,Negative,medium,-0.0016836376424957053,-0.28428666622378124
15881,X121420_046_6,12o,Negative,long,-0.0009574122549662192,0.1691275379351633
15886,X121420_059_5,12o,Negative,short,-0.0025609352458978497,-0.4721531457025186
15886,X121420_059_5,12o,Negative,medium,-0.0015642437022661765,-0.5069643629061293
15886,X121420_059_5,12o,Negative,long,-0.000824374054151857,-1.0537659800092314
15888,X121420_060_6,AI,Negative,short,-0.0034946631634362917,0.7243810592532257
15888,X121420_060_6,AI,Negative,medium,-0.004143371530084126,0.13478354542840043
15888,X121420_060_6,AI,Negative,long,-0.0016577167391651668,-0.5751732944196304
15889,X121420_060_10,AI,Positive,short,0.004983883507119118,1.000518021979191
15889,X121420_060_10,AI,Positive,medium,0.0030857637426104467,1.4469145847834683
15889,X121420_060_10,AI,Positive,long,0.0033155569080147956,1.5312394737800623
15892,X121420_061_9,AI,Negative,short,-0.0012637964310896275,0.12927590612551243
15892,X121420_061_9,AI,Negative,medium,-0.0032403266088216775,-0.2779064154959037
15892,X121420_061_9,AI,Negative,long,-0.0018897594281199134,-0.7570503826025322
15894,X121420_066_2,12o,Negative,short,-0.003331844430023286,1.3163830749760266
15894,X121420_066_2,12o,Negative,medium,-0.004289275163070317,0.200308617711154
15894,X121420_066_2,12o,Negative,long,-0.0030915998988930308,-0.5151050326657697
15895,X121420_068_2,12o,Positive,short,0.002653886072451085,-0.053002597171404146
15895,X121420_068_2,12o,Positive,medium,0.0015759864149642569,0.8144684442119074
15895,X121420_068_2,12o,Positive,long,0.0009224488697986618,1.3935323251464007
15915,X121420_135_3,cd,Negative,short,-0.002885804035089459,0.8956553549908672
15915,X121420_135_3,cd,Negative,medium,-0.0025282074232588422,-0.4596918396900265
15915,X121420_135_3,cd,Negative,long,-0.003204201991641616,-0.4055279731036113
15917,X121420_138_2,AMG,Positive,short,0.004763493429785389,0.3515073408038757
15917,X121420_138_2,AMG,Positive,medium,0.004871436658373213,0.429854738994032
15917,X121420_138_2,AMG,Positive,long,0.006207395680107005,0.9627664740454598
15927,X121520_012_2,12m,Positive,short,0.004083201061450563,0.5555277021617825
15927,X121520_012_2,12m,Positive,medium,0.003548233811039626,0.41713752735808773
15927,X121520_012_2,12m,Positive,long,0.004216169557212648,0.5595003630352976
15933,X121520_033_2,13m,Positive,short,0.0021653873810217896,-0.0400014752816539
15933,X121520_033_2,13m,Positive,medium,0.004622942182081841,1.7232818672814703
15933,X121520_033_2,13m,Positive,long,0.002289743322367692,1.8426160159677316
15941,X121520_056_2,12l,Negative,short,-0.003634382385706809,0.15196232907237725
15941,X121520_056_2,12l,Negative,medium,-0.0035684705852811736,-0.8843544589707352
15941,X121520_056_2,12l,Negative,long,-0.0009763405735626184,-1.5244779586791992
15946,X121520_068_2,12o,Positive,short,0.0021063963402298018,-0.07350540846995328
15946,X121520_068_2,12o,Positive,medium,0.0022592497876103546,0.7203987828880462
15946,X121520_068_2,12o,Positive,long,0.0005392518012763684,1.1184115349353847
15968,X121520_154_4,pu,Positive,short,0.0021639164790877197,-0.4070029121869323
15968,X121520_154_4,pu,Positive,medium,0.0024279679359494157,-0.6024522774447199
15968,X121520_154_4,pu,Positive,long,0.0035194412621965434,-0.40267520017672825
15970,X121619_019_3,46v,Positive,short,0.003100554501669859,0.618977413705888
15970,X121619_019_3,46v,Positive,medium,0.002678830723056492,1.359946727028625
15970,X121619_019_3,46v,Positive,long,0.0022168679701825515,1.060653267976845
15971,X121619_022_3,46d,Negative,short,-0.002314220997367497,-0.23232843748141954
15971,X121619_022_3,46d,Negative,medium,-0.00042042921658252204,-0.7411955580635992
15971,X121619_022_3,46d,Negative,long,-0.00010136155587763637,-0.8134868623016281
15974,X121619_027_3,12l,Positive,short,0.005353438052277394,-0.1868631025735977
15974,X121619_027_3,12l,Positive,medium,0.006241837532081103,-0.16257966505851715
15974,X121619_027_3,12l,Positive,long,0.0038494541598491925,-0.2394406139928485
15979,X121619_053_1,6DR,Negative,short,-0.0008255370764327017,0.2881948468833232
15979,X121619_053_1,6DR,Negative,medium,-0.0011326931284290345,-0.051548572346651785
15979,X121619_053_1,6DR,Negative,long,-0.0036474987171814677,-0.737181670287088
15982,X121619_086_2,6DR,Negative,short,-0.002720907034433263,0.20944642848089204
15982,X121619_086_2,6DR,Negative,medium,-0.0012223272683205986,0.31586372809375496
15982,X121619_086_2,6DR,Negative,long,-0.0009436431214855286,-0.20382497226741914
15986,X121619_097_1,6DR,Negative,short,-0.0013669946898578142,-0.01559086739209197
15986,X121619_097_1,6DR,Negative,medium,-0.0014587225565060868,-0.6415511824426159
15986,X121619_097_1,6DR,Negative,long,-0.0006555614519290329,-1.0358902758449167
15987,X121619_097_4,6DR,Negative,short,-0.002502639753730395,0.05438151572538097
15987,X121619_097_4,6DR,Negative,medium,-0.0015424461656553844,-0.5280837593600154
15987,X121619_097_4,6DR,Negative,long,-0.0014617932599291113,-0.7954516851168107
15994,X121619_125_3,6DC,Positive,short,0.0025528193562534465,0.08971662924139948
15994,X121619_125_3,6DC,Positive,medium,0.0023174538545634635,1.2336322459072253
15994,X121619_125_3,6DC,Positive,long,-0.0005288128068208961,1.1835518216531407
15996,X121619_129_4,6DC,Negative,short,-0.0014708574047449482,1.1206517891087469
15996,X121619_129_4,6DC,Negative,medium,-0.0025605582624036284,-0.1283920163016754
15996,X121619_129_4,6DC,Negative,long,-0.0030332902367054743,-1.33710882404878
16008,X121620_004_6,12m,Positive,short,0.003643491312834169,0.24006499511696486
16008,X121620_004_6,12m,Positive,medium,0.004740969693607698,0.5598074287122283
16008,X121620_004_6,12m,Positive,long,0.0032838526225418443,1.0827327848680084
16024,X121620_066_2,12o,Negative,short,-0.002631370843139383,0.7788470456308488
16024,X121620_066_2,12o,Negative,medium,-0.004038241959037612,0.05281348367641601
16024,X121620_066_2,12o,Negative,long,-0.002722551720063199,-0.7221657847202098
16041,X121620_138_6,AMG,Negative,short,-0.002076415372692976,-0.625424633399791
16041,X121620_138_6,AMG,Negative,medium,-0.0007027468997261383,-1.133101082284518
16041,X121620_138_6,AMG,Negative,long,-0.0004671380709203715,-1.486812142484795
16044,X121620_146_2,24c,Positive,short,0.0009316752474762821,-1.5968519798353098
16044,X121620_146_2,24c,Positive,medium,0.004278082350684981,-0.48833941141691234
16044,X121620_146_2,24c,Positive,long,0.004685147098804299,0.8598523027236802
16047,X121620_154_1,pu,Negative,short,-0.0009985728131690894,-1.2562231710072167
16047,X121620_154_1,pu,Negative,medium,-0.0012127690809847077,-1.0894748875979774
16047,X121620_154_1,pu,Negative,long,-0.0016106850906846828,-1.1145062061792206
16054,X121719_011_2,46v,Negative,short,-0.003609837891196853,-1.1040386183686344
16054,X121719_011_2,46v,Negative,medium,-0.0011057974883034866,-1.559248012234883
16054,X121719_011_2,46v,Negative,long,-0.00039395304074293474,-1.5761815127041099
16055,X121719_012_2,46v,Negative,short,-0.0033333014010502385,-0.44669130636176124
16055,X121719_012_2,46v,Negative,medium,-0.0007694243662135345,-0.1813200077964202
16055,X121719_012_2,46v,Negative,long,-0.0011559831195312512,-0.4888970922372078
16061,X121719_027_3,12l,Positive,short,0.0002765812700864028,0.22169474758999655
16061,X121719_027_3,12l,Positive,medium,0.0018481042943800357,1.431495578039109
16061,X121719_027_3,12l,Positive,long,0.0021635843561254153,2.841437738469357
16068,X121719_053_3,6DR,Negative,short,-0.002682329888127927,0.5999968250112813
16068,X121719_053_3,6DR,Negative,medium,-0.003861161476168329,0.03980647060964349
16068,X121719_053_3,6DR,Negative,long,-0.0015624005826944249,-0.655767770470918
16071,X121719_065_3,6DR,Positive,short,0.0013161642244324818,-0.627493896619254
16071,X121719_065_3,6DR,Positive,medium,0.0017030300344543841,0.23905889527870655
16071,X121719_065_3,6DR,Positive,long,0.001505337781423802,0.9553949574439379
16073,X121719_080_2,46v,Negative,short,-0.0025004533960064895,-0.12756489695668896
16073,X121719_080_2,46v,Negative,medium,-0.0026566582588242894,-0.7991263142069446
16073,X121719_080_2,46v,Negative,long,-0.00038654694580201416,-1.5303872175105597
16074,X121719_088_1,6DR,Negative,short,-0.0011441602847004641,0.22860868903730813
16074,X121719_088_1,6DR,Negative,medium,-0.0009277400504502373,-0.27980816058974134
16074,X121719_088_1,6DR,Negative,long,-2.183429343333352e-05,-0.4850897678172529
16075,X121719_097_3,6DR,Negative,short,-0.0023639890857662395,-0.07574006406138628
16075,X121719_097_3,6DR,Negative,medium,-0.0012790052300844779,-0.6162963460715559
16075,X121719_097_3,6DR,Negative,long,-0.0012239844373666598,-1.0926148215070144
16081,X121719_121_2,6DC,Positive,short,2.0186541595822392e-05,-0.01156836024681725
16081,X121719_121_2,6DC,Positive,medium,0.0019931697205705957,0.8105522208047501
16081,X121719_121_2,6DC,Positive,long,0.0027320378336777107,2.1769638591122114
16085,X121719_143_3,6DC,Negative,short,-0.0015438175589977973,0.24911492207504424
16085,X121719_143_3,6DC,Negative,medium,-0.0004319028242098759,-0.26539715904943545
16085,X121719_143_3,6DC,Negative,long,-0.0012451738640197275,-0.24595890606096102
16092,X121819_011_5,12r,Negative,short,-0.0038690660140149494,-0.9115178083980413
16092,X121819_011_5,12r,Negative,medium,-0.0009818695470839077,-1.27632010776469
16092,X121819_011_5,12r,Negative,long,0.0005140154041733057,-1.1129659509500132
16098,X121819_018_3,12l,Positive,short,0.002467236868228279,0.4971274397813581
16098,X121819_018_3,12l,Positive,medium,0.0019777264660290057,1.39846710407
16098,X121819_018_3,12l,Positive,long,0.0003683325563843641,1.906341358349843
16099,X121819_022_1,46d,Negative,short,-0.0027273225297301776,-0.22166855157060106
16099,X121819_022_1,46d,Negative,medium,-0.001501124904592047,-0.3520860540417158
16099,X121819_022_1,46d,Negative,long,-0.0004574728012049929,-0.8908352620881081
16106,X121819_048_2,46v,Negative,short,-0.004052387790134896,-0.10063220791061743
16106,X121819_048_2,46v,Negative,medium,-0.0012305409887316203,-0.9936822315619115
16106,X121819_048_2,46v,Negative,long,0.00012295259311681175,-1.022521807826101
16107,X121819_048_4,46v,Positive,short,0.0025596426679452785,0.07447602651616599
16107,X121819_048_4,46v,Positive,medium,0.002770660901042872,1.4158791133517186
16107,X121819_048_4,46v,Positive,long,0.002067678252669886,2.127663510413019
16111,X121819_057_3,46v,Positive,short,0.0012570401964776463,-1.2655394067879326
16111,X121819_057_3,46v,Positive,medium,0.0040981356855198416,-0.8276238333117744
16111,X121819_057_3,46v,Positive,long,0.0027216687358663553,-0.6390233756962415
16115,X121819_074_3,6DR,Positive,short,0.0009379938387883191,-0.880893816567102
16115,X121819_074_3,6DR,Positive,medium,0.000740890711368722,-0.5754316737023051
16115,X121819_074_3,6DR,Positive,long,0.0015387621594262796,-0.542036432245616
16116,X121819_078_3,8A,Negative,short,-0.0017185316091718216,-0.9172645765364468
16116,X121819_078_3,8A,Negative,medium,-0.0007979088118260567,-1.1370494179241668
16116,X121819_078_3,8A,Negative,long,-0.00027829721226606366,-1.303375882832659
16120,X121819_091_3,8A,Negative,short,-0.0031276222233479517,-0.4040152901417512
16120,X121819_091_3,8A,Negative,medium,-0.0010338035117809403,-0.3652050845447413
16120,X121819_091_3,8A,Negative,long,0.00030317367818084,-0.793582831166945
16121,X121819_096_1,6DR,Negative,short,-0.0004344947310593673,-0.6087927880531143
16121,X121819_096_1,6DR,Negative,medium,-0.0006569387905686019,-0.927121716906346
16121,X121819_096_1,6DR,Negative,long,-0.0013283403868390561,-1.722760457167411
16122,X121819_097_2,6DR,Negative,short,-0.0019826812033420433,0.32836587015173696
16122,X121819_097_2,6DR,Negative,medium,-0.0014781294405676326,0.02779337574225223
16122,X121819_097_2,6DR,Negative,long,-0.0015027710182487042,-0.03233749576427427
16123,X121819_101_1,6VaVb,Positive,short,0.0028908913565402258,0.052597611548089285
16123,X121819_101_1,6VaVb,Positive,medium,0.002118791243472517,0.13986261576244038
16123,X121819_101_1,6VaVb,Positive,long,0.0026627510008454232,0.6520711990616078
16124,X121819_101_4,6VaVb,Positive,short,0.004147949549425861,0.2931311979406388
16124,X121819_101_4,6VaVb,Positive,medium,0.003904961636067331,1.1213354377200775
16124,X121819_101_4,6VaVb,Positive,long,0.003107959484042456,1.4436402237058281
16126,X121819_127_3,6VaVb,Negative,short,-0.0024436737793623446,-0.19544797770336095
16126,X121819_127_3,6VaVb,Negative,medium,-0.0023307625547423307,-0.04967490095837342
16126,X121819_127_3,6VaVb,Negative,long,7.94432432997808e-05,-0.6625482662288997
16128,X121819_134_1,6DC,Positive,short,0.0015036426716889698,-0.36226886907978273
16128,X121819_134_1,6DC,Positive,medium,0.002235833899278792,-0.2207279946421042
16128,X121819_134_1,6DC,Positive,long,0.0008840681415812185,1.6506321100942705
16129,X121819_142_1,6DC,Negative,short,-0.002127237868368593,1.0651214514516554
16129,X121819_142_1,6DC,Negative,medium,-0.0013135246979851633,0.8431779910878475
16129,X121819_142_1,6DC,Negative,long,-0.002355665704142274,0.5128060210429699
16133,X121820_004_3,12m,Positive,short,0.0035818498755717243,-0.05883278321403508
16133,X121820_004_3,12m,Positive,medium,0.004747497263486838,0.7684336316144402
16133,X121820_004_3,12m,Positive,long,0.0040317966408367455,1.49394160922626
16141,X121820_043_5,13m,Negative,short,-0.0015299097095529829,-0.037610982670723776
16141,X121820_043_5,13m,Negative,medium,-0.001424991844981489,-0.04470487190408558
16141,X121820_043_5,13m,Negative,long,-0.0022610424386845813,-0.563810290023084
16150,X121820_057_5,12o,Negative,short,-0.00203317091339584,0.18391363192958868
16150,X121820_057_5,12o,Negative,medium,-0.004913136952249483,-1.0392553074504731
16150,X121820_057_5,12o,Negative,long,-0.0015615330942109343,-1.4555122100573015
16151,X121820_058_1,12o,Positive,short,0.0038289526428791896,0.8016086615862816
16151,X121820_058_1,12o,Positive,medium,0.0028462638823369434,1.4931372928738396
16151,X121820_058_1,12o,Positive,long,0.0019206684523390902,1.7024822383871094
16152,X121820_060_3,AI,Positive,short,0.0024344867025236517,0.1443541061703407
16152,X121820_060_3,AI,Positive,medium,0.004124290247653283,0.9496244812792379
16152,X121820_060_3,AI,Positive,long,0.0022216430920871427,1.2422133994578521
16158,X121820_068_3,12o,Positive,short,0.0009512872883131145,-0.7688042231883463
16158,X121820_068_3,12o,Positive,medium,0.0009018797843192201,-0.6890498822223327
16158,X121820_068_3,12o,Positive,long,0.0007259751975181501,-0.6180979535107605
16170,X121820_104_3,45,Positive,short,0.002208776088663387,0.033505919720416194
16170,X121820_104_3,45,Positive,medium,0.002581945146325541,0.41224667057060843
16170,X121820_104_3,45,Positive,long,0.0032496687857055777,1.427973750327867
16173,X121820_123_3,cd,Negative,short,0.0008905742098456508,1.2611963599176454
16173,X121820_123_3,cd,Negative,medium,-0.003670125901335807,-0.4708900112215547
16173,X121820_123_3,cd,Negative,long,-0.003503102662242575,-1.0846559149645092
16179,X121820_142_4,AMG,Positive,short,0.0034414430296089127,0.7231007233282788
16179,X121820_142_4,AMG,Positive,medium,0.0031874879234097286,0.8987826907632643
16179,X121820_142_4,AMG,Positive,long,0.003386380611519801,1.0189355422995252
16183,X121820_146_3,24c,Positive,short,0.002159247374558525,-0.6531417019783012
16183,X121820_146_3,24c,Positive,medium,0.0020687506136472487,-0.1255814988520957
16183,X121820_146_3,24c,Positive,long,0.006585220673273711,0.5296778062950454
16194,X121919_046_2,12l,Negative,short,-0.0009073186288687172,1.4512599807809077
16194,X121919_046_2,12l,Negative,medium,-0.003417426889465252,0.49943616487819564
16194,X121919_046_2,12l,Negative,long,-0.0031056858260286803,-0.042692078067494955
16195,X121919_047_3,46v,Positive,short,0.0003507574333272061,-1.2461491802369498
16195,X121919_047_3,46v,Positive,medium,0.0020709225820692316,-0.647657906775529
16195,X121919_047_3,46v,Positive,long,0.004538885616686222,0.34216259273904964
16199,X121919_059_6,46d,Negative,short,-0.002856641996200269,-0.3060721759296978
16199,X121919_059_6,46d,Negative,medium,-0.0011365448669616509,-0.7926665927824283
16199,X121919_059_6,46d,Negative,long,4.223058053326643e-05,-0.8079131538181654
16200,X121919_086_3,6DR,Negative,short,-0.00046473682409756167,-0.49870971802268765
16200,X121919_086_3,6DR,Negative,medium,-0.0014063129235211216,-0.9511881202905627
16200,X121919_086_3,6DR,Negative,long,-0.0021853697739394953,-0.953612168398554
16202,X121919_090_4,8A,Positive,short,0.002217502908397831,-0.4330240174436077
16202,X121919_090_4,8A,Positive,medium,0.0021144336378499176,-0.10203178213713048
16202,X121919_090_4,8A,Positive,long,0.0022635494162882557,0.1878958406707833
16203,X121919_097_1,6DR,Negative,short,-0.0006527821871318895,0.4021859292141216
16203,X121919_097_1,6DR,Negative,medium,-0.0016202786468707026,-0.050594802014553915
16203,X121919_097_1,6DR,Negative,long,-0.0025171778963958952,-0.6396957975759957
16204,X121919_099_3,6DR,Negative,short,-0.0017956831257850273,0.7385710161024341
16204,X121919_099_3,6DR,Negative,medium,-0.0015845903935232187,0.7664845324618844
16204,X121919_099_3,6DR,Negative,long,-0.0010260529173236165,0.36622198798268346
16205,X121919_101_4,6VaVb,Positive,short,0.0037998272113277535,0.2615533723781031
16205,X121919_101_4,6VaVb,Positive,medium,0.0029524812555547886,0.7043505562771539
16205,X121919_101_4,6VaVb,Positive,long,0.003633165522741726,2.1162835668010045
16207,X121919_101_6,6VaVb,Positive,short,0.0032418179738932297,0.000793636158207887
16207,X121919_101_6,6VaVb,Positive,medium,0.003388109402988616,-0.22356443577999427
16207,X121919_101_6,6VaVb,Positive,long,0.0028900811699056413,-0.364006997222087
16209,X121919_106_4,6DC,Positive,short,0.0021254041236542114,-0.19943517198113603
16209,X121919_106_4,6DC,Positive,medium,0.0009758053389602149,0.16029844713867925
16209,X121919_106_4,6DC,Positive,long,6.786757841236018e-05,0.5701292341144232
16212,X121919_118_2,6DC,Positive,short,0.0017639992396164671,-6.0532252132247964e-05
16212,X121919_118_2,6DC,Positive,medium,0.001006058203224249,0.19526113149387098
16212,X121919_118_2,6DC,Positive,long,0.0013510111078174577,0.8356829363722571
16221,X122019_005_2,46d,Negative,short,0.0020220229527577187,1.1274874734253733
16221,X122019_005_2,46d,Negative,medium,-0.005517051142305691,0.34183717295821886
16221,X122019_005_2,46d,Negative,long,-0.006249212340208558,-0.6582919211202796
16222,X122019_011_3,12r,Positive,short,0.0044824188214907384,0.23208331821266306
16222,X122019_011_3,12r,Positive,medium,0.0042746776939391285,0.48214097303638975
16222,X122019_011_3,12r,Positive,long,0.005280783036072044,0.7445961989510995
16223,X122019_012_3,46v,Negative,short,-0.0025774434919509366,0.001838991432506159
16223,X122019_012_3,46v,Negative,medium,-0.0011064439958036517,-0.737486188031482
16223,X122019_012_3,46v,Negative,long,-0.0009549183941789712,-1.06089404964209
16225,X122019_013_3,46d,Negative,short,-0.0033072344877029115,-0.31366584290705385
16225,X122019_013_3,46d,Negative,medium,-0.0010234640209213068,-1.0143728429783203
16225,X122019_013_3,46d,Negative,long,-0.0009687319140514113,-1.2817541183330454
16228,X122019_018_3,12l,Negative,short,-0.0011366455687701824,-0.24086015464549346
16228,X122019_018_3,12l,Negative,medium,-0.0005851163263071189,-0.6559632753274603
16228,X122019_018_3,12l,Negative,long,-0.00015114897197983956,-0.8239273435859236
16231,X122019_027_4,12l,Positive,short,0.0038891289067446867,-0.07882928551591549
16231,X122019_027_4,12l,Positive,medium,0.00405433060402333,-0.017381935106116207
16231,X122019_027_4,12l,Positive,long,0.0034079321633353732,-0.012502504309667229
16232,X122019_031_3,8B,Negative,short,-0.002127137530137864,-0.04429549695970413
16232,X122019_031_3,8B,Negative,medium,-0.0009194360700107843,-0.5931460835572685
16232,X122019_031_3,8B,Negative,long,-0.0007225855298505845,-0.7634318333100558
16236,X122019_047_3,46v,Positive,short,0.0001265314773389293,-1.1330877419517758
16236,X122019_047_3,46v,Positive,medium,0.0009203110367184753,-0.6542212321436941
16236,X122019_047_3,46v,Positive,long,0.004861809474153967,0.7434917473747161
16244,X122019_078_3,8A,Negative,short,-0.0007252605505352707,1.0692613834434634
16244,X122019_078_3,8A,Negative,medium,-0.0041176533425162955,1.177708232016016
16244,X122019_078_3,8A,Negative,long,-0.002973787466386684,0.3226092976906155
16245,X122019_079_3,45,Positive,short,0.00300038870088081,0.475070557666101
16245,X122019_079_3,45,Positive,medium,0.003118034004230153,0.3152826353187011
16245,X122019_079_3,45,Positive,long,0.0027205579327008737,0.31357407292309286
16249,X122019_095_3,8A,Negative,short,-0.0029449657467971245,-0.4540505449925069
16249,X122019_095_3,8A,Negative,medium,-0.001094611685847715,-0.87729758829709
16249,X122019_095_3,8A,Negative,long,-0.00254422296460317,-1.066416622497476
16250,X122019_097_2,6DR,Negative,short,-0.0019329547349085034,0.5503262296274843
16250,X122019_097_2,6DR,Negative,medium,-0.0018519396757041657,-0.03421312759202009
16250,X122019_097_2,6DR,Negative,long,-0.0013107597213966745,-0.4452588980933791
16252,X122019_101_4,6VaVb,Positive,short,0.0033077396946275873,0.10367786519991826
16252,X122019_101_4,6VaVb,Positive,medium,0.0034100154752343174,0.735231120315872
16252,X122019_101_4,6VaVb,Positive,long,0.0033454750411554654,1.7295356760802563
16261,X122120_024_3,11ml,Negative,short,-0.0019217501129152356,-0.8925897557654119
16261,X122120_024_3,11ml,Negative,medium,-0.002336003683175813,-1.0461717082254167
16261,X122120_024_3,11ml,Negative,long,-0.001029175203420929,-1.0131130171397362
16273,X122120_057_3,12o,Negative,short,-0.0011551994155295088,1.2194908946603784
16273,X122120_057_3,12o,Negative,medium,-0.0028677058264604052,0.6019735459479136
16273,X122120_057_3,12o,Negative,long,-0.004031795086991163,-0.01977085469258847
16275,X122120_058_3,12o,Positive,short,0.0032827971612269104,0.6746975701928337
16275,X122120_058_3,12o,Positive,medium,0.002572615164752193,1.4203703346942704
16275,X122120_058_3,12o,Positive,long,0.0012221717247655154,2.2164744686167968
16281,X122120_068_2,12o,Positive,short,0.002209608628345488,-0.6264946771045286
16281,X122120_068_2,12o,Positive,medium,0.0007937414666969837,-0.3883381967313476
16281,X122120_068_2,12o,Positive,long,0.0010923674901415798,-0.0028231534101822477
16284,X122120_074_3,13m,Negative,short,-0.004248461611297668,0.20823381156327447
16284,X122120_074_3,13m,Negative,medium,0.0014243525040502384,-0.8354411352388138
16284,X122120_074_3,13m,Negative,long,-0.0015650498730091992,-0.5886478028868398
16285,X122120_077_2,12l,Positive,short,0.0038377444183069266,0.8147557035860251
16285,X122120_077_2,12l,Positive,medium,0.0033810566899480604,1.4502350963689326
16285,X122120_077_2,12l,Positive,long,0.0020257974157415026,1.7125313946490677
16289,X122120_097_2,cd,Negative,short,-0.002116069722395433,-0.10040871549643515
16289,X122120_097_2,cd,Negative,medium,-0.00030591059367929144,-0.19005965666072736
16289,X122120_097_2,cd,Negative,long,0.0002103442821345857,-0.10763378223321383
16292,X122120_104_2,45,Positive,short,0.0023898748988179217,-0.38086285345882376
16292,X122120_104_2,45,Positive,medium,0.002974325259338163,0.40694391473454844
16292,X122120_104_2,45,Positive,long,0.00293178789852078,1.1363302491072211
16296,X122120_138_3,AMG,Negative,short,-0.0025373597480163996,-0.7357198710139986
16296,X122120_138_3,AMG,Negative,medium,-0.0007117848316407091,-1.1776451113418414
16296,X122120_138_3,AMG,Negative,long,-1.342507591710197e-05,-1.1241818503809848
16302,X122120_153_1,pu,Positive,short,0.0012731017839433744,-0.7340253053260921
16302,X122120_153_1,pu,Positive,medium,0.0009019969369386433,-0.6011998817795723
16302,X122120_153_1,pu,Positive,long,0.000616092761017814,-0.550725011430842
16303,X122120_157_1,24c,Positive,short,0.0022976051587755395,-0.07740341471128488
16303,X122120_157_1,24c,Positive,medium,0.00068146005214793,1.1890405767570915
16303,X122120_157_1,24c,Positive,long,0.001775618332399625,1.6371017632984282
16305,X122220_004_3,12m,Positive,short,0.004475737168016698,-0.036746272706456126
16305,X122220_004_3,12m,Positive,medium,0.00351102894758298,-0.15251672403660668
16305,X122220_004_3,12m,Positive,long,0.003170942234790872,0.035517783562893736
16322,X122220_056_3,12l,Negative,short,-0.0007172812420363657,0.28068511624752346
16322,X122220_056_3,12l,Negative,medium,-0.0011209784542061106,0.4426580198363288
16322,X122220_056_3,12l,Negative,long,-0.00286453445469362,-0.41545078233399657
16323,X122220_058_2,12o,Positive,short,0.002806497382336203,0.7744533352647984
16323,X122220_058_2,12o,Positive,medium,0.002110783135881209,1.4040092800103885
16323,X122220_058_2,12o,Positive,long,0.00230833868640482,2.03024609632381
16340,X122220_109_3,cd,Negative,short,-0.004236296963246205,0.31696920399631556
16340,X122220_109_3,cd,Negative,medium,-0.0010177849831399148,-0.7738852297333991
16340,X122220_109_3,cd,Negative,long,0.001143601927279322,-1.0925208136761644
16347,X122220_153_2,pu,Positive,short,0.0017125904429961853,-0.23687593071420673
16347,X122220_153_2,pu,Positive,medium,0.0008049306613615206,-0.5486031027631633
16347,X122220_153_2,pu,Positive,long,0.0008009238049950787,-0.6104976605506189
16351,X122319_011_2,12r,Positive,short,0.002930615684766557,0.9161707738572468
16351,X122319_011_2,12r,Positive,medium,0.002021706828960284,1.5205100584347513
16351,X122319_011_2,12r,Positive,long,0.0011366833103957016,1.8623542480183124
16353,X122319_018_2,12l,Positive,short,0.000634388307653037,-0.7066033560404563
16353,X122319_018_2,12l,Positive,medium,0.0013677956631673305,-0.5045856106499467
16353,X122319_018_2,12l,Positive,long,0.0011632972238682592,-0.19473982709055365
16356,X122319_024_2,8B,Negative,short,-5.508089959649818e-05,1.4727061526747591
16356,X122319_024_2,8B,Negative,medium,-0.004015766287098806,0.468918944583871
16356,X122319_024_2,8B,Negative,long,-0.0035440106997320316,-0.2421653993937579
16359,X122319_040_3,8A,Positive,short,0.0026458731218910714,0.07925929234584819
16359,X122319_040_3,8A,Positive,medium,0.0022150386863712497,0.5349072817178984
16359,X122319_040_3,8A,Positive,long,0.0007432775470350987,0.47863303878640573
16360,X122319_047_1,46v,Positive,short,0.0024263591813739383,1.037064725294486
16360,X122319_047_1,46v,Positive,medium,0.0006737029292889346,1.6788781220821691
16360,X122319_047_1,46v,Positive,long,4.274402960094709e-05,1.7024509882966612
16363,X122319_072_5,46d,Positive,short,-0.0004467794806363144,-0.06006592475125047
16363,X122319_072_5,46d,Positive,medium,0.0029624454040707827,1.3089086336026374
16363,X122319_072_5,46d,Positive,long,0.003019564229022177,2.157626204899266
16366,X122319_086_2,6DR,Positive,short,0.0051818678155252105,0.026650819810457565
16366,X122319_086_2,6DR,Positive,medium,0.004223370196368926,-0.19989188001824298
16366,X122319_086_2,6DR,Positive,long,0.004725736893446503,1.0688364875344822
16369,X122319_090_2,8A,Negative,short,-0.0014359841210135969,-0.7199154484663748
16369,X122319_090_2,8A,Negative,medium,-0.0012565413071725278,-1.0712934342676312
16369,X122319_090_2,8A,Negative,long,-0.0007660103677842017,-1.2366431569696068
16371,X122319_097_3,6DR,Negative,short,-0.001946553279093361,0.34176392481743106
16371,X122319_097_3,6DR,Negative,medium,-0.0015539615388114327,-0.08873574714923661
16371,X122319_097_3,6DR,Negative,long,-0.0014492537005228133,-0.40503882026388843
16380,X122319_131_1,6DC,Positive,short,-0.00030707237866465636,-0.6834254298551309
16380,X122319_131_1,6DC,Positive,medium,0.0024036005682738135,0.6392026673544302
16380,X122319_131_1,6DC,Positive,long,0.0006754618418192911,1.0818838648212927
16383,X122319_143_1,6DC,Negative,short,-0.0033493645282259253,-0.677875594115861
16383,X122319_143_1,6DC,Negative,medium,-0.0011668641069038281,-1.4015033670550774
16383,X122319_143_1,6DC,Negative,long,-0.001381789388388067,-1.902827330119598
16384,X122320_004_3,12m,Positive,short,0.004807253174541107,-0.2251602878082023
16384,X122320_004_3,12m,Positive,medium,0.0029913569958654185,-0.25782047497874094
16384,X122320_004_3,12m,Positive,long,0.0027168452755679464,-0.0794708950364863
16386,X122320_015_4,11ml,Negative,short,-0.0036090227091638673,0.1644411354853358
16386,X122320_015_4,11ml,Negative,medium,-0.0017999540889429414,-1.1803308618247212
16386,X122320_015_4,11ml,Negative,long,-0.0005204670840074446,-1.6252577523026808
16390,X122320_032_3,13m,Negative,short,-7.3739954207781174e-06,1.456216088150583
16390,X122320_032_3,13m,Negative,medium,-0.0027706587891044372,1.3426990020096599
16390,X122320_032_3,13m,Negative,long,-0.0019291689538403149,0.628960532522311
16401,X122320_057_3,12o,Negative,short,-0.002738547211485224,-0.6661002812757949
16401,X122320_057_3,12o,Negative,medium,-0.002199299745058624,-0.6953005878047122
16401,X122320_057_3,12o,Negative,long,-0.0012634869797167874,-1.6937914849716098
16402,X122320_057_6,12o,Negative,short,-0.0018918448524872012,0.598223505627202
16402,X122320_057_6,12o,Negative,medium,-0.0024306212109442425,0.48724624099629854
16402,X122320_057_6,12o,Negative,long,-0.00396522815648193,-0.07786412745676996
16412,X122320_079_3,12o,Negative,short,-0.0005037813730504413,0.5934561797217799
16412,X122320_079_3,12o,Negative,medium,-0.0007322485207385825,0.5975704615852003
16412,X122320_079_3,12o,Negative,long,-0.0010236590182783158,-0.18993144391014313
16414,X122320_085_3,pu,Negative,short,-0.003276287054741044,0.5828591841669132
16414,X122320_085_3,pu,Negative,medium,-0.002644408398928284,-0.029013602054149483
16414,X122320_085_3,pu,Negative,long,-0.00048386597291716045,-0.562528459544289
16418,X122320_096_3,pu,Negative,short,-0.0004726652585804437,0.20634442543602796
16418,X122320_096_3,pu,Negative,medium,-0.002259510388198106,-1.1354175845219967
16418,X122320_096_3,pu,Negative,long,-0.0015441317610308085,-1.5645337357695606
16421,X122320_108_2,cd,Negative,short,-0.0025805022176397328,-0.08499981593840389
16421,X122320_108_2,cd,Negative,medium,-0.0012287989343689651,-0.39700943806287653
16421,X122320_108_2,cd,Negative,long,-0.0015862290691948107,-1.0400669503826865
16430,X122320_142_3,AMG,Negative,short,-0.0026842929388346706,-0.8110166237660111
16430,X122320_142_3,AMG,Negative,medium,-0.0006390112251984496,-1.2185485447306006
16430,X122320_142_3,AMG,Negative,long,0.00020824628558229066,-1.1976625913391494
16433,X122320_153_4,pu,Positive,short,0.001350328019865197,-0.5370824403453389
16433,X122320_153_4,pu,Positive,medium,0.0007968313298806181,-0.6027418026412387
16433,X122320_153_4,pu,Positive,long,0.0010203101493895944,-0.5778359239688531
16453,X122719_069_5,46v,Negative,short,-0.000745147213145161,-1.0844381717397846
16453,X122719_069_5,46v,Negative,medium,-0.0001915260440662027,-1.1983570646922324
16453,X122719_069_5,46v,Negative,long,-0.0005206059439863747,-1.2892068120683489
16458,X122719_112_3,6DR,Positive,short,0.00026010162669852803,-1.183029401222997
16458,X122719_112_3,6DR,Positive,medium,0.0016348363416054475,-0.8685040575097286
16458,X122719_112_3,6DR,Positive,long,0.002264983206710218,-0.42454876396172364
16460,X122719_132_3,6DC,Positive,short,0.0026230661206960997,-0.867265789551287
16460,X122719_132_3,6DC,Positive,medium,0.002744959609023211,-0.37062356661937
16460,X122719_132_3,6DC,Positive,long,0.002736674178340238,0.3305438929212244
16461,X122719_140_2,6DC,Negative,short,-0.0024118189875123545,-0.290805159111859
16461,X122719_140_2,6DC,Negative,medium,-0.0005560339638671808,-0.6880467658530852
16461,X122719_140_2,6DC,Negative,long,0.00012709836278893444,-0.7117831100044949
16466,X123019_025_7,8B,Negative,short,-0.0017305861727046836,-0.23808344732582593
16466,X123019_025_7,8B,Negative,medium,-0.0007085491150381848,-0.3838579884781417
16466,X123019_025_7,8B,Negative,long,-0.001384867485672041,-0.7894337891838118
16471,X123019_038_4,46v,Negative,short,-0.003259196137652439,-0.2014417679844418
16471,X123019_038_4,46v,Negative,medium,-0.0018015334495379198,-0.8367078454975975
16471,X123019_038_4,46v,Negative,long,-0.0011124576789352334,-1.442867455089747
16473,X123019_040_6,8A,Positive,short,0.0009350289489721333,-1.1518116279965431
16473,X123019_040_6,8A,Positive,medium,0.0024499883678185553,-0.33885088358788223
16473,X123019_040_6,8A,Positive,long,0.004782368264475185,1.507980266902069
16478,X123019_054_1,6DR,Positive,short,0.0025627470077699077,0.37752404973277365
16478,X123019_054_1,6DR,Positive,medium,0.0040983674181554125,0.5468003981542958
16478,X123019_054_1,6DR,Positive,long,0.005205288883963019,0.8449263207911949
16482,X123019_088_5,6DR,Negative,short,-0.0014781994251090072,0.09968663295754193
16482,X123019_088_5,6DR,Negative,medium,-0.002913797414717851,0.011252584426312051
16482,X123019_088_5,6DR,Negative,long,-0.0020623892220096147,-0.18487682034332809
16488,X123019_106_2,6DC,Negative,short,-0.0022232868259701648,-0.12566048220790205
16488,X123019_106_2,6DC,Negative,medium,-0.001726601510924851,-0.7652878176650271
16488,X123019_106_2,6DC,Negative,long,0.000702684803549322,-0.476356727212122
16492,X123019_117_3,6DC,Positive,short,0.0022388596136817445,-0.4091459609600661
16492,X123019_117_3,6DC,Positive,medium,0.004418823149678449,0.2305541088287029
16492,X123019_117_3,6DC,Positive,long,0.0040822541770891415,0.7248029035372066
