neuron_i,neuron_label,area,ramp_type,onset_ms
2,M021519_005_2,11ml,Positive,654.0
8,M021519_025_4,11ml,Negative,615.0
12,M021519_036_2,12o,Positive,148.0
20,M021519_066_1,45,Negative,247.0
22,M021519_066_7,45,Negative,504.0
23,M021519_069_1,12o,Negative,411.0
25,M021519_091_2,AI,Positive,542.0
37,M021519_128_1,AMG,Positive,638.0
45,M022219_025_3,11ml,Negative,492.0
49,M022219_060_3,13l,Positive,0.0
63,M022219_119_2,AMG,Positive,370.0
69,M022819_005_2,11ml,Positive,610.0
77,M022819_077_3,45,Negative,488.0
83,M022819_078_7,AI,Positive,476.0
98,M030118_005_2,11ml,Positive,591.0
107,M030118_016_4,46d,Negative,579.0
108,M030118_017_2,12l,Positive,0.0
123,M030118_042_3,46df,Negative,462.0
127,M030118_051_1,46df,Negative,571.0
146,M030118_090_2,8A,Negative,0.0
166,M030118_125_2,6DR,Positive,0.0
169,M030118_128_6,6DC,Positive,684.0
175,M030118_140_2,6DC,Positive,255.0
177,M030118_142_2,6DC,Negative,757.0
186,M030118_155_2,6DC,Negative,0.0
190,M030119_005_3,11ml,Positive,541.0
202,M030119_119_3,AMG,Positive,0.0
203,M030119_129_2,AMG,Positive,191.0
232,M030218_094_2,46d,Positive,184.0
239,M030218_108_2,6DR,Positive,517.0
245,M030218_128_6,6DC,Positive,561.0
255,M030518_005_2,11ml,Positive,419.0
320,M030618_068_3,46v,Negative,0.0
326,M030618_097_2,6DR,Positive,193.0
332,M030618_128_2,6DC,Positive,68.0
336,M030618_140_2,6DC,Negative,0.0
343,M030618_150_2,6DC,Negative,0.0
345,M030618_152_3,6DC,Negative,584.0
359,M030718_017_3,12l,Positive,2.0
366,M030718_029_2,12o,Positive,583.0
383,M030718_078_2,8A,Negative,0.0
402,M030718_142_2,6DC,Positive,435.0
421,M030818_018_3,12l,Positive,0.0
426,M030818_028_2,45,Positive,536.0
427,M030818_032_1,46v,Positive,450.0
439,M030818_078_2,8A,Negative,470.0
448,M030818_128_2,6DC,Positive,210.0
449,M030818_128_3,6DC,Positive,617.0
453,M030818_135_3,6DR,Negative,267.0
455,M030818_140_1,6DC,Negative,358.0
457,M030818_142_1,6DC,Negative,0.0
476,M030918_018_2,12l,Positive,235.0
478,M030918_023_2,46v,Negative,637.0
491,M030918_045_2,46v,Positive,27.0
497,M030918_055_2,46v,Positive,360.0
500,M030918_072_2,8B,Negative,0.0
509,M030918_100_2,6DR,Negative,402.0
516,M030918_128_2,6DC,Positive,609.0
517,M030918_128_4,6DC,Positive,128.0
523,M030918_140_2,6DC,Negative,32.0
525,M030918_142_2,6DC,Negative,0.0
527,M030918_150_2,6DC,Negative,103.0
538,M031218_005_2,11ml,Positive,611.0
564,M031218_083_2,8A,Positive,704.0
569,M031218_109_2,8B,Negative,506.0
571,M031218_117_1,6DC,Positive,0.0
573,M031218_125_2,6DR,Negative,638.0
574,M031218_128_2,6DC,Positive,618.0
585,M031218_140_2,6DC,Negative,644.0
587,M031218_142_1,6DC,Negative,546.0
606,M031318_010_2,12r,Negative,603.0
643,M031318_110_2,6DR,Negative,701.0
645,M031318_117_2,6DC,Positive,654.0
649,M031318_128_2,6DC,Positive,539.0
662,M031318_149_1,6DC,Positive,552.0
671,M032618_006_3,11ml,Positive,340.0
682,M032618_032_2,46v,Negative,456.0
720,M032618_117_2,6DC,Negative,0.0
722,M032618_117_4,6DC,Negative,446.0
739,M032618_147_2,6DC,Positive,0.0
746,M032718_006_2,11ml,Positive,421.0
747,M032718_006_3,11ml,Positive,703.0
770,M032718_067_3,8A,Negative,0.0
788,M032718_117_3,6DC,Negative,0.0
791,M032718_123_2,6DR,Negative,226.0
793,M032718_128_2,6DC,Positive,547.0
799,M032718_140_2,6DC,Positive,0.0
812,M032818_006_2,11ml,Positive,577.0
813,M032818_006_3,11ml,Positive,0.0
823,M032818_019_2,12m,Positive,726.0
842,M032818_068_2,46v,Negative,181.0
843,M032818_068_3,46v,Positive,74.0
867,M032818_123_1,6DR,Negative,294.0
872,M032818_128_3,6DC,Positive,13.0
875,M032818_135_2,6DR,Negative,519.0
887,M032818_147_8,6DC,Positive,431.0
930,M033018_097_3,6DR,Negative,111.0
934,M033018_105_2,6DR,Positive,196.0
936,M033018_106_3,6DR,Negative,0.0
940,M033018_117_1,6DC,Negative,85.0
959,M033018_147_1,6DC,Positive,0.0
978,M040218_036_1,45,Positive,144.0
998,M040218_077_2,8A,Positive,562.0
1000,M040218_079_2,46v,Negative,198.0
1010,M040218_110_1,6DR,Negative,479.0
1018,M040218_123_1,6DR,Negative,0.0
1019,M040218_125_1,6DR,Positive,26.0
1046,M040418_006_3,11ml,Positive,172.0
1050,M040418_010_4,12r,Negative,347.0
1051,M040418_010_5,12r,Positive,176.0
1052,M040418_011_1,46v,Negative,355.0
1054,M040418_012_2,12r,Negative,303.0
1069,M040418_036_3,45,Positive,115.0
1077,M040418_065_2,6DR,Negative,466.0
1079,M040418_067_1,8A,Negative,232.0
1085,M040418_077_1,8A,Positive,532.0
1092,M040418_109_3,8B,Negative,659.0
1100,M040418_128_3,6DC,Positive,176.0
1110,M040418_147_1,6DC,Positive,472.0
1112,M040418_147_5,6DC,Positive,165.0
1113,M040418_152_1,6DC,Negative,355.0
1118,M040418_153_3,6DC,Negative,0.0
1133,M041018_017_2,12l,Positive,298.0
1139,M041018_036_2,45,Positive,678.0
1144,M041018_067_1,8A,Negative,423.0
1165,M041018_108_2,6DR,Positive,500.0
1172,M041018_125_2,6DR,Positive,0.0
1174,M041018_128_3,6DC,Negative,303.0
1210,M041118_036_2,45,Positive,400.0
1222,M041118_067_2,8A,Negative,0.0
1223,M041118_067_3,8A,Negative,233.0
1229,M041118_077_2,8A,Positive,355.0
1231,M041118_080_4,46d,Positive,450.0
1236,M041118_106_2,6DR,Positive,441.0
1242,M041118_128_3,6DC,Negative,101.0
1250,M041118_147_1,6DC,Positive,386.0
1282,M041618_036_1,45,Positive,284.0
1303,M041618_097_3,6DR,Negative,664.0
1314,M041618_118_2,6DC,Positive,0.0
1315,M041618_125_1,6DR,Positive,0.0
1321,M041618_136_2,6DR,Positive,294.0
1325,M041618_147_2,6DC,Positive,602.0
1355,M041718_042_2,46df,Negative,432.0
1403,M041818_017_2,12l,Positive,655.0
1408,M041818_026_2,12l,Negative,167.0
1412,M041818_036_2,45,Positive,486.0
1453,M041818_147_1,6DC,Positive,352.0
1466,M041918_014_2,46v,Negative,0.0
1470,M041918_017_1,12l,Positive,0.0
1481,M041918_036_1,45,Positive,627.0
1491,M041918_080_3,46d,Negative,0.0
1498,M041918_110_2,6DR,Negative,112.0
1499,M041918_113_1,6DR,Positive,407.0
1500,M041918_113_2,6DR,Positive,46.0
1505,M041918_128_1,6DC,Negative,514.0
1514,M041918_147_2,6DC,Positive,218.0
1515,M041918_147_4,6DC,Positive,416.0
1532,M042018_036_2,45,Positive,599.0
1536,M042018_039_5,46v,Positive,382.0
1540,M042018_061_2,46df,Positive,165.0
1541,M042018_071_3,46v,Negative,49.0
1557,M042018_109_6,8B,Positive,138.0
1559,M042018_113_4,6DR,Positive,510.0
1566,M042018_118_3,6DC,Positive,302.0
1572,M042018_138_2,6DC,Positive,216.0
1577,M042018_147_1,6DC,Positive,319.0
1579,M042018_147_5,6DC,Positive,570.0
1585,M042318_005_3,11ml,Positive,334.0
1590,M042318_024_4,46df,Negative,570.0
1595,M042318_032_1,46v,Negative,637.0
1609,M042318_092_1,46v,Negative,56.0
1619,M042318_113_6,6DR,Positive,422.0
1625,M042318_118_1,6DC,Negative,592.0
1628,M042318_128_1,6DC,Negative,0.0
1635,M042318_139_3,6DC,Positive,453.0
1700,M042418_139_6,6DC,Positive,214.0
1706,M042418_147_1,6DC,Positive,340.0
1727,M042518_028_3,12o,Positive,66.0
1736,M042518_045_5,46v,Negative,559.0
1753,M042518_092_1,46v,Negative,552.0
1757,M042518_104_2,6DR,Positive,120.0
1760,M042518_109_4,8B,Negative,605.0
1762,M042518_113_3,6DR,Positive,134.0
1763,M042518_113_4,6DR,Positive,232.0
1768,M042518_128_4,6DC,Negative,0.0
1779,M042518_142_5,6DC,Negative,0.0
1784,M042518_147_6,6DC,Positive,603.0
1813,M042618_066_3,8A,Positive,632.0
1814,M042618_066_5,8A,Negative,0.0
1819,M042618_080_3,46d,Negative,0.0
1829,M042618_113_4,6DR,Positive,496.0
1830,M042618_115_2,6DC,Positive,555.0
1842,M042618_139_2,6DC,Positive,0.0
1848,M042618_147_1,6DC,Positive,631.0
1869,M042718_032_2,46v,Negative,0.0
1873,M042718_039_2,46v,Negative,66.0
1895,M042718_115_3,6DC,Positive,491.0
1902,M042718_135_3,6DR,Negative,0.0
1906,M042718_139_4,6DC,Positive,411.0
1916,M050118_005_3,11ml,Positive,605.0
1927,M050118_017_2,12l,Positive,621.0
1929,M050118_018_5,12l,Negative,655.0
1930,M050118_022_2,11ml,Negative,0.0
1943,M050118_053_5,46df,Negative,560.0
1946,M050118_055_5,45,Positive,380.0
1956,M050118_097_4,8B,Negative,417.0
1962,M050118_114_3,45,Positive,182.0
1967,M050118_125_1,6DR,Negative,0.0
1978,M050118_147_9,6DC,Positive,661.0
1979,M050118_152_1,6DC,Positive,504.0
1994,M050218_017_4,12l,Positive,585.0
2010,M050218_055_2,45,Positive,0.0
2012,M050218_066_2,8A,Positive,500.0
2018,M050218_080_2,46d,Negative,0.0
2025,M050218_109_3,8B,Negative,399.0
2036,M050218_125_1,6DR,Negative,215.0
2040,M050218_138_3,6DC,Positive,0.0
2061,M050318_017_2,12l,Positive,519.0
2064,M050318_018_5,12l,Positive,606.0
2072,M050318_036_3,45,Negative,422.0
2090,M050318_115_6,6DC,Negative,513.0
2091,M050318_116_3,6DC,Positive,10.0
2110,M050418_007_3,46v,Negative,682.0
2129,M050418_035_2,45,Positive,661.0
2138,M050418_067_5,8A,Negative,0.0
2139,M050418_067_6,8A,Negative,318.0
2140,M050418_080_1,46d,Negative,152.0
2150,M050418_119_3,pu,Positive,284.0
2153,M050418_135_3,6DR,Negative,241.0
2163,M050718_013_1,11ml,Negative,706.0
2172,M050718_036_1,45,Negative,95.0
2179,M050718_067_2,8A,Negative,389.0
2181,M050718_080_8,46d,Positive,194.0
2182,M050718_090_2,45,Positive,78.0
2191,M050718_113_3,6DR,Negative,153.0
2208,M050818_018_2,12l,Positive,326.0
2218,M050818_036_2,45,Negative,168.0
2224,M050818_065_5,6DR,Negative,359.0
2227,M050818_068_3,AI,Negative,440.0
2229,M050818_080_4,46d,Negative,270.0
2230,M050818_091_2,44,Positive,561.0
2231,M050818_101_4,46v,Negative,11.0
2234,M050818_109_5,8B,Positive,567.0
2237,M050818_118_5,pu,Negative,500.0
2238,M050818_119_1,pu,Negative,495.0
2250,M050918_006_3,11ml,Positive,585.0
2267,M050918_036_2,45,Negative,0.0
2273,M050918_067_2,8A,Positive,363.0
2278,M050918_101_1,46v,Negative,344.0
2288,M050918_125_2,24c,Negative,465.0
2295,M050918_142_3,6DC,Positive,490.0
2315,M051018_036_2,45,Negative,0.0
2320,M051018_067_2,8A,Positive,646.0
2324,M051018_080_1,46d,Negative,302.0
2331,M051018_109_4,8B,Negative,524.0
2339,M051018_134_5,6DR,Negative,117.0
2365,M051118_018_6,12l,Positive,597.0
2368,M051118_036_2,45,Negative,0.0
2375,M051118_067_3,8A,Negative,0.0
2380,M051118_090_3,45,Positive,651.0
2391,M051118_118_6,pu,Negative,146.0
2393,M051118_123_3,cd,Positive,454.0
2408,M051418_005_3,11ml,Positive,622.0
2414,M051418_013_4,11ml,Positive,636.0
2422,M051418_036_3,45,Positive,696.0
2432,M051418_078_1,45,Negative,0.0
2439,M051418_104_2,6VaVb,Negative,227.0
2443,M051418_116_3,6DC,Negative,435.0
2444,M051418_116_4,6DC,Negative,446.0
2446,M051418_118_3,pu,Negative,410.0
2456,M051418_147_4,6DC,Negative,355.0
2462,M051518_005_2,11ml,Positive,597.0
2466,M051518_013_3,11ml,Positive,579.0
2484,M051518_078_1,45,Negative,63.0
2486,M051518_090_3,45,Positive,610.0
2490,M051518_100_4,6DR,Negative,300.0
2491,M051518_101_2,46v,Negative,626.0
2492,M051518_104_2,6VaVb,Negative,348.0
2500,M051518_118_3,pu,Negative,616.0
2501,M051518_119_1,pu,Negative,341.0
2530,M051618_013_4,11ml,Positive,399.0
2544,M051618_060_3,13l,Positive,627.0
2549,M051618_078_3,45,Positive,464.0
2550,M051618_078_4,45,Negative,0.0
2552,M051618_090_3,45,Positive,601.0
2555,M051618_097_2,8B,Negative,298.0
2564,M051618_113_6,6DR,Positive,249.0
2566,M051618_116_2,6DC,Positive,570.0
2572,M051618_125_1,24c,Positive,590.0
2577,M051618_144_3,6DC,Positive,277.0
2586,M051618_154_2,cd,Negative,538.0
2590,M051718_005_2,11ml,Positive,510.0
2598,M051718_013_3,11ml,Positive,709.0
2606,M051718_060_2,13l,Positive,676.0
2609,M051718_065_6,6DR,Positive,658.0
2610,M051718_066_2,45,Negative,417.0
2613,M051718_078_3,45,Negative,55.0
2614,M051718_090_3,45,Positive,633.0
2618,M051718_101_1,46v,Negative,435.0
2629,M051718_118_4,pu,Negative,0.0
2642,M051718_146_4,6DC,Positive,138.0
2648,M051718_154_2,cd,Negative,524.0
2651,M051818_005_2,11ml,Positive,593.0
2661,M051818_013_3,11ml,Positive,614.0
2669,M051818_054_3,13m,Negative,0.0
2670,M051818_065_2,6DR,Positive,593.0
2671,M051818_066_3,45,Negative,149.0
2673,M051818_078_2,45,Negative,570.0
2674,M051818_080_2,46v,Positive,546.0
2677,M051818_090_3,45,Positive,598.0
2681,M051818_100_3,6DR,Negative,0.0
2683,M051818_104_2,6VaVb,Positive,274.0
2691,M051818_116_3,6DC,Positive,0.0
2704,M051818_152_2,6DC,Positive,354.0
2705,M051818_152_4,6DC,Positive,493.0
2709,M052118_005_2,11ml,Positive,480.0
2710,M052118_005_3,11ml,Positive,650.0
2717,M052118_013_4,11ml,Positive,662.0
2719,M052118_017_2,12l,Positive,647.0
2727,M052118_025_3,46v,Negative,89.0
2732,M052118_036_5,45,Negative,283.0
2739,M052118_065_4,6DR,Positive,536.0
2745,M052118_091_2,44,Positive,446.0
2751,M052118_101_3,46v,Negative,410.0
2752,M052118_104_1,6VaVb,Positive,201.0
2761,M052118_117_1,6DC,Positive,106.0
2772,M052118_152_1,6DC,Positive,47.0
2774,M052118_152_5,6DC,Positive,0.0
2775,M052118_154_2,cd,Negative,477.0
2780,M052218_005_3,11ml,Positive,541.0
2786,M052218_013_5,11ml,Positive,607.0
2794,M052218_036_3,45,Negative,43.0
2804,M052218_065_3,6DR,Positive,214.0
2806,M052218_078_1,45,Negative,0.0
2807,M052218_078_4,45,Negative,568.0
2809,M052218_080_1,46v,Positive,0.0
2811,M052218_090_3,45,Positive,598.0
2812,M052218_096_3,8B,Negative,200.0
2821,M052218_104_3,6VaVb,Positive,474.0
2843,M052218_152_6,6DC,Positive,322.0
2854,M052318_013_3,11ml,Positive,626.0
2862,M052318_025_4,46v,Positive,314.0
2863,M052318_033_4,11ml,Negative,326.0
2875,M052318_065_3,6DR,Positive,440.0
2885,M052318_090_1,45,Positive,610.0
2887,M052318_091_6,44,Positive,655.0
2888,M052318_091_7,44,Positive,276.0
2896,M052318_104_1,6VaVb,Positive,0.0
2902,M052318_113_5,6DR,Negative,395.0
2904,M052318_116_3,6DC,Positive,229.0
2906,M052318_117_1,6DC,Positive,574.0
2918,M052318_136_8,24c,Negative,0.0
2927,M052318_152_2,6DC,Positive,566.0
2928,M052318_152_4,6DC,Positive,253.0
2933,M052418_005_2,11ml,Positive,455.0
2935,M052418_006_5,11ml,Positive,298.0
2941,M052418_013_4,11ml,Positive,498.0
2943,M052418_017_3,12l,Positive,521.0
2953,M052418_061_4,13l,Positive,142.0
2954,M052418_065_2,6DR,Positive,501.0
2960,M052418_078_4,45,Negative,54.0
2962,M052418_090_2,45,Positive,597.0
2963,M052418_090_5,45,Positive,562.0
2966,M052418_091_6,44,Positive,521.0
2970,M052418_101_1,46v,Negative,277.0
2978,M052418_113_4,6DR,Positive,0.0
2986,M052418_136_1,24c,Negative,0.0
3001,M052518_005_3,11ml,Positive,604.0
3004,M052518_006_6,11ml,Positive,141.0
3009,M052518_013_1,11ml,Positive,651.0
3019,M052518_026_3,45,Positive,667.0
3028,M052518_061_4,13l,Positive,601.0
3029,M052518_065_2,6DR,Positive,532.0
3031,M052518_078_3,45,Positive,64.0
3032,M052518_090_2,45,Positive,632.0
3035,M052518_091_2,44,Positive,547.0
3037,M052518_091_7,44,Positive,500.0
3041,M052518_101_2,46v,Negative,463.0
3044,M052518_106_4,6DR,Positive,344.0
3071,M052518_147_1,6DC,Negative,0.0
3081,M052918_005_2,11ml,Positive,605.0
3082,M052918_006_3,11ml,Positive,638.0
3086,M052918_013_3,11ml,Positive,626.0
3097,M052918_036_4,45,Positive,236.0
3098,M052918_039_2,13l,Positive,437.0
3111,M052918_090_3,45,Positive,656.0
3114,M052918_101_1,46v,Negative,379.0
3137,M053018_006_4,11ml,Positive,0.0
3141,M053018_013_3,11ml,Positive,599.0
3146,M053018_033_2,11ml,Negative,392.0
3147,M053018_036_1,45,Positive,486.0
3156,M053018_078_4,45,Positive,195.0
3160,M053018_090_3,45,Positive,596.0
3165,M053018_101_3,46v,Negative,84.0
3191,M053118_005_2,11ml,Positive,584.0
3193,M053118_006_1,11ml,Positive,534.0
3199,M053118_012_3,12r,Negative,426.0
3201,M053118_013_3,11ml,Positive,679.0
3208,M053118_036_1,45,Positive,633.0
3222,M053118_090_2,45,Positive,632.0
3227,M053118_101_2,46v,Negative,0.0
3232,M053118_109_3,8B,Negative,155.0
3249,M053118_147_1,6DC,Negative,148.0
3257,M060118_007_4,11ml,Positive,569.0
3262,M060118_013_3,11ml,Positive,679.0
3271,M060118_036_3,45,Positive,435.0
3276,M060118_061_2,13l,Positive,528.0
3282,M060118_078_2,45,Negative,521.0
3286,M060118_090_3,45,Positive,640.0
3287,M060118_091_3,44,Negative,540.0
3291,M060118_101_2,46v,Negative,567.0
3296,M060118_109_4,8B,Negative,0.0
3301,M060118_119_4,pu,Negative,290.0
3320,M060418_005_2,11ml,Positive,0.0
3321,M060418_005_3,11ml,Positive,539.0
3323,M060418_007_2,11ml,Positive,328.0
3341,M060418_036_2,45,Positive,461.0
3351,M060418_072_4,46d,Negative,168.0
3356,M060418_090_2,45,Positive,674.0
3358,M060418_091_3,44,Positive,667.0
3359,M060418_091_5,44,Positive,270.0
3360,M060418_097_2,8B,Positive,442.0
3361,M060418_097_4,8B,Positive,371.0
3369,M060418_116_2,6DC,Negative,0.0
3370,M060418_119_3,pu,Negative,20.0
3371,M060418_119_5,pu,Negative,331.0
3385,M060418_152_3,6DC,Positive,603.0
3386,M060418_152_4,6DC,Positive,383.0
3390,M060518_007_1,11ml,Positive,474.0
3392,M060518_012_3,12r,Negative,313.0
3393,M060518_013_2,11ml,Positive,557.0
3397,M060518_017_4,12l,Positive,92.0
3405,M060518_036_1,45,Positive,287.0
3414,M060518_078_1,45,Negative,124.0
3418,M060518_090_3,45,Positive,604.0
3419,M060518_091_3,44,Positive,604.0
3420,M060518_091_4,44,Positive,431.0
3421,M060518_097_3,8B,Positive,421.0
3430,M060518_116_3,6DC,Negative,128.0
3431,M060518_119_1,pu,Negative,234.0
3432,M060518_119_5,pu,Negative,340.0
3434,M060518_133_4,6DR,Negative,0.0
3439,M060518_138_1,6DC,Negative,456.0
3440,M060518_146_1,6DC,Positive,0.0
3447,M060518_152_3,6DC,Positive,543.0
3449,M060518_152_8,6DC,Positive,503.0
3459,M060618_013_3,11ml,Positive,605.0
3468,M060618_036_2,45,Positive,327.0
3469,M060618_045_1,45,Positive,503.0
3482,M060618_090_3,45,Positive,637.0
3483,M060618_091_1,44,Positive,0.0
3484,M060618_091_4,44,Positive,253.0
3490,M060618_101_4,46v,Negative,0.0
3502,M060618_116_2,6DC,Negative,193.0
3505,M060618_118_3,pu,Negative,218.0
3506,M060618_119_1,pu,Negative,451.0
3507,M060618_119_7,pu,Negative,0.0
3519,M060618_147_4,6DC,Negative,168.0
3532,M060718_013_3,11ml,Positive,617.0
3540,M060718_036_3,45,Positive,468.0
3542,M060718_054_3,13m,Negative,608.0
3549,M060718_090_3,45,Positive,602.0
3550,M060718_091_1,44,Positive,598.0
3551,M060718_091_3,44,Positive,452.0
3555,M060718_101_4,46v,Negative,54.0
3566,M060718_116_4,6DC,Negative,129.0
3571,M060718_133_3,6DR,Negative,553.0
3573,M060718_136_2,24c,Negative,88.0
3574,M060718_136_4,24c,Negative,579.0
3575,M060718_138_1,6DC,Negative,573.0
3577,M060718_144_1,6DC,Negative,144.0
3578,M060718_144_2,6DC,Positive,198.0
3580,M060718_146_1,6DC,Positive,287.0
3590,M060818_005_2,11ml,Positive,649.0
3591,M060818_005_3,11ml,Negative,8.0
3596,M060818_012_3,12r,Negative,112.0
3597,M060818_013_3,11ml,Positive,668.0
3608,M060818_036_1,45,Positive,447.0
3612,M060818_061_3,13l,Negative,0.0
3618,M060818_090_2,45,Positive,648.0
3620,M060818_091_4,44,Positive,395.0
3621,M060818_097_3,8B,Negative,680.0
3624,M060818_101_2,46v,Negative,347.0
3625,M060818_101_3,46v,Negative,363.0
3636,M060818_116_3,6DC,Negative,133.0
3637,M060818_118_2,pu,Negative,452.0
3653,M060818_147_1,6DC,Negative,0.0
3671,M061118_017_2,12l,Positive,457.0
3677,M061118_036_3,45,Positive,277.0
3680,M061118_054_2,13m,Positive,551.0
3681,M061118_060_3,13l,Positive,606.0
3688,M061118_090_3,45,Positive,608.0
3689,M061118_091_3,44,Positive,395.0
3693,M061118_097_4,8B,Positive,24.0
3694,M061118_100_3,24c,Negative,0.0
3696,M061118_101_2,46v,Negative,72.0
3697,M061118_104_3,6VaVb,Negative,605.0
3698,M061118_104_4,6VaVb,Positive,272.0
3722,M061218_012_2,12r,Negative,446.0
3726,M061218_017_5,12l,Positive,617.0
3735,M061218_054_2,13m,Positive,205.0
3737,M061218_066_3,45,Positive,666.0
3740,M061218_072_2,46d,Positive,669.0
3742,M061218_072_6,46d,Positive,102.0
3743,M061218_077_3,AI,Negative,179.0
3745,M061218_090_3,45,Positive,619.0
3746,M061218_091_3,44,Positive,598.0
3747,M061218_097_3,8B,Positive,136.0
3748,M061218_100_3,24c,Negative,595.0
3750,M061218_101_5,46v,Negative,683.0
3751,M061218_104_3,6VaVb,Negative,454.0
3753,M061218_109_2,8B,Negative,290.0
3768,M061318_006_1,11ml,Positive,572.0
3769,M061318_012_2,12r,Negative,399.0
3770,M061318_013_1,11ml,Positive,0.0
3774,M061318_017_5,12l,Positive,117.0
3775,M061318_018_1,12l,Positive,515.0
3784,M061318_054_1,13m,Positive,388.0
3785,M061318_060_3,13l,Positive,164.0
3787,M061318_066_4,45,Positive,193.0
3790,M061318_072_2,46d,Positive,478.0
3793,M061318_090_2,45,Positive,630.0
3796,M061318_097_3,8B,Positive,602.0
3797,M061318_100_1,24c,Negative,608.0
3800,M061318_104_2,6VaVb,Negative,0.0
3810,M061318_136_1,24c,Negative,338.0
3825,M061518_013_3,11ml,Negative,117.0
3826,M061518_017_4,12l,Positive,621.0
3827,M061518_017_5,12l,Positive,594.0
3831,M061518_054_1,13m,Positive,291.0
3838,M061518_078_3,45,Negative,0.0
3840,M061518_090_3,45,Positive,600.0
3842,M061518_093_3,AI,Negative,0.0
3843,M061518_097_3,8B,Positive,0.0
3846,M061518_100_4,24c,Positive,233.0
3849,M061518_104_3,6VaVb,Negative,450.0
3851,M061518_109_3,8B,Negative,304.0
3857,M061518_134_1,6DR,Negative,424.0
3874,M061818_004_3,11ml,Positive,304.0
3875,M061818_005_2,11ml,Positive,678.0
3878,M061818_011_3,46v,Positive,313.0
3882,M061818_013_3,11ml,Negative,301.0
3883,M061818_017_3,12l,Positive,574.0
3884,M061818_017_5,12l,Positive,0.0
3892,M061818_054_2,13m,Positive,361.0
3896,M061818_072_3,46d,Negative,223.0
3899,M061818_077_2,AI,Negative,0.0
3901,M061818_078_3,45,Positive,0.0
3904,M061818_090_3,45,Positive,603.0
3906,M061818_097_3,8B,Positive,0.0
3908,M061818_104_2,6VaVb,Negative,358.0
3915,M061818_138_1,6DC,Positive,643.0
3926,M061818_153_2,cd,Positive,598.0
3934,M061918_017_5,12l,Positive,0.0
3935,M061918_018_3,12l,Positive,290.0
3942,M061918_054_2,13m,Positive,394.0
3943,M061918_064_1,13m,Negative,71.0
3948,M061918_078_3,45,Positive,40.0
3949,M061918_078_5,45,Positive,210.0
3954,M061918_097_3,8B,Positive,553.0
3958,M061918_101_3,46v,Negative,507.0
3983,M062018_017_4,12l,Positive,538.0
3984,M062018_018_2,12l,Positive,669.0
3990,M062018_036_3,45,Negative,531.0
3992,M062018_054_2,13m,Positive,292.0
3996,M062018_072_3,46d,Negative,530.0
3997,M062018_078_3,45,Positive,0.0
3998,M062018_090_2,45,Positive,589.0
4001,M062018_097_2,8B,Positive,184.0
4002,M062018_101_3,46v,Negative,91.0
4014,M062018_146_2,6DC,Negative,450.0
4015,M062018_146_3,6DC,Positive,531.0
4029,M062118_017_3,12l,Positive,558.0
4030,M062118_017_5,12l,Positive,21.0
4040,M062118_054_3,13m,Positive,357.0
4041,M062118_064_1,13m,Negative,543.0
4044,M062118_072_2,46d,Negative,317.0
4045,M062118_078_3,45,Positive,20.0
4049,M062118_097_3,8B,Positive,0.0
4052,M062118_101_2,46v,Negative,685.0
4053,M062118_106_3,6DR,Positive,398.0
4070,M062118_157_2,24c,Negative,0.0
4078,M062218_017_2,12l,Positive,465.0
4080,M062218_017_6,12l,Positive,578.0
4081,M062218_019_3,12m,Negative,113.0
4091,M062218_054_2,13m,Positive,62.0
4094,M062218_064_2,13m,Negative,0.0
4100,M062218_090_3,45,Positive,613.0
4102,M062218_097_3,8B,Positive,0.0
4104,M062218_101_3,46v,Negative,0.0
4105,M062218_104_3,6VaVb,Negative,523.0
4106,M062218_106_2,6DR,Positive,580.0
4122,M062218_152_4,6DC,Positive,295.0
4125,M062618_005_1,11ml,Positive,635.0
4126,M062618_007_2,11ml,Negative,0.0
4130,M062618_017_1,12l,Positive,317.0
4131,M062618_017_4,12l,Positive,262.0
4132,M062618_017_5,12l,Positive,358.0
4138,M062618_033_3,11ml,Negative,0.0
4142,M062618_064_2,13m,Negative,412.0
4148,M062618_072_2,46d,Negative,361.0
4152,M062618_091_2,44,Positive,497.0
4154,M062618_097_2,8B,Positive,730.0
4158,M062618_101_1,46v,Negative,192.0
4168,M062618_144_1,6DC,Positive,0.0
4170,M062618_146_3,6DC,Negative,0.0
4174,M062618_152_1,6DC,Positive,489.0
4175,M062618_152_4,6DC,Negative,312.0
4181,M062718_007_4,11ml,Negative,0.0
4187,M062718_017_3,12l,Positive,357.0
4198,M062718_054_2,13m,Positive,0.0
4205,M062718_077_3,AI,Positive,553.0
4208,M062718_090_3,45,Positive,615.0
4209,M062718_091_2,44,Positive,477.0
4210,M062718_093_1,AI,Negative,243.0
4215,M062718_101_3,46v,Negative,526.0
4218,M062718_106_2,6DR,Positive,342.0
4237,M062718_144_3,6DC,Positive,196.0
4238,M062718_146_1,6DC,Positive,231.0
4242,M062718_152_2,6DC,Positive,475.0
4243,M062718_152_5,6DC,Negative,266.0
4253,M062818_011_3,46v,Positive,0.0
4256,M062818_017_2,12l,Positive,0.0
4258,M062818_017_6,12l,Positive,153.0
4265,M062818_034_2,11ml,Positive,551.0
4269,M062818_054_3,13m,Positive,39.0
4271,M062818_061_2,13l,Negative,557.0
4276,M062818_077_3,AI,Positive,0.0
4279,M062818_090_3,45,Positive,593.0
4282,M062818_097_3,8B,Positive,121.0
4285,M062818_101_3,46v,Negative,0.0
4288,M062818_113_3,6DR,Positive,13.0
4310,M062818_147_5,6DC,Negative,341.0
4312,M062818_152_1,6DC,Positive,0.0
4324,M062918_017_3,12l,Positive,104.0
4325,M062918_017_5,12l,Positive,470.0
4328,M062918_024_1,46v,Negative,615.0
4332,M062918_034_4,11ml,Negative,88.0
4338,M062918_054_2,13m,Positive,0.0
4346,M062918_090_3,45,Positive,581.0
4347,M062918_097_2,8B,Positive,0.0
4349,M062918_101_1,46v,Negative,340.0
4355,M062918_113_3,6DR,Positive,9.0
4361,M062918_134_1,6DR,Negative,0.0
4367,M062918_138_3,6DC,Positive,557.0
4374,M062918_147_4,6DC,Negative,78.0
4376,M062918_152_2,6DC,Negative,319.0
4379,M070218_005_3,11ml,Positive,558.0
4387,M070218_011_3,46v,Positive,348.0
4388,M070218_013_2,11ml,Positive,680.0
4392,M070218_028_3,12o,Positive,90.0
4395,M070218_036_4,45,Positive,531.0
4400,M070218_054_2,13m,Positive,388.0
4403,M070218_064_2,13m,Negative,434.0
4408,M070218_072_2,46v,Positive,236.0
4412,M070218_090_2,45,Positive,631.0
4414,M070218_097_2,8B,Positive,0.0
4417,M070218_101_3,46v,Negative,134.0
4421,M070218_113_5,6DR,Positive,559.0
4423,M070218_125_1,24c,Negative,0.0
4424,M070218_128_3,6DC,Negative,351.0
4428,M070218_134_2,6DR,Negative,285.0
4436,M070218_147_5,6DC,Negative,0.0
4437,M070218_152_2,6DC,Negative,621.0
4438,M070218_156_4,cd,Negative,0.0
4439,M070218_157_2,24c,Negative,726.0
4441,M070318_005_2,11ml,Positive,613.0
4446,M070318_007_4,11ml,Negative,234.0
4450,M070318_013_3,11ml,Positive,94.0
4453,M070318_017_4,12l,Positive,585.0
4462,M070318_054_3,13m,Positive,497.0
4468,M070318_078_1,44,Positive,609.0
4471,M070318_097_3,8B,Negative,216.0
4482,M070318_128_4,6DC,Positive,572.0
4485,M070318_134_1,6DR,Negative,538.0
4496,M070318_147_1,6DC,Negative,142.0
4498,M070318_149_2,pu,Negative,19.0
4504,M070418_005_2,11ml,Positive,716.0
4507,M070418_007_2,11ml,Negative,0.0
4513,M070418_013_3,11ml,Positive,661.0
4515,M070418_017_4,12l,Positive,137.0
4523,M070418_036_2,45,Positive,27.0
4530,M070418_054_1,13m,Positive,424.0
4534,M070418_066_2,45,Positive,536.0
4540,M070418_090_4,45,Positive,660.0
4542,M070418_097_3,8B,Negative,545.0
4552,M070418_128_5,6DC,Negative,0.0
4555,M070418_134_3,6DR,Negative,610.0
4557,M070418_134_7,6DR,Positive,600.0
4562,M070418_144_1,6DC,Positive,668.0
4565,M070418_147_1,6DC,Negative,272.0
4570,M070518_005_4,11ml,Positive,622.0
4580,M070518_019_2,12m,Positive,286.0
4582,M070518_022_2,11ml,Negative,475.0
4595,M070518_054_3,13m,Positive,593.0
4597,M070518_065_4,24c,Negative,37.0
4603,M070518_090_3,45,Positive,620.0
4610,M070518_106_3,pu,Negative,70.0
4613,M070518_113_2,24c,Positive,379.0
4616,M070518_128_3,6DC,Negative,268.0
4617,M070518_128_4,6DC,Negative,226.0
4631,M070518_147_3,6DC,Negative,0.0
4639,M070618_005_5,11ml,Positive,628.0
4647,M070618_017_4,12l,Positive,313.0
4648,M070618_019_2,12m,Positive,121.0
4649,M070618_022_2,11ml,Negative,0.0
4661,M070618_054_3,13m,Positive,577.0
4664,M070618_066_2,45,Positive,498.0
4671,M070618_090_3,45,Positive,622.0
4672,M070618_097_3,8B,Negative,694.0
4680,M070618_128_3,6DC,Negative,0.0
4681,M070618_128_5,6DC,Negative,64.0
4694,M070618_144_3,6DC,Positive,189.0
4695,M070618_147_4,6DC,Negative,0.0
4700,M070618_156_2,cd,Positive,639.0
4703,M070918_005_3,11ml,Positive,591.0
4712,M070918_017_4,12l,Positive,561.0
4713,M070918_019_3,12m,Positive,430.0
4714,M070918_019_4,12m,Positive,0.0
4720,M070918_026_4,45,Positive,527.0
4726,M070918_054_1,13m,Positive,529.0
4731,M070918_069_1,12o,Positive,0.0
4741,M070918_097_1,8B,Negative,591.0
4752,M070918_128_4,6DC,Negative,681.0
4761,M070918_144_3,6DC,Positive,551.0
4763,M070918_147_3,6DC,Negative,0.0
4766,M071018_005_2,11ml,Positive,596.0
4776,M071018_017_6,12l,Positive,559.0
4778,M071018_019_4,12m,Positive,0.0
4781,M071018_026_4,45,Positive,44.0
4783,M071018_028_4,12o,Positive,547.0
4786,M071018_044_3,13m,Positive,17.0
4791,M071018_054_1,13m,Positive,190.0
4792,M071018_066_3,45,Negative,170.0
4795,M071018_072_2,46v,Positive,575.0
4801,M071018_090_3,45,Positive,621.0
4803,M071018_097_3,8B,Negative,452.0
4822,M071018_147_3,6DC,Negative,548.0
4824,M071018_152_3,6DC,Negative,48.0
4826,M071118_005_4,11ml,Positive,606.0
4829,M071118_007_4,11ml,Negative,231.0
4832,M071118_017_2,12l,Positive,694.0
4833,M071118_018_3,12l,Positive,466.0
4835,M071118_019_2,12m,Positive,323.0
4836,M071118_024_3,46v,Negative,268.0
4844,M071118_044_3,13m,Positive,599.0
4847,M071118_048_2,13l,Positive,313.0
4849,M071118_054_3,13m,Positive,97.0
4858,M071118_090_2,45,Positive,665.0
4860,M071118_097_4,8B,Negative,489.0
4862,M071118_100_2,cd,Negative,0.0
4878,M071218_005_5,11ml,Positive,607.0
4883,M071218_013_1,11ml,Positive,444.0
4887,M071218_017_4,12l,Positive,578.0
4891,M071218_019_2,12m,Positive,90.0
4894,M071218_026_2,45,Positive,591.0
4895,M071218_026_3,45,Positive,434.0
4899,M071218_048_3,13l,Positive,683.0
4902,M071218_066_4,45,Negative,104.0
4907,M071218_078_4,44,Negative,0.0
4914,M071218_097_2,8B,Negative,465.0
4916,M071218_100_3,cd,Negative,253.0
4922,M071218_113_1,24c,Positive,104.0
4931,M071218_146_3,6DC,Positive,106.0
4932,M071218_146_4,6DC,Positive,36.0
4937,M071318_005_1,11ml,Positive,608.0
4944,M071318_013_3,11ml,Positive,45.0
4947,M071318_017_3,12l,Positive,601.0
4948,M071318_017_4,12l,Positive,611.0
4950,M071318_019_2,12m,Positive,469.0
4954,M071318_026_1,45,Positive,609.0
4955,M071318_026_2,45,Positive,470.0
4956,M071318_028_3,12o,Positive,561.0
4965,M071318_066_3,45,Negative,114.0
4967,M071318_068_2,12o,Positive,389.0
5000,M071318_146_2,6DC,Positive,391.0
5002,M071318_146_5,6DC,Positive,522.0
5003,M071318_146_7,6DC,Positive,229.0
5006,M071318_153_3,AMG,Positive,276.0
5017,M071618_017_4,12l,Positive,588.0
5022,M071618_026_3,45,Positive,522.0
5023,M071618_026_6,45,Positive,680.0
5026,M071618_045_3,45,Negative,499.0
5029,M071618_068_4,12o,Positive,516.0
5033,M071618_072_6,46v,Positive,243.0
5037,M071618_090_2,45,Positive,545.0
5038,M071618_090_3,45,Positive,587.0
5039,M071618_093_1,AI,Negative,0.0
5041,M071618_097_5,8B,Negative,0.0
5045,M071618_109_3,8B,Positive,80.0
5056,M071618_146_4,6DC,Positive,148.0
5057,M071618_147_3,6DC,Negative,236.0
5064,M071718_005_1,11ml,Positive,674.0
5065,M071718_005_2,11ml,Negative,554.0
5068,M071718_011_3,46v,Negative,0.0
5070,M071718_013_4,11ml,Positive,418.0
5071,M071718_013_5,11ml,Negative,669.0
5074,M071718_017_4,12l,Positive,630.0
5079,M071718_026_3,45,Positive,475.0
5091,M071718_072_2,46v,Positive,211.0
5097,M071718_090_3,45,Positive,600.0
5101,M071718_097_3,8B,Negative,444.0
5104,M071718_101_3,45,Negative,512.0
5115,M071718_146_3,6DC,Positive,696.0
5118,M071818_005_2,11ml,Positive,579.0
5129,M071818_026_1,45,Positive,502.0
5136,M071818_044_3,13m,Negative,433.0
5146,M071818_072_3,46v,Positive,625.0
5150,M071818_090_2,45,Positive,608.0
5157,M071818_101_3,45,Negative,304.0
5172,M071918_005_5,11ml,Positive,650.0
5184,M071918_026_2,45,Positive,75.0
5190,M071918_044_3,13m,Negative,0.0
5198,M071918_072_3,46v,Positive,471.0
5202,M071918_090_4,45,Positive,603.0
5208,M071918_101_2,45,Negative,572.0
5210,M071918_109_3,8B,Positive,0.0
5228,M072018_007_2,11ml,Negative,0.0
5241,M072018_026_2,45,Positive,360.0
5247,M072018_064_1,13m,Positive,502.0
5250,M072018_072_3,46v,Positive,706.0
5251,M072018_077_3,AI,Negative,0.0
5254,M072018_090_1,45,Positive,521.0
5255,M072018_090_4,45,Positive,549.0
5256,M072018_093_3,AI,Negative,53.0
5257,M072018_094_1,AI,Negative,252.0
5263,M072018_105_1,AMG,Positive,584.0
5279,M072318_007_3,11ml,Negative,178.0
5292,M072318_039_2,13l,Negative,356.0
5296,M072318_064_1,13m,Positive,0.0
5302,M072318_090_3,45,Positive,605.0
5303,M072318_093_2,AI,Negative,0.0
5307,M072318_105_1,AMG,Positive,621.0
5319,M072318_152_2,6DC,Negative,0.0
5338,M072418_036_2,12l,Positive,157.0
5339,M072418_039_2,13l,Negative,299.0
5359,M072418_090_3,45,Positive,579.0
5362,M072418_094_2,AI,Positive,225.0
5363,M072418_095_3,AI,Positive,431.0
5366,M072418_105_1,AMG,Positive,630.0
5375,M072418_152_3,6DC,Negative,147.0
5380,M072518_006_3,11ml,Positive,0.0
5381,M072518_007_4,11ml,Negative,73.0
5382,M072518_012_2,12r,Negative,302.0
5385,M072518_017_2,12l,Positive,569.0
5393,M072518_036_2,12l,Positive,332.0
5408,M072518_090_2,45,Positive,636.0
5410,M072518_094_3,AI,Positive,321.0
5411,M072518_095_3,AI,Positive,582.0
5416,M072518_105_2,AMG,Positive,639.0
5427,M072518_152_4,6DC,Negative,207.0
5428,M072518_156_4,cd,Negative,0.0
5431,M072718_007_4,11ml,Negative,368.0
5434,M072718_013_3,11ml,Negative,104.0
5440,M072718_026_4,45,Positive,656.0
5441,M072718_035_2,12l,Positive,305.0
5442,M072718_036_3,12l,Positive,637.0
5451,M072718_077_2,AI,Positive,281.0
5456,M072718_094_4,AI,Positive,97.0
5457,M072718_095_2,AI,Positive,336.0
5460,M072718_100_3,cd,Negative,0.0
5464,M072718_105_2,AMG,Positive,608.0
5478,M072718_156_3,cd,Negative,461.0
5501,M073018_078_2,44,Positive,468.0
5502,M073018_078_4,44,Positive,334.0
5505,M073018_083_4,13l,Negative,278.0
5513,M073018_105_1,AMG,Positive,630.0
5531,M073118_007_3,11ml,Positive,263.0
5536,M073118_013_1,11ml,Negative,374.0
5556,M073118_090_3,45,Negative,0.0
5561,M073118_105_3,AMG,Positive,660.0
5603,M080118_090_2,45,Negative,470.0
5609,M080118_105_2,AMG,Positive,677.0
5610,M080118_109_3,8B,Positive,73.0
5630,M080218_018_3,12l,Negative,0.0
5647,M080218_066_6,45,Negative,708.0
5655,M080218_090_3,45,Negative,452.0
5660,M080218_100_4,cd,Positive,591.0
5661,M080218_105_1,AMG,Positive,702.0
5666,M080218_135_1,24c,Negative,177.0
5680,M080318_016_5,11ml,Negative,11.0
5684,M080318_019_2,12m,Negative,0.0
5688,M080318_026_3,45,Positive,0.0
5691,M080318_043_3,13m,Positive,75.0
5700,M080318_064_3,13m,Negative,285.0
5701,M080318_065_1,24c,Positive,355.0
5706,M080318_066_6,45,Negative,478.0
5711,M080318_078_3,44,Positive,568.0
5714,M080318_080_4,AI,Negative,371.0
5721,M080318_100_3,cd,Negative,328.0
5722,M080318_100_4,cd,Positive,533.0
5724,M080318_109_3,8B,Positive,164.0
5725,M080318_113_3,24c,Positive,247.0
5732,M080318_135_5,24c,Negative,712.0
5745,M080618_013_2,11ml,Positive,702.0
5746,M080618_014_4,11ml,Positive,276.0
5748,M080618_018_1,12m,Positive,621.0
5760,M080618_066_3,45,Positive,487.0
5763,M080618_077_3,AI,Negative,359.0
5776,M080618_100_3,cd,Positive,495.0
5792,M080718_008_3,46v,Positive,0.0
5812,M080718_064_2,13m,Negative,205.0
5813,M080718_066_1,45,Positive,542.0
5818,M080718_077_2,AI,Negative,130.0
5819,M080718_078_2,44,Negative,6.0
5830,M080718_100_3,cd,Positive,519.0
5837,M080718_135_5,24c,Negative,78.0
5840,M080718_144_3,6DC,Positive,370.0
5842,M080718_146_4,6DC,Negative,585.0
5858,M080818_037_3,12o,Negative,0.0
5866,M080818_064_3,13m,Negative,0.0
5884,M080818_100_3,cd,Positive,480.0
5893,M080818_135_5,24c,Negative,0.0
5897,M080818_140_3,pu,Positive,740.0
5899,M080818_144_1,6DC,Positive,470.0
5900,M080818_144_3,6DC,Positive,297.0
5909,M080818_152_7,6DC,Positive,165.0
5910,M080918_003_3,12r,Positive,243.0
5923,M080918_019_1,12m,Negative,345.0
5924,M080918_019_4,12m,Positive,622.0
5929,M080918_036_1,12l,Positive,662.0
5939,M080918_064_3,13m,Positive,0.0
5947,M080918_077_1,AI,Positive,689.0
5964,M080918_135_4,24c,Negative,471.0
5976,M080918_152_1,6DC,Negative,652.0
5986,M081018_018_4,12m,Positive,598.0
5995,M081018_036_1,12l,Positive,608.0
5997,M081018_037_3,12o,Negative,501.0
6002,M081018_064_2,13m,Positive,303.0
6003,M081018_064_4,13m,Negative,614.0
6010,M081018_077_3,AI,Positive,41.0
6029,M081018_135_7,24c,Negative,0.0
6040,M081318_012_2,12r,Negative,563.0
6046,M081318_036_5,12l,Positive,615.0
6052,M081318_064_3,13m,Negative,0.0
6057,M081318_077_3,AI,Positive,142.0
6058,M081318_078_3,44,Positive,146.0
6067,M081318_113_3,24c,Negative,7.0
6077,M081318_146_3,6DC,Negative,94.0
6082,M081318_156_3,cd,Positive,635.0
6085,M081418_008_3,46v,Positive,507.0
6086,M081418_008_5,46v,Positive,115.0
6092,M081418_012_1,12r,Negative,728.0
6095,M081418_018_3,12m,Positive,595.0
6100,M081418_026_2,12l,Positive,565.0
6103,M081418_036_2,12l,Positive,615.0
6118,M081418_078_1,44,Positive,26.0
6129,M081418_101_3,45,Positive,250.0
6137,M081418_152_3,6DC,Positive,698.0
6141,M081418_156_3,cd,Positive,578.0
6148,M081518_012_2,12r,Negative,679.0
6152,M081518_026_2,12l,Negative,27.0
6154,M081518_036_3,12l,Negative,74.0
6167,M081518_077_3,AI,Positive,268.0
6179,M081518_109_3,8B,Positive,627.0
6198,M081618_012_3,12r,Negative,596.0
6199,M081618_013_1,11ml,Positive,0.0
6205,M081618_028_3,12o,Positive,0.0
6216,M081618_083_2,13l,Negative,0.0
6231,M081618_152_3,6DC,Positive,206.0
6232,M081618_156_3,cd,Positive,618.0
6240,M081718_012_1,12r,Negative,553.0
6241,M081718_013_2,11ml,Positive,0.0
6246,M081718_032_3,11ml,Negative,371.0
6254,M081718_066_4,12l,Positive,458.0
6255,M081718_067_3,12o,Negative,517.0
6257,M081718_078_4,6VaVb,Positive,158.0
6269,M081718_139_3,pu,Negative,526.0
6281,M082018_013_2,11ml,Positive,132.0
6289,M082018_036_2,12l,Negative,343.0
6290,M082018_039_2,13l,Negative,187.0
6295,M082018_064_2,13m,Positive,613.0
6302,M082018_078_4,6VaVb,Negative,535.0
6324,M082118_005_4,11ml,Negative,230.0
6325,M082118_007_3,11ml,Negative,330.0
6330,M082118_018_4,12m,Positive,584.0
6336,M082118_036_1,12l,Negative,332.0
6337,M082118_039_1,13l,Negative,271.0
6344,M082118_069_3,12o,Negative,339.0
6349,M082118_091_2,AI,Negative,342.0
6353,M082118_101_6,44,Positive,307.0
6364,M082218_005_2,11ml,Negative,0.0
6371,M082218_017_3,12l,Positive,294.0
6372,M082218_018_3,12m,Positive,697.0
6374,M082218_024_3,11ml,Negative,149.0
6377,M082218_026_3,12l,Positive,627.0
6381,M082218_039_5,13l,Positive,481.0
6400,M082218_113_3,24c,Positive,538.0
6409,M082318_007_4,11ml,Negative,570.0
6419,M082318_024_3,11ml,Negative,296.0
6420,M082318_024_4,11ml,Positive,123.0
6421,M082318_024_6,11ml,Negative,0.0
6422,M082318_026_3,12l,Positive,470.0
6424,M082318_032_2,11ml,Negative,174.0
6425,M082318_036_2,12l,Negative,414.0
6427,M082318_039_3,13l,Positive,579.0
6450,M082318_130_3,AMG,Negative,0.0
6456,M082418_005_3,11ml,Negative,285.0
6457,M082418_005_4,11ml,Positive,478.0
6466,M082418_017_2,12l,Positive,522.0
6467,M082418_018_2,12m,Positive,509.0
6469,M082418_018_6,12m,Positive,176.0
6475,M082418_032_2,11ml,Positive,717.0
6477,M082418_036_2,12l,Negative,457.0
6480,M082418_039_3,13l,Positive,526.0
6503,M082418_113_3,24c,Negative,507.0
6513,M082418_156_2,cd,Positive,565.0
6516,M082718_005_2,11ml,Negative,599.0
6532,M082718_025_4,11ml,Negative,602.0
6535,M082718_032_3,11ml,Positive,621.0
6539,M082718_039_2,13l,Positive,312.0
6555,M082718_113_2,24c,Negative,329.0
6569,M082818_005_3,11ml,Negative,227.0
6586,M082818_032_4,11ml,Positive,504.0
6588,M082818_036_2,12l,Negative,296.0
6591,M082818_039_4,13l,Positive,571.0
6609,M082818_101_3,44,Negative,0.0
6616,M082818_147_3,24c,Negative,45.0
6618,M082818_147_5,24c,Positive,678.0
6622,M082918_005_2,11ml,Negative,0.0
6633,M082918_013_2,11ml,Positive,661.0
6637,M082918_018_1,12m,Positive,661.0
6643,M082918_025_4,11ml,Negative,412.0
6646,M082918_039_4,13l,Positive,573.0
6680,M083018_005_3,11ml,Negative,0.0
6688,M083018_012_2,11ml,Negative,729.0
6689,M083018_012_3,11ml,Negative,342.0
6692,M083018_013_5,11ml,Positive,138.0
6693,M083018_018_2,12m,Positive,608.0
6703,M083018_037_2,12o,Positive,586.0
6704,M083018_039_3,13l,Positive,503.0
6716,M083018_051_2,13m,Negative,307.0
6725,M083018_078_3,AI,Positive,582.0
6736,M083018_133_2,cd,Negative,0.0
6741,M083118_005_2,11ml,Negative,651.0
6762,M083118_022_3,11ml,Negative,0.0
6774,M083118_037_3,12o,Positive,564.0
6775,M083118_039_3,13l,Positive,525.0
6782,M083118_049_1,13l,Positive,708.0
6784,M083118_051_1,13m,Negative,0.0
6794,M083118_078_2,AI,Positive,535.0
6804,M083118_133_1,cd,Negative,0.0
6812,M091718_008_2,11ml,Negative,433.0
6821,M091718_036_3,12l,Negative,214.0
6824,M091718_049_2,13l,Negative,0.0
6825,M091718_050_3,13l,Positive,441.0
6829,M091718_078_2,AI,Negative,0.0
6844,M091718_139_2,pu,Negative,0.0
6849,M091818_005_3,11ml,Positive,365.0
6853,M091818_008_4,11ml,Negative,398.0
6864,M091818_036_3,12l,Negative,538.0
6885,M091818_139_3,pu,Negative,241.0
6889,M091918_005_3,11ml,Positive,504.0
6893,M091918_008_4,11ml,Negative,196.0
6900,M091918_036_4,12l,Positive,113.0
6904,M091918_067_2,12o,Negative,659.0
6905,M091918_068_1,12o,Positive,422.0
6918,M091918_110_1,pu,Positive,235.0
6921,M091918_128_5,pu,Positive,133.0
6922,M091918_134_3,cd,Negative,82.0
6984,M092118_036_4,12l,Positive,209.0
6992,M092118_067_4,12o,Positive,363.0
6993,M092118_068_3,12o,Negative,312.0
6998,M092118_078_4,AI,Negative,220.0
7009,M092518_005_3,11ml,Positive,252.0
7013,M092518_008_3,11ml,Negative,113.0
7027,M092518_036_3,12l,Positive,136.0
7034,M092518_063_3,13m,Negative,599.0
7036,M092518_068_2,12o,Negative,103.0
7040,M092518_078_2,AI,Negative,187.0
7051,M092518_154_3,cd,Negative,227.0
7053,M092618_005_2,11ml,Positive,0.0
7059,M092618_008_3,11ml,Negative,550.0
7074,M092618_036_3,12l,Positive,0.0
7080,M092618_066_2,12o,Negative,499.0
7082,M092618_068_3,12o,Negative,0.0
7085,M092618_078_2,AI,Negative,42.0
7093,M092618_094_3,AI,Positive,108.0
7095,M092618_109_4,pu,Negative,379.0
7109,M092718_005_1,11ml,Positive,381.0
7114,M092718_007_4,11ml,Negative,704.0
7137,M092718_067_4,12o,Negative,385.0
7138,M092718_068_1,12o,Negative,0.0
7139,M092718_068_2,12o,Negative,0.0
7142,M092718_078_2,AI,Negative,0.0
7159,M092818_005_4,11ml,Positive,0.0
7163,M092818_008_2,11ml,Negative,455.0
7165,M092818_013_3,11ml,Negative,0.0
7175,M092818_050_3,13l,Positive,114.0
7184,M092818_078_3,AI,Negative,226.0
7195,M092818_156_3,cd,Negative,0.0
7198,M100118_005_5,11ml,Positive,426.0
7204,M100118_008_4,11ml,Negative,553.0
7220,M100118_066_3,12o,Positive,236.0
7227,M100118_078_3,AI,Negative,0.0
7239,M100118_156_6,cd,Negative,594.0
7241,M100218_005_2,11ml,Positive,356.0
7247,M100218_008_3,11ml,Negative,670.0
7265,M100218_066_2,12o,Positive,731.0
7269,M100218_075_1,13m,Positive,78.0
7270,M100218_078_2,AI,Negative,353.0
7286,M100218_156_3,cd,Negative,411.0
7289,M100318_005_5,11ml,Positive,135.0
7293,M100318_008_3,11ml,Negative,0.0
7301,M100318_016_3,11ml,Positive,437.0
7302,M100318_018_3,12m,Positive,640.0
7304,M100318_026_1,12l,Positive,0.0
7306,M100318_036_2,12l,Negative,0.0
7307,M100318_039_2,13l,Positive,566.0
7316,M100318_078_2,AI,Negative,103.0
7323,M100318_124_3,pu,Positive,551.0
7326,M100318_152_2,pu,Negative,67.0
7328,M100318_157_3,cd,Negative,0.0
7330,M100418_005_2,11ml,Positive,461.0
7331,M100418_005_3,11ml,Negative,334.0
7337,M100418_008_2,11ml,Negative,73.0
7369,M100518_005_1,11ml,Positive,319.0
7381,M100518_026_4,12l,Positive,688.0
7393,M100518_068_4,12o,Positive,470.0
7428,M100818_018_3,12m,Positive,458.0
7432,M100818_028_3,12o,Negative,70.0
7434,M100818_036_5,12l,Positive,579.0
7446,M100818_079_2,AI,Positive,526.0
7460,M100818_136_1,cd,Positive,653.0
7463,M100918_005_4,11ml,Positive,215.0
7476,M100918_024_3,11ml,Positive,453.0
7478,M100918_028_3,12o,Negative,37.0
7507,M100918_149_3,pu,Negative,0.0
7509,M101018_005_1,11ml,Positive,435.0
7513,M101018_008_3,11ml,Negative,122.0
7522,M101018_024_2,11ml,Positive,590.0
7524,M101018_032_2,11ml,Negative,0.0
7526,M101018_034_3,11ml,Negative,0.0
7535,M101018_064_4,13m,Negative,0.0
7538,M101018_065_5,13m,Negative,375.0
7540,M101018_068_4,12o,Positive,0.0
7543,M101018_079_1,AI,Positive,533.0
7549,M101018_095_4,AI,Negative,200.0
7564,M101818_008_2,11ml,Negative,209.0
7586,M101918_005_4,11ml,Positive,434.0
7592,M101918_007_6,11ml,Negative,328.0
7594,M101918_008_3,11ml,Negative,151.0
7627,M102218_004_2,11ml,Positive,663.0
7635,M102218_007_2,11ml,Negative,0.0
7637,M102218_008_4,11ml,Negative,0.0
7640,M102218_012_2,12r,Positive,510.0
7658,M102218_116_3,AMG,Positive,706.0
7663,M102218_146_3,cd,Negative,364.0
7668,M102318_004_4,11ml,Positive,410.0
7669,M102318_005_3,11ml,Positive,732.0
7680,M102318_019_4,12m,Negative,230.0
7682,M102318_034_3,11ml,Negative,0.0
7684,M102318_036_1,12o,Positive,555.0
7685,M102318_036_2,12o,Positive,607.0
7698,M102318_066_3,45,Negative,478.0
7699,M102318_067_1,12o,Positive,631.0
7700,M102318_067_4,12o,Positive,219.0
7704,M102318_077_2,AI,Positive,454.0
7706,M102318_078_3,AI,Negative,0.0
7720,M102318_140_2,AMG,Positive,572.0
7723,M102318_149_3,pu,Positive,316.0
7730,M102418_008_3,11ml,Negative,175.0
7739,M102418_019_1,12m,Negative,220.0
7743,M102418_034_2,11ml,Negative,407.0
7745,M102418_036_2,12o,Positive,571.0
7766,M102518_002_4,12r,Negative,579.0
7769,M102518_004_1,11ml,Positive,650.0
7770,M102518_004_2,11ml,Positive,110.0
7775,M102518_007_2,11ml,Positive,338.0
7777,M102518_008_4,11ml,Negative,0.0
7790,M102518_036_5,12o,Positive,615.0
7791,M102518_036_6,12o,Positive,632.0
7792,M102518_036_7,12o,Positive,621.0
7803,M102518_078_3,AI,Negative,318.0
7805,M102518_083_1,13l,Negative,170.0
7806,M102518_092_3,AI,Positive,711.0
7824,M103018_004_1,11ml,Positive,623.0
7825,M103018_005_3,11ml,Positive,624.0
7828,M103018_008_3,11ml,Negative,35.0
7830,M103018_011_4,12r,Negative,538.0
7835,M103018_019_4,12m,Positive,485.0
7836,M103018_034_3,11ml,Negative,150.0
7841,M103018_045_4,12o,Negative,10.0
7844,M103018_054_3,13m,Positive,16.0
7856,M103018_077_1,AI,Positive,539.0
7862,M103018_079_2,AI,Positive,561.0
7883,M103018_157_3,cd,Negative,0.0
7885,M110118_004_2,11ml,Positive,575.0
7888,M110118_006_2,11ml,Positive,603.0
7889,M110118_008_3,11ml,Negative,333.0
7890,M110118_011_3,12r,Positive,610.0
7899,M110118_045_3,12o,Negative,471.0
7900,M110118_054_3,13m,Positive,0.0
7909,M110118_079_2,AI,Positive,623.0
7912,M110118_079_7,AI,Positive,133.0
7921,M110118_134_3,cd,Positive,106.0
7928,M110618_005_3,11ml,Negative,476.0
7936,M110618_018_3,12m,Negative,0.0
7941,M110618_045_1,12o,Negative,369.0
7942,M110618_051_3,13m,Negative,442.0
7957,M110618_144_4,cd,Negative,0.0
7966,M110718_014_3,11ml,Positive,504.0
7971,M110718_026_3,12l,Positive,589.0
7978,M110718_051_3,13m,Negative,367.0
7982,M110718_066_3,45,Positive,568.0
8009,M110918_016_3,11ml,Negative,0.0
8024,M110918_066_3,45,Negative,703.0
8038,M110918_144_2,cd,Negative,204.0
8048,M111218_016_4,11ml,Negative,0.0
8056,M111218_045_3,12o,Negative,0.0
8062,M111218_077_2,AI,Negative,167.0
8075,M111218_140_2,AMG,Negative,293.0
8080,M111318_004_3,11ml,Positive,128.0
8083,M111318_006_3,11ml,Negative,669.0
8085,M111318_007_2,11ml,Negative,634.0
8096,M111318_045_2,12o,Negative,55.0
8103,M111318_066_3,45,Negative,0.0
8118,M111318_140_1,AMG,Negative,132.0
8126,M111518_006_3,11ml,Negative,0.0
8131,M111518_016_2,11ml,Negative,0.0
8133,M111518_018_2,12m,Positive,210.0
8138,M111518_045_3,12o,Negative,571.0
8163,M111518_140_2,AMG,Negative,569.0
8169,X010220_011_3,12r,Positive,455.0
8172,X010220_018_2,12l,Positive,98.0
8175,X010220_028_4,12l,Positive,588.0
8176,X010220_036_2,12l,Negative,8.0
8177,X010220_038_2,46v,Positive,654.0
8183,X010220_060_2,46d,Positive,0.0
8191,X010220_091_4,45,Positive,238.0
8192,X010220_095_5,8A,Positive,140.0
8193,X010220_095_6,8A,Positive,312.0
8195,X010220_106_2,6DC,Negative,0.0
8196,X010220_106_3,6DC,Negative,229.0
8201,X010220_141_3,6DC,Negative,308.0
8205,X010320_003_2,12r,Positive,661.0
8210,X010320_011_7,12r,Positive,630.0
8216,X010320_028_5,12l,Positive,388.0
8219,X010320_052_3,8B,Negative,67.0
8222,X010320_063_3,6DR,Positive,731.0
8226,X010320_078_1,45,Negative,203.0
8230,X010320_080_5,44,Positive,461.0
8233,X010320_096_5,6DR,Negative,314.0
8236,X010320_106_2,6DC,Negative,0.0
8238,X010320_107_1,6DC,Negative,469.0
8244,X010421_004_3,12m,Positive,557.0
8247,X010421_014_3,11ml,Positive,379.0
8258,X010421_054_3,13m,Negative,260.0
8262,X010421_057_5,12o,Negative,582.0
8268,X010421_066_4,12o,Negative,547.0
8269,X010421_066_6,12o,Negative,328.0
8271,X010421_068_1,12o,Positive,202.0
8284,X010521_004_3,12m,Positive,68.0
8285,X010521_011_2,12r,Positive,351.0
8292,X010521_033_3,13m,Negative,416.0
8298,X010521_039_9,13l,Positive,467.0
8303,X010521_050_4,13l,Positive,0.0
8305,X010521_057_2,12o,Negative,501.0
8311,X010521_074_2,13m,Positive,409.0
8315,X010521_104_3,45,Positive,671.0
8318,X010521_109_1,cd,Positive,334.0
8320,X010521_117_4,AMG,Negative,455.0
8330,X010620_003_3,12r,Positive,275.0
8332,X010620_005_4,46v,Negative,556.0
8336,X010620_012_2,46v,Negative,355.0
8339,X010620_019_4,12l,Negative,535.0
8340,X010620_019_5,12l,Negative,0.0
8348,X010620_051_3,46df,Negative,381.0
8350,X010620_052_4,8B,Negative,397.0
8354,X010620_066_3,45,Positive,324.0
8355,X010620_066_4,45,Positive,585.0
8356,X010620_066_5,45,Negative,439.0
8361,X010620_079_3,45,Positive,440.0
8364,X010620_080_4,44,Positive,627.0
8368,X010620_096_3,8B,Positive,235.0
8373,X010620_107_2,6DC,Negative,663.0
8374,X010620_107_4,6DC,Negative,540.0
8382,X010620_129_2,6VaVb,Negative,51.0
8383,X010620_129_4,6VaVb,Negative,449.0
8384,X010620_131_2,6DC,Negative,11.0
8385,X010621_004_2,12m,Positive,709.0
8386,X010621_011_3,12r,Positive,275.0
8387,X010621_012_3,12m,Positive,292.0
8397,X010621_033_2,13m,Negative,0.0
8403,X010621_039_5,13l,Negative,118.0
8405,X010621_041_3,13l,Negative,307.0
8406,X010621_043_2,13m,Positive,557.0
8418,X010621_056_2,12l,Negative,0.0
8428,X010621_099_3,cd,Negative,646.0
8431,X010621_109_1,cd,Positive,297.0
8445,X010720_006_3,46v,Negative,553.0
8446,X010720_007_1,46d,Negative,68.0
8450,X010720_046_3,12l,Negative,0.0
8457,X010720_066_3,45,Positive,603.0
8461,X010720_079_4,45,Positive,359.0
8462,X010720_089_1,6VaVb,Negative,242.0
8466,X010720_096_6,8B,Negative,105.0
8476,X010720_131_3,6DC,Negative,285.0
8479,X010720_157_3,24c,Positive,347.0
8480,X010721_004_3,12m,Positive,615.0
8481,X010721_011_3,12r,Positive,249.0
8486,X010721_033_2,13m,Negative,433.0
8508,X010721_085_2,pu,Negative,192.0
8514,X010721_103_7,AI,Positive,145.0
8520,X010721_109_4,cd,Positive,541.0
8538,X010820_014_2,46d,Negative,31.0
8540,X010820_019_3,12m,Negative,32.0
8542,X010820_023_2,46df,Negative,114.0
8543,X010820_029_2,46v,Negative,390.0
8545,X010820_055_1,12l,Positive,505.0
8549,X010820_079_5,6VaVb,Positive,412.0
8552,X010820_089_3,6VaVb,Negative,31.0
8555,X010820_096_2,8B,Negative,168.0
8561,X010820_106_5,6DC,Negative,695.0
8564,X010821_006_3,11ml,Positive,323.0
8565,X010821_011_3,12r,Positive,614.0
8567,X010821_012_2,12m,Positive,658.0
8568,X010821_014_3,11ml,Positive,354.0
8569,X010821_015_2,11ml,Positive,262.0
8570,X010821_016_2,11ml,Positive,0.0
8575,X010821_032_3,13m,Positive,77.0
8576,X010821_033_2,13m,Negative,391.0
8577,X010821_039_3,13l,Negative,275.0
8589,X010821_057_2,12o,Negative,615.0
8596,X010821_068_3,12o,Positive,82.0
8600,X010821_091_5,AI,Negative,478.0
8603,X010821_097_5,cd,Positive,541.0
8607,X010821_111_3,cd,Negative,0.0
8617,X010821_156_3,cd,Negative,516.0
8620,X010920_005_3,46v,Negative,410.0
8623,X010920_011_3,12r,Negative,90.0
8625,X010920_014_2,46d,Positive,271.0
8634,X010920_031_4,46df,Negative,506.0
8636,X010920_040_2,46df,Positive,292.0
8642,X010920_066_4,45,Positive,594.0
8645,X010920_079_4,6VaVb,Positive,274.0
8650,X010920_096_4,8B,Positive,336.0
8659,X010920_116_2,pu,Negative,770.0
8660,X010920_131_3,6DC,Positive,0.0
8663,X010920_156_2,24c,Positive,262.0
8668,X011121_011_2,12r,Positive,701.0
8670,X011121_014_2,11ml,Positive,361.0
8675,X011121_032_2,13m,Positive,484.0
8677,X011121_033_1,13m,Negative,509.0
8679,X011121_039_6,13l,Negative,672.0
8689,X011121_060_3,AI,Positive,566.0
8693,X011121_067_3,12o,Positive,621.0
8694,X011121_068_3,12o,Positive,0.0
8695,X011121_069_2,12o,Positive,0.0
8700,X011121_091_2,AI,Negative,736.0
8706,X011121_109_3,cd,Negative,0.0
8713,X011221_003_3,11ml,Negative,0.0
8715,X011221_014_3,11ml,Positive,557.0
8719,X011221_033_4,13m,Negative,49.0
8729,X011221_057_3,12o,Negative,84.0
8733,X011221_068_3,12o,Positive,0.0
8734,X011221_069_3,12o,Positive,713.0
8739,X011221_091_3,AI,Negative,601.0
8742,X011221_099_4,cd,Negative,0.0
8758,X011320_011_1,12r,Positive,627.0
8760,X011320_019_7,12m,Negative,433.0
8763,X011320_027_1,12l,Negative,0.0
8771,X011320_055_2,12l,Negative,517.0
8774,X011320_060_3,46d,Positive,438.0
8775,X011320_066_1,45,Negative,0.0
8776,X011320_077_4,45,Negative,303.0
8781,X011320_091_7,45,Negative,430.0
8783,X011320_093_2,45,Positive,35.0
8784,X011320_096_1,8B,Positive,0.0
8787,X011320_106_1,6DC,Negative,352.0
8788,X011320_107_3,6DC,Negative,0.0
8789,X011320_109_3,6DR,Negative,59.0
8791,X011320_157_5,24c,Positive,172.0
8794,X011321_015_4,11ml,Positive,491.0
8800,X011321_032_5,13m,Negative,371.0
8812,X011321_057_5,12o,Negative,0.0
8814,X011321_061_1,AI,Positive,0.0
8820,X011321_069_3,12o,Positive,6.0
8822,X011321_077_2,12o,Positive,435.0
8826,X011321_086_5,cd,Negative,608.0
8831,X011321_099_1,cd,Negative,391.0
8832,X011321_108_4,cd,Negative,467.0
8833,X011321_109_2,cd,Negative,0.0
8837,X011321_119_1,AMG,Negative,571.0
8840,X011321_130_3,AMG,Negative,0.0
8852,X011420_015_3,46v,Positive,24.0
8856,X011420_028_3,12l,Positive,455.0
8861,X011420_055_2,12l,Negative,497.0
8867,X011420_079_3,6VaVb,Negative,0.0
8870,X011420_091_4,45,Negative,502.0
8874,X011420_103_2,45,Negative,0.0
8876,X011420_107_4,6DC,Negative,477.0
8877,X011420_116_3,pu,Negative,0.0
8888,X011421_043_3,13m,Negative,435.0
8895,X011421_057_2,12o,Negative,464.0
8897,X011421_063_3,13l,Negative,0.0
8899,X011421_069_2,12o,Positive,513.0
8916,X011421_124_2,cd,Positive,247.0
8931,X011520_023_3,46v,Negative,271.0
8932,X011520_028_3,12l,Negative,172.0
8941,X011520_091_2,45,Positive,108.0
8942,X011520_096_4,8B,Positive,177.0
8958,X011521_028_4,12l,Positive,360.0
8969,X011521_063_3,13l,Negative,226.0
8973,X011521_069_4,12o,Positive,680.0
8977,X011521_078_2,12o,Positive,480.0
8988,X011521_120_4,AMG,Negative,180.0
8995,X011620_003_2,12r,Negative,0.0
8998,X011620_019_2,12m,Positive,229.0
8999,X011620_028_2,12l,Negative,34.0
9010,X011620_079_3,6VaVb,Positive,500.0
9015,X011620_096_4,8B,Positive,286.0
9022,X011620_134_3,cd,Positive,0.0
9033,X011720_045_3,12o,Positive,36.0
9034,X011720_060_3,46d,Negative,0.0
9035,X011720_069_3,AI,Positive,609.0
9038,X011720_089_3,6VaVb,Negative,556.0
9039,X011720_091_2,45,Negative,737.0
9041,X011720_091_7,45,Negative,0.0
9046,X011720_103_3,45,Negative,360.0
9054,X012021_028_3,12l,Positive,528.0
9064,X012021_057_6,12o,Negative,755.0
9065,X012021_061_2,AI,Positive,671.0
9067,X012021_063_3,13l,Negative,563.0
9071,X012021_069_3,12o,Positive,274.0
9073,X012021_097_3,cd,Positive,549.0
9074,X012021_100_3,cd,Negative,230.0
9080,X012021_122_3,pu,Negative,0.0
9087,X012021_146_5,cd,Positive,251.0
9091,X012120_014_3,46v,Negative,361.0
9092,X012120_027_4,12l,Positive,593.0
9093,X012120_028_3,12l,Positive,623.0
9097,X012120_059_3,46v,Negative,441.0
9098,X012120_074_2,cd,Positive,289.0
9103,X012120_089_4,6VaVb,Negative,0.0
9109,X012120_104_3,45,Negative,231.0
9110,X012120_106_2,6DC,Negative,94.0
9112,X012120_118_4,pu,Positive,126.0
9113,X012120_153_2,pu,Negative,376.0
9115,X012121_028_3,12l,Positive,0.0
9118,X012121_042_2,13l,Positive,615.0
9127,X012121_069_3,12o,Positive,0.0
9135,X012121_097_3,cd,Positive,520.0
9138,X012121_112_3,cd,Negative,591.0
9139,X012121_122_1,pu,Negative,461.0
9142,X012121_138_4,AMG,Negative,239.0
9153,X012220_008_3,46v,Negative,217.0
9158,X012220_037_2,12o,Positive,532.0
9163,X012220_066_3,45,Negative,0.0
9164,X012220_066_4,45,Negative,218.0
9176,X012220_093_4,44,Positive,184.0
9181,X012220_097_5,8B,Positive,229.0
9186,X012220_104_2,45,Negative,469.0
9191,X012220_118_6,pu,Positive,132.0
9193,X012220_152_1,pu,Positive,0.0
9197,X012221_028_1,12l,Positive,423.0
9198,X012221_028_5,12l,Positive,462.0
9199,X012221_030_2,13l,Negative,542.0
9236,X012221_135_5,cd,Positive,545.0
9249,X012320_027_6,12l,Positive,309.0
9274,X012320_103_3,45,Positive,636.0
9275,X012320_104_3,45,Positive,0.0
9285,X012420_004_1,12r,Negative,457.0
9296,X012420_027_1,12l,Negative,0.0
9297,X012420_028_5,12l,Positive,0.0
9299,X012420_038_4,13l,Negative,239.0
9303,X012420_066_5,12l,Positive,627.0
9307,X012420_077_4,45,Negative,661.0
9318,X012420_101_5,6VaVb,Negative,477.0
9319,X012420_103_5,45,Positive,385.0
9325,X012420_117_6,pu,Positive,0.0
9326,X012420_119_3,pu,Positive,282.0
9327,X012420_119_4,pu,Negative,0.0
9328,X012420_121_3,cd,Negative,161.0
9336,X012521_021_5,11ml,Negative,446.0
9338,X012521_028_3,12l,Positive,374.0
9348,X012521_068_2,12o,Positive,214.0
9354,X012521_080_3,12o,Negative,23.0
9355,X012521_080_5,12o,Positive,235.0
9362,X012521_130_2,AMG,Negative,0.0
9373,X012621_015_3,11ml,Positive,0.0
9382,X012621_044_2,13m,Negative,49.0
9403,X012621_119_3,AMG,Positive,151.0
9410,X012621_141_2,AMG,Negative,667.0
9414,X012621_144_4,cd,Positive,529.0
9432,X012720_066_1,12l,Positive,599.0
9441,X012720_096_3,8B,Positive,477.0
9451,X012721_012_3,12m,Positive,371.0
9459,X012721_034_2,13m,Positive,0.0
9485,X012721_080_4,12o,Negative,404.0
9502,X012721_141_4,AMG,Negative,327.0
9519,X012820_066_2,12l,Positive,573.0
9521,X012820_074_3,cd,Positive,440.0
9530,X012820_103_2,45,Negative,0.0
9532,X012820_109_2,cd,Negative,187.0
9533,X012820_112_2,24c,Positive,351.0
9535,X012820_118_5,pu,Positive,456.0
9536,X012820_121_2,cd,Positive,28.0
9555,X012821_069_4,12o,Negative,0.0
9559,X012821_080_2,12o,Negative,257.0
9560,X012821_080_6,12o,Negative,0.0
9576,X012821_130_2,AMG,Negative,143.0
9578,X012821_131_5,AMG,Negative,0.0
9581,X012821_141_3,AMG,Negative,230.0
9595,X012920_066_3,12l,Negative,568.0
9598,X012920_086_3,8B,Negative,0.0
9609,X012920_103_3,45,Positive,568.0
9611,X012920_104_5,45,Positive,481.0
9612,X012920_109_3,cd,Positive,55.0
9613,X012920_113_3,cd,Negative,588.0
9615,X012920_142_3,pu,Positive,205.0
9618,X012921_032_3,13m,Positive,689.0
9637,X012921_069_5,12o,Negative,0.0
9639,X012921_077_3,12o,Positive,0.0
9642,X012921_080_2,12o,Negative,593.0
9643,X012921_080_5,12o,Negative,361.0
9652,X012921_098_1,pu,Positive,595.0
9675,X013120_004_2,12r,Negative,0.0
9678,X013120_024_3,46v,Positive,0.0
9679,X013120_027_3,12l,Positive,451.0
9685,X013120_083_3,pu,Negative,279.0
9700,X013120_133_2,pu,Negative,234.0
9707,X020320_019_3,12m,Negative,548.0
9715,X020320_080_3,AI,Negative,0.0
9720,X020320_096_4,8B,Negative,616.0
9721,X020320_104_3,45,Negative,63.0
9731,X020321_047_3,12o,Negative,723.0
9737,X020321_060_3,AI,Negative,0.0
9742,X020321_074_3,13m,Negative,197.0
9746,X020321_080_5,12o,Negative,358.0
9749,X020321_087_5,cd,Negative,0.0
9756,X020321_111_5,cd,Negative,75.0
9758,X020321_124_5,cd,Negative,0.0
9759,X020321_130_6,AMG,Negative,125.0
9764,X020321_142_5,AMG,Negative,336.0
9765,X020321_144_5,cd,Positive,717.0
9771,X020420_015_2,46v,Positive,204.0
9779,X020420_066_2,12l,Positive,0.0
9781,X020420_066_6,12l,Negative,336.0
9792,X020420_091_1,44,Negative,0.0
9799,X020420_109_3,cd,Positive,154.0
9800,X020420_121_6,cd,Positive,404.0
9804,X020421_015_2,11ml,Positive,676.0
9806,X020421_015_8,11ml,Positive,239.0
9810,X020421_040_4,13l,Negative,284.0
9812,X020421_047_2,12o,Negative,0.0
9816,X020421_052_4,13m,Negative,318.0
9819,X020421_060_4,AI,Negative,157.0
9823,X020421_080_2,12o,Negative,24.0
9829,X020421_112_3,cd,Negative,503.0
9831,X020421_130_6,AMG,Negative,397.0
9838,X020520_006_3,46v,Positive,128.0
9841,X020520_012_3,12m,Negative,430.0
9846,X020520_031_3,46v,Negative,0.0
9847,X020520_037_3,12o,Negative,180.0
9849,X020520_037_9,12o,Negative,217.0
9853,X020520_057_3,12o,Negative,374.0
9854,X020520_066_3,12l,Positive,0.0
9855,X020520_072_4,AI,Positive,575.0
9880,X020521_015_1,11ml,Positive,663.0
9889,X020521_040_3,13l,Negative,0.0
9891,X020521_042_3,13l,Positive,628.0
9902,X020521_052_3,13m,Negative,0.0
9906,X020521_061_3,AI,Positive,701.0
9909,X020521_063_1,13l,Positive,0.0
9912,X020521_077_3,12o,Positive,748.0
9916,X020521_098_3,pu,Negative,431.0
9917,X020521_103_3,AI,Negative,578.0
9918,X020521_109_3,cd,Negative,4.0
9922,X020521_111_3,cd,Negative,0.0
9923,X020521_111_7,cd,Negative,0.0
9926,X020521_130_7,AMG,Negative,482.0
9927,X020521_138_2,AMG,Positive,253.0
9929,X020521_147_3,24c,Positive,0.0
9930,X020521_153_5,pu,Negative,0.0
9931,X020521_156_2,cd,Negative,75.0
9933,X020620_003_4,12r,Positive,0.0
9936,X020620_008_4,46v,Positive,98.0
9941,X020620_031_2,46v,Negative,159.0
9944,X020620_072_3,AI,Negative,601.0
9945,X020620_077_1,12l,Positive,227.0
9947,X020620_078_2,12l,Positive,455.0
9953,X020620_088_2,cd,Negative,623.0
9955,X020620_093_2,44,Positive,422.0
9958,X020620_104_5,45,Negative,0.0
9959,X020620_107_3,pu,Positive,80.0
9961,X020620_117_3,pu,Negative,686.0
9968,X020720_027_3,12l,Negative,408.0
9969,X020720_031_3,46v,Negative,0.0
9972,X020720_083_2,pu,Negative,0.0
9974,X020720_086_5,8B,Positive,582.0
9985,X020821_038_2,13l,Positive,533.0
9988,X020821_040_3,13l,Negative,566.0
9991,X020821_047_1,12o,Negative,234.0
10001,X020821_063_1,13l,Positive,119.0
10006,X020821_079_2,12o,Negative,241.0
10018,X020821_130_2,AMG,Negative,31.0
10020,X020821_142_5,AMG,Negative,529.0
10032,X020921_029_2,12m,Negative,384.0
10041,X020921_047_3,12o,Negative,192.0
10054,X020921_098_6,pu,Negative,0.0
10055,X020921_099_5,cd,Negative,188.0
10056,X020921_103_2,AI,Negative,288.0
10057,X020921_105_5,AMG,Negative,0.0
10076,X020921_157_5,cd,Negative,94.0
10080,X021020_019_3,12m,Positive,479.0
10083,X021020_036_3,12o,Negative,171.0
10087,X021020_048_3,12o,Negative,86.0
10088,X021020_052_3,13l,Negative,101.0
10093,X021020_086_3,8B,Positive,396.0
10101,X021020_106_2,pu,Negative,384.0
10107,X021021_015_6,11ml,Positive,659.0
10112,X021021_038_3,13l,Positive,452.0
10113,X021021_038_6,13l,Positive,196.0
10114,X021021_040_2,13l,Negative,576.0
10116,X021021_047_1,12o,Negative,0.0
10125,X021021_083_3,AI,Positive,298.0
10130,X021021_103_5,AI,Negative,0.0
10133,X021021_109_5,cd,Negative,253.0
10139,X021021_128_9,AMG,Negative,231.0
10141,X021021_138_5,AMG,Negative,296.0
10142,X021021_138_6,AMG,Negative,148.0
10143,X021021_145_5,cd,Positive,111.0
10146,X021021_147_4,24c,Positive,187.0
10148,X021021_150_2,AMG,Positive,588.0
10151,X021120_007_3,46v,Positive,508.0
10155,X021120_036_2,12o,Positive,429.0
10163,X021120_096_4,8B,Positive,0.0
10166,X021120_104_4,45,Positive,363.0
10176,X021121_015_2,11ml,Positive,627.0
10181,X021121_034_2,13m,Positive,0.0
10182,X021121_038_3,13l,Positive,681.0
10188,X021121_051_2,13l,Negative,0.0
10195,X021121_066_1,12o,Positive,285.0
10206,X021121_091_8,AI,Negative,325.0
10207,X021121_109_5,cd,Negative,109.0
10208,X021121_109_6,cd,Negative,0.0
10210,X021121_118_1,AMG,Negative,303.0
10213,X021121_138_1,AMG,Positive,538.0
10223,X021220_022_3,46v,Negative,625.0
10225,X021220_028_4,12l,Positive,683.0
10226,X021220_036_3,12o,Positive,452.0
10237,X021220_091_1,6VaVb,Negative,301.0
10240,X021220_096_1,8B,Negative,0.0
10246,X021220_104_5,45,Positive,443.0
10247,X021220_104_7,45,Positive,599.0
10252,X021220_118_3,pu,Positive,0.0
10264,X021221_047_3,12o,Negative,183.0
10269,X021221_051_4,13l,Negative,286.0
10275,X021221_063_2,13l,Positive,696.0
10277,X021221_070_2,AI,Positive,404.0
10284,X021221_087_2,cd,Negative,263.0
10288,X021221_110_5,pu,Negative,362.0
10290,X021221_112_4,cd,Negative,0.0
10291,X021221_128_2,AMG,Negative,555.0
10294,X021221_138_3,AMG,Positive,269.0
10295,X021221_138_4,AMG,Negative,698.0
10297,X021221_145_4,cd,Negative,263.0
10302,X021320_013_2,46v,Negative,0.0
10303,X021320_015_1,46v,Positive,753.0
10305,X021320_027_3,12l,Negative,412.0
10313,X021320_088_5,cd,Positive,348.0
10314,X021320_088_6,cd,Positive,84.0
10316,X021320_096_1,8B,Negative,568.0
10319,X021320_101_3,6VaVb,Positive,605.0
10326,X021320_109_3,cd,Negative,185.0
10329,X021320_118_3,pu,Negative,0.0
10331,X021320_131_1,pu,Negative,705.0
10336,X021420_012_4,12m,Negative,524.0
10338,X021420_022_1,46v,Negative,186.0
10344,X021420_052_2,13l,Negative,481.0
10346,X021420_057_3,12o,Negative,651.0
10348,X021420_078_4,12o,Positive,618.0
10353,X021420_086_2,8B,Positive,0.0
10355,X021420_089_1,6VaVb,Positive,461.0
10356,X021420_089_5,6VaVb,Negative,0.0
10359,X021420_097_3,cd,Negative,146.0
10360,X021420_103_3,44,Negative,153.0
10363,X021420_104_5,45,Negative,285.0
10369,X021420_157_3,cd,Negative,0.0
10370,X021721_004_5,12r,Negative,663.0
10377,X021721_015_3,11ml,Positive,505.0
10380,X021721_034_4,13m,Negative,0.0
10384,X021721_044_6,13m,Negative,285.0
10390,X021721_056_7,12l,Negative,228.0
10393,X021721_066_2,12o,Positive,187.0
10398,X021721_079_2,12o,Negative,662.0
10407,X021721_119_2,AMG,Positive,271.0
10409,X021721_122_3,pu,Negative,380.0
10410,X021721_130_3,AMG,Negative,376.0
10412,X021721_135_3,cd,Negative,348.0
10415,X021721_143_3,AMG,Positive,683.0
10431,X021820_086_4,8B,Positive,0.0
10432,X021820_091_3,6VaVb,Positive,481.0
10435,X021820_096_3,8B,Positive,290.0
10439,X021820_101_3,6VaVb,Positive,692.0
10447,X021820_117_3,pu,Negative,249.0
10454,X021821_015_3,11ml,Positive,504.0
10455,X021821_015_4,11ml,Positive,603.0
10461,X021821_047_1,12o,Negative,528.0
10479,X021821_079_7,12o,Negative,0.0
10483,X021821_097_1,pu,Positive,644.0
10485,X021821_103_3,AI,Positive,133.0
10487,X021821_110_3,pu,Negative,0.0
10490,X021821_128_6,AMG,Negative,0.0
10491,X021821_128_8,AMG,Positive,174.0
10492,X021821_130_2,AMG,Negative,393.0
10496,X021920_011_3,12m,Positive,613.0
10500,X021920_015_3,46v,Negative,0.0
10502,X021920_019_2,12m,Positive,638.0
10503,X021920_024_2,46v,Negative,632.0
10504,X021920_025_3,11ml,Positive,426.0
10506,X021920_036_2,12o,Negative,0.0
10507,X021920_036_4,12o,Negative,74.0
10508,X021920_040_3,46v,Positive,55.0
10510,X021920_055_3,12l,Positive,379.0
10512,X021920_066_3,12l,Positive,358.0
10515,X021920_086_3,8B,Positive,619.0
10517,X021920_091_3,6VaVb,Positive,588.0
10520,X021920_098_1,cd,Negative,582.0
10521,X021920_101_3,6VaVb,Positive,55.0
10526,X021920_104_2,45,Positive,90.0
10530,X021920_109_4,cd,Positive,616.0
10541,X021921_047_4,12o,Negative,290.0
10550,X021921_064_3,13m,Positive,518.0
10552,X021921_079_3,12o,Negative,731.0
10553,X021921_080_2,12o,Negative,128.0
10557,X021921_105_2,AMG,Negative,0.0
10566,X021921_128_1,AMG,Positive,0.0
10568,X021921_128_6,AMG,Negative,356.0
10570,X021921_130_3,AMG,Positive,453.0
10573,X021921_138_3,AMG,Negative,593.0
10574,X021921_143_1,AMG,Positive,643.0
10576,X021921_157_3,cd,Positive,614.0
10594,X022321_092_4,AI,Negative,0.0
10599,X022321_128_4,AMG,Negative,0.0
10601,X022321_128_7,AMG,Positive,112.0
10602,X022321_138_4,AMG,Negative,210.0
10617,X022421_064_2,13m,Positive,33.0
10625,X022421_092_1,AI,Negative,0.0
10630,X022421_109_5,cd,Negative,249.0
10639,X022521_004_2,12r,Positive,216.0
10643,X022521_023_7,11ml,Positive,308.0
10659,X022521_063_7,13l,Positive,646.0
10661,X022521_067_3,12o,Negative,536.0
10670,X022521_100_6,cd,Negative,50.0
10673,X022521_109_2,cd,Negative,0.0
10674,X022521_109_5,cd,Negative,134.0
10679,X022521_119_3,AMG,Negative,26.0
10686,X022620_014_3,46v,Positive,0.0
10688,X022620_016_4,46df,Positive,133.0
10692,X022620_036_2,12o,Positive,213.0
10699,X022620_077_2,12l,Negative,72.0
10703,X022620_085_2,cd,Negative,351.0
10711,X022620_103_2,44,Positive,537.0
10715,X022620_104_3,45,Positive,331.0
10716,X022620_104_4,45,Negative,319.0
10719,X022620_109_3,cd,Positive,303.0
10720,X022620_117_4,pu,Negative,716.0
10732,X022621_023_2,11ml,Positive,596.0
10735,X022621_031_3,13l,Positive,608.0
10747,X022621_049_2,13l,Positive,54.0
10762,X022621_073_6,AI,Negative,534.0
10763,X022621_079_2,12o,Positive,0.0
10768,X022621_109_6,cd,Negative,0.0
10773,X022621_128_5,AMG,Negative,0.0
10776,X022720_003_2,12r,Negative,0.0
10777,X022720_012_2,12m,Negative,131.0
10782,X022720_016_5,46df,Positive,72.0
10783,X022720_018_4,12m,Negative,469.0
10785,X022720_036_3,12o,Positive,614.0
10788,X022720_051_4,13l,Negative,149.0
10790,X022720_055_3,12l,Negative,484.0
10793,X022720_066_2,12l,Positive,114.0
10799,X022720_085_3,cd,Negative,0.0
10800,X022720_086_2,8B,Positive,567.0
10803,X022720_098_1,cd,Negative,366.0
10805,X022720_109_3,cd,Positive,463.0
10808,X030121_020_2,12m,Negative,719.0
10812,X030121_044_3,13m,Negative,693.0
10826,X030121_073_3,AI,Negative,0.0
10827,X030121_079_1,12o,Positive,0.0
10833,X030121_099_3,cd,Negative,78.0
10836,X030121_109_1,cd,Negative,125.0
10840,X030121_123_5,cd,Negative,589.0
10841,X030121_128_3,AMG,Negative,355.0
10848,X030220_016_3,46df,Positive,47.0
10852,X030220_025_8,11ml,Negative,0.0
10853,X030220_028_3,12l,Negative,394.0
10854,X030220_029_4,12m,Positive,711.0
10863,X030220_057_5,12o,Negative,137.0
10866,X030220_079_3,12o,Negative,272.0
10869,X030220_089_3,6VaVb,Negative,82.0
10878,X030220_109_3,cd,Positive,178.0
10879,X030220_131_5,pu,Negative,0.0
10884,X030221_024_4,11ml,Negative,0.0
10888,X030221_031_6,13l,Positive,607.0
10897,X030221_051_3,13l,Positive,664.0
10898,X030221_056_3,12l,Negative,112.0
10905,X030221_068_3,12o,Negative,31.0
10906,X030221_073_3,AI,Negative,734.0
10907,X030221_079_4,12o,Positive,643.0
10910,X030221_086_2,pu,Negative,282.0
10913,X030221_093_5,AI,Positive,106.0
10914,X030221_097_5,pu,Positive,234.0
10915,X030221_098_6,pu,Negative,0.0
10924,X030221_128_5,AMG,Negative,0.0
10925,X030221_128_6,AMG,Negative,661.0
10926,X030221_130_2,AMG,Negative,191.0
10928,X030221_150_3,AMG,Negative,687.0
10929,X030221_155_2,AMG,Positive,0.0
10938,X030320_057_1,12o,Negative,292.0
10942,X030320_089_3,6VaVb,Positive,145.0
10945,X030320_098_2,cd,Positive,635.0
10947,X030320_101_3,6VaVb,Positive,349.0
10954,X030320_109_3,cd,Negative,316.0
10955,X030320_109_4,cd,Positive,164.0
10956,X030320_112_2,cd,Positive,565.0
10971,X030321_056_2,12l,Negative,191.0
10975,X030321_069_4,12o,Positive,240.0
10978,X030321_073_1,AI,Negative,0.0
10979,X030321_073_6,AI,Negative,0.0
10983,X030321_079_2,12o,Positive,0.0
10987,X030321_087_6,cd,Negative,691.0
10995,X030321_112_2,cd,Negative,419.0
10997,X030321_123_4,cd,Negative,265.0
10999,X030321_128_6,AMG,Negative,241.0
11000,X030321_128_7,AMG,Negative,74.0
11002,X030321_130_1,AMG,Negative,26.0
11003,X030321_130_5,AMG,Positive,0.0
11007,X030321_155_4,AMG,Positive,0.0
11008,X030420_004_2,12r,Negative,0.0
11010,X030420_005_3,11ml,Positive,185.0
11019,X030420_057_3,12o,Negative,187.0
11023,X030420_086_2,8B,Negative,34.0
11030,X030420_101_3,6VaVb,Positive,499.0
11034,X030420_109_3,cd,Negative,592.0
11035,X030420_109_5,cd,Positive,9.0
11037,X030420_112_3,cd,Negative,13.0
11040,X030420_143_2,AMG,Negative,304.0
11041,X030421_011_3,12m,Negative,422.0
11045,X030421_046_2,12o,Positive,131.0
11051,X030421_056_3,12l,Negative,12.0
11060,X030421_079_3,12o,Negative,353.0
11062,X030421_092_4,AI,Positive,0.0
11069,X030421_112_2,cd,Negative,0.0
11071,X030421_118_2,AMG,Negative,382.0
11074,X030421_123_5,cd,Negative,454.0
11076,X030421_128_3,AMG,Negative,148.0
11078,X030421_155_5,AMG,Positive,0.0
11080,X030520_013_4,46v,Positive,328.0
11089,X030520_066_1,12l,Positive,62.0
11092,X030520_069_2,AI,Positive,29.0
11095,X030520_077_1,12l,Positive,586.0
11098,X030520_085_5,cd,Negative,0.0
11104,X030520_097_3,cd,Negative,82.0
11105,X030520_098_1,cd,Positive,539.0
11107,X030520_101_3,6VaVb,Positive,377.0
11109,X030520_104_3,45,Positive,501.0
11110,X030520_104_5,45,Positive,203.0
11111,X030520_109_2,cd,Positive,506.0
11114,X030520_143_2,AMG,Positive,0.0
11115,X030520_149_3,pu,Negative,0.0
11117,X030521_012_6,12m,Negative,346.0
11118,X030521_020_3,12m,Negative,0.0
11119,X030521_029_2,12m,Negative,399.0
11121,X030521_031_6,13l,Negative,27.0
11123,X030521_037_3,12o,Positive,584.0
11134,X030521_064_2,13m,Positive,627.0
11138,X030521_074_5,13m,Negative,659.0
11143,X030521_082_2,AI,Negative,40.0
11145,X030521_092_1,AI,Positive,405.0
11151,X030521_111_4,cd,Negative,156.0
11153,X030521_119_2,AMG,Positive,0.0
11154,X030521_123_1,cd,Negative,470.0
11160,X030620_013_4,46v,Negative,502.0
11162,X030620_027_1,12l,Positive,296.0
11169,X030620_046_2,12o,Negative,68.0
11173,X030620_066_3,12l,Positive,0.0
11175,X030620_077_1,12l,Positive,478.0
11178,X030620_089_3,6VaVb,Negative,108.0
11179,X030620_089_4,6VaVb,Positive,155.0
11181,X030620_095_4,pu,Positive,0.0
11184,X030620_104_2,45,Positive,572.0
11185,X030620_109_2,cd,Positive,557.0
11189,X030821_011_3,12m,Negative,88.0
11197,X030821_041_6,13l,Negative,166.0
11199,X030821_056_4,12l,Negative,68.0
11208,X030821_092_1,AI,Positive,291.0
11216,X030821_128_1,AMG,Positive,636.0
11218,X030821_139_3,AMG,Negative,671.0
11220,X030920_007_2,46v,Negative,556.0
11223,X030920_040_4,46v,Negative,485.0
11229,X030920_066_2,12l,Negative,0.0
11232,X030920_095_3,pu,Positive,406.0
11234,X030920_098_2,cd,Positive,654.0
11241,X030920_118_3,pu,Positive,138.0
11243,X030920_143_1,AMG,Negative,40.0
11245,X030921_012_3,12m,Negative,691.0
11247,X030921_015_3,11ml,Negative,353.0
11249,X030921_029_3,12m,Negative,586.0
11251,X030921_041_3,13l,Negative,386.0
11252,X030921_041_4,13l,Negative,0.0
11256,X030921_056_3,12l,Negative,117.0
11260,X030921_068_4,12o,Negative,0.0
11282,X031020_047_3,12o,Positive,517.0
11287,X031020_051_8,13l,Positive,192.0
11290,X031020_066_3,12l,Negative,410.0
11296,X031020_089_5,6VaVb,Negative,684.0
11298,X031020_098_3,cd,Positive,683.0
11303,X031020_109_4,cd,Positive,337.0
11306,X031020_141_3,AMG,Negative,0.0
11308,X031021_011_2,12m,Negative,349.0
11310,X031021_012_3,12m,Positive,195.0
11319,X031021_047_4,12o,Negative,105.0
11326,X031021_060_4,AI,Negative,110.0
11330,X031021_068_4,12o,Negative,0.0
11333,X031021_069_5,12o,Negative,536.0
11346,X031021_104_3,AI,Positive,559.0
11348,X031021_112_5,cd,Negative,0.0
11352,X031021_128_6,AMG,Negative,671.0
11367,X031120_061_4,AI,Negative,259.0
11368,X031120_065_3,13m,Positive,645.0
11369,X031120_066_3,12l,Negative,0.0
11380,X031120_097_4,cd,Positive,494.0
11381,X031120_098_3,cd,Positive,620.0
11388,X031120_109_4,cd,Positive,0.0
11397,X031121_012_2,12m,Positive,607.0
11399,X031121_015_8,11ml,Positive,92.0
11405,X031121_047_2,12o,Negative,538.0
11406,X031121_047_4,12o,Negative,77.0
11408,X031121_048_5,12o,Negative,0.0
11418,X031121_065_6,13m,Negative,324.0
11423,X031121_079_3,12o,Positive,678.0
11424,X031121_079_4,12o,Positive,294.0
11433,X031121_092_5,AI,Positive,75.0
11438,X031121_104_6,AI,Positive,517.0
11439,X031121_112_7,cd,Negative,58.0
11444,X031121_139_5,AMG,Positive,674.0
11445,X031121_145_4,cd,Negative,0.0
11454,X031220_040_3,46v,Negative,68.0
11455,X031220_048_1,12o,Negative,374.0
11460,X031220_077_6,12l,Negative,605.0
11466,X031220_090_6,12o,Negative,81.0
11469,X031220_098_7,cd,Positive,356.0
11474,X031220_109_3,cd,Positive,701.0
11480,X031220_141_3,AMG,Negative,6.0
11483,X031221_015_2,11ml,Negative,86.0
11487,X031221_032_3,13m,Positive,509.0
11491,X031221_043_1,13m,Negative,393.0
11497,X031221_056_3,12l,Positive,171.0
11506,X031221_070_2,AI,Negative,409.0
11510,X031221_077_2,12l,Negative,196.0
11518,X031221_092_2,AI,Positive,408.0
11520,X031221_098_3,pu,Negative,496.0
11525,X031221_124_6,cd,Negative,423.0
11526,X031221_128_3,AMG,Negative,429.0
11529,X031221_139_1,AMG,Positive,0.0
11533,X031320_005_4,11ml,Negative,334.0
11536,X031320_029_2,12m,Positive,37.0
11540,X031320_040_3,46v,Negative,444.0
11550,X031320_097_4,cd,Positive,537.0
11560,X031521_015_3,11ml,Negative,337.0
11561,X031521_015_5,11ml,Positive,613.0
11562,X031521_015_6,11ml,Negative,428.0
11575,X031521_066_3,12l,Positive,270.0
11581,X031521_092_3,AI,Negative,349.0
11589,X031620_005_3,11ml,Negative,241.0
11592,X031620_019_2,12m,Positive,655.0
11595,X031620_038_3,13l,Positive,217.0
11596,X031620_040_3,46v,Positive,489.0
11597,X031620_040_4,46v,Negative,322.0
11602,X031620_097_3,cd,Negative,0.0
11609,X031620_131_4,pu,Negative,498.0
11610,X031621_015_3,11ml,Negative,0.0
11615,X031621_033_5,13m,Negative,136.0
11624,X031621_057_1,12o,Positive,513.0
11627,X031621_066_3,12l,Positive,298.0
11651,X031720_029_3,12m,Negative,343.0
11655,X031720_038_2,13l,Positive,35.0
11664,X031720_098_4,cd,Negative,438.0
11666,X031720_107_2,pu,Positive,245.0
11670,X031720_131_3,pu,Negative,0.0
11673,X031721_007_6,11ml,Negative,0.0
11693,X031721_079_5,12o,Positive,88.0
11706,X031721_112_2,cd,Positive,669.0
11709,X031721_123_5,cd,Negative,560.0
11711,X031721_130_3,AMG,Negative,171.0
11713,X031721_146_4,cd,Negative,359.0
11715,X031821_021_4,11ml,Positive,157.0
11716,X031821_024_6,11ml,Negative,263.0
11735,X031821_062_4,13l,Negative,440.0
11742,X031821_078_1,12o,Positive,452.0
11743,X031821_078_2,12o,Positive,302.0
11745,X031821_081_5,AI,Negative,0.0
11750,X031821_092_3,AI,Negative,0.0
11755,X031821_119_2,AMG,Positive,280.0
11757,X031821_123_5,cd,Negative,590.0
11758,X031821_130_2,AMG,Negative,553.0
11759,X031821_146_4,cd,Negative,282.0
11773,X031921_048_7,12o,Negative,46.0
11777,X031921_056_4,12o,Positive,0.0
11779,X031921_057_6,12o,Negative,0.0
11788,X031921_080_1,12o,Negative,654.0
11793,X031921_108_5,pu,Positive,616.0
11794,X031921_112_3,cd,Negative,461.0
11799,X031921_123_2,cd,Negative,393.0
11801,X031921_128_1,AMG,Negative,0.0
11803,X031921_132_7,AMG,Negative,372.0
11806,X031921_147_3,cd,Negative,666.0
11815,X032221_033_1,13m,Negative,157.0
11819,X032221_046_3,12o,Negative,342.0
11825,X032221_056_3,12o,Positive,222.0
11826,X032221_057_2,12o,Negative,55.0
11838,X032221_080_4,12o,Negative,700.0
11841,X032221_091_2,AI,Negative,0.0
11846,X032221_097_4,pu,Positive,0.0
11848,X032221_103_2,AI,Negative,0.0
11856,X032221_128_5,AMG,Positive,7.0
11857,X032221_139_3,AMG,Negative,400.0
11861,X032321_013_6,11ml,Negative,357.0
11886,X032321_080_4,12o,Negative,483.0
11893,X032321_103_3,AI,Negative,0.0
11894,X032321_103_5,AI,Negative,0.0
11897,X032321_118_3,AMG,Positive,462.0
11909,X032421_037_3,12o,Positive,107.0
11916,X032421_043_6,13m,Negative,0.0
11931,X032421_068_1,12o,Positive,0.0
11934,X032421_074_6,13m,Negative,439.0
11936,X032421_080_2,12o,Negative,181.0
11941,X032421_103_2,AI,Negative,418.0
11945,X032421_119_3,AMG,Positive,443.0
11951,X032521_014_2,11ml,Positive,657.0
11956,X032521_037_3,12o,Positive,92.0
11974,X032521_074_3,13m,Negative,606.0
11976,X032521_091_2,AI,Negative,235.0
11977,X032521_103_7,AI,Negative,216.0
11983,X032521_128_5,AMG,Positive,685.0
11987,X032621_007_5,11ml,Positive,0.0
11988,X032621_014_2,11ml,Positive,572.0
11989,X032621_014_3,11ml,Negative,211.0
11995,X032621_032_2,13m,Negative,177.0
11996,X032621_037_4,12o,Positive,442.0
11997,X032621_037_5,12o,Positive,455.0
11999,X032621_040_4,13l,Negative,0.0
12002,X032621_043_5,13m,Negative,119.0
12021,X032621_079_4,12o,Positive,723.0
12022,X032621_080_4,12o,Negative,418.0
12025,X032621_103_2,AI,Negative,473.0
12027,X032621_119_3,AMG,Positive,588.0
12031,X032921_014_1,11ml,Positive,0.0
12032,X032921_015_1,11ml,Positive,621.0
12033,X032921_016_3,11ml,Positive,283.0
12035,X032921_023_2,11ml,Positive,548.0
12049,X032921_056_3,12o,Positive,0.0
12055,X032921_076_6,cd,Positive,545.0
12063,X032921_093_2,AI,Negative,575.0
12068,X032921_119_2,AMG,Positive,571.0
12071,X032921_132_5,AMG,Positive,75.0
12073,X032921_138_3,AMG,Negative,0.0
12074,X032921_147_2,cd,Positive,397.0
12078,X080421_023_3,11ml,Positive,569.0
12080,X080421_028_3,46v,Positive,480.0
12081,X080421_031_3,13l,Positive,99.0
12082,X080421_032_3,13m,Positive,0.0
12090,X080421_053_3,13m,Positive,395.0
12100,X080421_066_2,12o,Positive,162.0
12107,X080421_119_1,AMG,Positive,564.0
12113,X081821_007_3,11ml,Negative,506.0
12118,X081821_023_3,11ml,Positive,123.0
12136,X081821_078_3,12o,Negative,528.0
12138,X081821_085_1,pu,Negative,538.0
12149,X081821_140_2,AMG,Positive,546.0
12150,X081821_141_3,pu,Positive,408.0
12155,X082321_012_3,12m,Negative,198.0
12157,X082321_021_2,11ml,Negative,77.0
12159,X082321_021_6,11ml,Negative,0.0
12160,X082321_023_2,11ml,Positive,187.0
12165,X082321_038_3,13l,Positive,0.0
12170,X082321_054_4,13m,Negative,646.0
12176,X082321_064_3,13m,Negative,501.0
12179,X082321_072_2,AI,Negative,135.0
12180,X082321_074_3,13m,Negative,320.0
12181,X082321_074_4,13m,Negative,67.0
12184,X082321_082_3,AI,Positive,0.0
12190,X082321_099_3,pu,Negative,391.0
12191,X082321_107_2,AMG,Negative,619.0
12193,X082321_119_4,AMG,Positive,71.0
12202,X082321_154_3,AMG,Positive,222.0
12204,X082621_007_3,11ml,Negative,0.0
12207,X082621_031_3,13l,Positive,0.0
12210,X082621_038_4,13l,Negative,357.0
12227,X082621_066_4,12o,Negative,248.0
12229,X082621_069_4,12o,Positive,339.0
12235,X082621_096_3,pu,Negative,409.0
12238,X082621_107_2,AMG,Negative,591.0
12243,X082621_119_7,AMG,Positive,34.0
12248,X090221_029_2,12m,Negative,75.0
12254,X090221_054_1,13m,Positive,393.0
12255,X090221_054_4,13m,Positive,638.0
12256,X090221_056_2,12o,Positive,138.0
12262,X090221_066_2,12o,Positive,14.0
12279,X090221_142_5,AMG,Negative,430.0
12283,X090921_029_2,12m,Positive,550.0
12292,X090921_057_3,12o,Positive,273.0
12297,X090921_079_1,12o,Negative,224.0
12298,X090921_081_2,AI,Negative,0.0
12301,X090921_093_3,AI,Positive,602.0
12313,X091020_028_7,12o,Positive,531.0
12351,X091120_028_2,12o,Positive,0.0
12359,X091120_046_4,12o,Negative,83.0
12360,X091120_047_2,12o,Positive,514.0
12372,X091120_086_2,6DR,Positive,156.0
12381,X091120_127_2,6VaVb,Positive,654.0
12394,X091520_003_6,12r,Positive,0.0
12401,X091520_022_2,46df,Negative,0.0
12404,X091520_029_3,46v,Positive,219.0
12407,X091520_045_5,12o,Positive,449.0
12412,X091520_057_5,46v,Negative,214.0
12414,X091520_065_1,6DR,Positive,530.0
12415,X091520_065_4,6DR,Negative,0.0
12420,X091520_073_6,8B,Negative,189.0
12421,X091520_073_7,8B,Negative,267.0
12423,X091520_078_8,8A,Negative,305.0
12425,X091520_087_5,6DR,Negative,238.0
12438,X091520_138_2,6VaVb,Negative,531.0
12439,X091520_139_2,6DC,Negative,192.0
12441,X091520_139_5,6DC,Negative,395.0
12459,X091521_091_2,AI,Negative,331.0
12461,X091521_092_3,AI,Negative,455.0
12462,X091521_093_2,AI,Positive,439.0
12467,X091521_110_3,cd,Negative,361.0
12468,X091521_139_3,6DC,Positive,354.0
12471,X091620_003_2,12r,Positive,306.0
12489,X091620_053_1,8B,Positive,665.0
12503,X091620_067_1,45,Negative,189.0
12505,X091620_085_3,8B,Negative,486.0
12506,X091620_085_4,8B,Positive,0.0
12512,X091620_108_2,6DR,Positive,364.0
12513,X091620_111_2,6DR,Negative,386.0
12515,X091620_117_2,6DC,Negative,269.0
12520,X091620_129_4,6DC,Negative,175.0
12528,X091620_143_7,6DC,Positive,577.0
12529,X091620_144_4,6DC,Positive,427.0
12536,X091720_011_4,12r,Positive,683.0
12548,X091720_057_6,46v,Negative,620.0
12549,X091720_057_8,46v,Negative,0.0
12556,X091720_078_2,8A,Negative,318.0
12569,X091720_129_2,6DC,Negative,302.0
12572,X091720_140_3,6DC,Positive,521.0
12574,X091720_143_4,6DC,Positive,536.0
12576,X091720_144_2,6DC,Positive,466.0
12580,X091820_006_3,46d,Positive,0.0
12593,X091820_053_5,8B,Negative,286.0
12598,X091820_057_6,46v,Positive,200.0
12599,X091820_058_3,46v,Negative,0.0
12601,X091820_062_2,46d,Negative,348.0
12607,X091820_073_7,8B,Positive,544.0
12608,X091820_078_3,45,Positive,48.0
12609,X091820_081_3,46v,Negative,205.0
12610,X091820_085_4,8B,Negative,133.0
12614,X091820_101_2,6VaVb,Positive,630.0
12616,X091820_103_4,45,Positive,452.0
12617,X091820_108_4,6DC,Negative,0.0
12618,X091820_108_5,6DC,Negative,124.0
12622,X091820_130_3,6DC,Positive,468.0
12624,X091820_131_3,6DC,Positive,262.0
12627,X091820_138_2,6VaVb,Negative,465.0
12633,X091820_145_3,6DC,Positive,303.0
12644,X092120_023_3,46df,Negative,0.0
12653,X092120_047_3,12o,Negative,0.0
12659,X092120_056_2,45,Negative,335.0
12662,X092120_066_4,12l,Positive,81.0
12667,X092120_078_3,45,Negative,641.0
12672,X092120_091_1,45,Negative,228.0
12675,X092120_097_3,8B,Negative,0.0
12690,X092120_144_1,6DC,Negative,0.0
12693,X092320_003_3,12r,Positive,407.0
12695,X092320_011_2,12r,Positive,355.0
12718,X092320_078_2,45,Positive,0.0
12720,X092320_080_1,45,Negative,127.0
12725,X092320_091_3,45,Negative,0.0
12726,X092320_092_2,45,Positive,496.0
12727,X092320_092_4,45,Positive,327.0
12730,X092320_101_3,6VaVb,Negative,425.0
12735,X092320_114_3,6VaVb,Negative,467.0
12756,X092520_040_1,46v,Negative,445.0
12766,X092520_063_3,8B,Negative,0.0
12767,X092520_064_2,8B,Negative,287.0
12773,X092520_081_3,46v,Negative,524.0
12777,X092520_092_3,45,Positive,515.0
12781,X092520_103_3,45,Positive,211.0
12784,X092520_110_2,6DR,Negative,0.0
12786,X092520_117_3,6DC,Positive,230.0
12792,X092520_132_4,6DC,Positive,558.0
12793,X092520_138_2,6VaVb,Negative,389.0
12796,X092520_140_4,6DC,Positive,247.0
12802,X092820_015_2,46df,Negative,231.0
12806,X092820_023_5,46df,Negative,247.0
12814,X092820_060_5,46v,Positive,488.0
12816,X092820_064_5,8B,Positive,0.0
12818,X092820_075_5,8B,Negative,257.0
12820,X092820_077_2,12l,Positive,137.0
12821,X092820_078_3,45,Positive,513.0
12823,X092820_084_3,8B,Negative,0.0
12824,X092820_086_4,6DR,Negative,195.0
12831,X092820_101_2,6VaVb,Positive,0.0
12834,X092820_114_2,6VaVb,Negative,469.0
12835,X092820_116_3,6DC,Positive,0.0
12842,X092820_140_1,6DC,Positive,253.0
12843,X092820_140_2,6DC,Positive,0.0
12844,X092820_140_6,6DC,Negative,347.0
12846,X092820_146_3,6DC,Positive,467.0
12854,X092920_016_2,24c,Positive,514.0
12856,X092920_024_2,46df,Negative,0.0
12857,X092920_029_5,12m,Negative,0.0
12869,X092920_059_4,46v,Negative,0.0
12873,X092920_064_3,8B,Negative,638.0
12875,X092920_066_5,12l,Positive,612.0
12877,X092920_067_3,45,Negative,692.0
12878,X092920_069_5,46v,Negative,0.0
12879,X092920_070_2,46v,Negative,0.0
12880,X092920_075_4,8B,Positive,456.0
12884,X092920_091_7,45,Negative,266.0
12887,X092920_092_4,45,Positive,228.0
12888,X092920_096_2,8B,Negative,608.0
12895,X092920_116_2,6DC,Positive,581.0
12902,X092920_140_3,6DC,Negative,643.0
12903,X092920_147_7,6DC,Positive,41.0
12908,X093020_016_4,24c,Positive,0.0
12909,X093020_038_3,13l,Positive,221.0
12919,X093020_064_3,8B,Negative,332.0
12920,X093020_066_3,12l,Positive,531.0
12922,X093020_067_3,45,Negative,86.0
12923,X093020_070_6,46v,Negative,383.0
12927,X093020_084_2,8B,Negative,0.0
12929,X093020_085_4,8B,Negative,219.0
12930,X093020_086_3,8B,Negative,302.0
12932,X093020_091_4,45,Negative,161.0
12933,X093020_091_5,45,Negative,0.0
12934,X093020_096_2,8B,Negative,0.0
12935,X093020_096_3,8B,Positive,446.0
12936,X093020_101_3,6VaVb,Negative,310.0
12941,X093020_117_1,6DC,Positive,66.0
12944,X093020_131_2,6DC,Positive,360.0
12948,X093020_147_5,6DC,Positive,0.0
12951,X100120_004_4,12r,Negative,0.0
12952,X100120_006_2,46d,Negative,648.0
12954,X100120_011_6,12r,Negative,379.0
12955,X100120_013_4,46v,Negative,28.0
12959,X100120_016_2,24c,Positive,256.0
12960,X100120_024_3,46df,Negative,164.0
12962,X100120_029_4,12m,Negative,0.0
12964,X100120_038_2,13l,Positive,506.0
12965,X100120_040_3,46v,Negative,0.0
12966,X100120_047_1,12o,Positive,449.0
12970,X100120_056_3,45,Positive,0.0
12971,X100120_058_3,46v,Negative,0.0
12974,X100120_066_3,12l,Positive,713.0
12977,X100120_070_3,46v,Negative,0.0
12984,X100120_084_4,8B,Negative,0.0
12990,X100120_092_3,45,Negative,0.0
13007,X100220_006_3,46d,Negative,550.0
13008,X100220_011_7,12r,Negative,0.0
13013,X100220_029_4,12m,Negative,265.0
13014,X100220_031_4,46v,Negative,644.0
13016,X100220_040_4,46v,Negative,227.0
13018,X100220_051_4,46df,Negative,0.0
13020,X100220_058_3,46v,Negative,0.0
13023,X100220_066_6,12l,Positive,445.0
13027,X100220_077_7,12l,Positive,0.0
13029,X100220_078_4,45,Positive,378.0
13032,X100220_087_3,24c,Positive,456.0
13034,X100220_092_3,45,Positive,580.0
13035,X100220_096_2,8B,Negative,323.0
13040,X100220_109_3,6DR,Negative,440.0
13048,X100220_140_7,6DC,Positive,62.0
13051,X100520_006_2,46d,Negative,0.0
13063,X100520_023_3,46df,Negative,0.0
13068,X100520_033_3,46d,Positive,263.0
13077,X100520_070_4,46v,Negative,521.0
13079,X100520_075_1,8B,Negative,392.0
13080,X100520_077_4,12l,Negative,315.0
13083,X100520_080_4,45,Negative,65.0
13084,X100520_096_3,8B,Negative,443.0
13087,X100520_106_3,pu,Negative,64.0
13089,X100520_118_4,6DC,Negative,171.0
13097,X100520_140_4,6DC,Positive,215.0
13098,X100520_140_5,6DC,Positive,520.0
13102,X100620_004_3,12r,Positive,505.0
13123,X100620_042_5,46df,Positive,477.0
13127,X100620_067_3,45,Positive,277.0
13129,X100620_074_4,8B,Negative,568.0
13130,X100620_075_2,8B,Negative,331.0
13133,X100620_079_3,45,Negative,0.0
13135,X100620_084_1,8B,Negative,0.0
13140,X100620_085_5,8B,Negative,0.0
13141,X100620_086_3,8B,Negative,345.0
13142,X100620_091_3,45,Negative,0.0
13144,X100620_092_7,45,Negative,102.0
13150,X100620_119_5,6DC,Positive,191.0
13155,X100620_147_2,6DC,Negative,291.0
13165,X100720_024_4,46df,Negative,335.0
13178,X100720_066_2,12l,Negative,0.0
13179,X100720_075_3,8B,Negative,355.0
13184,X100720_084_1,8B,Positive,196.0
13187,X100720_084_11,8B,Negative,0.0
13193,X100720_092_3,45,Positive,480.0
13195,X100720_096_3,8B,Negative,315.0
13197,X100720_097_3,8B,Negative,402.0
13202,X100720_106_4,pu,Positive,423.0
13211,X100820_013_6,46v,Negative,386.0
13216,X100820_016_6,24c,Positive,424.0
13224,X100820_066_3,12l,Negative,0.0
13225,X100820_067_4,45,Positive,315.0
13227,X100820_075_3,8B,Negative,268.0
13228,X100820_077_4,12l,Positive,0.0
13229,X100820_080_3,44,Positive,184.0
13232,X100820_084_2,8B,Negative,0.0
13234,X100820_084_6,8B,Positive,338.0
13236,X100820_086_4,8B,Negative,290.0
13237,X100820_091_4,45,Positive,446.0
13238,X100820_092_2,45,Positive,39.0
13239,X100820_092_3,45,Positive,473.0
13240,X100820_093_3,45,Negative,0.0
13242,X100820_097_3,8B,Negative,0.0
13250,X100820_114_2,6VaVb,Positive,351.0
13253,X100820_131_6,6DC,Positive,628.0
13255,X100820_152_3,pu,Negative,0.0
13257,X100920_004_3,12r,Negative,584.0
13264,X100920_015_3,46df,Negative,656.0
13265,X100920_016_3,24c,Positive,267.0
13273,X100920_031_1,46v,Positive,40.0
13279,X100920_066_4,12l,Positive,596.0
13280,X100920_066_5,12l,Negative,535.0
13282,X100920_077_4,12l,Positive,620.0
13284,X100920_079_2,45,Negative,44.0
13291,X100920_086_6,8B,Negative,216.0
13292,X100920_087_2,24c,Negative,144.0
13293,X100920_091_3,45,Positive,0.0
13299,X100920_108_5,6DC,Negative,589.0
13309,X101220_004_5,12r,Negative,278.0
13328,X101220_060_4,46v,Negative,512.0
13329,X101220_064_3,8B,Positive,447.0
13332,X101220_066_4,12l,Positive,436.0
13340,X101220_091_1,45,Positive,323.0
13348,X101220_114_1,6VaVb,Negative,436.0
13349,X101220_114_3,6VaVb,Positive,457.0
13358,X101320_004_3,12r,Negative,654.0
13381,X101320_048_4,13l,Negative,402.0
13384,X101320_066_3,12l,Positive,357.0
13387,X101320_077_3,12l,Positive,576.0
13394,X101320_086_3,8B,Negative,0.0
13410,X101320_130_5,6VaVb,Positive,241.0
13411,X101320_130_8,6VaVb,Positive,210.0
13413,X101320_134_3,cd,Positive,0.0
13417,X101320_154_3,cd,Positive,447.0
13440,X101420_066_2,12l,Positive,280.0
13446,X101420_084_2,8B,Negative,394.0
13447,X101420_084_3,8B,Negative,479.0
13449,X101420_086_2,8B,Negative,609.0
13450,X101420_086_3,8B,Negative,155.0
13454,X101420_104_2,45,Positive,136.0
13468,X101420_135_6,24c,Negative,215.0
13469,X101420_139_4,6VaVb,Negative,330.0
13471,X101520_004_3,12r,Positive,66.0
13477,X101520_013_3,46v,Negative,377.0
13482,X101520_022_2,46v,Negative,676.0
13488,X101520_029_2,12m,Positive,246.0
13489,X101520_031_2,46v,Negative,0.0
13496,X101520_060_1,46v,Positive,283.0
13497,X101520_066_3,12l,Positive,453.0
13504,X101520_078_3,12l,Negative,207.0
13508,X101520_085_2,8B,Negative,0.0
13510,X101520_085_5,8B,Negative,160.0
13511,X101520_093_3,45,Positive,596.0
13528,X101620_004_5,12r,Negative,146.0
13530,X101620_006_4,46v,Negative,0.0
13532,X101620_013_5,46v,Negative,570.0
13540,X101620_029_2,12m,Positive,599.0
13547,X101620_050_3,46v,Negative,342.0
13549,X101620_066_4,12l,Positive,226.0
13553,X101620_084_3,8B,Negative,241.0
13554,X101620_084_4,8B,Negative,454.0
13561,X101620_092_4,45,Positive,95.0
13562,X101620_097_3,8B,Negative,195.0
13576,X101620_129_2,pu,Negative,0.0
13577,X101620_131_2,6DC,Positive,0.0
13581,X101620_152_4,pu,Positive,0.0
13588,X101920_013_3,46v,Negative,495.0
13589,X101920_013_4,46v,Negative,3.0
13599,X101920_040_4,13l,Negative,17.0
13611,X101920_084_3,8B,Negative,379.0
13618,X101920_097_3,8B,Negative,703.0
13635,X102020_004_3,12r,Negative,0.0
13642,X102020_025_4,11ml,Negative,498.0
13648,X102020_050_4,46v,Negative,570.0
13650,X102020_066_3,12l,Positive,167.0
13651,X102020_070_3,AI,Negative,0.0
13660,X102020_092_3,45,Positive,340.0
13661,X102020_092_4,45,Positive,449.0
13662,X102020_097_3,8B,Negative,674.0
13666,X102020_105_3,6DC,Negative,34.0
13671,X102020_112_6,24c,Negative,145.0
13675,X102020_128_5,pu,Negative,234.0
13676,X102020_129_2,pu,Negative,40.0
13678,X102020_134_3,cd,Positive,543.0
13682,X102020_145_2,24c,Negative,0.0
13688,X102120_011_5,12m,Positive,0.0
13697,X102120_050_6,46v,Negative,659.0
13700,X102120_066_3,12l,Positive,550.0
13711,X102120_093_4,45,Negative,0.0
13712,X102120_097_4,8B,Negative,0.0
13715,X102120_109_1,6DR,Negative,0.0
13719,X102120_129_3,pu,Negative,0.0
13732,X102220_038_2,13l,Positive,734.0
13735,X102220_047_7,12o,Negative,458.0
13737,X102220_050_9,46v,Negative,681.0
13749,X102220_079_9,45,Negative,518.0
13751,X102220_080_5,AI,Negative,506.0
13754,X102220_088_3,cd,Negative,384.0
13755,X102220_091_5,45,Negative,0.0
13760,X102220_109_4,6DR,Negative,428.0
13767,X102220_121_6,cd,Positive,121.0
13772,X102220_135_2,24c,Negative,715.0
13776,X102220_152_2,pu,Negative,0.0
13779,X102320_006_1,46v,Positive,357.0
13782,X102320_011_3,12m,Negative,359.0
13794,X102320_050_3,46v,Negative,434.0
13801,X102320_079_1,45,Negative,154.0
13813,X102320_118_4,pu,Positive,349.0
13815,X102320_119_7,pu,Positive,261.0
13816,X102320_121_4,cd,Positive,598.0
13817,X102320_124_2,cd,Negative,0.0
13819,X102320_129_2,pu,Negative,117.0
13820,X102320_130_3,6VaVb,Positive,283.0
13823,X102320_145_3,24c,Negative,34.0
13826,X102320_152_2,pu,Negative,567.0
13828,X102620_006_2,46v,Positive,0.0
13829,X102620_006_3,46v,Positive,602.0
13833,X102620_013_2,46v,Negative,65.0
13844,X102620_050_4,46v,Negative,573.0
13847,X102620_066_3,12l,Positive,532.0
13852,X102620_086_2,8B,Negative,0.0
13864,X102620_109_1,6DR,Negative,349.0
13869,X102620_129_3,pu,Negative,128.0
13870,X102620_130_3,6VaVb,Negative,398.0
13871,X102620_145_3,24c,Positive,38.0
13874,X102720_006_2,46v,Positive,420.0
13877,X102720_011_3,12m,Positive,0.0
13878,X102720_013_3,46v,Negative,363.0
13896,X102720_067_4,12o,Positive,644.0
13907,X102720_107_3,pu,Positive,330.0
13913,X102720_129_3,pu,Negative,124.0
13929,X102820_022_4,46v,Negative,243.0
13930,X102820_023_4,46v,Negative,654.0
13940,X102820_041_3,46v,Negative,0.0
13945,X102820_066_4,12l,Positive,0.0
13949,X102820_079_3,45,Negative,0.0
13952,X102820_086_5,8B,Negative,0.0
13954,X102820_091_2,45,Negative,585.0
13957,X102820_098_3,cd,Positive,218.0
13960,X102820_106_4,pu,Negative,0.0
13970,X102920_011_3,12m,Positive,49.0
13971,X102920_012_3,12m,Negative,698.0
13973,X102920_014_6,46v,Positive,70.0
13976,X102920_015_6,46v,Negative,180.0
13977,X102920_023_6,46v,Negative,0.0
13983,X102920_040_5,13l,Positive,167.0
13987,X102920_050_2,46v,Negative,557.0
13992,X102920_066_7,12l,Positive,318.0
13995,X102920_068_2,12o,Negative,321.0
13999,X102920_077_2,12l,Positive,587.0
14007,X102920_092_3,45,Positive,81.0
14009,X102920_098_3,cd,Positive,325.0
14010,X102920_100_2,24c,Negative,0.0
14016,X102920_124_3,cd,Negative,486.0
14030,X103020_012_6,12m,Positive,628.0
14036,X103020_021_5,11ml,Negative,562.0
14045,X103020_040_5,13l,Positive,751.0
14050,X103020_057_2,12o,Positive,641.0
14051,X103020_066_3,12l,Positive,227.0
14061,X103020_086_3,8B,Negative,0.0
14064,X103020_093_3,45,Negative,187.0
14068,X103020_103_3,44,Negative,26.0
14070,X103020_104_2,45,Positive,586.0
14073,X103020_106_5,pu,Positive,450.0
14076,X103020_109_5,6DR,Positive,0.0
14078,X103020_114_2,6VaVb,Positive,186.0
14088,X110220_003_2,12r,Negative,212.0
14102,X110220_057_2,12o,Positive,570.0
14108,X110220_075_3,8B,Negative,675.0
14118,X110220_092_3,45,Positive,226.0
14123,X110220_103_1,44,Negative,415.0
14125,X110220_103_8,44,Negative,250.0
14126,X110220_104_2,45,Positive,524.0
14127,X110220_104_3,45,Positive,523.0
14130,X110220_108_1,6DC,Negative,0.0
14131,X110220_109_3,6DR,Negative,196.0
14167,X110320_091_7,45,Positive,524.0
14174,X110320_103_2,44,Negative,392.0
14175,X110320_104_1,45,Positive,573.0
14177,X110320_109_2,6DR,Positive,0.0
14187,X110420_028_5,12l,Negative,739.0
14192,X110420_040_3,13l,Negative,452.0
14198,X110420_067_2,12o,Positive,202.0
14199,X110420_067_4,12o,Positive,573.0
14200,X110420_067_5,12o,Positive,239.0
14201,X110420_068_3,12o,Positive,209.0
14208,X110420_103_3,44,Negative,303.0
14209,X110420_104_1,45,Positive,580.0
14210,X110420_104_3,45,Positive,569.0
14211,X110420_105_3,6DC,Negative,226.0
14214,X110420_123_1,cd,Negative,0.0
14217,X110420_146_3,24c,Negative,180.0
14226,X110520_031_2,13l,Negative,231.0
14236,X110520_066_4,12l,Positive,425.0
14247,X110520_105_5,6DC,Negative,169.0
14250,X110520_109_1,6DR,Negative,621.0
14251,X110520_109_2,6DR,Negative,439.0
14256,X110520_145_2,24c,Positive,459.0
14264,X110620_021_2,11ml,Negative,118.0
14273,X110620_039_7,13l,Negative,497.0
14278,X110620_066_2,12l,Negative,193.0
14281,X110620_075_5,8B,Negative,464.0
14282,X110620_075_6,8B,Negative,518.0
14294,X110620_104_2,45,Positive,589.0
14296,X110620_105_5,6DC,Negative,15.0
14298,X110620_109_4,6DR,Positive,399.0
14302,X110620_117_7,pu,Negative,661.0
14304,X110620_145_2,24c,Positive,293.0
14308,X110920_021_2,11ml,Negative,0.0
14309,X110920_023_2,46v,Negative,351.0
14315,X110920_037_3,12o,Positive,577.0
14320,X110920_066_2,12l,Negative,0.0
14322,X110920_078_1,12o,Positive,20.0
14327,X110920_093_1,45,Positive,606.0
14343,X110920_145_3,24c,Positive,4.0
14344,X110920_146_3,24c,Negative,633.0
14345,X110920_147_4,24c,Positive,373.0
14349,X111020_012_3,12m,Negative,395.0
14350,X111020_015_3,46v,Negative,439.0
14353,X111020_029_3,12m,Negative,223.0
14368,X111020_086_4,8B,Positive,421.0
14379,X111020_141_1,pu,Positive,547.0
14382,X111020_147_1,24c,Positive,490.0
14386,X111120_004_3,12m,Positive,474.0
14391,X111120_016_3,11ml,Positive,146.0
14397,X111120_034_3,13m,Negative,307.0
14404,X111120_056_2,12l,Negative,218.0
14409,X111120_066_3,12l,Positive,680.0
14413,X111120_077_2,12l,Negative,239.0
14414,X111120_078_5,12o,Positive,334.0
14422,X111120_103_5,44,Negative,361.0
14423,X111120_106_3,AMG,Negative,0.0
14425,X111120_117_3,pu,Positive,577.0
14438,X111220_012_4,12m,Positive,547.0
14440,X111220_029_2,12m,Negative,162.0
14456,X111220_067_2,12o,Positive,517.0
14465,X111220_078_3,12o,Positive,363.0
14466,X111220_078_6,12o,Negative,510.0
14467,X111220_080_4,AI,Positive,607.0
14468,X111220_086_1,8B,Positive,295.0
14470,X111220_086_5,8B,Positive,247.0
14473,X111220_091_4,44,Positive,219.0
14481,X111220_108_3,6DC,Negative,92.0
14483,X111220_112_3,cd,Negative,0.0
14495,X111320_020_2,12m,Positive,610.0
14499,X111320_032_4,13m,Positive,133.0
14500,X111320_032_9,13m,Negative,51.0
14503,X111320_037_5,12o,Positive,140.0
14505,X111320_039_5,13l,Negative,435.0
14507,X111320_040_3,13l,Negative,538.0
14511,X111320_057_5,12o,Positive,481.0
14514,X111320_069_3,AI,Positive,361.0
14520,X111320_086_4,8B,Positive,141.0
14521,X111320_086_6,8B,Negative,362.0
14523,X111320_091_4,44,Positive,283.0
14527,X111320_100_7,24c,Positive,583.0
14532,X111320_108_2,6DC,Negative,276.0
14534,X111320_117_4,pu,Positive,487.0
14542,X111320_142_2,AMG,Negative,534.0
14552,X111620_031_4,13l,Negative,235.0
14564,X111620_057_2,12o,Positive,556.0
14567,X111620_068_2,12o,Positive,633.0
14573,X111620_077_4,12l,Negative,0.0
14578,X111620_102_3,6VaVb,Negative,647.0
14587,X111620_133_2,pu,Negative,584.0
14588,X111620_134_3,cd,Negative,305.0
14589,X111620_136_3,cd,Positive,24.0
14590,X111620_139_1,pu,Negative,541.0
14597,X111720_006_2,11ml,Positive,499.0
14602,X111720_022_3,11ml,Positive,607.0
14604,X111720_023_3,11ml,Negative,368.0
14610,X111720_037_3,12o,Positive,707.0
14625,X111720_073_2,AI,Negative,217.0
14630,X111720_099_2,cd,Negative,515.0
14635,X111720_108_3,6DC,Negative,277.0
14636,X111720_116_2,pu,Negative,251.0
14637,X111720_117_3,pu,Positive,6.0
14651,X111820_014_3,11ml,Negative,0.0
14652,X111820_020_3,12m,Positive,657.0
14653,X111820_023_2,11ml,Positive,0.0
14681,X111820_116_3,pu,Negative,19.0
14682,X111820_129_2,AMG,Positive,635.0
14685,X111820_146_3,24c,Positive,260.0
14688,X111820_156_2,24c,Positive,0.0
14698,X111920_014_2,11ml,Positive,597.0
14700,X111920_023_2,11ml,Positive,313.0
14706,X111920_054_2,13m,Positive,67.0
14707,X111920_057_4,12o,Positive,618.0
14714,X111920_086_2,8B,Negative,395.0
14715,X111920_087_4,cd,Negative,313.0
14720,X111920_116_3,pu,Negative,194.0
14723,X111920_134_4,cd,Negative,0.0
14726,X111920_151_5,pu,Negative,355.0
14732,X112020_007_4,11ml,Negative,659.0
14736,X112020_022_3,11ml,Negative,395.0
14741,X112020_044_3,13m,Negative,0.0
14747,X112020_066_4,12l,Negative,90.0
14748,X112020_066_5,12l,Positive,619.0
14753,X112020_087_4,cd,Negative,369.0
14785,X112320_014_2,11ml,Positive,540.0
14786,X112320_015_1,11ml,Positive,0.0
14791,X112320_021_3,11ml,Negative,388.0
14793,X112320_034_2,13m,Positive,280.0
14795,X112320_039_3,13l,Negative,0.0
14813,X112320_068_5,12o,Negative,0.0
14823,X112320_093_3,44,Positive,573.0
14828,X112320_103_1,44,Positive,199.0
14830,X112320_104_4,45,Positive,210.0
14834,X112320_116_2,pu,Positive,137.0
14837,X112320_129_3,AMG,Positive,578.0
14842,X112320_156_1,24c,Positive,401.0
14848,X112420_032_1,13m,Positive,317.0
14850,X112420_039_1,13l,Negative,12.0
14852,X112420_047_1,12o,Negative,640.0
14856,X112420_066_2,12l,Positive,608.0
14857,X112420_066_4,12l,Positive,42.0
14858,X112420_066_5,12l,Positive,251.0
14859,X112420_069_3,AI,Negative,0.0
14865,X112420_077_4,12l,Positive,523.0
14867,X112420_085_2,cd,Positive,0.0
14868,X112420_085_4,cd,Positive,243.0
14869,X112420_086_2,8B,Negative,0.0
14870,X112420_086_5,8B,Negative,355.0
14871,X112420_091_2,44,Negative,0.0
14874,X112420_093_1,44,Positive,233.0
14875,X112420_093_3,44,Positive,590.0
14878,X112420_103_2,44,Positive,0.0
14880,X112420_104_3,45,Positive,481.0
14883,X112420_108_6,6DC,Negative,343.0
14885,X112420_109_6,cd,Negative,0.0
14891,X112420_153_9,pu,Negative,0.0
14897,X112520_013_2,11ml,Negative,68.0
14898,X112520_014_3,11ml,Positive,205.0
14903,X112520_031_4,13l,Positive,607.0
14906,X112520_037_4,12o,Positive,474.0
14907,X112520_042_3,13l,Negative,359.0
14908,X112520_042_4,13l,Negative,0.0
14917,X112520_066_3,12l,Positive,270.0
14918,X112520_066_4,12l,Positive,635.0
14919,X112520_066_5,12l,Positive,191.0
14928,X112520_085_2,cd,Positive,0.0
14934,X112520_091_4,44,Negative,572.0
14935,X112520_091_6,44,Negative,620.0
14940,X112520_103_3,44,Negative,213.0
14953,X112520_146_2,24c,Negative,391.0
14955,X112520_147_5,24c,Negative,351.0
14957,X112520_153_2,pu,Positive,300.0
14961,X113020_004_3,12m,Positive,76.0
14964,X113020_014_4,11ml,Negative,419.0
14967,X113020_024_3,11ml,Negative,632.0
14969,X113020_037_2,12o,Positive,580.0
14981,X113020_066_1,12l,Positive,222.0
14983,X113020_066_3,12l,Positive,507.0
14984,X113020_066_6,12l,Positive,562.0
14987,X113020_077_7,12l,Positive,360.0
14990,X113020_085_1,cd,Positive,0.0
14991,X113020_085_2,cd,Positive,353.0
14993,X113020_098_3,cd,Negative,360.0
14999,X113020_108_5,6DC,Negative,507.0
15007,X113020_145_6,cd,Positive,609.0
15014,X120120_004_3,12m,Positive,629.0
15015,X120120_004_4,12m,Positive,0.0
15018,X120120_014_2,11ml,Positive,55.0
15019,X120120_014_6,11ml,Negative,309.0
15021,X120120_020_5,12m,Positive,309.0
15023,X120120_031_2,13l,Positive,601.0
15040,X120120_067_2,12o,Positive,9.0
15041,X120120_077_3,12l,Positive,135.0
15050,X120120_104_3,45,Positive,590.0
15055,X120120_135_2,cd,Negative,211.0
15056,X120120_139_3,AMG,Positive,733.0
15058,X120120_142_1,AMG,Negative,366.0
15062,X120219_006_4,46d,Positive,254.0
15071,X120219_113_1,6DR,Negative,0.0
15085,X120220_004_6,12m,Positive,147.0
15087,X120220_014_5,11ml,Negative,116.0
15088,X120220_016_1,11ml,Positive,0.0
15089,X120220_016_8,11ml,Negative,401.0
15093,X120220_029_3,12m,Positive,734.0
15094,X120220_031_4,13l,Positive,449.0
15102,X120220_042_7,13l,Positive,486.0
15103,X120220_047_3,12o,Negative,186.0
15109,X120220_061_4,AI,Negative,0.0
15114,X120220_066_4,12l,Positive,347.0
15122,X120220_093_2,44,Positive,285.0
15123,X120220_100_5,cd,Positive,216.0
15124,X120220_102_5,6VaVb,Negative,15.0
15126,X120220_104_2,45,Positive,553.0
15129,X120220_107_4,AMG,Negative,212.0
15135,X120220_127_1,AMG,Positive,0.0
15136,X120220_138_5,AMG,Negative,566.0
15139,X120220_147_2,24c,Negative,107.0
15141,X120220_151_2,AMG,Negative,150.0
15146,X120319_066_1,8A,Negative,603.0
15147,X120319_074_1,6DR,Positive,525.0
15154,X120319_141_4,6DC,Positive,414.0
15159,X120320_003_4,12r,Positive,517.0
15160,X120320_004_3,12m,Positive,0.0
15163,X120320_024_3,11ml,Positive,439.0
15165,X120320_030_1,13l,Negative,0.0
15172,X120320_048_3,12o,Positive,452.0
15178,X120320_056_4,12l,Positive,158.0
15186,X120320_066_4,12l,Positive,625.0
15191,X120320_086_2,8B,Negative,451.0
15198,X120320_093_1,44,Positive,0.0
15200,X120320_093_5,44,Positive,15.0
15202,X120320_102_5,6VaVb,Negative,560.0
15205,X120320_107_4,AMG,Negative,331.0
15212,X120320_151_3,AMG,Negative,303.0
15224,X120419_076_2,6DR,Positive,563.0
15227,X120419_090_1,8A,Positive,216.0
15233,X120419_117_2,6DC,Negative,216.0
15235,X120419_118_6,6DC,Positive,351.0
15241,X120419_142_3,6DC,Positive,644.0
15252,X120420_056_3,12l,Positive,297.0
15257,X120420_085_6,cd,Positive,0.0
15258,X120420_086_4,8B,Negative,160.0
15260,X120420_093_4,44,Positive,0.0
15261,X120420_093_5,44,Positive,419.0
15266,X120420_102_5,6VaVb,Negative,362.0
15269,X120420_107_3,AMG,Negative,90.0
15293,X120519_097_3,6DR,Positive,311.0
15297,X120519_112_3,6DR,Positive,670.0
15299,X120519_121_3,6DC,Negative,595.0
15306,X120519_141_3,6DC,Positive,393.0
15315,X120619_019_3,46v,Negative,344.0
15318,X120619_027_2,12l,Negative,0.0
15324,X120619_045_2,12l,Positive,57.0
15326,X120619_046_1,12l,Positive,474.0
15331,X120619_066_2,8A,Negative,0.0
15333,X120619_069_5,46v,Negative,35.0
15343,X120619_127_3,6VaVb,Negative,52.0
15346,X120619_133_3,6DC,Positive,665.0
15349,X120619_141_2,6DC,Positive,680.0
15352,X120619_144_3,6DC,Positive,0.0
15354,X120720_004_1,12m,Positive,0.0
15359,X120720_023_3,11ml,Negative,25.0
15373,X120720_050_3,13l,Negative,584.0
15382,X120720_085_6,cd,Positive,0.0
15396,X120720_138_4,AMG,Positive,604.0
15403,X120820_004_3,12m,Positive,566.0
15407,X120820_030_3,13l,Negative,410.0
15408,X120820_031_3,13l,Positive,0.0
15409,X120820_031_4,13l,Positive,182.0
15415,X120820_047_3,12o,Negative,353.0
15417,X120820_050_3,13l,Negative,268.0
15421,X120820_067_2,12o,Negative,466.0
15422,X120820_067_5,12o,Negative,272.0
15424,X120820_077_2,12l,Negative,429.0
15425,X120820_085_1,cd,Negative,559.0
15430,X120820_092_6,44,Negative,25.0
15433,X120820_104_3,45,Positive,688.0
15435,X120820_104_5,45,Positive,174.0
15439,X120820_138_5,AMG,Positive,632.0
15440,X120820_141_2,AMG,Positive,725.0
15441,X120820_144_2,cd,Positive,214.0
15449,X120919_015_3,46df,Positive,501.0
15450,X120919_022_5,46d,Negative,376.0
15454,X120919_047_4,46v,Positive,138.0
15458,X120919_057_3,46v,Negative,0.0
15460,X120919_066_5,8A,Negative,0.0
15462,X120919_074_8,6DR,Positive,0.0
15463,X120919_080_1,46v,Negative,644.0
15464,X120919_081_3,8A,Positive,139.0
15465,X120919_086_3,6DR,Negative,0.0
15466,X120919_086_5,6DR,Negative,228.0
15469,X120919_090_1,8A,Positive,735.0
15473,X120919_097_8,6DR,Negative,113.0
15474,X120919_098_2,6DR,Positive,219.0
15486,X120920_004_2,12m,Positive,15.0
15495,X120920_031_2,13l,Positive,681.0
15498,X120920_043_3,13m,Positive,716.0
15499,X120920_051_4,13l,Negative,263.0
15500,X120920_051_5,13l,Positive,0.0
15507,X120920_066_5,12o,Positive,154.0
15511,X120920_074_5,13m,Negative,424.0
15518,X120920_097_3,cd,Negative,581.0
15520,X120920_104_2,45,Positive,236.0
15523,X120920_109_2,cd,Positive,391.0
15525,X120920_127_5,AMG,Negative,0.0
15527,X120920_138_4,AMG,Positive,617.0
15541,X121019_019_3,46v,Positive,9.0
15543,X121019_022_5,46d,Negative,133.0
15545,X121019_027_1,12l,Positive,586.0
15546,X121019_031_4,8B,Negative,411.0
15555,X121019_065_3,6DR,Positive,273.0
15557,X121019_068_2,8A,Negative,319.0
15561,X121019_074_3,6DR,Positive,66.0
15563,X121019_086_3,6DR,Negative,267.0
15566,X121019_093_1,8A,Negative,323.0
15568,X121019_095_3,8A,Positive,251.0
15570,X121019_101_1,6VaVb,Positive,698.0
15573,X121019_101_7,6VaVb,Negative,657.0
15575,X121019_103_5,8A,Negative,657.0
15576,X121019_104_3,8A,Positive,127.0
15577,X121019_118_1,6DC,Positive,642.0
15583,X121019_140_2,6DC,Negative,642.0
15587,X121020_004_2,12m,Positive,251.0
15592,X121020_020_3,12m,Positive,575.0
15605,X121020_051_8,13l,Negative,298.0
15614,X121020_066_2,12o,Negative,305.0
15615,X121020_066_4,12o,Negative,377.0
15616,X121020_073_3,AI,Negative,0.0
15621,X121020_097_3,cd,Negative,460.0
15626,X121020_109_1,cd,Positive,380.0
15634,X121020_153_1,pu,Negative,464.0
15646,X121119_018_8,12l,Negative,297.0
15648,X121119_022_3,46d,Negative,0.0
15653,X121119_027_2,12l,Positive,608.0
15663,X121119_055_3,45,Negative,0.0
15667,X121119_065_2,6DR,Positive,215.0
15676,X121119_086_5,6DR,Negative,177.0
15677,X121119_088_2,6DR,Positive,668.0
15679,X121119_093_3,8A,Negative,445.0
15689,X121119_104_1,8A,Positive,240.0
15696,X121119_140_2,6DC,Negative,644.0
15711,X121120_040_3,13l,Positive,369.0
15724,X121120_059_3,12o,Negative,302.0
15730,X121120_066_4,12o,Negative,258.0
15731,X121120_066_5,12o,Negative,472.0
15732,X121120_068_3,12o,Positive,8.0
15733,X121120_069_3,AI,Negative,483.0
15738,X121120_080_4,AI,Negative,588.0
15744,X121120_097_1,cd,Negative,273.0
15745,X121120_098_3,cd,Negative,240.0
15746,X121120_104_2,45,Positive,0.0
15749,X121120_106_3,AMG,Negative,281.0
15753,X121120_138_3,AMG,Positive,641.0
15775,X121219_018_9,12l,Negative,672.0
15779,X121219_027_1,12l,Positive,590.0
15787,X121219_046_1,12l,Positive,551.0
15794,X121219_066_2,8A,Negative,240.0
15799,X121219_077_3,8A,Positive,66.0
15801,X121219_086_3,6DR,Negative,326.0
15803,X121219_088_4,6DR,Positive,459.0
15809,X121219_099_3,6DR,Negative,0.0
15810,X121219_099_4,6DR,Negative,497.0
15814,X121219_112_2,6DR,Positive,562.0
15816,X121219_113_1,6DR,Positive,292.0
15818,X121219_118_2,6DC,Negative,553.0
15825,X121219_140_2,6DC,Negative,608.0
15829,X121319_006_3,46d,Negative,662.0
15834,X121319_022_1,46d,Negative,241.0
15837,X121319_027_4,12l,Positive,602.0
15842,X121319_052_3,6DR,Negative,482.0
15856,X121319_096_2,6DR,Negative,674.0
15860,X121319_141_1,6DC,Positive,238.0
15868,X121420_004_3,12m,Positive,434.0
15881,X121420_046_6,12o,Negative,622.0
15886,X121420_059_5,12o,Negative,693.0
15888,X121420_060_6,AI,Negative,567.0
15889,X121420_060_10,AI,Positive,574.0
15892,X121420_061_9,AI,Negative,473.0
15894,X121420_066_2,12o,Negative,44.0
15895,X121420_068_2,12o,Positive,42.0
15915,X121420_135_3,cd,Negative,236.0
15917,X121420_138_2,AMG,Positive,615.0
15927,X121520_012_2,12m,Positive,661.0
15933,X121520_033_2,13m,Positive,163.0
15941,X121520_056_2,12l,Negative,137.0
15946,X121520_068_2,12o,Positive,0.0
15968,X121520_154_4,pu,Positive,494.0
15970,X121619_019_3,46v,Positive,388.0
15971,X121619_022_3,46d,Negative,537.0
15974,X121619_027_3,12l,Positive,620.0
15979,X121619_053_1,6DR,Negative,214.0
15982,X121619_086_2,6DR,Negative,605.0
15986,X121619_097_1,6DR,Negative,304.0
15987,X121619_097_4,6DR,Negative,0.0
15994,X121619_125_3,6DC,Positive,399.0
15996,X121619_129_4,6DC,Negative,479.0
16008,X121620_004_6,12m,Positive,262.0
16024,X121620_066_2,12o,Negative,102.0
16041,X121620_138_6,AMG,Negative,475.0
16044,X121620_146_2,24c,Positive,238.0
16047,X121620_154_1,pu,Negative,0.0
16054,X121719_011_2,46v,Negative,46.0
16055,X121719_012_2,46v,Negative,197.0
16061,X121719_027_3,12l,Positive,273.0
16068,X121719_053_3,6DR,Negative,464.0
16071,X121719_065_3,6DR,Positive,13.0
16073,X121719_080_2,46v,Negative,0.0
16074,X121719_088_1,6DR,Negative,0.0
16075,X121719_097_3,6DR,Negative,482.0
16081,X121719_121_2,6DC,Positive,324.0
16085,X121719_143_3,6DC,Negative,534.0
16092,X121819_011_5,12r,Negative,10.0
16098,X121819_018_3,12l,Positive,0.0
16099,X121819_022_1,46d,Negative,388.0
16106,X121819_048_2,46v,Negative,0.0
16107,X121819_048_4,46v,Positive,280.0
16111,X121819_057_3,46v,Positive,439.0
16115,X121819_074_3,6DR,Positive,0.0
16116,X121819_078_3,8A,Negative,359.0
16120,X121819_091_3,8A,Negative,350.0
16121,X121819_096_1,6DR,Negative,157.0
16122,X121819_097_2,6DR,Negative,679.0
16123,X121819_101_1,6VaVb,Positive,720.0
16124,X121819_101_4,6VaVb,Positive,292.0
16126,X121819_127_3,6VaVb,Negative,563.0
16128,X121819_134_1,6DC,Positive,0.0
16129,X121819_142_1,6DC,Negative,135.0
16133,X121820_004_3,12m,Positive,664.0
16141,X121820_043_5,13m,Negative,48.0
16150,X121820_057_5,12o,Negative,472.0
16151,X121820_058_1,12o,Positive,224.0
16152,X121820_060_3,AI,Positive,224.0
16158,X121820_068_3,12o,Positive,417.0
16170,X121820_104_3,45,Positive,94.0
16173,X121820_123_3,cd,Negative,306.0
16179,X121820_142_4,AMG,Positive,621.0
16183,X121820_146_3,24c,Positive,130.0
16194,X121919_046_2,12l,Negative,537.0
16195,X121919_047_3,46v,Positive,508.0
16199,X121919_059_6,46d,Negative,509.0
16200,X121919_086_3,6DR,Negative,473.0
16202,X121919_090_4,8A,Positive,647.0
16203,X121919_097_1,6DR,Negative,177.0
16204,X121919_099_3,6DR,Negative,165.0
16205,X121919_101_4,6VaVb,Positive,387.0
16207,X121919_101_6,6VaVb,Positive,647.0
16209,X121919_106_4,6DC,Positive,280.0
16212,X121919_118_2,6DC,Positive,437.0
16221,X122019_005_2,46d,Negative,429.0
16222,X122019_011_3,12r,Positive,662.0
16223,X122019_012_3,46v,Negative,0.0
16225,X122019_013_3,46d,Negative,466.0
16228,X122019_018_3,12l,Negative,300.0
16231,X122019_027_4,12l,Positive,623.0
16232,X122019_031_3,8B,Negative,568.0
16236,X122019_047_3,46v,Positive,255.0
16244,X122019_078_3,8A,Negative,348.0
16245,X122019_079_3,45,Positive,557.0
16249,X122019_095_3,8A,Negative,714.0
16250,X122019_097_2,6DR,Negative,44.0
16252,X122019_101_4,6VaVb,Positive,210.0
16261,X122120_024_3,11ml,Negative,453.0
16273,X122120_057_3,12o,Negative,329.0
16275,X122120_058_3,12o,Positive,91.0
16281,X122120_068_2,12o,Positive,141.0
16284,X122120_074_3,13m,Negative,0.0
16285,X122120_077_2,12l,Positive,0.0
16289,X122120_097_2,cd,Negative,100.0
16292,X122120_104_2,45,Positive,334.0
16296,X122120_138_3,AMG,Negative,526.0
16302,X122120_153_1,pu,Positive,722.0
16303,X122120_157_1,24c,Positive,750.0
16305,X122220_004_3,12m,Positive,652.0
16322,X122220_056_3,12l,Negative,0.0
16323,X122220_058_2,12o,Positive,220.0
16340,X122220_109_3,cd,Negative,93.0
16347,X122220_153_2,pu,Positive,0.0
16351,X122319_011_2,12r,Positive,0.0
16353,X122319_018_2,12l,Positive,302.0
16356,X122319_024_2,8B,Negative,375.0
16359,X122319_040_3,8A,Positive,0.0
16360,X122319_047_1,46v,Positive,461.0
16363,X122319_072_5,46d,Positive,119.0
16366,X122319_086_2,6DR,Positive,704.0
16369,X122319_090_2,8A,Negative,0.0
16371,X122319_097_3,6DR,Negative,285.0
16380,X122319_131_1,6DC,Positive,312.0
16383,X122319_143_1,6DC,Negative,21.0
16384,X122320_004_3,12m,Positive,581.0
16386,X122320_015_4,11ml,Negative,26.0
16390,X122320_032_3,13m,Negative,281.0
16401,X122320_057_3,12o,Negative,288.0
16402,X122320_057_6,12o,Negative,332.0
16412,X122320_079_3,12o,Negative,302.0
16414,X122320_085_3,pu,Negative,35.0
16418,X122320_096_3,pu,Negative,85.0
16421,X122320_108_2,cd,Negative,56.0
16430,X122320_142_3,AMG,Negative,179.0
16433,X122320_153_4,pu,Positive,692.0
16453,X122719_069_5,46v,Negative,0.0
16458,X122719_112_3,6DR,Positive,518.0
16460,X122719_132_3,6DC,Positive,305.0
16461,X122719_140_2,6DC,Negative,505.0
16466,X123019_025_7,8B,Negative,0.0
16471,X123019_038_4,46v,Negative,0.0
16473,X123019_040_6,8A,Positive,339.0
16478,X123019_054_1,6DR,Positive,565.0
16482,X123019_088_5,6DR,Negative,189.0
16488,X123019_106_2,6DC,Negative,0.0
16492,X123019_117_3,6DC,Positive,494.0
