neuron_i,neuron_label,area,ramp_type,condition,slope,mean_fr
2,M021519_005_2,11ml,Positive,low,0.002615097558908481,-0.3622418813091298
2,M021519_005_2,11ml,Positive,mid,0.002863066156418709,0.41439013196986024
2,M021519_005_2,11ml,Positive,high,0.0023238511351363652,0.1288647951764332
12,M021519_036_2,12o,Negative,low,0.003368048210414989,1.131581351838672
12,M021519_036_2,12o,Negative,mid,-0.005065360628558307,0.39580464422681094
12,M021519_036_2,12o,Negative,high,-0.0016925848201162239,0.38563121303910847
16,M021519_054_3,13m,Positive,low,0.010427965336524755,2.7771116601359007
16,M021519_054_3,13m,Positive,mid,0.0012465908505721155,0.1726089008043043
16,M021519_054_3,13m,Positive,high,0.0012750033951537002,0.14579230476017366
24,M021519_079_3,AI,Positive,low,0.007207062241989845,0.32596947444903474
24,M021519_079_3,AI,Positive,mid,0.001459382843307198,-0.45074628853547494
24,M021519_079_3,AI,Positive,high,0.0013867996430467352,-0.4719735333733199
30,M021519_105_3,AMG,Negative,low,-0.002362995695190402,-0.7994576492741977
30,M021519_105_3,AMG,Negative,mid,-0.0016426357391515916,0.6393661351545467
30,M021519_105_3,AMG,Negative,high,-0.00172129623170112,0.12943682496043887
37,M021519_128_1,AMG,Positive,low,0.0028331186941617293,1.100950368739333
37,M021519_128_1,AMG,Positive,mid,0.0023340748502639354,0.2281136022280534
37,M021519_128_1,AMG,Positive,high,0.001908829167669171,0.02117866605507464
40,M021519_139_3,pu,Negative,low,0.0018525477946279888,-0.027439027063908078
40,M021519_139_3,pu,Negative,mid,-0.0011966526412624918,-0.30410053532186293
40,M021519_139_3,pu,Negative,high,-0.0025737168796482225,-0.3048330789616722
47,M022219_032_3,11ml,Positive,low,-0.0014383224121319634,1.4818563432852658
47,M022219_032_3,11ml,Positive,mid,0.0029517465200789633,0.36030843361868164
47,M022219_032_3,11ml,Positive,high,0.0021258912070045957,0.38318057499048047
48,M022219_054_3,13m,Positive,low,-3.3855371646571774e-05,-0.2674507444907296
48,M022219_054_3,13m,Positive,mid,0.0016978434927208245,0.6441753937182142
48,M022219_054_3,13m,Positive,high,0.0009708549983176784,-0.0641615502200707
63,M022219_119_2,AMG,Positive,low,0.0016976107423484882,1.176974586423443
63,M022219_119_2,AMG,Positive,mid,0.003761069549832679,1.3968583936624837
63,M022219_119_2,AMG,Positive,high,0.0014058361794267058,1.080621381666815
64,M022219_123_2,cd,Negative,low,-0.0010852322607708552,-0.8522969957465498
64,M022219_123_2,cd,Negative,mid,0.0001185475004936238,0.5071336782598224
64,M022219_123_2,cd,Negative,high,-0.0031092614246125442,-0.8072264875035838
69,M022819_005_2,11ml,Positive,low,0.001478730427971587,0.7180146821720306
69,M022819_005_2,11ml,Positive,mid,-6.255290950470199e-05,0.2785308083327501
69,M022819_005_2,11ml,Positive,high,0.00205853080381162,0.3312726990208555
71,M022819_018_3,12m,Negative,low,-0.0009089240388494516,-0.31538572765967365
71,M022819_018_3,12m,Negative,mid,-0.0012885177381174702,-0.5480920788142427
71,M022819_018_3,12m,Negative,high,-0.0005992681094265978,-0.6054631310473266
72,M022819_019_2,12m,Negative,low,0.002451850258206959,0.2553156282754302
72,M022819_019_2,12m,Negative,mid,-0.003147175487394326,0.22099557101181067
72,M022819_019_2,12m,Negative,high,-0.0010677526225493254,-0.3666252461423426
79,M022819_077_5,45,Negative,low,-0.0012138855444986157,-0.360361444359388
79,M022819_077_5,45,Negative,mid,-0.00014434125798572816,-0.59588727151693
79,M022819_077_5,45,Negative,high,-0.00032636608288020967,-0.621356936937164
85,M022819_104_3,AMG,Positive,low,0.0018149854470074591,0.02247078345833616
85,M022819_104_3,AMG,Positive,mid,0.0021635934247747927,0.08985307599695247
85,M022819_104_3,AMG,Positive,high,0.0021787543314519655,0.8192782211748917
86,M022819_117_3,pu,Positive,low,-0.001284512168483897,-0.27929432609563265
86,M022819_117_3,pu,Positive,mid,0.0019389295979061736,0.33961534239146424
86,M022819_117_3,pu,Positive,high,0.0010830623420196336,0.030700837385169728
91,M022819_139_3,pu,Negative,low,-0.00460720708033928,0.08561666293678721
91,M022819_139_3,pu,Negative,mid,-0.002687347918507837,-0.26335421314280166
91,M022819_139_3,pu,Negative,high,-0.0009921355282387833,-0.11427408397606824
98,M030118_005_2,11ml,Positive,low,0.0033666576712284998,0.9589854959365967
98,M030118_005_2,11ml,Positive,mid,0.000301939152846863,0.7870689645377043
98,M030118_005_2,11ml,Positive,high,0.0006506988387351105,1.2362814623980276
103,M030118_011_1,46v,Positive,low,-0.0003900989560989848,0.18211886530955898
103,M030118_011_1,46v,Positive,mid,0.002188955265599382,0.5114786157294636
103,M030118_011_1,46v,Positive,high,0.0014516277718287262,0.6477548416390916
114,M030118_026_2,12l,Positive,low,-0.0010901771969975245,-0.5872000384790678
114,M030118_026_2,12l,Positive,mid,0.0015723951003009035,1.4144973350245624
114,M030118_026_2,12l,Positive,high,0.0018175854522069796,1.3335013089580663
117,M030118_035_1,45,Negative,low,0.002491132649399405,0.46673587164508423
117,M030118_035_1,45,Negative,mid,0.0005105776303203641,0.6884166430537545
117,M030118_035_1,45,Negative,high,-0.0019636439598657027,0.6679961850875198
123,M030118_042_3,46df,Positive,low,0.007483580978797062,0.8774596526041106
123,M030118_042_3,46df,Positive,mid,0.0003570997760376567,-0.07980473407586035
123,M030118_042_3,46df,Positive,high,0.001603738003266801,0.17419933253328182
146,M030118_090_2,8A,Positive,low,0.0017610940736058846,-0.18760249519506825
146,M030118_090_2,8A,Positive,mid,4.2194673589402534e-05,-0.5399182821103308
146,M030118_090_2,8A,Positive,high,-2.9300025702547165e-06,-0.4097797760302929
160,M030118_115_2,6DC,Negative,low,-0.0019660184722543293,1.1531188861961275
160,M030118_115_2,6DC,Negative,mid,-0.003696899640065787,0.612098378355984
160,M030118_115_2,6DC,Negative,high,-0.004270289910495715,0.7616877695638532
166,M030118_125_2,6DR,Negative,low,0.0010539646608036175,-0.7173086147632964
166,M030118_125_2,6DR,Negative,mid,-0.0032740817407317458,-0.8532312270794328
166,M030118_125_2,6DR,Negative,high,-0.0027985698664438237,-0.17604046882581145
172,M030118_129_2,6DC,Negative,low,0.0013805834877888953,-0.3873105042686875
172,M030118_129_2,6DC,Negative,mid,-0.0018102858566061064,-0.9611007097902043
172,M030118_129_2,6DC,Negative,high,-0.001169320181614374,-0.8859084221765324
179,M030118_150_3,6DC,Positive,low,0.002277228180537711,-0.06506767116857773
179,M030118_150_3,6DC,Positive,mid,0.0016635347827305012,0.2588371438079213
179,M030118_150_3,6DC,Positive,high,0.0014763290288021306,0.7817087464294894
182,M030118_153_5,6DC,Negative,low,-0.0008874958563046323,-0.4303605926008864
182,M030118_153_5,6DC,Negative,mid,0.001961559601227134,-0.4450761004290644
182,M030118_153_5,6DC,Negative,high,-0.00027032363074798855,-0.8471878912801949
190,M030119_005_3,11ml,Positive,low,0.005720776346304569,1.8859850083138427
190,M030119_005_3,11ml,Positive,mid,0.004411860907009125,0.3157112968034931
190,M030119_005_3,11ml,Positive,high,0.0009569100797707471,-0.335693010761377
193,M030119_018_4,12m,Negative,low,-0.000879702553448836,-0.6707760235558136
193,M030119_018_4,12m,Negative,mid,-0.00043468862025670084,-0.41015962355951474
193,M030119_018_4,12m,Negative,high,-0.000996618001979889,-0.3594582202602581
195,M030119_025_3,11ml,Positive,low,0.002683405242728014,1.5254347289060304
195,M030119_025_3,11ml,Positive,mid,0.0008468957387167805,0.30771444323116265
195,M030119_025_3,11ml,Positive,high,0.0009307802222308752,0.707632536211705
198,M030119_066_3,45,Positive,low,-0.001125703455674964,1.3088659098660094
198,M030119_066_3,45,Positive,mid,0.0013623848045333105,1.3001327003893162
198,M030119_066_3,45,Positive,high,0.0009449263744607649,1.04154652109162
200,M030119_104_2,AMG,Positive,low,0.0012901548818719606,0.17821492491153026
200,M030119_104_2,AMG,Positive,mid,0.002821099283064796,1.2234132911501678
200,M030119_104_2,AMG,Positive,high,0.0014300966511877104,0.7842799793563151
202,M030119_119_3,AMG,Positive,low,0.003233803444278714,1.4945128754977626
202,M030119_119_3,AMG,Positive,mid,0.0003188270342455397,1.6627567162529602
202,M030119_119_3,AMG,Positive,high,0.0017764302968930135,1.0679898973114281
210,M030218_011_2,46v,Positive,low,0.0031526102123846903,0.7044342588354366
210,M030218_011_2,46v,Positive,mid,0.0020193485826075232,0.48872390222393236
210,M030218_011_2,46v,Positive,high,0.003470168380326399,1.2457246812689622
227,M030218_078_2,8A,Negative,low,-0.0017926281336410668,-0.8716033180918352
227,M030218_078_2,8A,Negative,mid,-0.0063246804860862225,0.4504459265591623
227,M030218_078_2,8A,Negative,high,-0.0023133013934719506,-0.08920525544811739
235,M030218_099_2,6DR,Negative,low,-0.0020460524403288875,-0.9009079642364517
235,M030218_099_2,6DR,Negative,mid,-0.0009255329544040615,-1.123752158265344
235,M030218_099_2,6DR,Negative,high,-0.0015963542648050016,-0.8981039275643036
243,M030218_128_3,6DC,Negative,low,-0.001884690726026101,-0.681182866094761
243,M030218_128_3,6DC,Negative,mid,-0.005009168758003833,-0.3975652477296438
243,M030218_128_3,6DC,Negative,high,-0.002499951464235587,-0.5296840551134955
291,M030518_138_2,6DC,Negative,low,-0.0019948386822673993,-1.5226015145836178
291,M030518_138_2,6DC,Negative,mid,-0.001151551203449596,0.5887497333123687
291,M030518_138_2,6DC,Negative,high,-0.00224027867265278,0.10395991895207399
292,M030518_140_1,6DC,Positive,low,-0.0011738021081206605,1.0252576526657318
292,M030518_140_1,6DC,Positive,mid,0.001564993824614341,1.0822302720907722
292,M030518_140_1,6DC,Positive,high,0.0007009093962504054,1.1942105614603458
297,M030518_153_1,6DC,Negative,low,-0.0008299522222908158,-1.8077780936601355
297,M030518_153_1,6DC,Negative,mid,-0.00011610623089430715,-0.7847940736572675
297,M030518_153_1,6DC,Negative,high,-0.0016903342436840442,-0.529304756268862
298,M030518_153_2,6DC,Negative,low,-0.0008118389526665356,-1.6484008492427737
298,M030518_153_2,6DC,Negative,mid,-0.00039257670154861716,0.15810516995483212
298,M030518_153_2,6DC,Negative,high,-0.000994175316028635,-0.41875747655643875
299,M030618_004_2,12r,Positive,low,0.002391789059599875,0.8483853629370299
299,M030618_004_2,12r,Positive,mid,0.0009601958164761064,0.20397267060217986
299,M030618_004_2,12r,Positive,high,0.000822956439389955,0.20699815556829054
335,M030618_136_2,6DR,Positive,low,-0.00025004920591375975,-0.9064748283574813
335,M030618_136_2,6DR,Positive,mid,0.0021468770123716295,-0.2586823720426861
335,M030618_136_2,6DR,Positive,high,0.001283930678163073,-0.2043504743447865
338,M030618_142_1,6DC,Negative,low,-0.002346371266404984,-0.5989305529888322
338,M030618_142_1,6DC,Negative,mid,-0.0010115709941118378,-0.27585778661543336
338,M030618_142_1,6DC,Negative,high,-0.0014690631299388922,-0.10350205220029102
346,M030618_153_1,6DC,Negative,low,-0.004371482492281916,-1.111761537608311
346,M030618_153_1,6DC,Negative,mid,-0.0022096696268344663,-1.0787168790969048
346,M030618_153_1,6DC,Negative,high,-0.0011558645590861794,-0.7275232851703631
347,M030618_153_3,6DC,Negative,low,-0.0023801268176864717,-0.9583071242636705
347,M030618_153_3,6DC,Negative,mid,-0.001560570720024142,-0.7391863407384288
347,M030618_153_3,6DC,Negative,high,-0.0013261972712934004,-0.51597066352608
358,M030718_017_2,12l,Positive,low,0.0023737514961116486,1.8685240119249373
358,M030718_017_2,12l,Positive,mid,0.0037769429909850654,1.5020252391029638
358,M030718_017_2,12l,Positive,high,0.0013418800676329612,0.1278973534331733
374,M030718_055_3,46v,Negative,low,-0.0006681532903201515,-0.7757262380145948
374,M030718_055_3,46v,Negative,mid,-0.004723987722865478,0.13858549343964424
374,M030718_055_3,46v,Negative,high,-0.003260754752248582,0.0877134803660871
382,M030718_077_1,8A,Negative,low,-0.0004998434548171867,-0.11953782858311535
382,M030718_077_1,8A,Negative,mid,-0.002369302360170403,-0.07407830359907
382,M030718_077_1,8A,Negative,high,-0.0024343968580725983,-0.41720899595482314
383,M030718_078_2,8A,Negative,low,-0.0013597547256845872,-0.6131114123191355
383,M030718_078_2,8A,Negative,mid,-0.001460381972531306,-0.3633050896853407
383,M030718_078_2,8A,Negative,high,-0.0018466737323115674,-0.431077431251656
392,M030718_115_1,6DC,Positive,low,0.002931958950516095,1.3809008211325142
392,M030718_115_1,6DC,Positive,mid,-0.0001614656876735741,0.6132486049188905
392,M030718_115_1,6DC,Positive,high,0.0012015151239779152,0.575192571740083
401,M030718_142_1,6DC,Negative,low,-0.0016487664954413295,-0.896627136981874
401,M030718_142_1,6DC,Negative,mid,-0.0016295000996161852,-0.4128764855488283
401,M030718_142_1,6DC,Negative,high,-0.0013152806868973663,0.3276336880396128
409,M030818_003_4,12r,Negative,low,-0.0016957220201151717,-0.7093790111266783
409,M030818_003_4,12r,Negative,mid,-0.0018734987260789777,-0.5946116767213145
409,M030818_003_4,12r,Negative,high,-0.0005667400815500533,-0.6109062867880661
411,M030818_005_2,11ml,Negative,low,-0.0004732551424139621,-0.8199242236504886
411,M030818_005_2,11ml,Negative,mid,-0.0016015352839667597,-0.4266867587543728
411,M030818_005_2,11ml,Negative,high,-0.0005018895457536497,-0.5997626431868993
421,M030818_018_3,12l,Positive,low,-0.0019264143280576097,-0.8715089108553187
421,M030818_018_3,12l,Positive,mid,0.0016927888155901251,-0.2768128242189864
421,M030818_018_3,12l,Positive,high,0.0022880641305885164,0.06930493059631641
424,M030818_023_2,46v,Negative,low,0.0009511513167733811,-1.0229963221356346
424,M030818_023_2,46v,Negative,mid,0.00017713234639965238,-0.059948341665187456
424,M030818_023_2,46v,Negative,high,-0.001619580674885704,-0.4025127814201128
427,M030818_032_1,46v,Negative,low,0.0014690806740176678,-0.661267132222685
427,M030818_032_1,46v,Negative,mid,-0.0032658457136986708,1.4633699235089508
427,M030818_032_1,46v,Negative,high,-0.00043847147148698976,0.40767605241369487
434,M030818_055_2,46v,Negative,low,-6.979727107551102e-05,-0.6239583660939867
434,M030818_055_2,46v,Negative,mid,-0.0017425197140339113,-0.8487349341990745
434,M030818_055_2,46v,Negative,high,-0.0018609179273212741,-0.16538264465552388
439,M030818_078_2,8A,Negative,low,0.003217089072754483,1.168897866365963
439,M030818_078_2,8A,Negative,mid,-0.0005704075883258173,0.3280705912736014
439,M030818_078_2,8A,Negative,high,-0.0012474833314282435,-0.5643269567961143
444,M030818_100_2,6DR,Negative,low,-0.0010730650968263048,-0.6516786104939047
444,M030818_100_2,6DR,Negative,mid,-0.00032123930600342385,-0.6809167934832676
444,M030818_100_2,6DR,Negative,high,-8.405474189780226e-05,-0.511824293610657
457,M030818_142_1,6DC,Negative,low,-0.00018431713052639658,-0.6407408858750158
457,M030818_142_1,6DC,Negative,mid,-0.000714219004571459,-0.2566106253780677
457,M030818_142_1,6DC,Negative,high,-0.0011982921729191893,0.2466428578916872
467,M030918_005_2,11ml,Positive,low,0.0030969525899359023,1.483482199112037
467,M030918_005_2,11ml,Positive,mid,0.003541532475950877,1.8831398327050264
467,M030918_005_2,11ml,Positive,high,0.0019219050060653574,1.144703450149387
471,M030918_011_3,46v,Positive,low,0.0032767965962782306,0.34962040511929987
471,M030918_011_3,46v,Positive,mid,0.0006295691796670665,-0.6710292503560046
471,M030918_011_3,46v,Positive,high,0.0014086721807150962,0.060140339392064604
497,M030918_055_2,46v,Negative,low,-0.0009031501199814465,-1.093845918650635
497,M030918_055_2,46v,Negative,mid,-0.0028646632682444405,-1.0455865777452507
497,M030918_055_2,46v,Negative,high,-0.0017986899458056573,-0.26621619107073075
499,M030918_065_2,6DR,Positive,low,0.0012405928199859689,1.0388779524328673
499,M030918_065_2,6DR,Positive,mid,-0.0013346835939864504,1.6359497019348932
499,M030918_065_2,6DR,Positive,high,0.00037444121498430666,0.4834990163214393
504,M030918_077_2,8A,Negative,low,-5.483681338567817e-05,-0.5689386524842702
504,M030918_077_2,8A,Negative,mid,0.00041516115306429425,-0.7424533889565412
504,M030918_077_2,8A,Negative,high,-0.0005032425853020075,-0.9140338257029529
509,M030918_100_2,6DR,Negative,low,0.00016610865702979154,-0.9292220167332204
509,M030918_100_2,6DR,Negative,mid,-0.0001699487102083689,-1.1100333999476695
509,M030918_100_2,6DR,Negative,high,-0.00017320637035373476,-0.5378691597706863
515,M030918_125_1,6DR,Negative,low,-0.00172943019285647,-0.3547698373591741
515,M030918_125_1,6DR,Negative,mid,0.0030590916999440696,-1.0496379287835282
515,M030918_125_1,6DR,Negative,high,-0.0012908621575724128,-1.259573406070322
517,M030918_128_4,6DC,Negative,low,-0.0026037734492518902,-0.3769523027364998
517,M030918_128_4,6DC,Negative,mid,-0.003910735999405793,0.3067402831029252
517,M030918_128_4,6DC,Negative,high,-0.0013498367499455727,-0.06899784500166362
525,M030918_142_2,6DC,Negative,low,0.0012599530661908938,-1.0690804428690983
525,M030918_142_2,6DC,Negative,mid,-0.0015977067786347103,-0.38686688706401223
525,M030918_142_2,6DC,Negative,high,-0.0008147514685770379,0.23112340990158367
537,M031218_003_2,12r,Negative,low,-0.0017949332792208254,-0.7894194404317217
537,M031218_003_2,12r,Negative,mid,-0.00018481289966422153,-0.7687972493953197
537,M031218_003_2,12r,Negative,high,-0.00019603084141465112,-0.5103260074399673
546,M031218_032_3,46v,Positive,low,0.001666606371473049,0.6111553167713536
546,M031218_032_3,46v,Positive,mid,-1.3920472310390316e-05,-0.2708182500527332
546,M031218_032_3,46v,Positive,high,0.001862004037662579,0.23222370958343125
553,M031218_056_2,45,Positive,low,0.003252966462238897,0.5226516040249692
553,M031218_056_2,45,Positive,mid,0.0011221963670872148,-0.5815757333724054
553,M031218_056_2,45,Positive,high,0.0013507157233842704,0.029384101008432306
560,M031218_077_1,8A,Negative,low,-0.0007221823164853009,-0.3576310060115627
560,M031218_077_1,8A,Negative,mid,-0.0017808790931557912,-0.40446306312512514
560,M031218_077_1,8A,Negative,high,-0.0013889886532330465,-0.9264451573771764
561,M031218_078_2,8A,Negative,low,-0.003877604230695948,0.415273387933432
561,M031218_078_2,8A,Negative,mid,-0.004028290775841701,-0.508711418498791
561,M031218_078_2,8A,Negative,high,-0.002180553494638547,-0.06856045341314809
580,M031218_136_2,6DR,Positive,low,0.002773428972827116,0.24978127854584892
580,M031218_136_2,6DR,Positive,mid,4.579921897320138e-07,-0.6725628496660617
580,M031218_136_2,6DR,Positive,high,0.0006723124396681559,0.011666147187419007
581,M031218_136_3,6DR,Positive,low,7.016611750615578e-05,0.36625974358814134
581,M031218_136_3,6DR,Positive,mid,0.003198443968929324,-0.039619182860215325
581,M031218_136_3,6DR,Positive,high,0.0009203936129255023,0.11034939033575913
587,M031218_142_1,6DC,Negative,low,0.00025771789175266767,-0.7662259005149594
587,M031218_142_1,6DC,Negative,mid,-0.0008771804065721087,0.3784821697273687
587,M031218_142_1,6DC,Negative,high,-0.0012744895464112916,-0.0696040312123507
604,M031318_006_1,11ml,Positive,low,0.0021700208958663363,1.2763390271798918
604,M031318_006_1,11ml,Positive,mid,0.0021427536920100277,0.7818059616856984
604,M031318_006_1,11ml,Positive,high,0.002899709355901508,1.3774964706770791
609,M031318_012_3,12r,Positive,low,-0.0023845193116507368,0.1786060805483636
609,M031318_012_3,12r,Positive,mid,0.0001770844639916753,0.0559913865980648
609,M031318_012_3,12r,Positive,high,0.0016458562954395337,-0.026684910145366624
622,M031318_036_3,45,Positive,low,0.005655076494684104,0.3675486854062154
622,M031318_036_3,45,Positive,mid,0.002474142542781372,0.15746007156895378
622,M031318_036_3,45,Positive,high,0.003911434456016499,1.0858523173925088
633,M031318_077_1,8A,Negative,low,-0.0031416601181446994,-0.621258173654702
633,M031318_077_1,8A,Negative,mid,-0.0006424218085828485,-0.5879834790446
633,M031318_077_1,8A,Negative,high,-0.0013768753113835273,-0.9226883737596616
636,M031318_094_2,46d,Negative,low,-0.002454404189259544,-1.869344931573122
636,M031318_094_2,46d,Negative,mid,-0.004214584671533175,-0.10900982017082607
636,M031318_094_2,46d,Negative,high,-0.000355690221157612,-0.6653558404592428
643,M031318_110_2,6DR,Positive,low,-0.0026439288608598706,1.1187879018680797
643,M031318_110_2,6DR,Positive,mid,0.0040986854784947355,2.1034202175013434
643,M031318_110_2,6DR,Positive,high,-0.00021572666366143114,1.4887722256576361
645,M031318_117_2,6DC,Positive,low,0.0016526690001842656,0.6054521516854945
645,M031318_117_2,6DC,Positive,mid,0.001843794909141969,0.427630406531262
645,M031318_117_2,6DC,Positive,high,0.0014404785439620254,0.7570967291932733
647,M031318_125_1,6DR,Positive,low,0.0012994459175428572,-0.16278697276013762
647,M031318_125_1,6DR,Positive,mid,0.0028256196693491145,-0.37758937488292993
647,M031318_125_1,6DR,Positive,high,0.0009071441788893829,-0.35084769078460637
648,M031318_125_3,6DR,Negative,low,-0.0024496823364931054,-0.344260580594436
648,M031318_125_3,6DR,Negative,mid,-0.00229973885323064,-1.795522974602593
648,M031318_125_3,6DR,Negative,high,-0.0014394505823399093,-0.8887200638517806
650,M031318_128_3,6DC,Negative,low,0.0024119604582347872,0.706809711689052
650,M031318_128_3,6DC,Negative,mid,-0.0030975316868870084,-0.5584058685837617
650,M031318_128_3,6DC,Negative,high,-0.0008368979651246785,-1.0696465236176667
654,M031318_136_4,6DR,Positive,low,0.003380998835544136,0.3067215449872509
654,M031318_136_4,6DR,Positive,mid,0.0005665162988174192,-0.49608013295907893
654,M031318_136_4,6DR,Positive,high,0.0012035890506389864,-0.1724047611886713
658,M031318_142_1,6DC,Negative,low,-0.0007683460310641621,-0.27732389383544886
658,M031318_142_1,6DC,Negative,mid,0.0005855765648267104,-0.6489513201062597
658,M031318_142_1,6DC,Negative,high,-0.0014546897113089793,-0.35697185743860466
663,M031318_149_3,6DC,Negative,low,-0.00011373951215221196,0.18585001405781001
663,M031318_149_3,6DC,Negative,mid,-0.0060272781084223705,-0.01223183968592553
663,M031318_149_3,6DC,Negative,high,-0.0018516162577514167,-0.4284106387002099
668,M032618_002_3,12r,Positive,low,0.0027154557708959984,0.706235753331634
668,M032618_002_3,12r,Positive,mid,0.0012555427163419238,0.841958968455209
668,M032618_002_3,12r,Positive,high,0.0037022709746612403,1.1397548801453161
672,M032618_011_2,46v,Positive,low,0.0019598714647516085,1.1171893975158964
672,M032618_011_2,46v,Positive,mid,0.001791945765748162,0.21277053854986094
672,M032618_011_2,46v,Positive,high,0.0021501300826901586,1.6060826939076631
674,M032618_014_2,46v,Negative,low,-0.0015394482016135081,-0.3355849318255898
674,M032618_014_2,46v,Negative,mid,-0.002964606640631584,-0.5276374449062792
674,M032618_014_2,46v,Negative,high,-0.00018667905306107382,-0.40837147925513956
675,M032618_017_1,12l,Negative,low,0.00011016454381983458,-0.3655013276601889
675,M032618_017_1,12l,Negative,mid,-0.0025520810037979427,-0.7806956656416646
675,M032618_017_1,12l,Negative,high,-0.0010390205946899285,-0.9513912240102168
678,M032618_019_3,12m,Positive,low,0.0019998021595986344,-0.4157666483655349
678,M032618_019_3,12m,Positive,mid,0.0013961304282149069,0.1996339889996361
678,M032618_019_3,12m,Positive,high,0.0010569587687431173,0.7548345316220044
696,M032618_066_1,8A,Negative,low,-0.0036499850111812583,-0.44907301638551217
696,M032618_066_1,8A,Negative,mid,-0.0009246887141537367,0.512915982430322
696,M032618_066_1,8A,Negative,high,-0.004100584927505268,0.4817780188035713
698,M032618_067_4,8A,Positive,low,0.00736961830011172,1.9268327164688395
698,M032618_067_4,8A,Positive,mid,2.3118009351868785e-05,0.4534564654896045
698,M032618_067_4,8A,Positive,high,0.00019603951104025413,0.19143359275854746
699,M032618_068_2,46v,Positive,low,0.004372315554060732,1.0216656283207375
699,M032618_068_2,46v,Positive,mid,9.898408654054058e-05,0.746986203198205
699,M032618_068_2,46v,Positive,high,0.0016529233696152641,0.8188545357516522
703,M032618_080_2,46d,Negative,low,-0.0010065717008253725,-0.14374437658643094
703,M032618_080_2,46d,Negative,mid,0.0005513719886699698,-0.6152118713209117
703,M032618_080_2,46d,Negative,high,-0.0011813690084998103,-0.21967249743347156
722,M032618_117_4,6DC,Negative,low,-0.0002062112335042776,-0.8534661219701304
722,M032618_117_4,6DC,Negative,mid,0.0011360098422269686,-0.3750254051254662
722,M032618_117_4,6DC,Negative,high,-0.0022362630845531306,-0.6753694764408167
723,M032618_118_2,6DC,Negative,low,0.0017611045110306944,-0.8927464359581312
723,M032618_118_2,6DC,Negative,mid,-0.0002927520651608318,-1.0955265195119797
723,M032618_118_2,6DC,Negative,high,-0.0007054268459714384,-0.7982591832933728
725,M032618_125_1,6DR,Negative,low,0.0010038568727582032,-1.0528134440820347
725,M032618_125_1,6DR,Negative,mid,0.0020153668918027694,-0.6173678072922539
725,M032618_125_1,6DR,Negative,high,-0.0014614995792124508,-0.13525806147738448
729,M032618_136_2,6DR,Positive,low,0.0012042434108274114,0.42529155651563405
729,M032618_136_2,6DR,Positive,mid,0.0022626601453005304,0.282981902267164
729,M032618_136_2,6DR,Positive,high,0.0016894455242246742,-0.3922287345446062
744,M032718_002_2,12r,Positive,low,0.0010983403414040866,1.471772461175026
744,M032718_002_2,12r,Positive,mid,0.003252883091639869,0.26070061376854503
744,M032718_002_2,12r,Positive,high,0.0019824375086011903,0.49284315756917274
748,M032718_010_2,12r,Positive,low,0.004994059620683105,1.4563001977719874
748,M032718_010_2,12r,Positive,mid,0.0019680238779252834,0.8922753075839713
748,M032718_010_2,12r,Positive,high,0.002285221587676415,0.7534933109285803
749,M032718_010_3,12r,Positive,low,0.005289825268092387,0.9561889823309196
749,M032718_010_3,12r,Positive,mid,0.004621513782731368,0.5351742995862606
749,M032718_010_3,12r,Positive,high,0.0009328105980084427,-0.11096875912478091
750,M032718_011_2,46v,Positive,low,-0.0027943318038805708,0.020352879362475255
750,M032718_011_2,46v,Positive,mid,0.0005319919621790724,0.7630380707035173
750,M032718_011_2,46v,Positive,high,0.0020197818709928135,1.1112142658719604
751,M032718_017_2,12l,Negative,low,-0.0011897324665572605,-0.4124811101411885
751,M032718_017_2,12l,Negative,mid,-0.0010098021846655892,-0.39019444261905356
751,M032718_017_2,12l,Negative,high,-0.000833262952189365,-0.6680590739464403
759,M032718_035_2,45,Negative,low,0.00020196049084751142,-0.9209769779751186
759,M032718_035_2,45,Negative,mid,-0.0011935407255539118,-0.8279504993846779
759,M032718_035_2,45,Negative,high,-2.802423019692531e-05,-0.42427970296249046
779,M032718_100_3,6DR,Negative,low,-0.0014450758610234232,-0.9468629718858891
779,M032718_100_3,6DR,Negative,mid,-0.0014679624509167267,-0.599291665023952
779,M032718_100_3,6DR,Negative,high,-0.0009292728728122668,0.12021438939440314
782,M032718_105_2,6DR,Positive,low,0.0028856638335730007,2.301286521734989
782,M032718_105_2,6DR,Positive,mid,0.0012996242781390423,1.2532811760902405
782,M032718_105_2,6DR,Positive,high,0.0016381187848499821,0.7358689575530465
792,M032718_125_1,6DR,Negative,low,0.00010752974566715096,-0.628238997285792
792,M032718_125_1,6DR,Negative,mid,0.0014555944574778411,-0.3540778350873003
792,M032718_125_1,6DR,Negative,high,-0.0015683497955523234,-0.099597982150315
806,M032718_149_2,6DC,Negative,low,0.0007515371440476648,-0.8718412838901042
806,M032718_149_2,6DC,Negative,mid,-0.0017678256626653722,-0.6678503687042563
806,M032718_149_2,6DC,Negative,high,-0.001977788318045324,0.34124540812169324
810,M032818_002_4,12r,Positive,low,0.0013607818932620415,0.6013642665225014
810,M032818_002_4,12r,Positive,mid,0.004565763902125778,0.751005575717884
810,M032818_002_4,12r,Positive,high,0.0011447912678294232,0.2727380558849737
814,M032818_010_2,12r,Positive,low,0.0017255809979810459,0.610029384058481
814,M032818_010_2,12r,Positive,mid,0.002871661154441702,1.529969473094749
814,M032818_010_2,12r,Positive,high,0.004225947457802103,1.6767632273737088
815,M032818_010_3,12r,Positive,low,0.0039001313387237273,0.6296176793361347
815,M032818_010_3,12r,Positive,mid,0.0019967920123530095,0.244960167573861
815,M032818_010_3,12r,Positive,high,0.0033469682699719173,0.38459359756930456
817,M032818_011_3,46v,Positive,low,0.001073218538584063,0.5483002786876358
817,M032818_011_3,46v,Positive,mid,0.003320864363464431,1.2897880987648522
817,M032818_011_3,46v,Positive,high,0.002118812732007614,1.2837200712245236
818,M032818_012_2,12r,Negative,low,-0.003739047693528879,0.8560293013115294
818,M032818_012_2,12r,Negative,mid,-0.001832336263125679,-0.22801786450399536
818,M032818_012_2,12r,Negative,high,-4.343268941171886e-05,-0.5267824727465428
821,M032818_017_2,12l,Negative,low,-0.0013367656061912957,-0.30352982427308073
821,M032818_017_2,12l,Negative,mid,-0.0007786930426228646,-0.7646336306669841
821,M032818_017_2,12l,Negative,high,-0.001177097537667255,-0.7647332832242011
823,M032818_019_2,12m,Positive,low,0.0011303671584789773,0.20473654317962328
823,M032818_019_2,12m,Positive,mid,0.0009694367384488016,0.8830409550546559
823,M032818_019_2,12m,Positive,high,0.001753456902826157,0.8002627347026504
849,M032818_076_3,6DR,Positive,low,0.0002783273012960787,1.3854550688388834
849,M032818_076_3,6DR,Positive,mid,0.0006445167666209059,-0.30933190323102494
849,M032818_076_3,6DR,Positive,high,0.0017973140254368082,-0.15629090410277569
853,M032818_100_2,6DR,Negative,low,0.0008177142770604704,-0.9777406931121814
853,M032818_100_2,6DR,Negative,mid,0.0008597215597328051,-1.0817119950264344
853,M032818_100_2,6DR,Negative,high,-0.001280858467296636,-0.7965969234215291
856,M032818_105_3,6DR,Positive,low,0.003946399348124999,1.4252145378641201
856,M032818_105_3,6DR,Positive,mid,0.0008735442417431929,1.2593282128059726
856,M032818_105_3,6DR,Positive,high,0.0015788677332393586,0.788498494000842
870,M032818_125_3,6DR,Negative,low,-0.0014035693891855014,-0.9135242338228161
870,M032818_125_3,6DR,Negative,mid,0.0009586157307095545,-0.7744592221115968
870,M032818_125_3,6DR,Negative,high,-0.0006653249493202144,-0.5676862209936149
873,M032818_130_1,6DC,Negative,low,-0.00272456636339563,-0.08003901679942112
873,M032818_130_1,6DC,Negative,mid,-0.0008924648217455543,-0.23017278017039208
873,M032818_130_1,6DC,Negative,high,-0.0003010548033347742,0.3113545134172352
877,M032818_136_4,6DR,Positive,low,0.0013014983833112854,-0.11842199823332519
877,M032818_136_4,6DR,Positive,mid,0.0007514244881443618,0.7450438325666046
877,M032818_136_4,6DR,Positive,high,0.002125356534748294,0.31171330260523533
888,M032818_152_2,6DC,Positive,low,-0.001011104659392655,-0.09467586856273175
888,M032818_152_2,6DC,Positive,mid,-0.0012832647619077776,0.25958369716307683
888,M032818_152_2,6DC,Positive,high,0.0016716049905084295,-0.8919337637809271
902,M033018_017_3,12l,Negative,low,-0.0015218060450645984,0.06886011824482888
902,M033018_017_3,12l,Negative,mid,0.0011702082826242886,-0.6073097421318144
902,M033018_017_3,12l,Negative,high,-0.0005249761282234907,-0.5854756997746358
905,M033018_023_3,46v,Negative,low,-8.612156204260942e-05,0.7411729478906413
905,M033018_023_3,46v,Negative,mid,-0.0011233092447866771,-0.5376518986935761
905,M033018_023_3,46v,Negative,high,-0.0010672884040101916,-0.4294937676088629
919,M033018_060_3,46df,Positive,low,0.003644839983794993,0.1374510643260318
919,M033018_060_3,46df,Positive,mid,-0.002438984830650841,1.2785936824825535
919,M033018_060_3,46df,Positive,high,0.0013759113991905368,0.44677971744485284
922,M033018_067_2,8A,Positive,low,0.0069218157662899035,1.7623971899794708
922,M033018_067_2,8A,Positive,mid,0.0017058300620289744,1.3435975976672625
922,M033018_067_2,8A,Positive,high,0.0016541699346034715,-0.12890128486308605
925,M033018_083_2,8A,Positive,low,0.002176765343068749,-0.13637427524500798
925,M033018_083_2,8A,Positive,mid,0.001117368563303122,-0.3088390318108893
925,M033018_083_2,8A,Positive,high,0.0018136281180114926,-0.2095669969574846
935,M033018_106_2,6DR,Positive,low,0.001994691767597593,0.21941958516169344
935,M033018_106_2,6DR,Positive,mid,0.0003012597316864032,-0.87550401995067
935,M033018_106_2,6DR,Positive,high,0.0002185734984508346,-0.7795865652763506
937,M033018_110_1,6DR,Negative,low,-0.004675475889410118,-1.0450864977074692
937,M033018_110_1,6DR,Negative,mid,-0.0017636494002211459,-0.630792159449616
937,M033018_110_1,6DR,Negative,high,-0.001400999572953033,-0.9132025801203215
940,M033018_117_1,6DC,Negative,low,0.003920319423130625,-0.8989335120920582
940,M033018_117_1,6DC,Negative,mid,0.0004158551713541441,-0.8936347973400725
940,M033018_117_1,6DC,Negative,high,-0.0014824381424000076,-0.20302500716312177
946,M033018_128_1,6DC,Negative,low,-0.002940813046923467,0.3426237768104638
946,M033018_128_1,6DC,Negative,mid,-0.00024299975398435646,-0.5093035484114414
946,M033018_128_1,6DC,Negative,high,-0.002213877648291632,-0.2629327239383852
950,M033018_135_4,6DR,Negative,low,-5.7114947741760155e-05,-0.9798677923675385
950,M033018_135_4,6DR,Negative,mid,-0.001163414469375646,-0.5919708401652769
950,M033018_135_4,6DR,Negative,high,-0.0035195326522773998,0.38668497659553835
951,M033018_136_2,6DR,Positive,low,0.0001158397597332466,-0.07689867190650189
951,M033018_136_2,6DR,Positive,mid,0.002009066009358682,0.6274628774321076
951,M033018_136_2,6DR,Positive,high,0.0025749172860082474,-0.07776378016763355
962,M033018_157_2,6DC,Positive,low,0.0015020408924581877,1.6844995834495866
962,M033018_157_2,6DC,Positive,mid,0.00035023099381856156,0.02129354135899614
962,M033018_157_2,6DC,Positive,high,0.001970820965481334,-0.008889517924103718
964,M040218_006_2,11ml,Positive,low,0.0014151397737135296,1.2342200042205722
964,M040218_006_2,11ml,Positive,mid,-0.0004807254120578777,0.8485363885859483
964,M040218_006_2,11ml,Positive,high,0.0010772431237511047,0.7287308481799287
965,M040218_010_1,12r,Positive,low,0.005391831222443279,1.3213315992716843
965,M040218_010_1,12r,Positive,mid,0.0033697025372111194,1.172872431010749
965,M040218_010_1,12r,Positive,high,0.002025720947388494,1.3236519875324109
970,M040218_012_2,12r,Negative,low,0.002602092302355823,0.3898099566323252
970,M040218_012_2,12r,Negative,mid,-0.00018783801809751197,-0.0011557193020491948
970,M040218_012_2,12r,Negative,high,-0.0013891622260579339,0.012473384572344889
971,M040218_017_2,12l,Positive,low,0.004951773497237054,0.23238172432943907
971,M040218_017_2,12l,Positive,mid,0.003107702276571467,0.16342013177404585
971,M040218_017_2,12l,Positive,high,0.002316420874679347,1.0219128851564958
976,M040218_026_3,12l,Positive,low,0.00045719292438575174,-0.2898822402385545
976,M040218_026_3,12l,Positive,mid,0.0008963048894472809,-0.3065827168755159
976,M040218_026_3,12l,Positive,high,0.0012684852418904076,-0.03569314533673357
992,M040218_067_1,8A,Positive,low,0.0015840189365591724,-0.03339484030266173
992,M040218_067_1,8A,Positive,mid,0.0028869813687261224,1.0981047851422463
992,M040218_067_1,8A,Positive,high,0.001226292126168897,1.331263700162313
993,M040218_067_2,8A,Negative,low,0.0022225577155258096,-1.4085075557107933
993,M040218_067_2,8A,Negative,mid,-0.0004826479809454811,-0.7871203444349563
993,M040218_067_2,8A,Negative,high,-0.001096904304996048,-0.38048069028136433
998,M040218_077_2,8A,Positive,low,-0.0005004878576912501,0.5642538218578469
998,M040218_077_2,8A,Positive,mid,0.0019692311632246106,0.7496575845162169
998,M040218_077_2,8A,Positive,high,0.0018888605330232388,1.151194452297271
999,M040218_078_2,8A,Negative,low,-0.002529349605783654,-0.27090389658844166
999,M040218_078_2,8A,Negative,mid,-3.2316644463133555e-05,-0.6794054605401495
999,M040218_078_2,8A,Negative,high,-0.0003561802765694312,-0.6306863073104629
1013,M040218_110_5,6DR,Positive,low,-0.0003281847481662702,0.9281618549269989
1013,M040218_110_5,6DR,Positive,mid,0.0005227625136257335,0.07613586094475447
1013,M040218_110_5,6DR,Positive,high,0.0003120321127150663,-0.2343936212393401
1022,M040218_128_4,6DC,Negative,low,-0.0023655872830032555,0.4626082626547968
1022,M040218_128_4,6DC,Negative,mid,-0.0003439991113293358,0.015083751717799099
1022,M040218_128_4,6DC,Negative,high,-0.002352897839101159,-0.24405987595460577
1038,M040218_147_2,6DC,Negative,low,0.004291117015361911,-0.11869655203650677
1038,M040218_147_2,6DC,Negative,mid,-0.0004666920378917454,-1.191414587212085
1038,M040218_147_2,6DC,Negative,high,-0.0007905696757337239,-0.9047087601536324
1046,M040418_006_3,11ml,Positive,low,0.005895699977817918,0.4784527009987612
1046,M040418_006_3,11ml,Positive,mid,0.0005294661496786535,0.9127061536935424
1046,M040418_006_3,11ml,Positive,high,0.0008731890502614204,0.40357294796885435
1048,M040418_010_1,12r,Positive,low,0.003953184418679525,1.2426534848665034
1048,M040418_010_1,12r,Positive,mid,0.005092160962917456,0.6309323477391577
1048,M040418_010_1,12r,Positive,high,0.0028851412633802225,0.8709311003863778
1052,M040418_011_1,46v,Positive,low,0.0018277682713832655,0.1642055436781275
1052,M040418_011_1,46v,Positive,mid,0.0037079488522567296,0.4825332398470584
1052,M040418_011_1,46v,Positive,high,-0.00012525619765587089,0.4909568542239571
1053,M040418_011_3,46v,Positive,low,0.0006114874843147288,-0.29026811236450556
1053,M040418_011_3,46v,Positive,mid,0.002061665524935758,-0.558720377235117
1053,M040418_011_3,46v,Positive,high,0.0017255281766291647,-0.07019112903792132
1056,M040418_012_4,12r,Negative,low,0.0004939764019643323,-0.7112957426717198
1056,M040418_012_4,12r,Negative,mid,-0.001329308326714317,-0.5947520678914067
1056,M040418_012_4,12r,Negative,high,-0.0013109747302454972,-0.3582162519765029
1061,M040418_017_2,12l,Positive,low,0.002353467039214857,0.04863581072210571
1061,M040418_017_2,12l,Positive,mid,0.005769604696459593,0.18738269294223156
1061,M040418_017_2,12l,Positive,high,0.0017099009606941103,0.006715419109114221
1062,M040418_018_1,12l,Positive,low,0.0043004726681317145,0.4192070743354183
1062,M040418_018_1,12l,Positive,mid,0.0006252603241434058,0.8315648184132339
1062,M040418_018_1,12l,Positive,high,0.000647747494016047,1.024737323431326
1080,M040418_067_3,8A,Positive,low,0.0018957594696096102,0.8293759000732466
1080,M040418_067_3,8A,Positive,mid,0.005601156056751474,0.8246450502283642
1080,M040418_067_3,8A,Positive,high,0.0020772574528097987,0.8801586733582413
1085,M040418_077_1,8A,Positive,low,0.001206437587551382,0.678778150464453
1085,M040418_077_1,8A,Positive,mid,0.001851803185626882,0.6401124124747612
1085,M040418_077_1,8A,Positive,high,0.003109725360889416,0.9073476715543355
1086,M040418_078_2,8A,Negative,low,-0.0027700821706184856,0.053655718151052266
1086,M040418_078_2,8A,Negative,mid,-0.0007094135130787013,-1.0288385443401813
1086,M040418_078_2,8A,Negative,high,-0.0011894787349307964,-0.9283066124170275
1090,M040418_108_2,6DR,Positive,low,0.0016230711143519515,0.3493727335036917
1090,M040418_108_2,6DR,Positive,mid,0.0030350058750329813,0.4795650953381243
1090,M040418_108_2,6DR,Positive,high,0.0008126669920899157,0.451146433026082
1093,M040418_110_2,6DR,Positive,low,0.00021712617448513505,0.12823724299037795
1093,M040418_110_2,6DR,Positive,mid,0.002380836601069377,1.4764435917709313
1093,M040418_110_2,6DR,Positive,high,0.001692529643298444,1.2237371156695678
1094,M040418_112_2,24c,Negative,low,-0.001555394554990035,-0.03321845620597857
1094,M040418_112_2,24c,Negative,mid,-0.00019973420225271392,0.32081780987239605
1094,M040418_112_2,24c,Negative,high,-0.0005268827312454908,0.08307249576006663
1099,M040418_128_2,6DC,Negative,low,-0.0021106921675041576,0.088468772551636
1099,M040418_128_2,6DC,Negative,mid,-0.005289145117443472,0.14564080489334494
1099,M040418_128_2,6DC,Negative,high,-0.0025162887958723834,0.2733716103352898
1101,M040418_133_2,6DR,Positive,low,-0.0008360884175720961,0.46701047921548605
1101,M040418_133_2,6DR,Positive,mid,0.0009883658639551968,0.3547290869106766
1101,M040418_133_2,6DR,Positive,high,0.0022481759745261003,0.7323815803897386
1102,M040418_135_1,6DR,Negative,low,-1.5551809694381923e-05,-0.3469101674110937
1102,M040418_135_1,6DR,Negative,mid,-0.0005258179818600829,-0.32309292472539447
1102,M040418_135_1,6DR,Negative,high,-0.0010256475284458205,-0.1677030711022195
1109,M040418_146_3,6DC,Negative,low,0.00010302041943053555,-1.5358736365289736
1109,M040418_146_3,6DC,Negative,mid,-0.0036048316505468934,-0.08734788151812188
1109,M040418_146_3,6DC,Negative,high,-0.00117883958060967,-0.7248475847892872
1112,M040418_147_5,6DC,Negative,low,-0.0019062032056779482,-0.43021515743208805
1112,M040418_147_5,6DC,Negative,mid,-0.002374423468454761,-0.3908699593148791
1112,M040418_147_5,6DC,Negative,high,-0.0004949867868452318,-0.714422536372345
1113,M040418_152_1,6DC,Negative,low,-0.0008591327116321459,-0.7949548896755434
1113,M040418_152_1,6DC,Negative,mid,-0.0019831339271936758,0.28273237457815803
1113,M040418_152_1,6DC,Negative,high,-0.0017421828267849165,-0.05937828300855883
1117,M040418_153_2,6DC,Negative,low,0.0012386489197906804,-0.9727061739231703
1117,M040418_153_2,6DC,Negative,mid,-0.0007281762893151709,-0.46943697280648744
1117,M040418_153_2,6DC,Negative,high,-0.0017442025709012686,-0.5025436865044184
1120,M040418_157_3,6DC,Negative,low,-0.0001270900346565495,-0.5736986485522197
1120,M040418_157_3,6DC,Negative,mid,-0.0005807154468443304,-0.6368642915257202
1120,M040418_157_3,6DC,Negative,high,-0.0013395686484420947,-0.414067094104528
1122,M041018_002_3,12r,Positive,low,,
1122,M041018_002_3,12r,Positive,mid,0.00537899571145882,1.665485927863
1122,M041018_002_3,12r,Positive,high,0.0017938645772668216,0.17183256874669858
1123,M041018_005_1,11ml,Positive,low,,
1123,M041018_005_1,11ml,Positive,mid,0.002190344634628131,-0.00539561710669078
1123,M041018_005_1,11ml,Positive,high,0.0016469519177910255,-0.5803143519561655
1130,M041018_013_1,11ml,Positive,low,,
1130,M041018_013_1,11ml,Positive,mid,0.0022935788285154282,0.7442225761023565
1130,M041018_013_1,11ml,Positive,high,0.0023948871704583797,0.8180494811238656
1131,M041018_013_3,11ml,Positive,low,,
1131,M041018_013_3,11ml,Positive,mid,0.00563280293750466,0.8243183859061456
1131,M041018_013_3,11ml,Positive,high,0.0003068926444762749,0.9303847546882915
1146,M041018_069_2,46v,Negative,low,,
1146,M041018_069_2,46v,Negative,mid,-0.0053798963739962215,0.9500568595136858
1146,M041018_069_2,46v,Negative,high,-0.0010390739192553298,0.15582508761660444
1155,M041018_080_3,46d,Negative,low,,
1155,M041018_080_3,46d,Negative,mid,-0.002052102580406618,-0.6900596109725622
1155,M041018_080_3,46d,Negative,high,-0.0009847360880296475,-0.07511035744399111
1165,M041018_108_2,6DR,Negative,low,,
1165,M041018_108_2,6DR,Negative,mid,-0.003945757822474927,1.212347381473976
1165,M041018_108_2,6DR,Negative,high,-0.0018058677094360547,1.056590896725853
1173,M041018_128_2,6DC,Negative,low,,
1173,M041018_128_2,6DC,Negative,mid,-0.001813616358227464,0.8357336090233785
1173,M041018_128_2,6DC,Negative,high,-0.002945269936942135,0.6693579812101034
1196,M041118_012_3,12r,Negative,low,7.595310056516844e-05,0.24014365235761972
1196,M041118_012_3,12r,Negative,mid,-0.0011805155186308668,-0.4948125344990891
1196,M041118_012_3,12r,Negative,high,-0.001820071288973661,-0.48836567710133805
1206,M041118_026_2,12l,Positive,low,0.0030125124698025686,-0.1448323606360803
1206,M041118_026_2,12l,Positive,mid,0.004089323940391646,0.04836952207476743
1206,M041118_026_2,12l,Positive,high,0.0009636736463415524,-0.13616602023995283
1229,M041118_077_2,8A,Positive,low,-0.001624385461651237,0.8813466095488004
1229,M041118_077_2,8A,Positive,mid,0.00011698143892163309,0.8458348882575202
1229,M041118_077_2,8A,Positive,high,0.0022278901963009076,1.002161072514418
1240,M041118_128_1,6DC,Negative,low,-0.004527449986372974,0.6258533671506047
1240,M041118_128_1,6DC,Negative,mid,-0.0028214468667733866,-0.35981844191884194
1240,M041118_128_1,6DC,Negative,high,-0.0028243896627971124,0.25132756705896403
1247,M041118_142_2,6DC,Positive,low,0.002369567990870502,-0.18655365218908934
1247,M041118_142_2,6DC,Positive,mid,0.0018758842884453412,2.3983798817469553
1247,M041118_142_2,6DC,Positive,high,0.0015038754782749153,0.5863821500642674
1255,M041118_153_2,6DC,Positive,low,0.0024939476397176433,1.3407257319042172
1255,M041118_153_2,6DC,Positive,mid,0.0020392922663671053,1.9149804902999057
1255,M041118_153_2,6DC,Positive,high,0.004962623211629478,0.9171920860908342
1264,M041618_013_3,11ml,Negative,low,0.001708049381276909,-0.5037859174083552
1264,M041618_013_3,11ml,Negative,mid,-0.0010305437315050203,0.05310423566205132
1264,M041618_013_3,11ml,Negative,high,-0.002589209752252758,0.32233576895765953
1279,M041618_026_2,12l,Positive,low,-0.000824470333981127,-0.434495974979836
1279,M041618_026_2,12l,Positive,mid,-0.0018714946152742157,-0.2544238017918465
1279,M041618_026_2,12l,Positive,high,0.0004646031023465007,0.0885551271081407
1314,M041618_118_2,6DC,Positive,low,0.0027564681126260723,0.8026905231078632
1314,M041618_118_2,6DC,Positive,mid,0.0019376326392699496,1.6039556874808376
1314,M041618_118_2,6DC,Positive,high,0.0013697038442185558,1.1872885927384387
1317,M041618_128_2,6DC,Negative,low,-0.0037894253123782443,1.0702849671960546
1317,M041618_128_2,6DC,Negative,mid,-0.0018977962192122538,-0.6751484675890768
1317,M041618_128_2,6DC,Negative,high,-0.002241555332910253,0.23152492269265393
1318,M041618_135_1,6DR,Negative,low,0.0016161533745600249,-0.6630489874674556
1318,M041618_135_1,6DR,Negative,mid,0.002425704090402586,-0.2828953452284344
1318,M041618_135_1,6DR,Negative,high,-0.001585809654827768,0.45201068777477094
1321,M041618_136_2,6DR,Positive,low,0.001580533975078783,0.05487117344690192
1321,M041618_136_2,6DR,Positive,mid,0.0033128087023853916,0.9458320548946965
1321,M041618_136_2,6DR,Positive,high,0.0009000276509492136,0.7547504118381815
1330,M041618_153_2,6DC,Negative,low,2.0908432388000964e-19,-0.8115066885948181
1330,M041618_153_2,6DC,Negative,mid,-0.004687783548726122,-0.14085936990137307
1330,M041618_153_2,6DC,Negative,high,-0.002996552815033363,0.6090053963295173
1339,M041718_013_3,11ml,Negative,low,-0.004633399586374513,0.17130726805098584
1339,M041718_013_3,11ml,Negative,mid,-0.0012540616580300466,-0.558884559989521
1339,M041718_013_3,11ml,Negative,high,-0.0013563948030591152,-0.15273999941679314
1340,M041718_013_4,11ml,Negative,low,0.0009250167243439188,-0.4794410737467691
1340,M041718_013_4,11ml,Negative,mid,0.0008018959310174523,-0.1453939213172388
1340,M041718_013_4,11ml,Negative,high,-0.001942076824921544,0.2935023342449832
1344,M041718_017_2,12l,Positive,low,-0.0012924017118514978,-0.14476044576912622
1344,M041718_017_2,12l,Positive,mid,0.0030336781124895087,0.9964824825387367
1344,M041718_017_2,12l,Positive,high,0.0014142853874182706,0.05205960322276824
1353,M041718_026_2,12l,Positive,low,0.0010282585754162815,1.0801201218773244
1353,M041718_026_2,12l,Positive,mid,0.0007454588825148168,0.004331933652335924
1353,M041718_026_2,12l,Positive,high,0.0008400939720224411,-0.19545965723256764
1366,M041718_078_2,8A,Negative,low,-0.0021654386649072534,-0.1043443595738725
1366,M041718_078_2,8A,Negative,mid,0.0016541511079911292,-0.6849651018672076
1366,M041718_078_2,8A,Negative,high,-0.0012273791025455196,-0.8298841322370852
1383,M041718_136_1,6DR,Positive,low,0.0031588422194555412,0.04319309046532271
1383,M041718_136_1,6DR,Positive,mid,-0.00018907706241375554,0.7916539838485661
1383,M041718_136_1,6DR,Positive,high,0.0016595115026417002,0.025022014218557643
1394,M041718_153_2,6DC,Negative,low,-0.0030127458268019544,-0.35018402079008704
1394,M041718_153_2,6DC,Negative,mid,-9.885857863383732e-05,-0.22003752521774617
1394,M041718_153_2,6DC,Negative,high,-0.0013988955206467204,-0.11907102258588512
1397,M041818_004_2,11ml,Negative,low,-0.0006462093354050398,-0.13634162848682055
1397,M041818_004_2,11ml,Negative,mid,0.0012812660795398266,-0.4256425751326683
1397,M041818_004_2,11ml,Negative,high,-0.00030798654482409876,-0.6304098187191117
1424,M041818_077_2,8A,Positive,low,0.00437172788190684,0.18543038268677406
1424,M041818_077_2,8A,Positive,mid,0.004095562161548131,0.7623983600073047
1424,M041818_077_2,8A,Positive,high,0.0005136038801091363,2.1526337711267582
1447,M041818_136_3,6DR,Positive,low,-0.0016548775253315178,1.0314263786458893
1447,M041818_136_3,6DR,Positive,mid,0.0009672159930418161,0.06073839758668473
1447,M041818_136_3,6DR,Positive,high,0.000959696945253854,0.45201631733266706
1449,M041818_138_2,6DC,Negative,low,0.0003521226723381793,-0.6685336576579076
1449,M041818_138_2,6DC,Negative,mid,-0.002457765114183658,1.7407204520620543
1449,M041818_138_2,6DC,Negative,high,-0.0006838487944757133,0.2607617520191823
1452,M041818_146_2,6DC,Negative,low,0.0007516408063839924,-0.8038830381877001
1452,M041818_146_2,6DC,Negative,mid,-0.002173450277347143,-1.1597723622384872
1452,M041818_146_2,6DC,Negative,high,0.0007378642636141747,-0.8133266432561017
1457,M041818_152_3,6DC,Negative,low,-0.0016947368400951567,-0.9116507327112798
1457,M041818_152_3,6DC,Negative,mid,0.0003898954974202206,-0.07062630186982054
1457,M041818_152_3,6DC,Negative,high,-0.0010384568768025176,-0.21319261845201254
1459,M041818_153_3,6DC,Negative,low,-0.0032291516010539345,-0.7617909081819499
1459,M041818_153_3,6DC,Negative,mid,-0.0015528215410399238,-0.5742970534883898
1459,M041818_153_3,6DC,Negative,high,-0.0003632478572335909,-0.2159051196314565
1470,M041918_017_1,12l,Positive,low,-0.00013410280604856672,0.29495225202570363
1470,M041918_017_1,12l,Positive,mid,0.0011870942048220745,0.8240953229077954
1470,M041918_017_1,12l,Positive,high,0.0008093769429032478,1.4742496345880225
1474,M041918_023_4,46v,Positive,low,0.0016725136892228117,0.7100139419701627
1474,M041918_023_4,46v,Positive,mid,0.0015988140592770152,-0.24346629805946582
1474,M041918_023_4,46v,Positive,high,0.0023579206304782424,-0.39629018339429195
1478,M041918_026_2,12l,Positive,low,0.0037938136876059635,-0.20676457977539142
1478,M041918_026_2,12l,Positive,mid,0.0031318490152707308,-0.25631198680924
1478,M041918_026_2,12l,Positive,high,0.0017885908257866672,-0.1033141400840152
1497,M041918_099_2,8B,Positive,low,0.001295414818828613,-0.34783819598705973
1497,M041918_099_2,8B,Positive,mid,-0.002115448067596649,-0.25719238866756694
1497,M041918_099_2,8B,Positive,high,0.00040798332252412096,-0.1648902488710086
1498,M041918_110_2,6DR,Positive,low,0.0009931450868688738,0.9608260364827179
1498,M041918_110_2,6DR,Positive,mid,0.0007623807001628503,0.8698221054637089
1498,M041918_110_2,6DR,Positive,high,0.0009077388054712327,1.115742667790459
1501,M041918_114_2,45,Positive,low,0.0008821591606733497,-0.12359395294532353
1501,M041918_114_2,45,Positive,mid,0.003371803100614426,0.19744705693360834
1501,M041918_114_2,45,Positive,high,0.004019145586786311,1.4936313692351708
1502,M041918_118_2,6DC,Negative,low,-0.004038999932523918,-0.20580118393584368
1502,M041918_118_2,6DC,Negative,mid,-0.0038060028506879855,0.1055801473054322
1502,M041918_118_2,6DC,Negative,high,-0.0018840715296494924,-0.3368214435451013
1505,M041918_128_1,6DC,Positive,low,0.001956943907729882,-0.5011311953890443
1505,M041918_128_1,6DC,Positive,mid,0.0029824941481841226,0.15263597689110503
1505,M041918_128_1,6DC,Positive,high,0.004019480387928632,0.9064016441118047
1507,M041918_129_2,6DC,Positive,low,0.002961072965608766,-0.9959185261654353
1507,M041918_129_2,6DC,Positive,mid,0.0035308177063788923,-0.5023843108051876
1507,M041918_129_2,6DC,Positive,high,0.0027359635053185384,-0.22531815485566034
1509,M041918_136_2,6DR,Positive,low,0.002217682783680141,0.765135435199649
1509,M041918_136_2,6DR,Positive,mid,0.0011681200898375683,0.01756779130407998
1509,M041918_136_2,6DR,Positive,high,0.0013640875266073729,0.11223164472761038
1510,M041918_136_3,6DR,Positive,low,0.0040376139733206765,0.09279093894094055
1510,M041918_136_3,6DR,Positive,mid,0.000643157655040846,-0.40803974085261546
1510,M041918_136_3,6DR,Positive,high,0.0017408019066603724,0.05534354823807289
1512,M041918_144_2,6DC,Negative,low,-9.452428774495272e-05,-0.36607168774707816
1512,M041918_144_2,6DC,Negative,mid,-0.005463249683695835,1.5927584119921336
1512,M041918_144_2,6DC,Negative,high,-0.0034482021614004204,-0.06828925149289027
1523,M042018_012_3,12r,Positive,low,0.0014102164679796268,0.9632643212823077
1523,M042018_012_3,12r,Positive,mid,0.0034342543612059314,-0.1676961221256078
1523,M042018_012_3,12r,Positive,high,0.002382663002833083,0.4016594040058801
1524,M042018_014_3,46v,Positive,low,0.0007496907309852757,0.9178886644050406
1524,M042018_014_3,46v,Positive,mid,0.0006756019444677784,0.4405743839581824
1524,M042018_014_3,46v,Positive,high,0.002274676423643964,0.16730062457939732
1525,M042018_017_3,12l,Positive,low,-3.903782339337448e-05,1.4783576006897277
1525,M042018_017_3,12l,Positive,mid,0.0011671439734426093,1.0572734466643876
1525,M042018_017_3,12l,Positive,high,-0.00028338275685446115,0.9374956809938847
1531,M042018_026_3,12l,Positive,low,0.003340939353182816,-0.6057807704969967
1531,M042018_026_3,12l,Positive,mid,0.0008686112949111064,1.1579104027340494
1531,M042018_026_3,12l,Positive,high,0.0006676767420020191,-0.17219671987217175
1546,M042018_078_3,8A,Negative,low,-0.0017536582148250856,-1.4445675810343415
1546,M042018_078_3,8A,Negative,mid,-0.0007315207556996423,-1.152923230224362
1546,M042018_078_3,8A,Negative,high,-0.0005523878492294632,-0.8602382570455555
1564,M042018_117_3,6DC,Positive,low,0.001317547754116927,-0.7770923826093483
1564,M042018_117_3,6DC,Positive,mid,0.0037734189887784248,0.4283702874186405
1564,M042018_117_3,6DC,Positive,high,0.00036040072222130124,0.8823557304413664
1575,M042018_144_2,6DC,Negative,low,-0.00287538588461312,-0.4467591096239533
1575,M042018_144_2,6DC,Negative,mid,-0.003850842926634623,0.039906310137615426
1575,M042018_144_2,6DC,Negative,high,-0.002784941319501783,0.2670040297988894
1587,M042318_012_3,12r,Positive,low,0.00411618350497917,0.5771420775558613
1587,M042318_012_3,12r,Positive,mid,0.001685811152586155,-0.7563460563753457
1587,M042318_012_3,12r,Positive,high,0.0014655430585250916,0.32506095070610586
1589,M042318_023_4,46v,Positive,low,0.0024368864006154367,0.2794216395917111
1589,M042318_023_4,46v,Positive,mid,0.0012488636496880302,-0.7755152083586239
1589,M042318_023_4,46v,Positive,high,0.002591869785612514,0.11818754442885344
1606,M042318_078_1,8A,Negative,low,0.0019816022186989746,-1.139335865357863
1606,M042318_078_1,8A,Negative,mid,-0.0001755088216434021,-1.5290302375390408
1606,M042318_078_1,8A,Negative,high,-0.0008394521985846823,-0.5481047901617806
1617,M042318_110_3,6DR,Positive,low,-0.0020773165702675524,1.4093528499272023
1617,M042318_110_3,6DR,Positive,mid,0.0015682067101290354,0.9540177533858628
1617,M042318_110_3,6DR,Positive,high,0.0018433855441746618,1.0336820848670458
1622,M042318_116_3,6DC,Negative,low,-0.0012155868541244104,-0.602468159911339
1622,M042318_116_3,6DC,Negative,mid,-0.004243814637587445,1.2981055394069179
1622,M042318_116_3,6DC,Negative,high,-0.0023725942742706895,0.10923773413229604
1623,M042318_117_2,6DC,Negative,low,-0.0015300188743926004,-1.105082395767015
1623,M042318_117_2,6DC,Negative,mid,-0.0015880147933829158,-1.0085171492841596
1623,M042318_117_2,6DC,Negative,high,-0.0004844114207184226,-0.6737799968651051
1625,M042318_118_1,6DC,Negative,low,0.00012633159764722696,-0.800448014742591
1625,M042318_118_1,6DC,Negative,mid,-0.0005359068068421246,-1.4567437658889124
1625,M042318_118_1,6DC,Negative,high,-0.0008927905168141421,-1.1972745781928649
1627,M042318_119_5,6DC,Negative,low,-0.0001896557219951453,-0.08383643097661052
1627,M042318_119_5,6DC,Negative,mid,-0.0014258331992810162,-0.5435774374424717
1627,M042318_119_5,6DC,Negative,high,-0.0019011518487805311,-0.19943016813215667
1628,M042318_128_1,6DC,Positive,low,0.003639112892979134,1.9775238091501093
1628,M042318_128_1,6DC,Positive,mid,0.005717929985896594,1.7351440758740346
1628,M042318_128_1,6DC,Positive,high,0.0008820904465936651,0.8282550326401302
1635,M042318_139_3,6DC,Negative,low,-0.0012959946364800435,-0.7182514118573035
1635,M042318_139_3,6DC,Negative,mid,-0.003915304721630153,0.9036947206482477
1635,M042318_139_3,6DC,Negative,high,-0.0005091842314368108,-0.21314106484934744
1638,M042318_144_4,6DC,Negative,low,-0.000927927591866747,-0.6703393873874836
1638,M042318_144_4,6DC,Negative,mid,-0.0037994339829471664,-0.04398155722537771
1638,M042318_144_4,6DC,Negative,high,-0.0010739197081444107,-0.20715530943658894
1645,M042418_006_4,11ml,Positive,low,0.002849345328663504,0.5350314527564061
1645,M042418_006_4,11ml,Positive,mid,1.55111605325478e-05,-0.1628989493393009
1645,M042418_006_4,11ml,Positive,high,0.0020797587597208072,0.7819178294322257
1675,M042418_091_1,45,Positive,low,-0.0029600235069869754,0.795641792947411
1675,M042418_091_1,45,Positive,mid,0.0015908821600195732,1.4442143798767033
1675,M042418_091_1,45,Positive,high,0.00046969306895584237,0.9672058280216477
1694,M042418_135_1,6DR,Positive,low,0.0036363779684323427,-0.4657726301428104
1694,M042418_135_1,6DR,Positive,mid,-0.001451626748437405,0.07950024387122019
1694,M042418_135_1,6DR,Positive,high,0.0005815855692497254,0.1728674438234342
1696,M042418_136_1,6DR,Negative,low,-4.3419643784198645e-05,-0.5470418263809406
1696,M042418_136_1,6DR,Negative,mid,-0.002227227414055759,0.06424043295802719
1696,M042418_136_1,6DR,Negative,high,-0.00168488428169511,0.15046915376385342
1697,M042418_136_3,6DR,Positive,low,0.0004954505088621549,0.6872460050771816
1697,M042418_136_3,6DR,Positive,mid,0.0009102646092023903,0.8728082645583998
1697,M042418_136_3,6DR,Positive,high,0.001243853111251964,0.5525211628252166
1700,M042418_139_6,6DC,Negative,low,-0.006192461510323264,0.11146603680886762
1700,M042418_139_6,6DC,Negative,mid,-0.0005830104370684876,0.647375784333975
1700,M042418_139_6,6DC,Negative,high,-0.001519960293428846,0.5820834881900353
1710,M042418_155_4,24c,Positive,low,0.003619041404313652,0.868431599813044
1710,M042418_155_4,24c,Positive,mid,0.0011130098926520541,0.29092314649466655
1710,M042418_155_4,24c,Positive,high,0.0016816333805237883,-0.1475710094317146
1718,M042518_010_3,12r,Negative,low,-0.0002832340512904169,-0.9529793025947451
1718,M042518_010_3,12r,Negative,mid,-0.00032989003577518826,-0.6389250026182108
1718,M042518_010_3,12r,Negative,high,-0.000914146838952341,-0.38270986649374744
1727,M042518_028_3,12o,Positive,low,0.0024867960245409434,-0.042138633317083195
1727,M042518_028_3,12o,Positive,mid,-0.0003595637363423279,0.9031268340812845
1727,M042518_028_3,12o,Positive,high,0.0031509681672274143,1.024700574916803
1739,M042518_055_3,46v,Negative,low,-0.005198122624401792,1.9590601800102585
1739,M042518_055_3,46v,Negative,mid,-0.0027073910363119708,0.2428922961479961
1739,M042518_055_3,46v,Negative,high,-0.003300712575117751,-0.034765797973643
1752,M042518_091_1,45,Positive,low,0.002181575948445625,0.38918265116985223
1752,M042518_091_1,45,Positive,mid,-0.0014177820578161113,0.7809778265937847
1752,M042518_091_1,45,Positive,high,2.1877069399354357e-05,0.9292827323451018
1763,M042518_113_4,6DR,Negative,low,-0.003049357717250828,0.2981805703951396
1763,M042518_113_4,6DR,Negative,mid,-0.0016382925410763666,-0.11685063746973202
1763,M042518_113_4,6DR,Negative,high,-0.0011089804027907039,0.7217737561751919
1768,M042518_128_4,6DC,Negative,low,-0.0028255433235883686,0.215853294211993
1768,M042518_128_4,6DC,Negative,mid,-0.0015421210303951636,-0.09319153247081896
1768,M042518_128_4,6DC,Negative,high,-0.0008833530097996382,-0.6238941371986354
1773,M042518_136_1,6DR,Negative,low,-0.0027950892363810998,-0.18445805250667036
1773,M042518_136_1,6DR,Negative,mid,-0.004514875166521069,-0.18745199724808706
1773,M042518_136_1,6DR,Negative,high,-0.0009567409344721994,-0.3711423707162084
1774,M042518_136_6,6DR,Negative,low,-0.00033494221448145497,-0.3261858924089028
1774,M042518_136_6,6DR,Negative,mid,-0.0013055821842170804,0.11883544524861948
1774,M042518_136_6,6DR,Negative,high,-0.00022442247063942443,-0.40811248654236215
1780,M042518_144_3,6DC,Negative,low,-0.0031148218273972885,0.5991644917951646
1780,M042518_144_3,6DC,Negative,mid,-0.005962169325832941,0.9255287044072608
1780,M042518_144_3,6DC,Negative,high,-0.003511206266551078,0.4499907327743058
1787,M042518_155_1,24c,Negative,low,0.00029484897820405796,0.34407548972261376
1787,M042518_155_1,24c,Negative,mid,0.0003511881127973852,-0.622094361362173
1787,M042518_155_1,24c,Negative,high,-0.0023973747976138433,0.443554252720424
1789,M042618_006_1,11ml,Positive,low,0.0009994256180578445,0.9400845653998872
1789,M042618_006_1,11ml,Positive,mid,0.0024288241945959236,0.49480909083856767
1789,M042618_006_1,11ml,Positive,high,0.0008453241317580576,0.5177701007250926
1793,M042618_012_3,12r,Positive,low,-0.002409160169755636,-0.7814282995157452
1793,M042618_012_3,12r,Positive,mid,0.003215634387728682,-0.255050734829889
1793,M042618_012_3,12r,Positive,high,0.0023031213386184722,0.22303095874771747
1806,M042618_039_3,46v,Positive,low,0.001038551770926647,-0.8740947381430577
1806,M042618_039_3,46v,Positive,mid,0.0007533452720528486,-0.10358006021390652
1806,M042618_039_3,46v,Positive,high,0.0017570902613053838,-0.1476399741069703
1808,M042618_045_3,46v,Negative,low,-0.0021844797568584245,0.6209147345528825
1808,M042618_045_3,46v,Negative,mid,0.0016197024833929732,-0.1599854482078271
1808,M042618_045_3,46v,Negative,high,-0.001037444004925202,-0.18899062971976552
1810,M042618_055_3,46v,Negative,low,-0.004194031559222187,1.8002419329423476
1810,M042618_055_3,46v,Negative,mid,-0.0007550825300693225,0.507194369846855
1810,M042618_055_3,46v,Negative,high,-0.002863404443620917,0.4061839192557132
1815,M042618_072_2,46d,Positive,low,0.0007966619998416969,-0.6313884485320819
1815,M042618_072_2,46d,Positive,mid,0.0009940295106366625,0.08364376215481245
1815,M042618_072_2,46d,Positive,high,0.00033105113031541087,-0.32501764966487984
1817,M042618_077_5,45,Positive,low,0.002161228134778819,-0.20545124372904391
1817,M042618_077_5,45,Positive,mid,0.0016870304879264804,0.8119350250565545
1817,M042618_077_5,45,Positive,high,0.0007414557094996125,0.26401276587386197
1819,M042618_080_3,46d,Negative,low,-0.0013046729385987686,0.2844257331739944
1819,M042618_080_3,46d,Negative,mid,-0.0018281814873733193,0.13906668693734917
1819,M042618_080_3,46d,Negative,high,-0.001320966990371223,-0.5906542124421942
1833,M042618_117_3,6DC,Negative,low,0.0008759279649455644,0.03042507968223522
1833,M042618_117_3,6DC,Negative,mid,-0.0012359223411254974,-0.011101495903434724
1833,M042618_117_3,6DC,Negative,high,-0.0013409776074713444,0.07160771662125692
1841,M042618_136_4,6DR,Negative,low,-0.0021005878126258543,0.5657869384944836
1841,M042618_136_4,6DR,Negative,mid,-0.0006190268791378481,-0.6582463186733214
1841,M042618_136_4,6DR,Negative,high,-0.0019771496514431083,-0.20428676720581346
1858,M042718_006_3,11ml,Positive,low,0.0040106234636665735,-0.1340248937162256
1858,M042718_006_3,11ml,Positive,mid,-0.0007084675588835076,0.6830017601671363
1858,M042718_006_3,11ml,Positive,high,0.0008892980600143436,0.7762136295338637
1872,M042718_036_7,45,Positive,low,0.000920249234692577,-1.0520040663129677
1872,M042718_036_7,45,Positive,mid,0.0005443855400590903,-0.8189923977494835
1872,M042718_036_7,45,Positive,high,-0.000699610128636651,0.7097573654970988
1882,M042718_072_2,46d,Positive,low,0.000350999719284032,0.04097550089615157
1882,M042718_072_2,46d,Positive,mid,0.0076719144521130945,0.9577971178226284
1882,M042718_072_2,46d,Positive,high,0.0007200287353985279,-0.308797597151386
1886,M042718_091_4,44,Positive,low,0.0006103051892751668,2.010009804824228
1886,M042718_091_4,44,Positive,mid,0.0026200988007085133,1.3745556601126385
1886,M042718_091_4,44,Positive,high,0.0012612916014504766,0.07541677305907221
1891,M042718_105_3,6DR,Negative,low,-0.0002060615386255805,0.0010258834402289197
1891,M042718_105_3,6DR,Negative,mid,-0.0052620482415613665,0.6038903910432324
1891,M042718_105_3,6DR,Negative,high,-0.006236524671417514,0.6774940611895316
1894,M042718_113_5,6DR,Negative,low,0.00023321620912120883,-0.38954683639474846
1894,M042718_113_5,6DR,Negative,mid,0.001002247698920792,0.3571132376461527
1894,M042718_113_5,6DR,Negative,high,-0.0011277893408009306,-0.40307413967364636
1895,M042718_115_3,6DC,Negative,low,-0.004953310363946428,0.08799379824458493
1895,M042718_115_3,6DC,Negative,mid,-0.0006419413895831783,-0.4592683952078595
1895,M042718_115_3,6DC,Negative,high,-0.0002481684581949972,-0.6131693170887856
1896,M042718_115_4,6DC,Negative,low,0.0007945196095746204,-0.396001178498524
1896,M042718_115_4,6DC,Negative,mid,-0.0032232637697696973,-0.7120852466306948
1896,M042718_115_4,6DC,Negative,high,-0.0008850190420704523,-0.8655096275387906
1902,M042718_135_3,6DR,Negative,low,8.363372955200386e-19,-0.7408104538917542
1902,M042718_135_3,6DR,Negative,mid,-0.0005756197865173087,-0.6302819722603245
1902,M042718_135_3,6DR,Negative,high,-0.00041488432577546305,-0.07633870482531348
1909,M042718_147_3,6DC,Negative,low,0.003255022358456724,0.002266475444228796
1909,M042718_147_3,6DC,Negative,mid,-0.001957686323309588,0.4628578181465322
1909,M042718_147_3,6DC,Negative,high,-0.0005873432329166803,-0.3785812338820338
1922,M050118_011_3,46v,Positive,low,0.005785529838672908,1.4485877962463758
1922,M050118_011_3,46v,Positive,mid,0.004304153909193147,1.4128957034713168
1922,M050118_011_3,46v,Positive,high,0.002289243574511622,0.10011542848111464
1923,M050118_011_4,46v,Positive,low,0.0028122461236286876,1.110162154604658
1923,M050118_011_4,46v,Positive,mid,0.0027314186541307337,0.27472408103234386
1923,M050118_011_4,46v,Positive,high,0.002928115192047963,-0.04976713320656064
1928,M050118_018_3,12l,Positive,low,0.0014267124941612947,-0.8471457450023036
1928,M050118_018_3,12l,Positive,mid,0.0008727642886581607,-0.22743447274186598
1928,M050118_018_3,12l,Positive,high,3.7440629628980464e-05,1.1159305222419256
1954,M050118_088_1,24c,Positive,low,0.00018142965869650293,0.23156779692523777
1954,M050118_088_1,24c,Positive,mid,0.001661463331212307,1.1479139984748055
1954,M050118_088_1,24c,Positive,high,0.00351537336711945,1.2416107944401134
1955,M050118_092_2,46v,Positive,low,-0.00197925629859262,-0.2678709482083007
1955,M050118_092_2,46v,Positive,mid,0.0008123004816397587,-0.421545106981929
1955,M050118_092_2,46v,Positive,high,0.001104539525379249,-0.12632436479345746
1967,M050118_125_1,6DR,Positive,low,0.0009366250625390877,-0.47392442364271997
1967,M050118_125_1,6DR,Positive,mid,0.0018459826576880478,-0.7775468190317624
1967,M050118_125_1,6DR,Positive,high,0.001568166262018033,-0.46369820922091504
1970,M050118_136_2,6DR,Positive,low,0.000419261157300142,2.113663441676665
1970,M050118_136_2,6DR,Positive,mid,0.0007930921855693519,-0.4771207079133282
1970,M050118_136_2,6DR,Positive,high,0.001418605307723511,-0.47620754956500994
1971,M050118_136_3,6DR,Positive,low,0.0033541565517554955,0.2701287961343362
1971,M050118_136_3,6DR,Positive,mid,0.0028898616882271216,0.48518527239970183
1971,M050118_136_3,6DR,Positive,high,0.0035186504848515733,0.4892928432808808
1988,M050218_011_3,46v,Positive,low,0.004044021768308509,0.2893890505114232
1988,M050218_011_3,46v,Positive,mid,0.0046401105953245885,0.6698579139195494
1988,M050218_011_3,46v,Positive,high,0.0020858702011164617,0.6157692533169258
2001,M050218_036_3,45,Positive,low,0.00024772698780092697,-1.3743609727519919
2001,M050218_036_3,45,Positive,mid,0.0009668505690054212,-1.21169432705135
2001,M050218_036_3,45,Positive,high,0.00023740923266265507,0.3822623235553181
2010,M050218_055_2,45,Negative,low,-0.0038483003364566904,0.556592060863575
2010,M050218_055_2,45,Negative,mid,-0.004859509275450098,0.6794011228618688
2010,M050218_055_2,45,Negative,high,-0.004237487032175846,0.2990315946759641
2018,M050218_080_2,46d,Negative,low,-0.00547968086860765,-0.5894039318123568
2018,M050218_080_2,46d,Negative,mid,-0.0007076801037571054,-1.2789149673131857
2018,M050218_080_2,46d,Negative,high,-0.0010859444721717812,-1.1853253188327624
2020,M050218_088_3,24c,Positive,low,0.0036850188071429445,0.1502369571099067
2020,M050218_088_3,24c,Positive,mid,0.002820150441223338,-0.04739555197546318
2020,M050218_088_3,24c,Positive,high,0.003347933530152481,0.12399072414372557
2045,M050218_147_7,6DC,Negative,low,-0.0030726953538068413,0.29040161236197054
2045,M050218_147_7,6DC,Negative,mid,-0.0022656642919350375,-0.27234909022775106
2045,M050218_147_7,6DC,Negative,high,-0.001243783777977949,-0.7116959437211904
2049,M050218_152_3,6DC,Positive,low,0.00336230071649201,-0.6980484681904777
2049,M050218_152_3,6DC,Positive,mid,0.0019530642075543314,0.21791973622215946
2049,M050218_152_3,6DC,Positive,high,0.0029308485872914167,0.7014159532647406
2056,M050318_011_3,46v,Positive,low,0.003737559182247884,0.8933588609958654
2056,M050318_011_3,46v,Positive,mid,0.003167891274394484,0.28090500645494454
2056,M050318_011_3,46v,Positive,high,0.002783670516514513,0.03596055429404022
2064,M050318_018_5,12l,Positive,low,-0.0019395904622285989,0.903531401166336
2064,M050318_018_5,12l,Positive,mid,0.0021801638105857835,0.44008456964501497
2064,M050318_018_5,12l,Positive,high,0.0016433124853213361,0.7514679177529403
2078,M050318_055_3,45,Negative,low,-0.0036126368492862327,0.30992168184376
2078,M050318_055_3,45,Negative,mid,-0.004270358518119573,0.980140549391849
2078,M050318_055_3,45,Negative,high,-0.0021735931113475997,0.7002173997368818
2093,M050318_117_2,6DC,Positive,low,0.0028360808027972865,0.1644064360274972
2093,M050318_117_2,6DC,Positive,mid,0.00044354039156931427,0.5698423153324093
2093,M050318_117_2,6DC,Positive,high,0.0012008439984717517,0.434948732978827
2103,M050318_153_3,6DC,Negative,low,-0.004397132600577954,0.46005207488930067
2103,M050318_153_3,6DC,Negative,mid,-0.0015612176312798467,-0.4870452361116294
2103,M050318_153_3,6DC,Negative,high,-0.0012070737957875167,-0.5539895699432309
2135,M050418_055_3,45,Negative,low,-0.0036055285661990414,0.2647490269078729
2135,M050418_055_3,45,Negative,mid,-0.0023626537747347873,0.7070271623353419
2135,M050418_055_3,45,Negative,high,-0.002756372587541454,0.5933775128717279
2140,M050418_080_1,46d,Negative,low,0.0011604335066433052,-1.1168305040337145
2140,M050418_080_1,46d,Negative,mid,-0.002404484053232036,-1.0139952732851347
2140,M050418_080_1,46d,Negative,high,-0.0015212346903858746,-0.9553775455610526
2142,M050418_091_4,44,Negative,low,-0.0003668073215144383,-0.92039901880972
2142,M050418_091_4,44,Negative,mid,-0.0009788597204063918,-0.6535429370135515
2142,M050418_091_4,44,Negative,high,-0.0009481317695721617,-0.578748520271552
2146,M050418_109_2,8B,Negative,low,-0.0028607235376548125,-0.12456021142407582
2146,M050418_109_2,8B,Negative,mid,-0.003099560657251501,0.7339197651541302
2146,M050418_109_2,8B,Negative,high,-0.0017574643206295024,0.5809679256072043
2156,M050418_147_1,6DC,Positive,low,0.001766715223122673,0.4151256571785053
2156,M050418_147_1,6DC,Positive,mid,0.00032704736712828916,0.14741862823804314
2156,M050418_147_1,6DC,Positive,high,0.001075919635366013,0.47203284724187045
2182,M050718_090_2,45,Negative,low,-0.0012544270868574902,0.8426637738794336
2182,M050718_090_2,45,Negative,mid,-0.0026512975330667435,0.1505586946687813
2182,M050718_090_2,45,Negative,high,-0.0020895823404277563,-0.017357194931796455
2186,M050718_101_3,46v,Positive,low,0.0034653841380416816,1.1313758305701647
2186,M050718_101_3,46v,Positive,mid,0.0034018391294408858,1.1367835954400964
2186,M050718_101_3,46v,Positive,high,0.003674602786672675,1.3068137298952491
2187,M050718_106_1,6DR,Positive,low,0.0010364763290045054,-0.5934322429526467
2187,M050718_106_1,6DR,Positive,mid,0.0004738768416128715,-0.7389311485004901
2187,M050718_106_1,6DR,Positive,high,0.00022192453189611686,-0.784464156369798
2190,M050718_109_4,8B,Negative,low,-0.00029280833050432284,-1.248320090592205
2190,M050718_109_4,8B,Negative,mid,-0.0019502981391269396,0.21499448779121214
2190,M050718_109_4,8B,Negative,high,-0.0021263581318827387,0.4636833281640637
2191,M050718_113_3,6DR,Negative,low,-0.003091385379905258,-0.48909858356484875
2191,M050718_113_3,6DR,Negative,mid,-0.0016715790840650165,-0.6371440445034209
2191,M050718_113_3,6DR,Negative,high,-0.0007473552141559402,-0.6535964686045432
2218,M050818_036_2,45,Negative,low,-0.0008268071765189959,-0.995946357035994
2218,M050818_036_2,45,Negative,mid,-0.0010106149929998995,-0.272429973918046
2218,M050818_036_2,45,Negative,high,-0.001239521403361517,-0.4096549556802915
2230,M050818_091_2,44,Negative,low,-0.004208736870469785,0.3435392224907057
2230,M050818_091_2,44,Negative,mid,-0.003176622973008221,0.9638508799967794
2230,M050818_091_2,44,Negative,high,-0.003147955753986651,0.4523130543350873
2232,M050818_104_3,6VaVb,Negative,low,-0.0008067760714279298,-0.9905335580846434
2232,M050818_104_3,6VaVb,Negative,mid,-0.003302939648049716,-0.13609155197364528
2232,M050818_104_3,6VaVb,Negative,high,-0.0027349322286846127,-0.31918047892075796
2240,M050818_119_7,pu,Negative,low,-0.002753446380854906,-0.7060208008151979
2240,M050818_119_7,pu,Negative,mid,-0.00290919018744471,-0.48963485310545085
2240,M050818_119_7,pu,Negative,high,-0.0026083208949621143,-0.6836689482388314
2241,M050818_125_3,24c,Positive,low,0.0027320471735124913,0.3961035922619463
2241,M050818_125_3,24c,Positive,mid,0.003396465253075396,-0.506297976555715
2241,M050818_125_3,24c,Positive,high,0.0032432554202037386,-0.060783690709416166
2251,M050918_006_6,11ml,Negative,low,-0.003811282771434343,-1.0218299216406417
2251,M050918_006_6,11ml,Negative,mid,-0.002451634782374401,-0.7596341136036387
2251,M050918_006_6,11ml,Negative,high,-0.002475313866705535,-0.5697343536813785
2253,M050918_008_2,46d,Positive,low,0.0007413573909678728,0.4376165547009911
2253,M050918_008_2,46d,Positive,mid,0.0047685578898804945,0.8692028620892426
2253,M050918_008_2,46d,Positive,high,0.0019547584582346937,0.4795167369648122
2257,M050918_013_3,11ml,Positive,low,0.003136502984363967,0.12969579634112546
2257,M050918_013_3,11ml,Positive,mid,0.002222081877974848,1.1373308529572161
2257,M050918_013_3,11ml,Positive,high,0.0023645579506213926,1.0517271124880248
2258,M050918_017_3,12l,Positive,low,0.0052942190030309194,0.4269628438450855
2258,M050918_017_3,12l,Positive,mid,0.002500361413181344,0.4601401090488233
2258,M050918_017_3,12l,Positive,high,0.0004672705100334975,-0.745716792672327
2267,M050918_036_2,45,Negative,low,-0.0018229527868727391,-0.37134610628999754
2267,M050918_036_2,45,Negative,mid,-0.001614507566377702,-0.9030943926975453
2267,M050918_036_2,45,Negative,high,-0.0013013709124959348,-0.6165606285539919
2279,M050918_104_1,6VaVb,Negative,low,-0.003517877621548667,0.04295469906232235
2279,M050918_104_1,6VaVb,Negative,mid,-0.002406975112851661,-0.31899177155514774
2279,M050918_104_1,6VaVb,Negative,high,-0.002965144269585123,-0.15066282806093625
2306,M051018_013_3,11ml,Positive,low,0.0010020823101198131,1.4549628216990218
2306,M051018_013_3,11ml,Positive,mid,0.0025764421989971907,0.9116128098839288
2306,M051018_013_3,11ml,Positive,high,0.001744042141167444,0.8894659648223249
2328,M051018_104_2,6VaVb,Negative,low,-0.0016895099746338691,-0.351440460478481
2328,M051018_104_2,6VaVb,Negative,mid,-0.0029455375155287254,-0.2632817768651803
2328,M051018_104_2,6VaVb,Negative,high,-0.002726028925606605,-0.3237574831733694
2332,M051018_113_3,6DR,Negative,low,0.002758264481070679,-0.6263279793241655
2332,M051018_113_3,6DR,Negative,mid,0.0012864013108325502,-0.7748277781805498
2332,M051018_113_3,6DR,Negative,high,-0.0009238440346737866,-0.8239306050310913
2358,M051118_011_1,46v,Positive,low,0.0031317114067647787,1.269951998647039
2358,M051118_011_1,46v,Positive,mid,0.0021768563902381786,0.5786980911084031
2358,M051118_011_1,46v,Positive,high,0.001780180163404861,0.8250491005955838
2359,M051118_013_3,11ml,Positive,low,0.0035635377041664264,2.253882190352073
2359,M051118_013_3,11ml,Positive,mid,0.00233380713031896,0.991260485968455
2359,M051118_013_3,11ml,Positive,high,0.0015376102581902181,0.6924551109258029
2365,M051118_018_6,12l,Positive,low,-0.002978943782374247,1.5351372332710806
2365,M051118_018_6,12l,Positive,mid,-0.0006384311560815589,0.3553483621411013
2365,M051118_018_6,12l,Positive,high,0.0018829630633366474,1.1116066912248013
2374,M051118_066_3,45,Positive,low,0.003914962103498554,0.6044786323160987
2374,M051118_066_3,45,Positive,mid,0.0006925213471542865,-0.5625243110588237
2374,M051118_066_3,45,Positive,high,0.0024373980065251115,-0.0997368853288674
2385,M051118_104_1,6VaVb,Negative,low,-0.0002582811108397971,-1.343271185177535
2385,M051118_104_1,6VaVb,Negative,mid,-0.001680708134630391,-1.3382252383351128
2385,M051118_104_1,6VaVb,Negative,high,-0.0032064733179505995,-1.1842096388687111
2388,M051118_116_3,6DC,Positive,low,-0.0013423749653854002,0.5851519972476458
2388,M051118_116_3,6DC,Positive,mid,0.0028893964851232244,1.537553196044611
2388,M051118_116_3,6DC,Positive,high,0.0021404535739703474,1.1157455302204646
2389,M051118_117_2,6DC,Negative,low,5.1044226637762534e-05,-1.0772791469032674
2389,M051118_117_2,6DC,Negative,mid,-0.002494209569239603,-0.644443982414833
2389,M051118_117_2,6DC,Negative,high,-0.0016603939714290351,-0.31329783123178706
2413,M051418_013_2,11ml,Positive,low,0.0006278889174129245,1.3770858256670084
2413,M051418_013_2,11ml,Positive,mid,0.0020250776971994598,0.8141357453412899
2413,M051418_013_2,11ml,Positive,high,0.001960759039209873,1.03650799790357
2421,M051418_036_2,45,Positive,low,0.0038549169327441383,-0.13338086884329328
2421,M051418_036_2,45,Positive,mid,0.0047675184192952445,0.29584522104034505
2421,M051418_036_2,45,Positive,high,0.005646358309205562,0.9259400704781449
2432,M051418_078_1,45,Positive,low,0.00047415146385462346,-0.0571708365896726
2432,M051418_078_1,45,Positive,mid,0.0011301952039507056,0.10993726416982008
2432,M051418_078_1,45,Positive,high,0.00032694941674252795,0.08501746429121912
2443,M051418_116_3,6DC,Negative,low,-0.00390686546204291,0.39918105325471
2443,M051418_116_3,6DC,Negative,mid,-0.0012351038715906321,-0.21249421905418595
2443,M051418_116_3,6DC,Negative,high,-0.0013442450150806572,-0.2708398544455909
2447,M051418_123_2,cd,Positive,low,0.00526190858642791,0.7718536769258425
2447,M051418_123_2,cd,Positive,mid,0.0015403959679094695,0.8393475468146123
2447,M051418_123_2,cd,Positive,high,0.0017828599827689853,0.8464034814189983
2451,M051418_136_4,24c,Negative,low,-0.0016833440406303537,-0.47969772847688535
2451,M051418_136_4,24c,Negative,mid,-0.0034585399751750727,-0.2529100822897887
2451,M051418_136_4,24c,Negative,high,-0.001965365104761383,-0.25074079410136585
2453,M051418_144_2,6DC,Negative,low,-0.00098203698752003,-0.7607819107818277
2453,M051418_144_2,6DC,Negative,mid,-0.0023979780442489962,-0.5117468051480659
2453,M051418_144_2,6DC,Negative,high,-0.001867476369294118,0.019694017678419416
2461,M051518_004_3,11ml,Positive,low,9.112105504407406e-05,-0.17719726024033616
2461,M051518_004_3,11ml,Positive,mid,0.002968791403058543,1.847219745946208
2461,M051518_004_3,11ml,Positive,high,0.0016213991869835078,0.4102635901861401
2467,M051518_013_4,11ml,Positive,low,0.001365757288364864,0.1185253499007587
2467,M051518_013_4,11ml,Positive,mid,0.00236303462984673,-0.1172610888456749
2467,M051518_013_4,11ml,Positive,high,0.0020809184352612656,1.106540549317136
2473,M051518_033_5,11ml,Negative,low,0.0017214628185873689,0.10417671572764137
2473,M051518_033_5,11ml,Negative,mid,-0.003499201971387496,-0.014190917918319114
2473,M051518_033_5,11ml,Negative,high,-0.0010849025727915236,-0.6285647743190956
2481,M051518_066_3,45,Positive,low,0.0006599440636304171,-1.0305895900211224
2481,M051518_066_3,45,Positive,mid,-7.175921695639457e-05,-0.019414347127560735
2481,M051518_066_3,45,Positive,high,0.002174584562677558,0.12690121619636735
2488,M051518_091_4,44,Negative,low,-0.0015484285099684263,-0.7187906155357302
2488,M051518_091_4,44,Negative,mid,-0.003076123314634314,-0.4744808596300082
2488,M051518_091_4,44,Negative,high,-0.0020940279149071817,-0.615908487705059
2489,M051518_097_5,8B,Positive,low,0.0019361335708619996,-0.30070669169401354
2489,M051518_097_5,8B,Positive,mid,0.0017996171018318228,0.010002853138683775
2489,M051518_097_5,8B,Positive,high,0.0006200795595962112,-0.41220406973935947
2490,M051518_100_4,6DR,Negative,low,-0.0008059495117602456,-0.5176103635431157
2490,M051518_100_4,6DR,Negative,mid,-0.00017685333218821032,-0.6678585525409949
2490,M051518_100_4,6DR,Negative,high,-0.000883733380477322,-0.508786762365684
2492,M051518_104_2,6VaVb,Negative,low,-0.0006198184630522761,-0.9653877444354547
2492,M051518_104_2,6VaVb,Negative,mid,0.0003575778943614685,-0.8112693632303577
2492,M051518_104_2,6VaVb,Negative,high,-0.00018327179853907266,-0.9239976255350224
2497,M051518_113_5,6DR,Negative,low,0.002133569420212665,-0.22327865857302448
2497,M051518_113_5,6DR,Negative,mid,-0.003123979889903853,-0.12126516861943358
2497,M051518_113_5,6DR,Negative,high,-0.002699940798290329,-0.08695954921037058
2499,M051518_116_2,6DC,Positive,low,0.004745448265180443,1.5972212555999565
2499,M051518_116_2,6DC,Positive,mid,0.0006969601469612757,1.857416783712073
2499,M051518_116_2,6DC,Positive,high,2.926969917850228e-05,1.2129769099135566
2514,M051518_144_3,6DC,Negative,low,-0.006023749159603866,-0.06452090932232965
2514,M051518_144_3,6DC,Negative,mid,-0.0032031784781250635,0.36972272142724516
2514,M051518_144_3,6DC,Negative,high,-0.0016101835054470894,-0.4462365081828508
2529,M051618_013_2,11ml,Positive,low,0.0020172625810392216,-0.10932856575801299
2529,M051618_013_2,11ml,Positive,mid,0.0013328062484066236,-0.19738601951452342
2529,M051618_013_2,11ml,Positive,high,0.0026827840398176003,1.0932949283059543
2549,M051618_078_3,45,Negative,low,0.00017383804422659268,-0.912270418171478
2549,M051618_078_3,45,Negative,mid,-0.002265417314021258,-0.1765071695574409
2549,M051618_078_3,45,Negative,high,-0.001629331515732077,-0.4332121219091813
2551,M051618_079_1,45,Positive,low,-0.001451265771290506,1.117263855375799
2551,M051618_079_1,45,Positive,mid,0.0011843224216214875,0.6903222417373662
2551,M051618_079_1,45,Positive,high,0.0033014391927523737,0.08551760094345683
2575,M051618_136_1,24c,Negative,low,-0.0038660244719469694,-0.8576026598508578
2575,M051618_136_1,24c,Negative,mid,-0.0003465471688110765,-0.750082317126075
2575,M051618_136_1,24c,Negative,high,-0.0008176271380004354,-0.6694917044231975
2577,M051618_144_3,6DC,Negative,low,-0.002040174500393194,-0.4597157190850984
2577,M051618_144_3,6DC,Negative,mid,-0.0025344752618185816,0.2867267956259552
2577,M051618_144_3,6DC,Negative,high,-0.0023639755858483017,0.25487169601447796
2590,M051718_005_2,11ml,Positive,low,0.00016279675181645693,-0.16993462993647432
2590,M051718_005_2,11ml,Positive,mid,0.0016526867655315526,0.2775090397137528
2590,M051718_005_2,11ml,Positive,high,0.0017547650534741528,0.4044106980497498
2597,M051718_013_2,11ml,Positive,low,0.0032941976625945582,1.5976676775275043
2597,M051718_013_2,11ml,Positive,mid,0.002065298312873323,0.9347974980085741
2597,M051718_013_2,11ml,Positive,high,0.0025585109919419825,0.947910359566303
2602,M051718_018_3,12l,Positive,low,-0.0036096434632262382,0.6031247141334025
2602,M051718_018_3,12l,Positive,mid,-0.0013537391196802953,1.3460639469238764
2602,M051718_018_3,12l,Positive,high,0.0018469651422844781,2.385297067351825
2603,M051718_036_2,45,Positive,low,0.002101991473961211,0.10432075048796252
2603,M051718_036_2,45,Positive,mid,0.0025607120674850715,0.8280986978419856
2603,M051718_036_2,45,Positive,high,0.004130641547230789,1.402039832449495
2605,M051718_045_3,45,Negative,low,-0.0011397970944545652,-0.9584696935164353
2605,M051718_045_3,45,Negative,mid,-0.00403772651276972,-1.1719354580361054
2605,M051718_045_3,45,Negative,high,-0.00042175844685126584,-0.6477341172835493
2643,M051718_147_3,6DC,Negative,low,-0.0018420431930577046,-1.0668721892770237
2643,M051718_147_3,6DC,Negative,mid,0.0006362724400047182,-1.1950591200600051
2643,M051718_147_3,6DC,Negative,high,-0.0009477975967429218,-1.2223384318851591
2655,M051818_007_4,46v,Negative,low,-0.0015998807620217616,-0.8260110016422542
2655,M051818_007_4,46v,Negative,mid,-0.0016895103805296494,-0.7841867003186966
2655,M051818_007_4,46v,Negative,high,-0.0004890063457557248,-0.7572458237657531
2662,M051818_013_6,11ml,Positive,low,0.0010799227898491198,-0.7944046330828833
2662,M051818_013_6,11ml,Positive,mid,0.0026792322054547957,-0.0014929233130811998
2662,M051818_013_6,11ml,Positive,high,0.0026278995711828054,1.5003223224309041
2666,M051818_036_3,45,Positive,low,-0.0008069092542786936,1.2438282572885917
2666,M051818_036_3,45,Positive,mid,0.0037306380155132956,1.4473396904461284
2666,M051818_036_3,45,Positive,high,0.002548184179779838,1.490398307013234
2668,M051818_045_4,45,Negative,low,-0.0021291612174728024,-0.8495230231055999
2668,M051818_045_4,45,Negative,mid,-0.002258340289540759,-0.5421914266535803
2668,M051818_045_4,45,Negative,high,-0.0023517497737124554,-0.47466184081395035
2691,M051818_116_3,6DC,Negative,low,-0.002804004527583731,-0.24377393444105921
2691,M051818_116_3,6DC,Negative,mid,-0.004169920126863222,0.49060455081556703
2691,M051818_116_3,6DC,Negative,high,-0.0027712777622643653,0.49570569112786894
2704,M051818_152_2,6DC,Negative,low,0.0020072469834199326,-0.1778301052786348
2704,M051818_152_2,6DC,Negative,mid,-0.0025350779724020635,0.4697047811192781
2704,M051818_152_2,6DC,Negative,high,-0.0013821119421140568,0.0564514755081256
2707,M051818_157_3,24c,Negative,low,0.00020409215800296372,-0.43674227296717205
2707,M051818_157_3,24c,Negative,mid,-0.001360738165933388,-1.6182152561459089
2707,M051818_157_3,24c,Negative,high,-0.000552522401470424,-1.3813879901478177
2710,M052118_005_3,11ml,Negative,low,-0.0025733199621289617,0.6282622261943696
2710,M052118_005_3,11ml,Negative,mid,-0.0014640364972627448,0.7546555341009094
2710,M052118_005_3,11ml,Negative,high,-0.0009789267208886283,0.3526380848071341
2716,M052118_013_1,11ml,Positive,low,0.0037482302924082157,-0.25980251948170974
2716,M052118_013_1,11ml,Positive,mid,0.0014280007011319672,0.05832251360075868
2716,M052118_013_1,11ml,Positive,high,0.0016102601470000617,0.7773953400305883
2719,M052118_017_2,12l,Positive,low,0.002768575510293906,1.6676729771737846
2719,M052118_017_2,12l,Positive,mid,0.0014842807534622676,1.444420893656434
2719,M052118_017_2,12l,Positive,high,0.0013010596002519107,1.2234012186031373
2722,M052118_018_4,12l,Positive,low,0.004264093819041307,2.3913862478428096
2722,M052118_018_4,12l,Positive,mid,-0.0016951644688501363,0.6372705006262228
2722,M052118_018_4,12l,Positive,high,0.002705501667439092,1.2381620455700626
2730,M052118_036_1,45,Positive,low,-0.0009138418167107788,1.3497532672572652
2730,M052118_036_1,45,Positive,mid,0.0036688000391302306,1.027439696605518
2730,M052118_036_1,45,Positive,high,0.0033321510732245425,1.324656663391237
2731,M052118_036_4,45,Positive,low,-0.010986183852738376,1.1151121037821603
2731,M052118_036_4,45,Positive,mid,-0.00024289523711995136,-0.06432335944780414
2731,M052118_036_4,45,Positive,high,0.0009925432428191713,0.23699601879257434
2741,M052118_079_2,45,Negative,low,-0.003359549867137271,-0.378980856309312
2741,M052118_079_2,45,Negative,mid,-0.0015748239426081432,-0.5400273904487949
2741,M052118_079_2,45,Negative,high,-0.001059289022732535,-0.5873218415283323
2745,M052118_091_2,44,Negative,low,-0.0004291738775421207,0.3030218816704788
2745,M052118_091_2,44,Negative,mid,-0.005116230562230161,1.1187795858486198
2745,M052118_091_2,44,Negative,high,-0.003926355525124203,0.8354176078301406
2746,M052118_091_4,44,Negative,low,-0.002048778510768653,-0.7193415488694452
2746,M052118_091_4,44,Negative,mid,-0.0011485680511379118,-0.6886210547645457
2746,M052118_091_4,44,Negative,high,-0.0003826345408429546,-0.6407863859229794
2750,M052118_101_2,46v,Positive,low,0.004346862305995926,0.18357414966092728
2750,M052118_101_2,46v,Positive,mid,0.0020276417157102464,0.7621534296622137
2750,M052118_101_2,46v,Positive,high,0.0009660360959841947,0.9491619038304155
2753,M052118_106_1,6DR,Positive,low,-0.0001403592200697258,-0.4712318498176366
2753,M052118_106_1,6DR,Positive,mid,0.0007541723086493529,-0.5908325807425424
2753,M052118_106_1,6DR,Positive,high,0.0005786652430795535,-0.7262704078845692
2774,M052118_152_5,6DC,Negative,low,-0.0009099139319793288,0.640856088122071
2774,M052118_152_5,6DC,Negative,mid,-0.00109868668954653,1.001465014741832
2774,M052118_152_5,6DC,Negative,high,-0.0016697222079310923,-0.2324567714751777
2778,M052118_157_1,24c,Negative,low,-0.0010048396917942775,0.09111215977405761
2778,M052118_157_1,24c,Negative,mid,-0.00043321885119417604,-1.396603897585845
2778,M052118_157_1,24c,Negative,high,-0.0008490189674038297,-1.3636114628065048
2781,M052218_005_4,11ml,Negative,low,-0.001102598604740041,0.2467482552205359
2781,M052218_005_4,11ml,Negative,mid,-0.002223892929626425,0.5858251386412734
2781,M052218_005_4,11ml,Negative,high,-0.0016076199362445222,0.1949548346711828
2782,M052218_008_3,46d,Positive,low,-0.0008870989671418718,1.0620038464278783
2782,M052218_008_3,46d,Positive,mid,0.002553373506113332,0.04136029608119992
2782,M052218_008_3,46d,Positive,high,0.0024277612571377205,0.2535376546770984
2785,M052218_013_3,11ml,Positive,low,-0.0032872444774619774,-0.9957436907125293
2785,M052218_013_3,11ml,Positive,mid,0.0009472813622440127,0.2052393223845885
2785,M052218_013_3,11ml,Positive,high,0.0022539662117065833,1.3549571139939414
2789,M052218_018_3,12l,Positive,low,-0.0008517006388446474,0.7031436843840954
2789,M052218_018_3,12l,Positive,mid,0.0004890183755108973,0.5986777035156869
2789,M052218_018_3,12l,Positive,high,0.002852511574405268,2.3883733640296287
2793,M052218_036_1,45,Positive,low,0.002490613837986633,1.1578424997835384
2793,M052218_036_1,45,Positive,mid,0.0028452357840698835,0.8895990248923903
2793,M052218_036_1,45,Positive,high,0.00281162417763266,1.4997267255469686
2798,M052218_045_3,45,Positive,low,0.0024744885954428343,2.0476503313678673
2798,M052218_045_3,45,Positive,mid,0.002187585753533037,0.22640011830858967
2798,M052218_045_3,45,Positive,high,0.0018981690884262775,-0.06271889391382578
2808,M052218_079_1,45,Negative,low,-0.0014843401562824761,-1.4659879649129266
2808,M052218_079_1,45,Negative,mid,0.0003032514570784318,-0.15327623781709665
2808,M052218_079_1,45,Negative,high,-0.0011005314251487596,-0.38561659415361754
2812,M052218_096_3,8B,Negative,low,-0.002903334612683306,0.06286597740332814
2812,M052218_096_3,8B,Negative,mid,-0.0014799789653674321,0.5340267474346247
2812,M052218_096_3,8B,Negative,high,-0.0017290831629333389,0.1498166892507862
2830,M052218_119_2,pu,Negative,low,0.00014154961476180988,-0.8507672398042758
2830,M052218_119_2,pu,Negative,mid,-0.002032424652038591,-0.5427094748438942
2830,M052218_119_2,pu,Negative,high,-0.001473181556256388,-0.6139248586267531
2844,M052218_152_7,6DC,Negative,low,0.001503270113990441,1.2335289339356732
2844,M052218_152_7,6DC,Negative,mid,-0.0012450815556593936,0.054815946488537375
2844,M052218_152_7,6DC,Negative,high,-0.001043515745706669,-0.08382683044576769
2855,M052318_013_4,11ml,Positive,low,0.0008435403040065854,-0.725491438011411
2855,M052318_013_4,11ml,Positive,mid,0.001345811269851452,0.6013343123308059
2855,M052318_013_4,11ml,Positive,high,0.002561824485633981,1.365367860246617
2856,M052318_014_2,11ml,Negative,low,0.0005142565636854887,0.6813452893189355
2856,M052318_014_2,11ml,Negative,mid,-0.00224784325500401,-0.5383808250583944
2856,M052318_014_2,11ml,Negative,high,-0.0005795125572844366,-0.5689983338167187
2857,M052318_018_3,12l,Positive,low,0.0009091377247309379,-0.23625242144186878
2857,M052318_018_3,12l,Positive,mid,0.002027890525902459,0.963644271824949
2857,M052318_018_3,12l,Positive,high,0.004683618365687983,2.2065335748199617
2865,M052318_036_1,45,Positive,low,0.0029994341112802325,0.5385823152500658
2865,M052318_036_1,45,Positive,mid,0.003849607612091834,0.9574354219493671
2865,M052318_036_1,45,Positive,high,0.003696242848379809,1.388196198743909
2877,M052318_066_5,45,Negative,low,-2.0908432388000964e-19,-0.5637526512145996
2877,M052318_066_5,45,Negative,mid,-0.002833275685294518,0.4109645921259672
2877,M052318_066_5,45,Negative,high,-0.0013058846151911482,-0.02842334859890975
2881,M052318_079_1,45,Negative,low,-0.0022284120348622207,-1.010036580726059
2881,M052318_079_1,45,Negative,mid,0.0004988448918687343,-0.6236014845827517
2881,M052318_079_1,45,Negative,high,-0.0015443259987299805,-1.1153155540467896
2891,M052318_100_3,6DR,Negative,low,0.0012650441253633667,-0.761762999506441
2891,M052318_100_3,6DR,Negative,mid,-0.0027425312125808937,-0.14081122465400697
2891,M052318_100_3,6DR,Negative,high,-0.001997017312340581,-0.48213765094871824
2893,M052318_101_2,46v,Positive,low,0.0012358789932935983,1.7532144752199361
2893,M052318_101_2,46v,Positive,mid,0.0029007264198178465,1.4553760048652846
2893,M052318_101_2,46v,Positive,high,0.002604365852553105,1.5217883109848036
2900,M052318_113_3,6DR,Negative,low,-0.0013821989024764812,-0.40089389426438465
2900,M052318_113_3,6DR,Negative,mid,-0.002421215623174218,-0.2668432629234878
2900,M052318_113_3,6DR,Negative,high,-0.001779326724840906,0.12230607417649679
2903,M052318_113_6,6DR,Negative,low,-0.0035226963922701158,-0.21392774283761987
2903,M052318_113_6,6DR,Negative,mid,-0.0014990395529402428,-0.082430247335188
2903,M052318_113_6,6DR,Negative,high,-0.0010227567840033094,0.2673420442317695
2909,M052318_118_4,pu,Negative,low,-0.0022538209208213347,-0.6185588138627381
2909,M052318_118_4,pu,Negative,mid,-0.0022615488862570477,-0.39793365875701847
2909,M052318_118_4,pu,Negative,high,-0.00031635710230673727,-0.1642944593381655
2910,M052318_119_5,pu,Negative,low,-0.0025192812757425915,-0.6539381369948387
2910,M052318_119_5,pu,Negative,mid,-0.0018932085478722647,-0.43672636220736827
2910,M052318_119_5,pu,Negative,high,-0.0011950534540795602,-0.5371445979296963
2911,M052318_125_4,24c,Negative,low,-0.0023574258789570307,-0.5598060311176217
2911,M052318_125_4,24c,Negative,mid,-0.0005620654388764258,-0.5160103671639358
2911,M052318_125_4,24c,Negative,high,-0.00044443866095844636,-0.4593229942463847
2918,M052318_136_8,24c,Negative,low,-7.95701167656944e-07,-1.0972094494173807
2918,M052318_136_8,24c,Negative,mid,-0.0008405412596183201,-0.8447662248786
2918,M052318_136_8,24c,Negative,high,-0.0007608280195967064,-0.8640806159243211
2921,M052318_140_8,6DC,Negative,low,6.272529716400289e-19,-0.8881664276123047
2921,M052318_140_8,6DC,Negative,mid,-0.0011585769934123135,-0.3696950386299784
2921,M052318_140_8,6DC,Negative,high,-0.0014677904053348862,-0.3995345803086155
2925,M052318_147_1,6DC,Negative,low,0.0011593233986428016,-0.2360811794285946
2925,M052318_147_1,6DC,Negative,mid,-0.0012646856082497962,0.6206800981561116
2925,M052318_147_1,6DC,Negative,high,-0.0002883743929273262,0.5776155473735686
2928,M052318_152_4,6DC,Negative,low,-0.001333610656231674,-0.2106648044011396
2928,M052318_152_4,6DC,Negative,mid,-0.0030121392770492217,0.3291312714448784
2928,M052318_152_4,6DC,Negative,high,-0.0031907141575104854,-0.062282272339868244
2931,M052318_157_1,24c,Negative,low,-0.003907118649138289,-1.9834729111976162
2931,M052318_157_1,24c,Negative,mid,-0.0008542168341250573,-1.0875579356254634
2931,M052318_157_1,24c,Negative,high,-0.0013630899647790035,-1.3254215416813055
2932,M052418_003_3,12r,Positive,low,8.384701318489759e-05,-0.7779007843794756
2932,M052418_003_3,12r,Positive,mid,0.00027743879429668807,-0.023312030757193184
2932,M052418_003_3,12r,Positive,high,0.001086290674864926,-0.1123520752506876
2935,M052418_006_5,11ml,Positive,low,0.005770409359132859,2.019829098724089
2935,M052418_006_5,11ml,Positive,mid,0.0038606707554376513,0.7159730961574196
2935,M052418_006_5,11ml,Positive,high,-0.0002015784480881328,0.06572809830195395
2940,M052418_013_3,11ml,Positive,low,0.00027394926433798607,-0.4954995486529671
2940,M052418_013_3,11ml,Positive,mid,0.000793707634498117,-0.28569462940836027
2940,M052418_013_3,11ml,Positive,high,0.003012453865120535,1.138064032535188
2943,M052418_017_3,12l,Positive,low,0.004990307635296358,0.713988069476662
2943,M052418_017_3,12l,Positive,mid,0.004175767204250022,1.9424630037560042
2943,M052418_017_3,12l,Positive,high,-0.0003239107934062751,1.0818475822045681
2949,M052418_036_1,45,Positive,low,0.0025317898072094855,0.047570906873147766
2949,M052418_036_1,45,Positive,mid,0.004055512180617909,0.3268122525262753
2949,M052418_036_1,45,Positive,high,0.002808587905406773,1.4654026478281037
2965,M052418_091_5,44,Negative,low,0.003066027976803507,1.6808379884226599
2965,M052418_091_5,44,Negative,mid,-3.554475057317643e-05,1.0073328194225488
2965,M052418_091_5,44,Negative,high,-0.0020544305607379074,0.588798176441822
2967,M052418_097_3,8B,Negative,low,-0.009254674633129895,1.068937589150982
2967,M052418_097_3,8B,Negative,mid,-0.00161032421481431,-0.5519914303814447
2967,M052418_097_3,8B,Negative,high,-0.0020394952882473536,-0.6562755444046798
2974,M052418_104_3,6VaVb,Negative,low,-0.007187564776060831,1.0513627554207479
2974,M052418_104_3,6VaVb,Negative,mid,-0.004980578889537674,0.3275151969988934
2974,M052418_104_3,6VaVb,Negative,high,-0.0025558883244636045,-0.06927053062028303
2978,M052418_113_4,6DR,Negative,low,-0.007131785199425058,0.22388882721741737
2978,M052418_113_4,6DR,Negative,mid,-0.005675793460471005,0.3643825975697667
2978,M052418_113_4,6DR,Negative,high,-0.0004464333494176409,0.1391567941073223
2986,M052418_136_1,24c,Negative,low,4.181686477600193e-19,-0.8231561779975891
2986,M052418_136_1,24c,Negative,mid,-0.0007527733286198806,-0.4677725308226071
2986,M052418_136_1,24c,Negative,high,-0.000666708858666762,-0.3085644943771354
2988,M052418_136_3,24c,Negative,low,-0.0013570678336033504,-1.284408974642563
2988,M052418_136_3,24c,Negative,mid,-0.000930487136843544,-0.27815072543178365
2988,M052418_136_3,24c,Negative,high,-0.0013665181631146305,-0.09482737452321734
2990,M052418_144_3,6DC,Negative,low,0.004318839416945171,0.03946203350425758
2990,M052418_144_3,6DC,Negative,mid,-0.004889118953396886,0.7511552465326476
2990,M052418_144_3,6DC,Negative,high,-0.0011164159490090505,0.28616983526306516
2993,M052418_147_1,6DC,Negative,low,-0.00051485391040665,-0.28353689327609793
2993,M052418_147_1,6DC,Negative,mid,-8.80109454989956e-05,0.47583837731402
2993,M052418_147_1,6DC,Negative,high,-0.001074745201513481,1.2081769074060755
2996,M052418_152_2,6DC,Negative,low,-0.0014625130951310963,-1.0316868569398183
2996,M052418_152_2,6DC,Negative,mid,-0.0009418482165863665,-0.42987248282968693
2996,M052418_152_2,6DC,Negative,high,-0.001710720639710838,-0.5521032516751593
2997,M052418_152_5,6DC,Negative,low,-0.004148029990363652,0.6853480879496319
2997,M052418_152_5,6DC,Negative,mid,-0.0021167626777969578,-0.1076620573824126
2997,M052418_152_5,6DC,Negative,high,5.583016147713577e-07,-0.7950542817099916
3000,M052518_004_3,11ml,Negative,low,-0.0016459753062166903,0.6916565448626839
3000,M052518_004_3,11ml,Negative,mid,0.0003625731773119521,-0.5809835446831892
3000,M052518_004_3,11ml,Negative,high,-0.0022936586783762107,-0.7607636055284769
3001,M052518_005_3,11ml,Positive,low,5.8529322471315e-05,-0.41280711828901456
3001,M052518_005_3,11ml,Positive,mid,0.0032183171001653227,0.11659531016048034
3001,M052518_005_3,11ml,Positive,high,0.0011488025407263972,0.035077825371564765
3004,M052518_006_6,11ml,Positive,low,0.002179673481213973,1.9891352191344276
3004,M052518_006_6,11ml,Positive,mid,0.0026389457591737106,0.80194111375414
3004,M052518_006_6,11ml,Positive,high,0.0009740030840441874,0.20628544376910657
3005,M052518_007_3,11ml,Positive,low,0.0012059321719376233,0.4122754060252633
3005,M052518_007_3,11ml,Positive,mid,-0.0010743443193223594,0.5644991914780435
3005,M052518_007_3,11ml,Positive,high,0.0022274868457437583,0.5818304033596852
3010,M052518_013_4,11ml,Positive,low,0.002774327687869939,-0.797557686153759
3010,M052518_013_4,11ml,Positive,mid,0.0006155999963554855,0.1295632595018547
3010,M052518_013_4,11ml,Positive,high,0.0023667737819604603,1.222211446470508
3024,M052518_045_3,45,Positive,low,0.0033509686991863,0.9576410250121078
3024,M052518_045_3,45,Positive,mid,0.001195732408492326,0.7282989294750123
3024,M052518_045_3,45,Positive,high,0.0020072453364033617,-0.03428321258277677
3040,M052518_101_1,46v,Positive,low,-0.0014717888182008028,1.4457570917837743
3040,M052518_101_1,46v,Positive,mid,0.0018097369847241004,1.188761675900806
3040,M052518_101_1,46v,Positive,high,0.0007201124315495748,1.0672312931292465
3049,M052518_116_3,6DC,Negative,low,7.317951335800338e-19,-0.3930060565471649
3049,M052518_116_3,6DC,Negative,mid,-0.007820253103994384,1.1968992875885844
3049,M052518_116_3,6DC,Negative,high,-0.0009122361327781028,0.040755663872905655
3051,M052518_117_3,6DC,Negative,low,0.0010936732147257722,-0.9905960571645339
3051,M052518_117_3,6DC,Negative,mid,-0.0007507911862175462,-1.184217299776347
3051,M052518_117_3,6DC,Negative,high,-0.0010284134701314708,-1.171261472581032
3059,M052518_133_4,6DR,Negative,low,0.00019674030542881022,-0.9478683406223671
3059,M052518_133_4,6DR,Negative,mid,-0.002190560974935144,-0.3586051790283903
3059,M052518_133_4,6DR,Negative,high,-0.0013315610718581733,-0.14688875045870065
3060,M052518_134_2,6DR,Positive,low,0.0015092183115105328,-0.511212586256336
3060,M052518_134_2,6DR,Positive,mid,0.0021743254370995787,0.12651606418140862
3060,M052518_134_2,6DR,Positive,high,0.0018605190977669913,0.6562152834153562
3063,M052518_136_1,24c,Negative,low,0.0009799050556444358,-1.3000947248865502
3063,M052518_136_1,24c,Negative,mid,-0.0009565295482173825,-0.6801171002505865
3063,M052518_136_1,24c,Negative,high,-0.0014955343950678367,-0.6558078833903727
3069,M052518_146_4,6DC,Negative,low,0.0021612530516976723,-1.4144975566669382
3069,M052518_146_4,6DC,Negative,mid,-0.0018212168284898606,-0.7649796984821694
3069,M052518_146_4,6DC,Negative,high,-0.0009870261442420005,-0.1989649203829192
3075,M052518_152_4,6DC,Negative,low,-0.0010303935360141071,0.34348352518732256
3075,M052518_152_4,6DC,Negative,mid,-0.0011364519526034314,-0.44319644443901524
3075,M052518_152_4,6DC,Negative,high,-0.000864135899548732,-0.33915810659392187
3078,M052518_157_2,24c,Negative,low,0.002732274113259047,-1.5795039303458223
3078,M052518_157_2,24c,Negative,mid,-0.0010465782557580415,-0.8824928920102397
3078,M052518_157_2,24c,Negative,high,-0.0006337600421486665,-0.9943603739861442
3079,M052518_157_3,24c,Negative,low,0.00027439944672650907,-1.2188959879407073
3079,M052518_157_3,24c,Negative,mid,-0.0015965036516504465,-0.0728295438778827
3079,M052518_157_3,24c,Negative,high,-0.0009733892388165503,-0.29644898381969426
3080,M052918_003_1,12r,Positive,low,0.001599220998228391,-0.3174207812475781
3080,M052918_003_1,12r,Positive,mid,0.002264593695592206,-0.017223613593047842
3080,M052918_003_1,12r,Positive,high,0.0009090344379714956,0.06358253797861986
3082,M052918_006_3,11ml,Positive,low,0.003700445852303265,2.4827167702197235
3082,M052918_006_3,11ml,Positive,mid,0.0008488890004099551,0.8848110656137772
3082,M052918_006_3,11ml,Positive,high,0.000451651588072487,0.001776551179465421
3085,M052918_012_3,12r,Negative,low,-0.0013720486011715204,-0.37671241189931176
3085,M052918_012_3,12r,Negative,mid,-0.0001411371701371643,-0.7373732814128308
3085,M052918_012_3,12r,Negative,high,-0.0007624472685203519,-0.4432640348169054
3097,M052918_036_4,45,Negative,low,-0.001831887653470295,-0.08735379536702807
3097,M052918_036_4,45,Negative,mid,-0.001614729294077043,-0.09991331510989618
3097,M052918_036_4,45,Negative,high,-0.002578166682320562,-0.1999020815888017
3118,M052918_113_1,6DR,Negative,low,9.785952798291151e-05,-1.0067000707143456
3118,M052918_113_1,6DR,Negative,mid,-0.000714294951801274,-0.2202352706742738
3118,M052918_113_1,6DR,Negative,high,-0.0014495607093503238,-0.8921293241325177
3126,M052918_136_3,24c,Negative,low,-0.0011885448118881103,-0.3351340733511922
3126,M052918_136_3,24c,Negative,mid,0.002391908676382706,0.5115964030544777
3126,M052918_136_3,24c,Negative,high,-0.0020540422582241975,0.369437642275207
3134,M052918_152_2,6DC,Negative,low,-0.0012637695356653314,-0.9150580098099399
3134,M052918_152_2,6DC,Negative,mid,-0.0037394744555227207,-0.11053250764148734
3134,M052918_152_2,6DC,Negative,high,-0.0024321990857529285,-0.26903552042177803
3135,M052918_157_2,24c,Negative,low,0.00014483518351167144,-1.422433986689604
3135,M052918_157_2,24c,Negative,mid,-0.0017661974902137875,-1.594869174348336
3135,M052918_157_2,24c,Negative,high,-0.0003838000599567944,-1.2710953117805392
3137,M053018_006_4,11ml,Positive,low,0.0024398931465785694,1.8642302585917583
3137,M053018_006_4,11ml,Positive,mid,0.0025345933937458956,0.6445844185479704
3137,M053018_006_4,11ml,Positive,high,0.0006485939699331384,0.20861235928807972
3142,M053018_013_5,11ml,Positive,low,0.002058957898788282,0.053805832885912376
3142,M053018_013_5,11ml,Positive,mid,0.0005180489958340193,0.3177303522459143
3142,M053018_013_5,11ml,Positive,high,0.002453501113127934,1.3829619523491121
3151,M053018_066_3,45,Negative,low,-0.002854955076120097,0.5097013082930171
3151,M053018_066_3,45,Negative,mid,-0.0037503537754138903,1.1848096809186373
3151,M053018_066_3,45,Negative,high,-0.00514545175055512,0.6081351594899772
3155,M053018_077_3,AI,Negative,low,-0.00066561151181361,-0.6815842342090073
3155,M053018_077_3,AI,Negative,mid,-0.002373796714417824,-0.739677092829059
3155,M053018_077_3,AI,Negative,high,-0.000518952933245501,-0.5161379708961961
3161,M053018_091_3,44,Positive,low,0.0015676824579234601,-0.34010139674865664
3161,M053018_091_3,44,Positive,mid,0.0025879001269658477,0.25182718819878164
3161,M053018_091_3,44,Positive,high,0.0037423544863345592,0.4531554210613003
3170,M053018_116_3,6DC,Negative,low,-0.0002386413136587396,-0.09144405496985451
3170,M053018_116_3,6DC,Negative,mid,-0.0036440929966327427,0.9837809701058114
3170,M053018_116_3,6DC,Negative,high,-0.0034613015625082565,0.9485500908538873
3177,M053018_136_2,24c,Negative,low,-0.0018432964701877131,-0.8868831441475825
3177,M053018_136_2,24c,Negative,mid,-0.0018248810141606626,-0.8179610838938098
3177,M053018_136_2,24c,Negative,high,-0.001860023523687914,-0.9153814377780762
3184,M053018_147_1,6DC,Negative,low,-0.0002507965473084978,-0.351461151269946
3184,M053018_147_1,6DC,Negative,mid,-0.0010782350239388675,0.8942503529459783
3184,M053018_147_1,6DC,Negative,high,-0.0007497501696551361,0.709039761054139
3186,M053018_152_3,6DC,Positive,low,-0.00032858929643860506,1.9472842736172795
3186,M053018_152_3,6DC,Positive,mid,-0.0006420685269030119,-0.31124061811095516
3186,M053018_152_3,6DC,Positive,high,0.002452885277956794,-0.3137202536076704
3189,M053018_157_1,24c,Negative,low,-0.000236186437460886,-1.8652027224542298
3189,M053018_157_1,24c,Negative,mid,-0.001896997652104414,-0.8736867809144411
3189,M053018_157_1,24c,Negative,high,-0.00026999438816761265,-1.6255313023156215
3193,M053118_006_1,11ml,Positive,low,0.004219330231473988,1.8226209522880452
3193,M053118_006_1,11ml,Positive,mid,0.004374673919908244,1.6972657055826712
3193,M053118_006_1,11ml,Positive,high,0.00035435738698069946,0.1944053664942196
3199,M053118_012_3,12r,Negative,low,-0.0005951043457898909,-1.0677868464943052
3199,M053118_012_3,12r,Negative,mid,-0.0006674456927406372,-0.28629689182704177
3199,M053118_012_3,12r,Negative,high,-0.000411781695552511,-0.7956386392009437
3200,M053118_012_5,12r,Negative,low,-0.0018614489673034536,-0.11534827964662414
3200,M053118_012_5,12r,Negative,mid,-0.002960112974011681,-0.23658383466975885
3200,M053118_012_5,12r,Negative,high,-0.0015430285663790711,-0.46352158221547896
3235,M053118_116_2,6DC,Negative,low,-0.003351783686088878,1.2293214600055964
3235,M053118_116_2,6DC,Negative,mid,-0.006964814844886092,1.0605813933143386
3235,M053118_116_2,6DC,Negative,high,-0.0038719420464031385,0.5912540803706822
3239,M053118_133_4,6DR,Negative,low,-0.0004383223230423317,-0.8007124910090807
3239,M053118_133_4,6DR,Negative,mid,-0.0011418417578701752,0.013620953879066543
3239,M053118_133_4,6DR,Negative,high,-0.001647741517652169,-0.11529357034138507
3251,M053118_152_3,6DC,Positive,low,0.0009839102121106773,1.0286236477708954
3251,M053118_152_3,6DC,Positive,mid,0.0016868080687375427,-0.06318832681624346
3251,M053118_152_3,6DC,Positive,high,0.0012753166762657156,-0.3475422477760289
3253,M053118_157_2,24c,Negative,low,0.00035366298894372105,-1.8045948664479565
3253,M053118_157_2,24c,Negative,mid,-0.0022376127556874414,-1.4755530108522605
3253,M053118_157_2,24c,Negative,high,-0.0006606524258313443,-1.2542075289664372
3256,M060118_007_2,11ml,Positive,low,-0.0009591836547047255,0.6119732032630735
3256,M060118_007_2,11ml,Positive,mid,0.0016881916300714895,0.8878417252125173
3256,M060118_007_2,11ml,Positive,high,0.0016529554072498875,0.4255725781717252
3258,M060118_010_2,12r,Positive,low,0.00032254254217335595,-0.6018372551071615
3258,M060118_010_2,12r,Positive,mid,0.0010145473534974696,-0.2951911965276739
3258,M060118_010_2,12r,Positive,high,0.0007171387362446242,-0.29033005173676824
3260,M060118_012_3,12r,Negative,low,-0.0013008369497019964,-0.8893306461502233
3260,M060118_012_3,12r,Negative,mid,-0.0011181743843953142,-0.5294893130167277
3260,M060118_012_3,12r,Negative,high,-0.0009361876532378007,-0.24314194288082108
3264,M060118_018_1,12l,Positive,low,0.0011352570689611436,1.478180861580937
3264,M060118_018_1,12l,Positive,mid,0.00018138123218491614,0.9240255020620819
3264,M060118_018_1,12l,Positive,high,0.00115314939868307,0.9212885188580353
3271,M060118_036_3,45,Negative,low,0.002586380115213071,0.6340513871657273
3271,M060118_036_3,45,Negative,mid,-0.0032702437563723323,0.05090885133936603
3271,M060118_036_3,45,Negative,high,-0.002151810951341694,0.18396114675699463
3282,M060118_078_2,45,Negative,low,4.181686477600193e-19,-0.7952557802200317
3282,M060118_078_2,45,Negative,mid,-0.0011425162140714332,-0.5300121538452618
3282,M060118_078_2,45,Negative,high,-0.0008256284135083427,-0.6392356480863844
3283,M060118_078_5,45,Negative,low,-6.674839266852894e-05,-1.113139320381866
3283,M060118_078_5,45,Negative,mid,-0.002837560633911666,-0.25889777104200223
3283,M060118_078_5,45,Negative,high,-0.0021323718356816173,-0.29163924484442416
3290,M060118_100_3,24c,Negative,low,0.0007626235843596548,-1.0799728718814061
3290,M060118_100_3,24c,Negative,mid,-0.0025955861182265175,-0.5439165626489973
3290,M060118_100_3,24c,Negative,high,-0.000738718781371233,-0.7654206663023018
3303,M060118_128_3,6DC,Negative,low,-0.0006703302125206839,-0.534966508394569
3303,M060118_128_3,6DC,Negative,mid,-0.0009887203151139057,-0.6127824563123968
3303,M060118_128_3,6DC,Negative,high,-0.0012998350706203221,-0.1394947732120021
3308,M060118_136_2,24c,Negative,low,-0.0013262472868535054,-0.15924230601310035
3308,M060118_136_2,24c,Negative,mid,-0.0014534219664970277,-0.900476376000736
3308,M060118_136_2,24c,Negative,high,-0.0010730298275738372,-0.7666624993482565
3309,M060118_136_4,24c,Negative,low,-0.0005640217155538051,-0.9904828173125445
3309,M060118_136_4,24c,Negative,mid,-0.001243094623257297,-0.6198207166025759
3309,M060118_136_4,24c,Negative,high,-0.0014799055814082543,-0.44286550274145897
3319,M060418_003_2,12r,Positive,low,0.0028997508002918584,-0.31617332704693774
3319,M060418_003_2,12r,Positive,mid,0.0009069390439051852,0.08453830826623329
3319,M060418_003_2,12r,Positive,high,0.0015079922430728278,0.12406960357125452
3325,M060418_010_2,12r,Negative,low,-0.006847006023037972,0.36627084334472354
3325,M060418_010_2,12r,Negative,mid,-0.0009065606984388221,0.16215890152775023
3325,M060418_010_2,12r,Negative,high,-0.0012887226332017581,-0.3226889595926891
3341,M060418_036_2,45,Negative,low,-0.0029599553061363517,0.713153663371843
3341,M060418_036_2,45,Negative,mid,-0.0010322261094600875,-0.4176261074462915
3341,M060418_036_2,45,Negative,high,-0.002301857474337324,-0.004882031463625292
3363,M060418_104_1,6VaVb,Negative,low,0.00036270600918731185,0.10636047228915886
3363,M060418_104_1,6VaVb,Negative,mid,-0.0011575084287192522,-0.010743258621540934
3363,M060418_104_1,6VaVb,Negative,high,-0.0010824957063015194,0.09666155546147395
3364,M060418_104_3,6VaVb,Negative,low,-0.006598531432239277,0.3590328738793805
3364,M060418_104_3,6VaVb,Negative,mid,-0.0021972159986571663,-0.17055382273011158
3364,M060418_104_3,6VaVb,Negative,high,-0.002536377271818991,-0.02692134334491874
3373,M060418_129_3,AMG,Positive,low,0.0024424892127048745,0.5545219420821494
3373,M060418_129_3,AMG,Positive,mid,0.0007645248059316461,0.3336062212033002
3373,M060418_129_3,AMG,Positive,high,0.0002282340129928755,0.43199325919448833
3374,M060418_133_3,6DR,Negative,low,0.0009867318637297843,-0.5366075540336466
3374,M060418_133_3,6DR,Negative,mid,-0.0025973226896224577,-0.2116370808370737
3374,M060418_133_3,6DR,Negative,high,-0.0013070407556808922,-0.24755418339001167
3376,M060418_140_3,6DC,Negative,low,-0.003604937711865928,-0.10356750201663241
3376,M060418_140_3,6DC,Negative,mid,-6.758962413359704e-05,-0.859589964374528
3376,M060418_140_3,6DC,Negative,high,-0.001195917466968299,-0.549785272302354
3384,M060418_152_1,6DC,Negative,low,-0.002078538195516397,0.25816944568338934
3384,M060418_152_1,6DC,Negative,mid,-0.0021141748177100133,-0.013035384757977332
3384,M060418_152_1,6DC,Negative,high,-0.0017750987513760455,-0.017284087070648227
3387,M060518_003_3,12r,Positive,low,0.003861545713556255,-0.10145141203400017
3387,M060518_003_3,12r,Positive,mid,0.001766736588096035,-0.4144447642256864
3387,M060518_003_3,12r,Positive,high,0.0013477015286344804,-0.3436671594350452
3397,M060518_017_4,12l,Positive,low,-0.0007832226771006134,-0.3241458681501919
3397,M060518_017_4,12l,Positive,mid,0.006354397348764279,1.1556947244270805
3397,M060518_017_4,12l,Positive,high,0.0006766629687137551,0.5418169302017445
3400,M060518_023_3,11ml,Negative,low,-0.0012700024090912037,-1.3875984009789202
3400,M060518_023_3,11ml,Negative,mid,0.0005711100582509714,-0.7111940646079987
3400,M060518_023_3,11ml,Negative,high,-0.00022764011150628701,-0.3281315105358319
3403,M060518_026_3,45,Positive,low,0.002897174012110177,0.20153572435139022
3403,M060518_026_3,45,Positive,mid,0.005501364060701265,1.011058395982607
3403,M060518_026_3,45,Positive,high,0.0024431113798654247,-0.29118259172125743
3405,M060518_036_1,45,Negative,low,-0.0007043606477728753,0.7553926286591331
3405,M060518_036_1,45,Negative,mid,-0.0019707345405306246,0.0998293076984324
3405,M060518_036_1,45,Negative,high,-0.0030984240913003937,0.40262219475718025
3410,M060518_064_3,13m,Positive,low,0.002389502715034163,0.27889917788410346
3410,M060518_064_3,13m,Positive,mid,0.0030245683745282713,-0.18941282777707658
3410,M060518_064_3,13m,Positive,high,0.001923488080045397,-0.09998463303472122
3415,M060518_079_4,AI,Negative,low,-0.0013067465991780708,-0.7610040448161273
3415,M060518_079_4,AI,Negative,mid,-0.002597367552049225,-0.3984750377387835
3415,M060518_079_4,AI,Negative,high,-0.0012662540290851,-0.5009412346078477
3424,M060518_104_2,6VaVb,Negative,low,6.019364799549316e-06,0.020397346890552788
3424,M060518_104_2,6VaVb,Negative,mid,-0.0010262304628486706,0.13042059363210387
3424,M060518_104_2,6VaVb,Negative,high,-0.0008344115754885752,0.19284619386654622
3425,M060518_104_3,6VaVb,Negative,low,-0.006055694934407331,0.7279599559894424
3425,M060518_104_3,6VaVb,Negative,mid,-0.004166151899931403,0.189763081798519
3425,M060518_104_3,6VaVb,Negative,high,-0.004246219364283431,0.20280883413818532
3433,M060518_129_2,AMG,Positive,low,0.004393341309160884,-0.03222805494055177
3433,M060518_129_2,AMG,Positive,mid,0.0036894482657912077,0.6903569192878171
3433,M060518_129_2,AMG,Positive,high,0.0016950379680455076,0.28594021652734136
3434,M060518_133_4,6DR,Negative,low,0.0013953287928151368,-1.041022440161364
3434,M060518_133_4,6DR,Negative,mid,-0.003423658250880428,0.26780992915455604
3434,M060518_133_4,6DR,Negative,high,-0.0009943240350614416,0.2959564784631798
3437,M060518_136_1,24c,Negative,low,-0.0009400478833699616,-0.46506473981347646
3437,M060518_136_1,24c,Negative,mid,-0.0030358127415611356,-0.3605916191255844
3437,M060518_136_1,24c,Negative,high,-0.0013180661269830462,-0.36750632671210465
3439,M060518_138_1,6DC,Negative,low,-0.0035590114801455647,-0.2708777852676818
3439,M060518_138_1,6DC,Negative,mid,-0.0032645357162730693,0.22333679780032417
3439,M060518_138_1,6DC,Negative,high,-0.0021902269416407445,0.6242591684671372
3447,M060518_152_3,6DC,Negative,low,-0.0019625082123745216,-1.0917501574081558
3447,M060518_152_3,6DC,Negative,mid,-0.0014807817890956495,-0.757955789635773
3447,M060518_152_3,6DC,Negative,high,-0.0016269224851752884,-0.6406715624944808
3448,M060518_152_7,6DC,Negative,low,-0.0036626085959091483,-0.1492057501308592
3448,M060518_152_7,6DC,Negative,mid,-0.0035466271215772458,-1.0321692329782608
3448,M060518_152_7,6DC,Negative,high,-0.002711521544979772,-0.3135929340902951
3452,M060518_157_2,24c,Negative,low,-0.00034316446557126586,-1.3165719805536373
3452,M060518_157_2,24c,Negative,mid,-0.00013376980398395217,-0.9686372313840615
3452,M060518_157_2,24c,Negative,high,-0.001010039872893312,-0.8603880494932168
3453,M060618_003_2,12r,Positive,low,0.004479019109234755,0.22395745274059153
3453,M060618_003_2,12r,Positive,mid,0.001372356936362026,-0.3201463339399367
3453,M060618_003_2,12r,Positive,high,0.0014578270790670817,-0.3048006707928249
3456,M060618_007_2,11ml,Negative,low,-0.0023523316922549856,-0.5150372834973805
3456,M060618_007_2,11ml,Negative,mid,-0.0026999327287639185,0.3221732914534369
3456,M060618_007_2,11ml,Negative,high,-0.001947920896079272,0.8665777391036616
3467,M060618_026_4,45,Positive,low,0.004404313135935294,1.3185898764818262
3467,M060618_026_4,45,Positive,mid,0.00443241479688661,0.3460989068696173
3467,M060618_026_4,45,Positive,high,0.0012294488197519026,-0.3069226953932756
3468,M060618_036_2,45,Negative,low,-0.0024922017277138136,-0.9955007978862217
3468,M060618_036_2,45,Negative,mid,-0.0029326942388815526,0.12465639210371192
3468,M060618_036_2,45,Negative,high,-0.002303146143023119,0.4637860793394878
3484,M060618_091_4,44,Positive,low,0.000975012307505339,2.3834376466753406
3484,M060618_091_4,44,Positive,mid,0.0011513572934644272,0.634931037388432
3484,M060618_091_4,44,Positive,high,-1.0552444445832872e-05,0.7534620071081026
3489,M060618_101_1,46v,Positive,low,0.0005852057447165136,0.0060119599015986585
3489,M060618_101_1,46v,Positive,mid,0.0029290387312295796,-0.13981355004905166
3489,M060618_101_1,46v,Positive,high,0.0010582752561745297,-0.5201556461920556
3491,M060618_104_1,6VaVb,Negative,low,-0.0031676374132209874,-0.5872453906958436
3491,M060618_104_1,6VaVb,Negative,mid,-0.005314256338091115,0.09978895857810088
3491,M060618_104_1,6VaVb,Negative,high,-0.0038070327796028767,0.10836434945625488
3492,M060618_104_3,6VaVb,Negative,low,-0.001765599492374335,0.15806622358808797
3492,M060618_104_3,6VaVb,Negative,mid,-0.001410720165390537,0.27709024742311605
3492,M060618_104_3,6VaVb,Negative,high,-0.0005078559691516652,-0.023445362606926604
3502,M060618_116_2,6DC,Negative,low,-0.0008669348637554272,-0.6649095869364338
3502,M060618_116_2,6DC,Negative,mid,-0.001085825105254003,-0.32703465966820816
3502,M060618_116_2,6DC,Negative,high,-0.0038788049448123803,-0.00888076301791183
3509,M060618_129_3,AMG,Positive,low,0.002952840081461337,1.2423134518648962
3509,M060618_129_3,AMG,Positive,mid,0.002329811979257654,0.8311270393242133
3509,M060618_129_3,AMG,Positive,high,0.0007449705813086724,0.8014467843558745
3511,M060618_133_4,6DR,Negative,low,-0.0009681968875115464,-1.1211975886797945
3511,M060618_133_4,6DR,Negative,mid,-0.0010429377549900892,-0.2734383668376388
3511,M060618_133_4,6DR,Negative,high,-0.002126721204799672,-0.07583440083990217
3514,M060618_138_4,6DC,Negative,low,-0.0022338146733619363,-1.5180229967271757
3514,M060618_138_4,6DC,Negative,mid,-0.001146129947029672,-0.7956253408850287
3514,M060618_138_4,6DC,Negative,high,-0.0022026883911482964,-0.8297023689265854
3515,M060618_146_1,6DC,Negative,low,0.00012969152928876638,0.16544459426323085
3515,M060618_146_1,6DC,Negative,mid,-0.0015484197237548246,-0.49916260234411874
3515,M060618_146_1,6DC,Negative,high,-0.000972185553313942,-0.7682632246053159
3522,M060618_152_2,6DC,Negative,low,-0.00014151783757901577,-0.9810467256037844
3522,M060618_152_2,6DC,Negative,mid,-0.0021549747985242446,-0.6926837006419937
3522,M060618_152_2,6DC,Negative,high,-0.003107485881636047,-0.4221004133086385
3523,M060618_152_5,6DC,Negative,low,-0.0018663540681594928,-0.39455229242544576
3523,M060618_152_5,6DC,Negative,mid,-0.0008899431679592659,-0.1636611222205823
3523,M060618_152_5,6DC,Negative,high,-0.0013140780355653519,0.04394080662414565
3524,M060618_157_1,24c,Negative,low,0.000773966504219684,-1.3645947341514308
3524,M060618_157_1,24c,Negative,mid,-0.001104273651219003,-2.1665824376009466
3524,M060618_157_1,24c,Negative,high,0.0002949900530754502,-1.39972636128424
3527,M060718_007_3,11ml,Negative,low,-0.004624718178509408,0.5482101496959884
3527,M060718_007_3,11ml,Negative,mid,-0.0024840561367559296,0.4130842125519854
3527,M060718_007_3,11ml,Negative,high,-0.0020991065997216494,0.598663115591127
3530,M060718_011_2,46v,Positive,low,0.0072280584489815836,1.2958511530745933
3530,M060718_011_2,46v,Positive,mid,0.0016043280080500271,0.8014420743074001
3530,M060718_011_2,46v,Positive,high,0.001964916814397019,1.1161987509906985
3534,M060718_019_3,12m,Positive,low,0.002249119452795952,1.4380658606870005
3534,M060718_019_3,12m,Positive,mid,0.002472712291532869,0.9311647675435575
3534,M060718_019_3,12m,Positive,high,0.002775842534842204,0.6415256894613537
3539,M060718_026_3,45,Positive,low,0.004111308396846637,0.037139760474434215
3539,M060718_026_3,45,Positive,mid,0.0043705676268258106,0.6899671931229043
3539,M060718_026_3,45,Positive,high,0.0031379568865249267,0.3372669498070636
3540,M060718_036_3,45,Negative,low,-0.0021841279954561083,-0.3290497746435575
3540,M060718_036_3,45,Negative,mid,-0.0031706326564754006,-0.07676119576054784
3540,M060718_036_3,45,Negative,high,-0.0030201616243522356,0.5333970114549997
3548,M060718_080_4,46v,Positive,low,0.002533310723542512,-0.9753799222432195
3548,M060718_080_4,46v,Positive,mid,0.0017047845931245902,-0.44108001865832425
3548,M060718_080_4,46v,Positive,high,0.0017411217160655148,-0.31859834504371104
3554,M060718_101_1,46v,Positive,low,0.001974114411672341,0.43446247010784667
3554,M060718_101_1,46v,Positive,mid,0.0016684918307655503,0.13325797072928453
3554,M060718_101_1,46v,Positive,high,0.0012902177053456664,-0.45995159630755506
3556,M060718_104_2,6VaVb,Negative,low,0.00031147012173488167,-0.07639664381917972
3556,M060718_104_2,6VaVb,Negative,mid,-0.0009396022989491422,-0.01962716623431497
3556,M060718_104_2,6VaVb,Negative,high,-0.0004829401548866712,-0.02680842127761774
3557,M060718_104_3,6VaVb,Negative,low,-0.004946471410528171,-0.12207953964581654
3557,M060718_104_3,6VaVb,Negative,mid,-0.004810429831886848,0.2597800102689228
3557,M060718_104_3,6VaVb,Negative,high,-0.0039649473070890685,0.2639952260774627
3565,M060718_116_3,6DC,Negative,low,-0.0006871009092574939,-0.46387074590845034
3565,M060718_116_3,6DC,Negative,mid,-0.0015592713617288108,-0.1816347765092414
3565,M060718_116_3,6DC,Negative,high,-0.0017906906386573485,-0.023921620747921545
3569,M060718_128_2,6DC,Negative,low,0.002255474172249611,-0.297325044208785
3569,M060718_128_2,6DC,Negative,mid,-0.000503629932374391,-0.2019343790061173
3569,M060718_128_2,6DC,Negative,high,-0.0017194865022772414,0.1731401646704244
3577,M060718_144_1,6DC,Negative,low,0.00013250608781668828,-1.629977761856133
3577,M060718_144_1,6DC,Negative,mid,-0.001488878267747763,-1.0899578841300852
3577,M060718_144_1,6DC,Negative,high,-0.0014611231041293399,-0.727785789864928
3579,M060718_144_4,6DC,Negative,low,-0.005294314086574779,0.2977396818565533
3579,M060718_144_4,6DC,Negative,mid,-0.0024492897552882615,0.35507574146063364
3579,M060718_144_4,6DC,Negative,high,-0.002512260383998224,-0.0793269084132712
3586,M060718_152_4,6DC,Negative,low,-0.0005676467424891431,0.32572766143367426
3586,M060718_152_4,6DC,Negative,mid,-0.0027686324188582415,-0.933149066041828
3586,M060718_152_4,6DC,Negative,high,-0.0026450885081006972,-0.8279713555478969
3587,M060718_157_1,24c,Negative,low,-0.0003631309502337014,-1.8924046562436019
3587,M060718_157_1,24c,Negative,mid,-0.0019250238446220477,-1.3770771762495628
3587,M060718_157_1,24c,Negative,high,-0.000806768833366863,-1.1040309533699975
3589,M060818_004_3,11ml,Positive,low,0.0012220099762742065,0.24233304107768583
3589,M060818_004_3,11ml,Positive,mid,0.0015737992841254184,-0.07225750499149666
3589,M060818_004_3,11ml,Positive,high,0.002313797588050487,-0.10838257252996455
3590,M060818_005_2,11ml,Positive,low,-0.00029775006628778245,1.005635420157622
3590,M060818_005_2,11ml,Positive,mid,0.0018832431215060588,0.8512039760285725
3590,M060818_005_2,11ml,Positive,high,0.0004933564196747855,0.8920045645780452
3593,M060818_007_1,11ml,Negative,low,-0.0024756414419167907,-0.4221340118784972
3593,M060818_007_1,11ml,Negative,mid,-0.002144029661210687,0.0695750932658584
3593,M060818_007_1,11ml,Negative,high,-0.002187010841212014,0.3644544985643146
3595,M060818_012_2,12r,Negative,low,-0.001697917163331205,-0.8831167206533885
3595,M060818_012_2,12r,Negative,mid,-0.0018801913372708382,-0.5217751532757404
3595,M060818_012_2,12r,Negative,high,-0.0022147358446243477,-0.32534397904142837
3596,M060818_012_3,12r,Negative,low,0.0009899779990287514,-0.29669415570188085
3596,M060818_012_3,12r,Negative,mid,-0.001595889382498078,-0.5978092278389511
3596,M060818_012_3,12r,Negative,high,-0.0007653461758694018,-0.6926531282915251
3602,M060818_019_2,12m,Positive,low,0.0015614973520163245,1.239387293150974
3602,M060818_019_2,12m,Positive,mid,0.0037351627305158104,0.9124315936000593
3602,M060818_019_2,12m,Positive,high,0.0032731684498384294,0.7335619085906411
3606,M060818_026_3,45,Positive,low,0.003106210559751362,1.193559536216827
3606,M060818_026_3,45,Positive,mid,0.004029609704954887,0.4389314653814659
3606,M060818_026_3,45,Positive,high,0.0026880846116419167,0.16973862994722103
3608,M060818_036_1,45,Negative,low,-0.0024049879913255272,-0.0991104333328328
3608,M060818_036_1,45,Negative,mid,-0.003517528124534667,0.17048513231808304
3608,M060818_036_1,45,Negative,high,-0.002485385249433453,0.12966435333363674
3614,M060818_072_3,46d,Negative,low,0.0028943668318954694,0.3937849266480355
3614,M060818_072_3,46d,Negative,mid,0.0016017496369284659,0.25103620041921865
3614,M060818_072_3,46d,Negative,high,-0.0008838246510081329,-0.25479661625889
3626,M060818_104_2,6VaVb,Negative,low,-0.002616611194413075,-0.5275496466925209
3626,M060818_104_2,6VaVb,Negative,mid,-0.004884474286762666,-0.058240629027046714
3626,M060818_104_2,6VaVb,Negative,high,-0.0031950095895137798,0.06179130740910024
3648,M060818_144_2,6DC,Negative,low,-0.0017184591586295777,-0.75483824526864
3648,M060818_144_2,6DC,Negative,mid,-0.003987843725408537,-0.3645285955312958
3648,M060818_144_2,6DC,Negative,high,-0.0027446999857531113,-0.5356574306254254
3653,M060818_147_1,6DC,Negative,low,-0.003532025791329157,-0.4703645430911664
3653,M060818_147_1,6DC,Negative,mid,-0.0027107665955096835,-0.04773307963121007
3653,M060818_147_1,6DC,Negative,high,-0.002088959755601279,-0.0879707742759806
3656,M060818_152_1,6DC,Negative,low,0.0017121439065332187,-0.6993322781293526
3656,M060818_152_1,6DC,Negative,mid,-0.0021590096847289124,-0.47981698141404633
3656,M060818_152_1,6DC,Negative,high,-0.0010352689288153124,-0.2909403073859243
3666,M061118_011_5,46v,Negative,low,0.0014218978714933353,-0.34129726927659276
3666,M061118_011_5,46v,Negative,mid,-0.0019753393180133335,-0.3444817090025807
3666,M061118_011_5,46v,Negative,high,-0.0012757442687155042,-0.23143846196581155
3667,M061118_012_2,12r,Negative,low,0.0012420992580507446,-1.340762216120512
3667,M061118_012_2,12r,Negative,mid,-0.001100333936642525,-0.7447165296536586
3667,M061118_012_2,12r,Negative,high,0.00028001212497949653,-0.3004606393833773
3673,M061118_019_2,12m,Positive,low,0.002469284975119818,0.6611076470932453
3673,M061118_019_2,12m,Positive,mid,0.002441476574923686,0.6297128608480027
3673,M061118_019_2,12m,Positive,high,0.0032715943186435456,0.4400160056411036
3677,M061118_036_3,45,Negative,low,-0.004524269184950372,0.025248440001128913
3677,M061118_036_3,45,Negative,mid,-0.0036635112176660175,0.44151420770500416
3677,M061118_036_3,45,Negative,high,-0.0020016945485071833,0.5926176011008357
3679,M061118_045_3,45,Negative,low,-0.002687305029706605,-1.102578246869928
3679,M061118_045_3,45,Negative,mid,-0.005283782919708613,-0.5056245180760965
3679,M061118_045_3,45,Negative,high,-0.000889410135507842,-0.1994783597415857
3681,M061118_060_3,13l,Positive,low,0.0008821434598123084,0.7106839720758892
3681,M061118_060_3,13l,Positive,mid,0.0011335191409674518,0.7185678082578715
3681,M061118_060_3,13l,Positive,high,0.0009495172838833071,0.7550073911098084
3689,M061118_091_3,44,Positive,low,0.0012540603207012622,1.6803689228863565
3689,M061118_091_3,44,Positive,mid,0.001040059088923292,0.6907781936327451
3689,M061118_091_3,44,Positive,high,0.002588832996359243,0.8759742238978776
3692,M061118_097_1,8B,Positive,low,0.008788282596046724,1.403987559423272
3692,M061118_097_1,8B,Positive,mid,0.0013444426965231358,-0.26283643154536657
3692,M061118_097_1,8B,Positive,high,0.0014767921261868116,-0.45230326173302504
3698,M061118_104_4,6VaVb,Negative,low,-0.000667588127890788,-0.6811773264269265
3698,M061118_104_4,6VaVb,Negative,mid,-0.00033949060974025375,-0.44500854869046275
3698,M061118_104_4,6VaVb,Negative,high,-0.0013875115292223499,-0.36773456254518416
3701,M061118_113_3,6DR,Negative,low,-0.0015458024565913186,-0.09070862337951541
3701,M061118_113_3,6DR,Negative,mid,-0.0003574982450642643,0.06535047280622303
3701,M061118_113_3,6DR,Negative,high,-0.0013296974547900228,0.11313023017514064
3703,M061118_118_3,pu,Positive,low,-0.003292925550934608,-0.3427228251605383
3703,M061118_118_3,pu,Positive,mid,-0.0003665843647078169,-0.05726001132744521
3703,M061118_118_3,pu,Positive,high,0.004908692632996429,1.3784823899843828
3704,M061118_125_2,24c,Positive,low,0.0014516613176072386,-0.7065512056109153
3704,M061118_125_2,24c,Positive,mid,0.0010175136728290905,-0.7194844950621981
3704,M061118_125_2,24c,Positive,high,0.0011915077810911504,-0.715865102514451
3708,M061118_144_2,6DC,Negative,low,-0.004997015520007004,-0.42267675606375826
3708,M061118_144_2,6DC,Negative,mid,-0.0016664121804658319,-0.25779509427206637
3708,M061118_144_2,6DC,Negative,high,-0.00296037809486056,-0.5278122133277853
3715,M061118_152_3,6DC,Negative,low,-0.0028231214151520664,-1.0671188779943894
3715,M061118_152_3,6DC,Negative,mid,-0.0015626217477643406,-0.6228984019896496
3715,M061118_152_3,6DC,Negative,high,-0.002181518398989339,-0.782130017369124
3722,M061218_012_2,12r,Negative,low,-0.0007422927079690044,-1.050845820326575
3722,M061218_012_2,12r,Negative,mid,-0.00034000265200228636,-0.4008482828001785
3722,M061218_012_2,12r,Negative,high,-0.0006220240560388333,-0.4468600523476791
3727,M061218_019_3,12m,Positive,low,0.003154045877497263,0.6925209892763385
3727,M061218_019_3,12m,Positive,mid,0.0017859508112602358,0.7001503140285159
3727,M061218_019_3,12m,Positive,high,0.002908851386698159,0.7955779588818875
3743,M061218_077_3,AI,Negative,low,-0.0004959656632723591,-0.7662025288083651
3743,M061218_077_3,AI,Negative,mid,-0.00011498284998896557,-0.7585832031564586
3743,M061218_077_3,AI,Negative,high,-0.0008211671332836634,-0.9053795234534189
3746,M061218_091_3,44,Positive,low,0.003735614989144329,1.270446485463226
3746,M061218_091_3,44,Positive,mid,0.0026106538256877644,0.9136016901370181
3746,M061218_091_3,44,Positive,high,0.0022969529351675962,1.33308489786805
3749,M061218_101_1,46v,Positive,low,-0.0027088958238747516,-0.7526484879919989
3749,M061218_101_1,46v,Positive,mid,0.002848484277754578,-0.24161317898154247
3749,M061218_101_1,46v,Positive,high,0.0013659829912062863,-0.3877053658219175
3752,M061218_106_2,6DR,Positive,low,0.0009969983716950563,-0.7951236101040368
3752,M061218_106_2,6DR,Positive,mid,0.000704577241822469,-0.764226614759488
3752,M061218_106_2,6DR,Positive,high,0.0005518708358023112,-0.7002278229906634
3755,M061218_119_3,pu,Positive,low,0.005208312942748487,-0.16381796939723106
3755,M061218_119_3,pu,Positive,mid,0.0014141687899720376,0.07485955603945281
3755,M061218_119_3,pu,Positive,high,0.0006003012503936023,0.2909661980271076
3762,M061218_144_3,6DC,Negative,low,-0.004528633320435845,0.06000518499596196
3762,M061218_144_3,6DC,Negative,mid,-0.0029293524296633757,0.25859059196061607
3762,M061218_144_3,6DC,Negative,high,-0.0035997564159145046,-0.09507120711826363
3769,M061318_012_2,12r,Negative,low,-0.0018631395225624265,-0.5698716171835851
3769,M061318_012_2,12r,Negative,mid,-0.0021552604567849345,-0.03952161956984494
3769,M061318_012_2,12r,Negative,high,-0.0007362384416039031,-0.6924218387651364
3779,M061318_023_4,11ml,Negative,low,-0.0013885364778789284,-1.2024722289365286
3779,M061318_023_4,11ml,Negative,mid,-0.0008701334435084977,-0.07692477756261999
3779,M061318_023_4,11ml,Negative,high,-0.0013128261907286419,-0.25062845862393474
3785,M061318_060_3,13l,Positive,low,0.004427005808649305,0.6653885025667227
3785,M061318_060_3,13l,Positive,mid,-0.0005457680377341707,0.7178758053874563
3785,M061318_060_3,13l,Positive,high,0.0012384665604177091,0.7145202689480266
3794,M061318_091_3,44,Positive,low,0.0035545015739776213,0.4392412095586343
3794,M061318_091_3,44,Positive,mid,0.0015168095079124099,1.1784135924711105
3794,M061318_091_3,44,Positive,high,0.003313519002040353,1.308585635883836
3799,M061318_101_4,46v,Positive,low,-0.0007171324568094438,-0.13515659948941103
3799,M061318_101_4,46v,Positive,mid,0.0036958455316554437,0.13036715911512267
3799,M061318_101_4,46v,Positive,high,0.0007620412628007876,0.3830065630000701
3813,M061318_144_2,6DC,Negative,low,-0.0037141990894094864,-0.5100252888315631
3813,M061318_144_2,6DC,Negative,mid,-0.0025866080858898866,-0.2748188045446896
3813,M061318_144_2,6DC,Negative,high,-0.003902395627431983,-0.7739241252569621
3816,M061318_146_3,6DC,Positive,low,0.0010116987343855707,0.15788560965642356
3816,M061318_146_3,6DC,Positive,mid,0.00077542481763236,-0.6479830880170555
3816,M061318_146_3,6DC,Positive,high,0.0006791174243800878,-0.6410459582500172
3819,M061318_149_3,6DC,Positive,low,0.0031406925350897616,-0.24087430917798927
3819,M061318_149_3,6DC,Positive,mid,0.001426470299793136,0.8610216965116313
3819,M061318_149_3,6DC,Positive,high,0.0011736310133334295,0.03123241775597875
3821,M061518_004_3,11ml,Positive,low,0.0021095908410286674,0.19928576238995757
3821,M061518_004_3,11ml,Positive,mid,0.003262805866150137,-0.16212454831549497
3821,M061518_004_3,11ml,Positive,high,0.0016698528533716412,-0.23515537192508174
3824,M061518_012_2,12r,Negative,low,-8.060873413094231e-05,-0.9349735257480783
3824,M061518_012_2,12r,Negative,mid,-0.0003517660987628164,-1.0753796558808566
3824,M061518_012_2,12r,Negative,high,-0.0009867412733427132,-0.761769898620104
3832,M061518_064_2,13m,Negative,low,-0.0005588239569002045,0.0016129275058673542
3832,M061518_064_2,13m,Negative,mid,-0.0023801602809446873,-0.23982059736906577
3832,M061518_064_2,13m,Negative,high,-0.002088666698127765,-0.800933041967641
3836,M061518_072_3,46d,Negative,low,-0.003183569778160552,-0.7390901733239409
3836,M061518_072_3,46d,Negative,mid,-0.0021645997920990024,-0.6913665725962691
3836,M061518_072_3,46d,Negative,high,-0.0015189588759393381,-0.7158924340953843
3841,M061518_091_1,44,Positive,low,0.0013584443724353398,1.1453935401064783
3841,M061518_091_1,44,Positive,mid,0.0024366117025410258,1.1730673951949124
3841,M061518_091_1,44,Positive,high,0.003380044531271236,1.3126405189418158
3850,M061518_106_3,6DR,Negative,low,-0.0039057730626890835,-0.19623412564396858
3850,M061518_106_3,6DR,Negative,mid,-2.0863748064444868e-05,-0.77726060359984
3850,M061518_106_3,6DR,Negative,high,-0.0018318553658694962,-0.4510207305855286
3855,M061518_125_3,24c,Positive,low,-0.0011500210624477878,0.4602609778329817
3855,M061518_125_3,24c,Positive,mid,0.0029228599268216705,0.3960750784326698
3855,M061518_125_3,24c,Positive,high,0.0016610585940544718,0.609674858229937
3856,M061518_128_3,6DC,Negative,low,-0.0037869992029406223,-0.14955318274629997
3856,M061518_128_3,6DC,Negative,mid,0.0010924319672333375,-0.8106173614327472
3856,M061518_128_3,6DC,Negative,high,-0.001098200386177746,-0.5158346819376787
3858,M061518_135_2,6DR,Negative,low,0.0004459154535910364,-0.22279571396796136
3858,M061518_135_2,6DR,Negative,mid,-0.0023615119259478142,-0.5617860495711378
3858,M061518_135_2,6DR,Negative,high,-0.0014988107861334122,0.10891161210557598
3863,M061518_144_1,6DC,Negative,low,-0.0022738549306222555,-1.2349614590263949
3863,M061518_144_1,6DC,Negative,mid,-0.003130596815115904,-0.5326567292404237
3863,M061518_144_1,6DC,Negative,high,-0.002780679289868237,-0.4236992295444061
3874,M061818_004_3,11ml,Positive,low,0.0026750456872935433,0.4220015017529593
3874,M061818_004_3,11ml,Positive,mid,0.003021457591399709,-0.009963191673779449
3874,M061818_004_3,11ml,Positive,high,0.0021569920058870803,0.03612316206264962
3880,M061818_011_5,46v,Positive,low,0.0021452910204809122,-1.1563775899623228
3880,M061818_011_5,46v,Positive,mid,0.0019161467573885838,0.2956330620617096
3880,M061818_011_5,46v,Positive,high,0.003820743036129479,0.45475036682360653
3884,M061818_017_5,12l,Positive,low,0.004350815204827731,1.6819624930818544
3884,M061818_017_5,12l,Positive,mid,0.0009197565286037118,1.377502637179243
3884,M061818_017_5,12l,Positive,high,0.0009681445141832243,1.73234411464158
3890,M061818_036_2,45,Positive,low,-0.002907886280928216,-0.5030634943271883
3890,M061818_036_2,45,Positive,mid,0.0016596063409353838,-0.3411694780517425
3890,M061818_036_2,45,Positive,high,0.0019323301610124997,0.15297786277519715
3892,M061818_054_2,13m,Negative,low,-0.0007765365259603928,-0.20055037731546504
3892,M061818_054_2,13m,Negative,mid,0.000477218933791012,-0.9879079719745056
3892,M061818_054_2,13m,Negative,high,-0.001323263654927194,-0.509676925576495
3893,M061818_064_2,13m,Negative,low,-0.004380217853540721,-0.8013869101885155
3893,M061818_064_2,13m,Negative,mid,-0.0018065012375656608,-0.5782758164018689
3893,M061818_064_2,13m,Negative,high,-0.003252068656269206,-0.36792170840811206
3900,M061818_078_2,45,Negative,low,-0.005433071977040677,-0.08826536710022294
3900,M061818_078_2,45,Negative,mid,-0.0021769237973448827,-0.14453072992375063
3900,M061818_078_2,45,Negative,high,-0.005176221719030819,0.48847039626251143
3901,M061818_078_3,45,Negative,low,0.00014463036820180206,-0.42313974189627046
3901,M061818_078_3,45,Negative,mid,-0.0005535501055819981,-0.6160008372512713
3901,M061818_078_3,45,Negative,high,-0.000571147405953484,-0.7950809237960967
3905,M061818_091_2,44,Positive,low,0.00611235748995909,0.4744048977422585
3905,M061818_091_2,44,Positive,mid,0.0018180352496443807,0.7623345547254211
3905,M061818_091_2,44,Positive,high,0.0013198270435922405,0.6385061425496259
3906,M061818_097_3,8B,Positive,low,0.005147321152782197,0.4949357403525943
3906,M061818_097_3,8B,Positive,mid,0.00023067675627903416,0.8127885757513134
3906,M061818_097_3,8B,Positive,high,0.0005711493417927751,0.2771145111296399
3912,M061818_128_4,6DC,Negative,low,0.00010375568048723985,-0.40024578004468003
3912,M061818_128_4,6DC,Negative,mid,-0.001546666746589925,-0.060772947856351366
3912,M061818_128_4,6DC,Negative,high,-0.001124763036061612,-0.16035375967217208
3918,M061818_144_2,6DC,Negative,low,-0.0059384207580843,0.08305297950280756
3918,M061818_144_2,6DC,Negative,mid,-0.002928181748662183,-0.329980923437797
3918,M061818_144_2,6DC,Negative,high,-0.0031988762128902057,-0.147112980020076
3925,M061818_150_2,6DC,Positive,low,0.00231077144335533,1.0257306545848854
3925,M061818_150_2,6DC,Positive,mid,0.0012456691625812803,1.1590936810720383
3925,M061818_150_2,6DC,Positive,high,0.001218994084510617,1.079125775572861
3931,M061918_011_3,46v,Positive,low,0.002199388833596322,0.7421878290222416
3931,M061918_011_3,46v,Positive,mid,-0.0020714125907147136,0.644655869323991
3931,M061918_011_3,46v,Positive,high,0.002647715135188466,1.236917819536466
3932,M061918_012_3,12r,Negative,low,-0.0006325390249197982,-0.9969015171047851
3932,M061918_012_3,12r,Negative,mid,-0.0026819687001233454,-0.14603384469361502
3932,M061918_012_3,12r,Negative,high,-0.0007872233694043103,-0.3063223328156251
3940,M061918_036_5,45,Positive,low,0.0014051920581610899,-0.39336704035051717
3940,M061918_036_5,45,Positive,mid,0.0032048859422765573,0.11840488767474518
3940,M061918_036_5,45,Positive,high,0.002126023123080613,0.6058113906569716
3943,M061918_064_1,13m,Negative,low,0.0009560558519673433,0.011618181344078306
3943,M061918_064_1,13m,Negative,mid,0.0001598162650743829,-0.4816807086959934
3943,M061918_064_1,13m,Negative,high,-0.002666539640967386,-0.4263045141022473
3946,M061918_072_3,46d,Negative,low,-0.0012939605315488171,-0.17788281858264904
3946,M061918_072_3,46d,Negative,mid,-0.0008094938030171823,-0.16655111268392073
3946,M061918_072_3,46d,Negative,high,-0.0006354525646517309,-0.44591452393947345
3952,M061918_091_2,44,Positive,low,0.0005867074137941564,0.6113260165600729
3952,M061918_091_2,44,Positive,mid,-0.0015994253102621524,0.7172753778650439
3952,M061918_091_2,44,Positive,high,0.0009004888010657242,0.5248189995967211
3953,M061918_091_4,44,Positive,low,0.0011565151751453595,2.3080861979038665
3953,M061918_091_4,44,Positive,mid,-0.004452293207249758,1.6618075948487503
3953,M061918_091_4,44,Positive,high,0.0017668378504188981,1.4902367825912755
3954,M061918_097_3,8B,Positive,low,0.00018190401379898513,0.9886651307239063
3954,M061918_097_3,8B,Positive,mid,2.5971363834365653e-05,0.8652744901617571
3954,M061918_097_3,8B,Positive,high,0.0014671614285203577,-0.06003955876053359
3957,M061918_101_2,46v,Positive,low,0.003848626705489297,-0.213947765892542
3957,M061918_101_2,46v,Positive,mid,0.0007908241057153114,-0.12394824462745978
3957,M061918_101_2,46v,Positive,high,0.0017022017453092284,-0.4834018745025722
3966,M061918_144_1,6DC,Negative,low,-0.004171299394832808,-0.4724521724632732
3966,M061918_144_1,6DC,Negative,mid,-0.0017327604980767455,-0.582834501161911
3966,M061918_144_1,6DC,Negative,high,-0.002747484518613082,-0.08603654383602684
3969,M061918_146_6,6DC,Positive,low,0.0028837278688770185,-0.2941608477737166
3969,M061918_146_6,6DC,Positive,mid,0.0013463231024782231,-0.5659104096284289
3969,M061918_146_6,6DC,Positive,high,0.0003115655255136075,-0.7660632717629241
3971,M061918_149_2,6DC,Negative,low,-0.0015731095487674489,-1.1002363734140592
3971,M061918_149_2,6DC,Negative,mid,0.0007282521960475041,-0.8503777935098354
3971,M061918_149_2,6DC,Negative,high,-0.0014080352008784738,-0.4377167839680902
3980,M062018_013_4,11ml,Positive,low,0.0017227651683060017,-0.32984296611189445
3980,M062018_013_4,11ml,Positive,mid,-4.4014949103341006e-05,-0.6324874595777688
3980,M062018_013_4,11ml,Positive,high,0.001168892654810121,-0.08850818444698114
3983,M062018_017_4,12l,Positive,low,-0.00014564806169736227,2.0531933224835925
3983,M062018_017_4,12l,Positive,mid,0.0010710365098010133,1.65973866699936
3983,M062018_017_4,12l,Positive,high,0.0010148466783864339,1.4999280800041859
3990,M062018_036_3,45,Positive,low,0.0023955630262879487,-0.2533113691931011
3990,M062018_036_3,45,Positive,mid,0.002429711125285332,-0.4472336522071078
3990,M062018_036_3,45,Positive,high,0.002069897344005783,-0.2061174645734805
3993,M062018_064_2,13m,Negative,low,-0.0015465647010398137,0.1439570773083185
3993,M062018_064_2,13m,Negative,mid,-0.0033549138712665755,-0.21262156647574249
3993,M062018_064_2,13m,Negative,high,-0.0024682490417918973,-0.568454887252301
3999,M062018_091_3,44,Positive,low,0.0003988728729089943,0.4973116353830786
3999,M062018_091_3,44,Positive,mid,0.0009431236840081041,0.5977662939101012
3999,M062018_091_3,44,Positive,high,0.001004996930534573,0.5228673628532946
4000,M062018_093_3,AI,Positive,low,-0.00063237738518186,1.740488012756737
4000,M062018_093_3,AI,Positive,mid,0.002585040159189181,1.3787088831034358
4000,M062018_093_3,AI,Positive,high,0.0004552469384030308,1.2713686690949362
4003,M062018_101_4,46v,Positive,low,-0.0006253966820364554,-0.0783281758314885
4003,M062018_101_4,46v,Positive,mid,0.0013185302784546977,-0.1182431935886899
4003,M062018_101_4,46v,Positive,high,0.0013800019008223554,-0.376127964937858
4009,M062018_124_3,cd,Positive,low,0.007156707599165861,0.8934262910495185
4009,M062018_124_3,cd,Positive,mid,0.0025383492770774214,-0.17678192355521852
4009,M062018_124_3,cd,Positive,high,0.0026145048701049505,0.4803110186449142
4013,M062018_144_1,6DC,Negative,low,-0.0035804796441280327,-0.7417665324533186
4013,M062018_144_1,6DC,Negative,mid,-0.003073501903313483,-0.2459476199235454
4013,M062018_144_1,6DC,Negative,high,-0.003385437581344908,0.011249663479883416
4017,M062018_147_2,6DC,Positive,low,0.002166830376922593,0.23745108279903201
4017,M062018_147_2,6DC,Positive,mid,0.0008444086491022529,0.9827026650758953
4017,M062018_147_2,6DC,Positive,high,0.00327875568837347,0.5436943684551189
4021,M062018_152_1,6DC,Negative,low,0.003632234369418174,-1.533960930428184
4021,M062018_152_1,6DC,Negative,mid,-0.0019582044707142704,-1.5818738105293122
4021,M062018_152_1,6DC,Negative,high,-0.0005999771351093375,-1.42428917039849
4036,M062118_036_3,45,Positive,low,0.0026006769343380988,-0.4746790623878084
4036,M062118_036_3,45,Positive,mid,0.003187413959366943,-0.08839119739556212
4036,M062118_036_3,45,Positive,high,0.002459198153209907,0.23164798590339514
4041,M062118_064_1,13m,Negative,low,0.0021824226670374247,0.6583795862850778
4041,M062118_064_1,13m,Negative,mid,7.012734304177383e-05,-0.3692212456071396
4041,M062118_064_1,13m,Negative,high,-0.001019729820443885,-0.5121325032842483
4046,M062118_083_1,13l,Positive,low,-0.0009951813266576505,1.3668041563076487
4046,M062118_083_1,13l,Positive,mid,0.0011928734740821035,1.19731196209466
4046,M062118_083_1,13l,Positive,high,0.0012352960028670277,0.6536998829801262
4049,M062118_097_3,8B,Positive,low,-0.00010691594261867768,0.6013143019725146
4049,M062118_097_3,8B,Positive,mid,0.0016883748220349391,0.639040007090162
4049,M062118_097_3,8B,Positive,high,0.0010275180202433984,-0.28300471741786715
4051,M062118_101_1,46v,Positive,low,0.0032547444429320924,0.34978907571922674
4051,M062118_101_1,46v,Positive,mid,0.0012345466551539992,0.2512545224419406
4051,M062118_101_1,46v,Positive,high,0.0013922693474670866,-0.5436228006371543
4054,M062118_113_2,6DR,Negative,low,-0.002781280006378784,-0.9842877601321396
4054,M062118_113_2,6DR,Negative,mid,-0.0011750148004619526,-0.10995205122919845
4054,M062118_113_2,6DR,Negative,high,-0.0007530185446626156,-0.04273985807370153
4055,M062118_116_2,AMG,Positive,low,0.0032779440167994907,1.269427870135652
4055,M062118_116_2,AMG,Positive,mid,0.0012725974351440975,1.7249924663001805
4055,M062118_116_2,AMG,Positive,high,0.0007255985850869422,0.8244329355719086
4058,M062118_135_3,6DR,Negative,low,-0.003203619866102389,-0.9539507364163861
4058,M062118_135_3,6DR,Negative,mid,-0.0009134939147097505,-0.26863539589465535
4058,M062118_135_3,6DR,Negative,high,-0.0006698634937168278,0.6837606146410975
4061,M062118_144_1,6DC,Negative,low,-0.00330315586530954,-0.37611631722249145
4061,M062118_144_1,6DC,Negative,mid,-0.0026591099274895233,-0.2495807271246208
4061,M062118_144_1,6DC,Negative,high,-0.0021221699343109547,-0.04370047390044895
4067,M062118_147_7,6DC,Negative,low,-1.351132134486897e-07,-0.6533253860354622
4067,M062118_147_7,6DC,Negative,mid,-0.0013011198534979567,-0.48435654676520884
4067,M062118_147_7,6DC,Negative,high,-0.0010549016912813523,-0.4685358461693778
4068,M062118_149_4,6DC,Negative,low,-0.0003353388162327091,-0.9999807409185935
4068,M062118_149_4,6DC,Negative,mid,-0.001918674678786338,0.011073550385866196
4068,M062118_149_4,6DC,Negative,high,-0.0007867980112149511,0.453904035912994
4078,M062218_017_2,12l,Positive,low,0.0004319762530549224,1.3466868842649777
4078,M062218_017_2,12l,Positive,mid,-0.0006355783988106005,1.8409177486392703
4078,M062218_017_2,12l,Positive,high,0.0010783823498269306,1.276531993846925
4087,M062218_036_5,45,Positive,low,0.0013589233846612494,-0.5499700474826512
4087,M062218_036_5,45,Positive,mid,0.0005574318604679591,-0.4095417053722304
4087,M062218_036_5,45,Positive,high,0.001718413576781985,0.024812438318954015
4094,M062218_064_2,13m,Negative,low,-0.0070825595473803385,-0.06001350826765108
4094,M062218_064_2,13m,Negative,mid,-1.3539336449169936e-06,-0.8355444319012184
4094,M062218_064_2,13m,Negative,high,-0.0024074849513547824,-0.852453926658018
4102,M062218_097_3,8B,Positive,low,0.0017404043438690219,0.9367252555482102
4102,M062218_097_3,8B,Positive,mid,0.001704013560724076,-0.09490661633014214
4102,M062218_097_3,8B,Positive,high,0.002372774232237633,0.5235277418372223
4107,M062218_113_2,6DR,Negative,low,0.000936033170601162,-0.7928536249395962
4107,M062218_113_2,6DR,Negative,mid,0.0010015148816651062,-0.2001930879690094
4107,M062218_113_2,6DR,Negative,high,-0.001458024663758301,-0.031151189859063535
4109,M062218_125_2,24c,Positive,low,0.0018715295691949577,0.4156870963377336
4109,M062218_125_2,24c,Positive,mid,0.00383660670931161,1.1541607661037931
4109,M062218_125_2,24c,Positive,high,0.002286355642316851,0.38422632123306455
4110,M062218_128_3,6DC,Negative,low,0.0007762587281873641,-1.0144706863534951
4110,M062218_128_3,6DC,Negative,mid,-0.0013609547629178584,0.37277470921143385
4110,M062218_128_3,6DC,Negative,high,-0.003849073665792936,-0.3059692733598402
4113,M062218_135_3,6DR,Negative,low,-0.0018664634500535526,-0.6689683358601841
4113,M062218_135_3,6DR,Negative,mid,-0.001307783498500309,-0.6220856836434072
4113,M062218_135_3,6DR,Negative,high,-0.0009170447480075413,-0.1309628884693315
4114,M062218_144_2,6DC,Negative,low,-0.0017421965034091285,-0.4372165569349482
4114,M062218_144_2,6DC,Negative,mid,-0.0033091401928472624,-0.7994493084662159
4114,M062218_144_2,6DC,Negative,high,-0.0032991174247928297,-0.19009155623831542
4124,M062618_003_3,12r,Positive,low,0.003430261105614811,0.01824154553876046
4124,M062618_003_3,12r,Positive,mid,0.0013558464484637127,-0.39861449657686787
4124,M062618_003_3,12r,Positive,high,0.001228389684587493,-0.3934581380295056
4127,M062618_007_4,11ml,Negative,low,-0.0020279398322760552,-1.0691152580486092
4127,M062618_007_4,11ml,Negative,mid,-0.0008605134347585383,0.08539401792329171
4127,M062618_007_4,11ml,Negative,high,-0.001327987647504485,-0.6383078667318166
4131,M062618_017_4,12l,Positive,low,-0.002473828701078606,0.4516742938274081
4131,M062618_017_4,12l,Positive,mid,0.0011726474411470394,1.199160488294484
4131,M062618_017_4,12l,Positive,high,0.002269784060440186,0.6939660354927312
4148,M062618_072_2,46d,Negative,low,-0.002798659419707466,-0.21142511716896603
4148,M062618_072_2,46d,Negative,mid,-0.0012539591532401448,-0.16776044846368263
4148,M062618_072_2,46d,Negative,high,-0.001706450398912914,-0.34373235142399083
4152,M062618_091_2,44,Negative,low,0.0013926365230548206,-0.45675077939481773
4152,M062618_091_2,44,Negative,mid,-0.0007784736878848825,-1.209594513483333
4152,M062618_091_2,44,Negative,high,-0.001553383976575778,-1.0522531380074194
4153,M062618_094_1,AI,Positive,low,0.0020094838344747105,0.22092077262411375
4153,M062618_094_1,AI,Positive,mid,6.974241155977216e-06,-0.21638265252210193
4153,M062618_094_1,AI,Positive,high,0.0008868847327441723,-0.15315497092113903
4154,M062618_097_2,8B,Positive,low,0.0017897699825168084,-0.3639299634932393
4154,M062618_097_2,8B,Positive,mid,0.0025613955251844074,0.781467669658958
4154,M062618_097_2,8B,Positive,high,0.0013047340811383039,0.588303135031952
4160,M062618_113_3,6DR,Negative,low,-0.0009637635090711766,-0.6657521013362634
4160,M062618_113_3,6DR,Negative,mid,-0.0015141257008274601,-0.2135828141577386
4160,M062618_113_3,6DR,Negative,high,-0.0018228333608057495,-0.09343460000456372
4164,M062618_128_4,6DC,Negative,low,0.00021457081908202302,-0.281374991230648
4164,M062618_128_4,6DC,Negative,mid,-0.0015078452809202825,-0.2704852264441903
4164,M062618_128_4,6DC,Negative,high,-0.0012036018202075465,-0.5421285587990542
4168,M062618_144_1,6DC,Negative,low,-0.0002351146105605802,-0.4311778456818765
4168,M062618_144_1,6DC,Negative,mid,-0.0042028248846707646,-0.007421365536179102
4168,M062618_144_1,6DC,Negative,high,-0.0032893629576808718,-0.16911690889667105
4187,M062718_017_3,12l,Positive,low,-0.00023679842962145989,2.5058237994570107
4187,M062718_017_3,12l,Positive,mid,0.001719378715165016,0.6376346329710572
4187,M062718_017_3,12l,Positive,high,0.0010806500625571553,-0.20270168377565354
4200,M062718_064_2,13m,Negative,low,-1.5267339445009774e-05,-0.5548128704563676
4200,M062718_064_2,13m,Negative,mid,-0.002353836994757756,-0.6919060258501629
4200,M062718_064_2,13m,Negative,high,-0.0012258663561705977,-0.8410928974736996
4205,M062718_077_3,AI,Negative,low,9.65211499081064e-05,-0.5783053399458801
4205,M062718_077_3,AI,Negative,mid,-0.001957945206830797,-0.4355535354754251
4205,M062718_077_3,AI,Negative,high,-0.00159222950884687,-0.24819222426939966
4209,M062718_091_2,44,Negative,low,0.0016354101852043554,-0.9720192665788973
4209,M062718_091_2,44,Negative,mid,-0.0016498592161377748,-0.6573018130765741
4209,M062718_091_2,44,Negative,high,-0.0016813811682811158,-0.8326165982570108
4210,M062718_093_1,AI,Positive,low,0.003072417096379076,0.5181706002061124
4210,M062718_093_1,AI,Positive,mid,0.0032072304293885075,0.3218261028099348
4210,M062718_093_1,AI,Positive,high,0.0030231504799247853,0.48597438602730364
4211,M062718_093_2,AI,Positive,low,0.0004306049159735266,2.704853667990737
4211,M062718_093_2,AI,Positive,mid,0.0023633233418166363,1.074914019561052
4211,M062718_093_2,AI,Positive,high,0.0010284663813599597,0.18070707896072727
4212,M062718_094_2,AI,Positive,low,0.0007839587169189292,0.008190205400870988
4212,M062718_094_2,AI,Positive,mid,0.002048077880922378,-0.07700596457117155
4212,M062718_094_2,AI,Positive,high,0.001858452028849564,-0.06488227721895656
4222,M062718_117_3,6DC,Negative,low,-0.0010375730860323607,-0.6386071688831845
4222,M062718_117_3,6DC,Negative,mid,-0.0025232219029638525,-0.5970328539643226
4222,M062718_117_3,6DC,Negative,high,-0.0014775250299330636,-0.3431632207110354
4223,M062718_119_2,pu,Positive,low,-0.0017374594465135195,0.6909683290280141
4223,M062718_119_2,pu,Positive,mid,0.0033434164026922685,1.0870472064044965
4223,M062718_119_2,pu,Positive,high,0.002169892509622137,1.097577522516548
4224,M062718_128_3,6DC,Negative,low,-0.0010853519704427414,-0.5702040856223733
4224,M062718_128_3,6DC,Negative,mid,-0.0002137120394853072,0.20989410322897148
4224,M062718_128_3,6DC,Negative,high,-0.0010096936676722203,0.034913322113310226
4232,M062718_138_3,6DC,Negative,low,-0.001005326303202799,-1.0284826585243514
4232,M062718_138_3,6DC,Negative,mid,-0.003490566871924138,-0.3556248947235945
4232,M062718_138_3,6DC,Negative,high,-0.0016883532573540106,-0.44389245638619185
4233,M062718_138_5,6DC,Negative,low,6.272529716400289e-19,-0.7115811109542847
4233,M062718_138_5,6DC,Negative,mid,-0.0013679205889586138,-0.5374891835260213
4233,M062718_138_5,6DC,Negative,high,-0.0012985823844447876,-0.2051656312307656
4236,M062718_140_3,6DC,Negative,low,-0.00037430174860416375,-0.9692537486057313
4236,M062718_140_3,6DC,Negative,mid,-0.0007925049609601816,-0.92464353716909
4236,M062718_140_3,6DC,Negative,high,-0.00114941788658371,-0.49234194413893634
4237,M062718_144_3,6DC,Negative,low,-0.003121173408348739,-0.897403300112228
4237,M062718_144_3,6DC,Negative,mid,-0.002752551495625258,-0.3397746694980487
4237,M062718_144_3,6DC,Negative,high,-0.003050230218714519,-0.12309038718176786
4238,M062718_146_1,6DC,Positive,low,0.0017897667663847993,0.34026402739704137
4238,M062718_146_1,6DC,Positive,mid,0.00033605568730135085,-0.2113928365621471
4238,M062718_146_1,6DC,Positive,high,0.0005988558625924614,-0.3601097265868982
4239,M062718_146_4,6DC,Negative,low,-0.0017760501624007217,-0.9441580770602341
4239,M062718_146_4,6DC,Negative,mid,-0.0021126425975308907,-0.5326722892085145
4239,M062718_146_4,6DC,Negative,high,-0.0018355050768193845,-0.1555625947475892
4241,M062718_149_2,6DC,Negative,low,1.2545059432800578e-18,-0.814264714717865
4241,M062718_149_2,6DC,Negative,mid,-0.0015411880009999655,-0.3761108339994297
4241,M062718_149_2,6DC,Negative,high,-0.0010315406751153233,-0.35716811396699155
4253,M062818_011_3,46v,Negative,low,-0.0006701658581152845,-0.09162177330196003
4253,M062818_011_3,46v,Negative,mid,-0.0007669841462878065,-0.1838650889700078
4253,M062818_011_3,46v,Negative,high,-0.001224551658839941,-0.009806381167230675
4256,M062818_017_2,12l,Positive,low,0.0038114621540037783,0.6964819589052536
4256,M062818_017_2,12l,Positive,mid,0.0015138707471257884,1.2417068687483
4256,M062818_017_2,12l,Positive,high,0.0003684872189020715,-0.13199677418566041
4259,M062818_018_3,12l,Negative,low,-0.003334667129723368,1.845291650055996
4259,M062818_018_3,12l,Negative,mid,-0.002631538394082521,-0.5122274184466251
4259,M062818_018_3,12l,Negative,high,-0.003771779226085617,0.07917050305930604
4276,M062818_077_3,AI,Negative,low,-0.0007171550912043738,-0.22661613315396545
4276,M062818_077_3,AI,Negative,mid,-0.0009835177092454156,-0.6031387670712542
4276,M062818_077_3,AI,Negative,high,-0.001648501657175009,-0.21066611049853315
4278,M062818_077_6,AI,Positive,low,0.0021452140463646746,-0.659626209708597
4278,M062818_077_6,AI,Positive,mid,0.002841044564762808,-0.11975136472411244
4278,M062818_077_6,AI,Positive,high,0.0013768473186432475,0.45032480025230853
4281,M062818_095_2,AI,Positive,low,0.006919965670619776,1.4240009809554417
4281,M062818_095_2,AI,Positive,mid,0.002528453013030116,1.3494546766229305
4281,M062818_095_2,AI,Positive,high,0.0019507047894151582,0.8455159932110744
4282,M062818_097_3,8B,Positive,low,0.0023056611882493394,-0.7510207584732136
4282,M062818_097_3,8B,Positive,mid,0.002061502071331898,0.7056275596354039
4282,M062818_097_3,8B,Positive,high,0.0005489189168066667,-0.271404515029847
4289,M062818_119_3,pu,Positive,low,-0.0015924446705216516,0.05530436337488113
4289,M062818_119_3,pu,Positive,mid,0.000896138330129749,1.0504922361706637
4289,M062818_119_3,pu,Positive,high,0.0022301449379269083,0.050152553889292996
4292,M062818_125_3,24c,Negative,low,-0.0019129619871953967,0.07225843139305423
4292,M062818_125_3,24c,Negative,mid,-0.003939395407992962,-1.0444114382939333
4292,M062818_125_3,24c,Negative,high,-0.0025793487099668427,-0.059795607332319964
4293,M062818_128_2,6DC,Positive,low,0.002929729858454308,0.9738918570011309
4293,M062818_128_2,6DC,Positive,mid,0.004848029608080956,0.5580156977023439
4293,M062818_128_2,6DC,Positive,high,0.001670883841039813,0.3763133847618014
4295,M062818_130_2,AMG,Positive,low,0.0026831965475313303,0.5998943036556951
4295,M062818_130_2,AMG,Positive,mid,0.0027591552230165502,0.8982629775637179
4295,M062818_130_2,AMG,Positive,high,0.0019284368426439249,0.3327265816187477
4303,M062818_138_3,6DC,Positive,low,0.003272764159697531,0.7988402161052987
4303,M062818_138_3,6DC,Positive,mid,0.000899057477303925,0.9253431520719793
4303,M062818_138_3,6DC,Positive,high,0.001534259306429454,0.7340804674351176
4305,M062818_144_2,6DC,Negative,low,-0.0012232255398356461,0.4599584306973016
4305,M062818_144_2,6DC,Negative,mid,-0.003906689738777791,-0.3085933943582862
4305,M062818_144_2,6DC,Negative,high,-0.0036892899780323505,-0.3248845784728897
4306,M062818_146_2,6DC,Negative,low,0.0016687172583960104,-0.25140211438588156
4306,M062818_146_2,6DC,Negative,mid,-0.0013865785069178567,0.7890741567630258
4306,M062818_146_2,6DC,Negative,high,-0.00028524127423382086,0.26639317992011097
4310,M062818_147_5,6DC,Negative,low,-0.001512717730300308,0.0012060344705062556
4310,M062818_147_5,6DC,Negative,mid,-0.0013483031279236794,-0.2904520758478817
4310,M062818_147_5,6DC,Negative,high,-0.0012741739065512498,-0.04641239036316441
4324,M062918_017_3,12l,Positive,low,0.0012899032146645164,1.6897832692264518
4324,M062918_017_3,12l,Positive,mid,0.0016486947889455242,2.120912205657229
4324,M062918_017_3,12l,Positive,high,0.0007461712014466174,1.009439888095697
4331,M062918_034_1,11ml,Positive,low,0.002618784295429893,0.5620808105066593
4331,M062918_034_1,11ml,Positive,mid,-0.001886186570403753,1.7959991786721938
4331,M062918_034_1,11ml,Positive,high,0.0012935088756168714,0.41891143423010313
4333,M062918_039_3,13l,Positive,low,-0.0014193043749013378,0.7071662632776669
4333,M062918_039_3,13l,Positive,mid,0.0040194459626492615,0.9571842984658605
4333,M062918_039_3,13l,Positive,high,0.003450958608843807,0.5395746071417715
4340,M062918_064_2,13m,Negative,low,0.003387021765450201,-0.05336202979754167
4340,M062918_064_2,13m,Negative,mid,-0.0011584639339421163,-0.9062002774036665
4340,M062918_064_2,13m,Negative,high,-0.0009838458319969521,-0.8066554111172871
4347,M062918_097_2,8B,Positive,low,-0.0004052487053857369,-0.15930840446327002
4347,M062918_097_2,8B,Positive,mid,-0.0006100858843277607,0.8609615414273211
4347,M062918_097_2,8B,Positive,high,0.0016950017093143462,-0.08419422756694761
4352,M062918_105_3,pu,Negative,low,-0.0039807329704243145,-0.37298206506008763
4352,M062918_105_3,pu,Negative,mid,-0.0015225792458928881,-0.5056682284305433
4352,M062918_105_3,pu,Negative,high,-0.0008660175247147076,-0.22609457908180416
4359,M062918_128_3,6DC,Negative,low,-0.001335609464520384,0.1600342816169592
4359,M062918_128_3,6DC,Negative,mid,-0.0012399631566031018,-0.2542893618923269
4359,M062918_128_3,6DC,Negative,high,-0.0018307186446364428,0.22166592953356193
4369,M062918_144_1,6DC,Positive,low,0.0014820015248452481,-0.7681596689114112
4369,M062918_144_1,6DC,Positive,mid,0.004452511874639087,-0.4718364087220501
4369,M062918_144_1,6DC,Positive,high,0.003702427044101927,0.3811200859564389
4374,M062918_147_4,6DC,Negative,low,-0.0003973762889170589,-0.10198479550371502
4374,M062918_147_4,6DC,Negative,mid,-0.001507479037789464,-0.2815183724881849
4374,M062918_147_4,6DC,Negative,high,-0.0012350499668706673,-0.08686923774845663
4388,M070218_013_2,11ml,Negative,low,-0.0009677713952093531,1.0100333686188148
4388,M070218_013_2,11ml,Negative,mid,-0.0012271560675469503,0.745699397041873
4388,M070218_013_2,11ml,Negative,high,-0.0008611040261457879,0.7297670682039912
4410,M070218_078_2,45,Positive,low,0.0031253783416067297,-0.09520011107373778
4410,M070218_078_2,45,Positive,mid,0.002349372479058924,0.2952023522871263
4410,M070218_078_2,45,Positive,high,0.002098516876091073,0.056012199889440804
4411,M070218_088_2,cd,Positive,low,0.0020080730986434033,0.9585981108506827
4411,M070218_088_2,cd,Positive,mid,0.003927655846637009,0.21770297763319052
4411,M070218_088_2,cd,Positive,high,0.0038470740040173696,-0.04205906589534103
4414,M070218_097_2,8B,Positive,low,-0.0013428241247871885,1.6408495430357308
4414,M070218_097_2,8B,Positive,mid,0.000805380396392862,-0.0431674021921766
4414,M070218_097_2,8B,Positive,high,0.0013221911446956336,-0.21916285868479984
4418,M070218_106_2,pu,Positive,low,0.003935601535136049,1.3902187427868462
4418,M070218_106_2,pu,Positive,mid,0.0041842569462427716,1.0994594686845947
4418,M070218_106_2,pu,Positive,high,0.002951346082813418,1.4900162391079443
4422,M070218_117_2,pu,Negative,low,-3.2591786517261835e-05,-0.21840052806714955
4422,M070218_117_2,pu,Negative,mid,-0.004438599659477721,-0.11412028454169755
4422,M070218_117_2,pu,Negative,high,-0.0020263414215063087,-0.15910430463300568
4433,M070218_144_2,6DC,Positive,low,0.002387741603090492,-0.5490534043880164
4433,M070218_144_2,6DC,Positive,mid,0.0036057310654177307,-0.526996145637771
4433,M070218_144_2,6DC,Positive,high,0.003809991164302423,0.1088795901846432
4436,M070218_147_5,6DC,Negative,low,-0.000750546718087096,-0.5627402983568671
4436,M070218_147_5,6DC,Negative,mid,-0.00075280038459712,-0.31367750938310784
4436,M070218_147_5,6DC,Negative,high,-0.0015912811535434585,-0.025455789493622347
4438,M070218_156_4,cd,Positive,low,0.0008376335879123851,-0.5141701512069701
4438,M070218_156_4,cd,Positive,mid,0.0020424883367310374,-0.49819848536705125
4438,M070218_156_4,cd,Positive,high,0.0019229424341567398,-0.08321055797077467
4444,M070318_007_2,11ml,Negative,low,-0.004186727765260662,0.1882996105971729
4444,M070318_007_2,11ml,Negative,mid,-0.0006376533987535057,-0.31204116336897497
4444,M070318_007_2,11ml,Negative,high,-0.0009310567161758362,-0.5856904349539324
4450,M070318_013_3,11ml,Negative,low,-0.0024804447839144625,0.453922216107948
4450,M070318_013_3,11ml,Negative,mid,0.0011354677279518518,0.6373304634898538
4450,M070318_013_3,11ml,Negative,high,-0.001673523078702459,0.39891377167494196
4460,M070318_050_3,13l,Negative,low,4.181686477600193e-19,-0.734935462474823
4460,M070318_050_3,13l,Negative,mid,-0.0002327372908958614,-0.6376202258214776
4460,M070318_050_3,13l,Negative,high,-0.000657940886444757,-0.5749504059404382
4479,M070318_125_1,24c,Negative,low,0.00017856935187504275,-1.1709766716769154
4479,M070318_125_1,24c,Negative,mid,9.461857683629708e-05,-1.058791340909861
4479,M070318_125_1,24c,Negative,high,-0.00041659000872426935,-0.6189058592632884
4495,M070318_146_1,6DC,Negative,low,0.0005014607596356301,-0.8418408976666344
4495,M070318_146_1,6DC,Negative,mid,-0.0007465252983033216,-0.25342129138817454
4495,M070318_146_1,6DC,Negative,high,-0.0007961404234616785,0.01684016315038738
4496,M070318_147_1,6DC,Negative,low,-0.0008727350367199689,-0.3731225969923812
4496,M070318_147_1,6DC,Negative,mid,-0.0013076279740335474,-0.4553644654903555
4496,M070318_147_1,6DC,Negative,high,-0.0011096535929496832,-0.3777629291700136
4498,M070318_149_2,pu,Negative,low,-0.0031897786266411876,0.17702788563318142
4498,M070318_149_2,pu,Negative,mid,-0.0015361483785621263,-0.5486816834517368
4498,M070318_149_2,pu,Negative,high,-0.0010924961404090963,-0.22121597365112514
4504,M070418_005_2,11ml,Positive,low,0.0015009799602695281,1.0008242825997649
4504,M070418_005_2,11ml,Positive,mid,0.0018432229409238211,0.9298148200833262
4504,M070418_005_2,11ml,Positive,high,0.0003006464528864552,1.0690775419431995
4510,M070418_011_2,46v,Positive,low,0.002891855285504469,0.8010637805860694
4510,M070418_011_2,46v,Positive,mid,0.002925137376857238,1.4399957102954895
4510,M070418_011_2,46v,Positive,high,0.003279736397853301,1.2506938132018892
4523,M070418_036_2,45,Positive,low,0.0029045710046272104,0.3563165115297132
4523,M070418_036_2,45,Positive,mid,0.0019246008979984905,0.9233651825859477
4523,M070418_036_2,45,Positive,high,0.0005974630063920764,1.0803815357498638
4525,M070418_044_3,13m,Positive,low,-0.007063732595474039,2.3300542176364862
4525,M070418_044_3,13m,Positive,mid,0.0010647403019747915,0.6168938607702685
4525,M070418_044_3,13m,Positive,high,0.0022197481508291687,0.6375301146256844
4527,M070418_050_3,13l,Negative,low,-0.001607712859688504,-0.7309090304568088
4527,M070418_050_3,13l,Negative,mid,-0.0006579505502935454,-0.8864978822118629
4527,M070418_050_3,13l,Negative,high,-0.0005517576137777626,-0.7484516635314002
4542,M070418_097_3,8B,Negative,low,-0.0005431668739714909,-0.6680799412003373
4542,M070418_097_3,8B,Negative,mid,-0.0010615792990372674,-0.9394906735955776
4542,M070418_097_3,8B,Negative,high,-0.00042924417522803554,-0.8744320892256231
4549,M070418_125_4,24c,Negative,low,-0.000185490683307811,-0.5181423352350218
4549,M070418_125_4,24c,Negative,mid,-0.0013780510916416566,-0.6478355482012226
4549,M070418_125_4,24c,Negative,high,-0.002603711332948637,-0.14666126688540188
4552,M070418_128_5,6DC,Negative,low,-0.0005887129256302516,-1.0407209515373244
4552,M070418_128_5,6DC,Negative,mid,0.00024138213337746627,-0.9644026787031114
4552,M070418_128_5,6DC,Negative,high,-0.00022501633435548807,-0.8261448853027801
4562,M070418_144_1,6DC,Negative,low,-0.0027857769984545215,-0.6512128675454133
4562,M070418_144_1,6DC,Negative,mid,-0.0016982595522641196,-0.4080988417252489
4562,M070418_144_1,6DC,Negative,high,-0.0028522937478407894,-0.46754646806293626
4564,M070418_146_2,6DC,Negative,low,-0.0017776759189477695,-0.4313324406439324
4564,M070418_146_2,6DC,Negative,mid,-0.00040852823567447973,-0.8134324484180888
4564,M070418_146_2,6DC,Negative,high,-0.0020896820421263916,-0.3171820016638501
4565,M070418_147_1,6DC,Negative,low,-0.0008185703089763625,-0.5719243825572897
4565,M070418_147_1,6DC,Negative,mid,-0.0011251165279180277,-0.12872264349178705
4565,M070418_147_1,6DC,Negative,high,-0.0013843227161666875,-0.15684832725635173
4568,M070518_003_3,12r,Positive,low,0.006118955795743122,0.42126714985991226
4568,M070518_003_3,12r,Positive,mid,0.002449180489696025,-0.14024575460743247
4568,M070518_003_3,12r,Positive,high,0.0021453689876036967,-0.20697057361136534
4570,M070518_005_4,11ml,Positive,low,0.0025399634051047632,1.0823712605315132
4570,M070518_005_4,11ml,Positive,mid,0.001953460059243265,1.1482983946106002
4570,M070518_005_4,11ml,Positive,high,0.0006750210953606491,0.8793662839046928
4578,M070518_017_3,12l,Positive,low,-0.0015616087123294115,0.10819972169193472
4578,M070518_017_3,12l,Positive,mid,0.002281961825747053,0.801653199251116
4578,M070518_017_3,12l,Positive,high,0.0003303070100815559,-0.5844601900773914
4580,M070518_019_2,12m,Positive,low,-0.0025476755940915044,1.857843688244431
4580,M070518_019_2,12m,Positive,mid,0.0018437430064658848,1.4656990861734018
4580,M070518_019_2,12m,Positive,high,0.0016939268151256546,1.1437968495681559
4614,M070518_125_2,24c,Negative,low,-0.006281579826074598,-0.5294467564497899
4614,M070518_125_2,24c,Negative,mid,0.0006695579641898729,-0.5605905581807669
4614,M070518_125_2,24c,Negative,high,-0.001963887859378374,0.15683261214241412
4621,M070518_133_4,6DR,Negative,low,-0.0011259585491702829,-0.82538664463916
4621,M070518_133_4,6DR,Negative,mid,-0.001416506534893212,0.29878510198514824
4621,M070518_133_4,6DR,Negative,high,-0.0002644083054017758,0.490573179305294
4626,M070518_140_2,6DC,Positive,low,4.181686477600193e-19,-0.6567862629890442
4626,M070518_140_2,6DC,Positive,mid,-0.00029657503406401375,-0.04033356376872483
4626,M070518_140_2,6DC,Positive,high,0.0005287603738592206,0.4219221338907105
4628,M070518_144_3,6DC,Negative,low,-0.0011261846827411402,-0.6435189179271965
4628,M070518_144_3,6DC,Negative,mid,-0.00184142276508505,0.8648571060930136
4628,M070518_144_3,6DC,Negative,high,-0.002016826890377105,0.4695276451543494
4629,M070518_144_5,6DC,Negative,low,-0.0011637381549228353,-0.4381111814077175
4629,M070518_144_5,6DC,Negative,mid,-0.0020821853153118013,0.588830186420015
4629,M070518_144_5,6DC,Negative,high,-0.0020575542199461317,0.06460738166591025
4631,M070518_147_3,6DC,Negative,low,-0.0007789870157283705,-0.6365313602343338
4631,M070518_147_3,6DC,Negative,mid,-0.0011301059645438657,-0.032614514214829686
4631,M070518_147_3,6DC,Negative,high,-0.0011821001278257176,0.06882210029269756
4635,M070618_003_3,12r,Positive,low,0.0019015045134273595,0.01690206617516343
4635,M070618_003_3,12r,Positive,mid,0.002643806483230971,-0.2784132719498605
4635,M070618_003_3,12r,Positive,high,0.0015506643312406746,-0.08876724937735452
4636,M070618_003_4,12r,Positive,low,0.0019011773854343418,0.484294110076667
4636,M070618_003_4,12r,Positive,mid,0.003358373389051082,0.02672859820434219
4636,M070618_003_4,12r,Positive,high,0.0011346989482915453,-0.0349639947607512
4639,M070618_005_5,11ml,Positive,low,0.0005204394809191119,0.3935615375882848
4639,M070618_005_5,11ml,Positive,mid,0.0005860507902614395,0.8760551612408903
4639,M070618_005_5,11ml,Positive,high,0.0005326879199760085,1.1103836445760806
4642,M070618_010_3,12r,Positive,low,-0.0003627265702490752,0.3943735997176291
4642,M070618_010_3,12r,Positive,mid,0.0019539448761996545,0.4216749047511451
4642,M070618_010_3,12r,Positive,high,0.0013943391252354662,-0.1310357667920162
4645,M070618_014_3,11ml,Negative,low,-0.0007269857123625826,0.5705122820511553
4645,M070618_014_3,11ml,Negative,mid,-0.001384147796840026,0.3051342616697809
4645,M070618_014_3,11ml,Negative,high,-0.0009365457622004111,0.5693895663328457
4648,M070618_019_2,12m,Positive,low,-0.0006318954654691301,2.4475748785546734
4648,M070618_019_2,12m,Positive,mid,0.002330095857498294,1.0534554877862359
4648,M070618_019_2,12m,Positive,high,0.0006865281371299157,0.7229370179767418
4655,M070618_037_3,12o,Positive,low,0.00148012947515934,-0.8423001879962555
4655,M070618_037_3,12o,Positive,mid,0.0012789513685575005,-0.004241112590486187
4655,M070618_037_3,12o,Positive,high,0.0017314408715864123,0.1257584358625751
4664,M070618_066_2,45,Positive,low,0.009792792864249535,1.3101700974718207
4664,M070618_066_2,45,Positive,mid,0.001205430847356132,0.8650725651731925
4664,M070618_066_2,45,Positive,high,0.002061067132385321,0.2756100086845495
4665,M070618_067_3,45,Positive,low,-0.0004688444956099823,0.7688774170403694
4665,M070618_067_3,45,Positive,mid,0.002789810899438726,1.719313341250237
4665,M070618_067_3,45,Positive,high,0.00026602720467806823,1.6636922081774363
4694,M070618_144_3,6DC,Negative,low,-0.002027754949002676,-0.3087517662544676
4694,M070618_144_3,6DC,Negative,mid,-0.0032732565996859827,0.09794102772603899
4694,M070618_144_3,6DC,Negative,high,-0.0023913184235657796,-0.5283492377799581
4695,M070618_147_4,6DC,Negative,low,-0.001857182341305471,-0.44269547036410417
4695,M070618_147_4,6DC,Negative,mid,-0.001919274065916831,-0.10762317858794455
4695,M070618_147_4,6DC,Negative,high,-0.0009748524256100349,-0.10979038420760502
4701,M070918_003_3,12r,Positive,low,0.001716299059961453,-0.0449879972854528
4701,M070918_003_3,12r,Positive,mid,0.0024818163987962156,-0.06578579450126106
4701,M070918_003_3,12r,Positive,high,0.0007312846140451708,0.051173790095087324
4703,M070918_005_3,11ml,Positive,low,0.00044303902754539825,0.7497925387692332
4703,M070918_005_3,11ml,Positive,mid,0.0019967513210760257,1.0514219475169349
4703,M070918_005_3,11ml,Positive,high,0.00033547389135038535,1.1732784454120375
4707,M070918_007_6,11ml,Negative,low,0.0024253510713605946,-0.34545425525223356
4707,M070918_007_6,11ml,Negative,mid,0.00021691532906764965,-0.29186669319516323
4707,M070918_007_6,11ml,Negative,high,-0.0015672327836546431,-0.4752581055790764
4708,M070918_011_3,46v,Positive,low,-0.003067111907809935,2.7946627161863837
4708,M070918_011_3,46v,Positive,mid,0.0029079690744682955,0.3689826594064393
4708,M070918_011_3,46v,Positive,high,6.972889849242337e-05,0.49484928744456136
4709,M070918_012_3,12r,Negative,low,-0.0032993821706882196,-0.2937110300032893
4709,M070918_012_3,12r,Negative,mid,-0.0015521144466160237,-0.8453713131095353
4709,M070918_012_3,12r,Negative,high,-0.002103390424096853,-0.016188647407134174
4713,M070918_019_3,12m,Positive,low,0.004326214559669936,2.2973281309231743
4713,M070918_019_3,12m,Positive,mid,0.0015575276375483788,1.2147642473214477
4713,M070918_019_3,12m,Positive,high,0.0007367884453342345,0.6082688304231488
4714,M070918_019_4,12m,Positive,low,0.0043199325251765805,1.40980185288471
4714,M070918_019_4,12m,Positive,mid,0.0009453122890597021,0.765557726944321
4714,M070918_019_4,12m,Positive,high,0.00046077627840770556,-0.359148650077604
4729,M070918_067_3,45,Positive,low,0.0029700020095808897,0.6941710757804468
4729,M070918_067_3,45,Positive,mid,0.00019071780130382377,1.7022625035335142
4729,M070918_067_3,45,Positive,high,0.0009770074636435175,1.7041675842145516
4733,M070918_077_2,AI,Positive,low,0.0021155524181814592,0.27580312237967913
4733,M070918_077_2,AI,Positive,mid,0.004214176906845745,1.3805828563744642
4733,M070918_077_2,AI,Positive,high,0.004335751310523837,1.1561618017004849
4734,M070918_079_3,AI,Negative,low,-0.003829360625487695,-0.7155797044760525
4734,M070918_079_3,AI,Negative,mid,8.233803123954465e-05,-0.7117661566019504
4734,M070918_079_3,AI,Negative,high,-0.0003899109869055862,-0.6754079213158263
4753,M070918_130_3,AMG,Positive,low,-0.0007310769141600768,-0.9775188690959514
4753,M070918_130_3,AMG,Positive,mid,0.0009148163448530044,0.32547289754714703
4753,M070918_130_3,AMG,Positive,high,0.00131499887998348,-0.013304806217170024
4754,M070918_133_3,6DR,Negative,low,-0.003304143214941779,-0.5465264964861154
4754,M070918_133_3,6DR,Negative,mid,-0.0011979005314768495,0.5934390808372741
4754,M070918_133_3,6DR,Negative,high,-0.0002041473065550175,0.2638441415853448
4755,M070918_134_2,6DR,Positive,low,0.0018154743690970377,-1.2371976632940986
4755,M070918_134_2,6DR,Positive,mid,-0.001075284322945275,-0.19016577859839948
4755,M070918_134_2,6DR,Positive,high,0.0009568275713701563,-0.21095647624214978
4758,M070918_140_3,6DC,Positive,low,-0.0006584756086829058,0.30804182268902286
4758,M070918_140_3,6DC,Positive,mid,-0.000523922149181673,0.7085523122161109
4758,M070918_140_3,6DC,Positive,high,0.0016008964500870615,0.8560176151068556
4760,M070918_144_2,6DC,Negative,low,-0.0034054283681643205,0.6058504609301627
4760,M070918_144_2,6DC,Negative,mid,-0.002541227571187356,0.43779320841129815
4760,M070918_144_2,6DC,Negative,high,-0.00249138213775644,0.2922201539650707
4761,M070918_144_3,6DC,Negative,low,0.0010834497125785816,1.748137765041802
4761,M070918_144_3,6DC,Negative,mid,-0.00036200008106549234,-0.20109206021206683
4761,M070918_144_3,6DC,Negative,high,-0.0023699840860040003,-0.6146135841156921
4763,M070918_147_3,6DC,Negative,low,-0.00031330450696183474,-0.5263078748628175
4763,M070918_147_3,6DC,Negative,mid,-0.0016294301324389878,-0.17589893032453924
4763,M070918_147_3,6DC,Negative,high,-0.0013983180253141247,-0.27807869844118477
4765,M071018_003_3,12r,Positive,low,0.0017367328321879249,-0.462407592654394
4765,M071018_003_3,12r,Positive,mid,0.002501847337990822,0.08606360292585839
4765,M071018_003_3,12r,Positive,high,0.0008643875814379003,0.15593082831226324
4766,M071018_005_2,11ml,Positive,low,-0.00025405509215314904,1.256973459002579
4766,M071018_005_2,11ml,Positive,mid,0.002357969643328477,0.7602524723665488
4766,M071018_005_2,11ml,Positive,high,0.0004978658054558456,0.9343950628440908
4770,M071018_007_4,11ml,Negative,low,-0.0018524521701617995,-0.0360452386731911
4770,M071018_007_4,11ml,Negative,mid,-0.001160179878782147,-0.04812236941774405
4770,M071018_007_4,11ml,Negative,high,-0.0014400896026547257,-0.4209888900913757
4777,M071018_019_3,12m,Positive,low,0.0038046529566228425,1.078301248444359
4777,M071018_019_3,12m,Positive,mid,-0.001216892168258741,0.7088589955821708
4777,M071018_019_3,12m,Positive,high,0.0009117069387012456,-0.1391341526870199
4782,M071018_028_3,12o,Positive,low,0.003341729825433389,0.5301170832296979
4782,M071018_028_3,12o,Positive,mid,0.0016156685105502711,-0.11633825066562171
4782,M071018_028_3,12o,Positive,high,0.0025509577208893837,-0.3442635965688904
4786,M071018_044_3,13m,Positive,low,0.0025561890950891774,1.2464348712127142
4786,M071018_044_3,13m,Positive,mid,0.0014327889333187042,1.4938265502750379
4786,M071018_044_3,13m,Positive,high,0.000900555032865223,1.0082659948487052
4792,M071018_066_3,45,Negative,low,-0.0009619376621954043,-0.5883444801140297
4792,M071018_066_3,45,Negative,mid,-0.0002358768622749501,-0.6928898842094219
4792,M071018_066_3,45,Negative,high,-0.0012535351136276167,-0.6844391764673139
4797,M071018_077_3,AI,Positive,low,0.00404069641751549,0.3992786167341342
4797,M071018_077_3,AI,Positive,mid,0.0022053375500019905,1.1135495749740751
4797,M071018_077_3,AI,Positive,high,0.0040469865851805705,1.2544592292468832
4805,M071018_100_3,cd,Negative,low,-0.000575081569560301,-1.0879069903149532
4805,M071018_100_3,cd,Negative,mid,-0.0008093302481154234,-0.3000422664254574
4805,M071018_100_3,cd,Negative,high,-0.0013856387431285331,-0.6674126331475928
4806,M071018_101_2,45,Positive,low,0.00555672910070714,1.5231819295087292
4806,M071018_101_2,45,Positive,mid,0.0015405042871962417,1.3182017286486316
4806,M071018_101_2,45,Positive,high,0.0006726463228611451,0.19650582625133958
4812,M071018_125_1,24c,Negative,low,-0.0014438918367103179,-1.2541508999104594
4812,M071018_125_1,24c,Negative,mid,-0.0013515802488005982,0.0391752570080137
4812,M071018_125_1,24c,Negative,high,-0.002264565006232031,-0.34233127069793573
4818,M071018_130_3,AMG,Positive,low,0.0053919378713267315,0.5807976867389957
4818,M071018_130_3,AMG,Positive,mid,0.0018570412164083572,0.24695208608044747
4818,M071018_130_3,AMG,Positive,high,0.0022350643891873414,0.5009876373417663
4819,M071018_134_3,6DR,Positive,low,0.001852640230290854,-0.978364698982452
4819,M071018_134_3,6DR,Positive,mid,0.0003341331803350998,-0.4370378618151455
4819,M071018_134_3,6DR,Positive,high,0.0015832421533476396,-0.28856681260170286
4822,M071018_147_3,6DC,Negative,low,-0.0026644140839378098,0.026942437826136683
4822,M071018_147_3,6DC,Negative,mid,-0.0007515878223744359,-0.09288512509921623
4822,M071018_147_3,6DC,Negative,high,-0.0012750796088408147,-0.0483901551598499
4825,M071118_003_3,12r,Positive,low,0.0019125944923593851,1.0226513202815082
4825,M071118_003_3,12r,Positive,mid,0.001233613332248059,-0.10441186042508721
4825,M071118_003_3,12r,Positive,high,0.0012830402499978718,-0.2454084745368466
4828,M071118_007_3,11ml,Negative,low,-0.001375152572848032,0.392000551206895
4828,M071118_007_3,11ml,Negative,mid,-0.0007507676549694936,-0.10044157712374768
4828,M071118_007_3,11ml,Negative,high,-0.0009305512888523042,-0.4392794913805234
4831,M071118_013_3,11ml,Negative,low,0.000314357154277138,-0.7179755762888865
4831,M071118_013_3,11ml,Negative,mid,-0.00024446061704665634,-0.6960860168477659
4831,M071118_013_3,11ml,Negative,high,-0.00023047072044353996,-0.6983302970495875
4835,M071118_019_2,12m,Positive,low,0.0021727371932606793,2.0998833490819973
4835,M071118_019_2,12m,Positive,mid,0.000537900072057548,1.6395214619533394
4835,M071118_019_2,12m,Positive,high,0.000757300940298832,0.7247032188436949
4844,M071118_044_3,13m,Positive,low,0.002857143963123282,1.0758127612362038
4844,M071118_044_3,13m,Positive,mid,0.0029208343096705563,1.4390241580080867
4844,M071118_044_3,13m,Positive,high,0.0009900471145589112,1.1198143334237987
4862,M071118_100_2,cd,Negative,low,0.000491945860046117,-0.2514720492060304
4862,M071118_100_2,cd,Negative,mid,-0.0017278689635742896,-0.7590850517107252
4862,M071118_100_2,cd,Negative,high,-0.0009416607940303938,-0.603225015537711
4870,M071118_130_3,AMG,Positive,low,0.0036364279066320444,-0.46769970132289035
4870,M071118_130_3,AMG,Positive,mid,0.001959056522728389,0.42840940285917256
4870,M071118_130_3,AMG,Positive,high,0.002013753811521264,0.0538895225507624
4871,M071118_133_3,6DR,Negative,low,0.0014428794815752998,0.9171952051288772
4871,M071118_133_3,6DR,Negative,mid,-0.0006475078440782083,-0.49291871662697945
4871,M071118_133_3,6DR,Negative,high,-0.00037606535673875515,-0.46355095247857386
4873,M071118_144_3,6DC,Positive,low,0.001380567423996459,-0.44525582032175903
4873,M071118_144_3,6DC,Positive,mid,0.0028822026219657844,-0.16072558893991817
4873,M071118_144_3,6DC,Positive,high,0.0024117675162047825,0.6786881800370598
4877,M071218_005_1,11ml,Negative,low,-0.0018598803061497065,-0.746480357766573
4877,M071218_005_1,11ml,Negative,mid,-0.003360184107486284,0.6309449744919089
4877,M071218_005_1,11ml,Negative,high,-0.0016965003140965644,-0.45640747744385496
4878,M071218_005_5,11ml,Positive,low,0.0016274924693200174,0.9993045443991283
4878,M071218_005_5,11ml,Positive,mid,0.0014247020753348411,1.3151869007235955
4878,M071218_005_5,11ml,Positive,high,0.0007422304282733335,1.0499734304312263
4882,M071218_007_4,11ml,Negative,low,0.00164255124794806,-0.6491311475548959
4882,M071218_007_4,11ml,Negative,mid,-0.00039647187371467105,-0.42883223865695297
4882,M071218_007_4,11ml,Negative,high,-0.0016016640686907875,-0.403767426953823
4883,M071218_013_1,11ml,Negative,low,0.00042661630647622493,-0.08864968267738968
4883,M071218_013_1,11ml,Negative,mid,-0.0015048264438300286,-0.2380123807461359
4883,M071218_013_1,11ml,Negative,high,-0.000872578009749238,0.19963279990206229
4891,M071218_019_2,12m,Positive,low,0.0017723660761786815,1.8356827570872378
4891,M071218_019_2,12m,Positive,mid,0.0012664049227047488,1.836053104051536
4891,M071218_019_2,12m,Positive,high,-2.1531212476894665e-06,0.9090872278031018
4892,M071218_019_4,12m,Positive,low,-0.0010247966666086477,1.2673788761871925
4892,M071218_019_4,12m,Positive,mid,0.00042551864037833294,0.6809024484568553
4892,M071218_019_4,12m,Positive,high,0.0007156995193072263,-0.10395974145517274
4903,M071218_069_3,12o,Positive,low,0.0012868196123684396,0.3213191059304319
4903,M071218_069_3,12o,Positive,mid,0.0005548243626364885,0.36571349716628754
4903,M071218_069_3,12o,Positive,high,0.0024222867877432444,1.97219191970127
4912,M071218_093_1,AI,Negative,low,0.00013012867607073135,0.45775360928626063
4912,M071218_093_1,AI,Negative,mid,-0.0018071133106867554,0.7499905618150934
4912,M071218_093_1,AI,Negative,high,-0.002002488735163971,0.03802369441178483
4913,M071218_094_3,AI,Positive,low,-0.0006169390792521756,0.9484886607083921
4913,M071218_094_3,AI,Positive,mid,0.002133776676448882,1.388057825389549
4913,M071218_094_3,AI,Positive,high,0.004604749941813552,1.8228658548108427
4916,M071218_100_3,cd,Negative,low,0.001126967969619137,-1.204585081725668
4916,M071218_100_3,cd,Negative,mid,-0.002604780845685096,-0.22491271927225995
4916,M071218_100_3,cd,Negative,high,-0.001144147127363934,-0.3731523470380909
4918,M071218_101_3,45,Positive,low,0.003228436076828783,1.0607907380501953
4918,M071218_101_3,45,Positive,mid,0.0038832834254971414,0.6428243728176755
4918,M071218_101_3,45,Positive,high,0.0021009787324866636,1.1488323698127132
4922,M071218_113_1,24c,Negative,low,-0.004753087232357069,0.4464698975065881
4922,M071218_113_1,24c,Negative,mid,-0.0027934279169270727,-0.639685680667257
4922,M071218_113_1,24c,Negative,high,-0.0005189802303396503,-0.5903379102415729
4925,M071218_125_2,24c,Negative,low,-0.0011231568488232993,-1.6625867464677269
4925,M071218_125_2,24c,Negative,mid,-0.004209505243444687,-0.4087571027255175
4925,M071218_125_2,24c,Negative,high,-0.002618088639815621,-0.32276291718379907
4927,M071218_130_2,AMG,Positive,low,-0.0005223914873024233,0.06176584587982947
4927,M071218_130_2,AMG,Positive,mid,0.0019359089913247864,0.6198214552545847
4927,M071218_130_2,AMG,Positive,high,0.00039966633755895867,0.16172672824668946
4928,M071218_134_1,6DR,Positive,low,-1.9000025190211775e-05,-0.4800046948158568
4928,M071218_134_1,6DR,Positive,mid,0.0030802165466940487,-1.1569481827053296
4928,M071218_134_1,6DR,Positive,high,0.0033756771475682767,-0.09160916760122984
4930,M071218_144_2,6DC,Positive,low,0.001040257730992529,0.7528915496698205
4930,M071218_144_2,6DC,Positive,mid,0.0033801833359508537,0.31141317664805807
4930,M071218_144_2,6DC,Positive,high,0.0020462640251956714,0.7183415661223106
4936,M071318_003_3,12r,Positive,low,0.003956698498518527,0.2258424965506683
4936,M071318_003_3,12r,Positive,mid,0.002126748607261851,0.1674529901400201
4936,M071318_003_3,12r,Positive,high,0.000885674991882081,-0.19128831749326378
4937,M071318_005_1,11ml,Positive,low,0.0004207334484903948,1.1377754191094747
4937,M071318_005_1,11ml,Positive,mid,0.0009334802523643075,1.071605142162564
4937,M071318_005_1,11ml,Positive,high,0.0003770777289169841,0.9155324457489116
4944,M071318_013_3,11ml,Negative,low,-0.0037451434766763163,0.5205593990400657
4944,M071318_013_3,11ml,Negative,mid,-0.0015939206615503856,-0.2294535450083351
4944,M071318_013_3,11ml,Negative,high,-0.001713327291415877,0.2522696659371633
4945,M071318_013_4,11ml,Negative,low,-0.0005447925882625707,-0.8491714430628918
4945,M071318_013_4,11ml,Negative,mid,-0.000573680754385338,-0.7751824659436396
4945,M071318_013_4,11ml,Negative,high,-0.0005830408466701733,-0.6740537743500981
4947,M071318_017_3,12l,Positive,low,0.003503044617819809,2.2166986137182265
4947,M071318_017_3,12l,Positive,mid,-0.0006782940048384523,1.20372481552416
4947,M071318_017_3,12l,Positive,high,0.0009642663789966568,0.8064335748900391
4948,M071318_017_4,12l,Positive,low,-0.0011768586956761682,1.3290951971445828
4948,M071318_017_4,12l,Positive,mid,0.0016497696221482632,0.9115168444836317
4948,M071318_017_4,12l,Positive,high,0.001199094013029808,0.7864239024689511
4950,M071318_019_2,12m,Positive,low,0.0049076748242226085,2.0458200832769995
4950,M071318_019_2,12m,Positive,mid,0.0017301485230227214,1.860514029686939
4950,M071318_019_2,12m,Positive,high,0.0012675023681123024,0.8421841097155744
4969,M071318_069_1,12o,Positive,low,0.004199824177772149,0.2433906957154982
4969,M071318_069_1,12o,Positive,mid,0.002937642121145479,1.660039611527725
4969,M071318_069_1,12o,Positive,high,0.0019830163647998403,1.2600935529948472
4974,M071318_077_3,AI,Positive,low,0.003960326334018399,0.4685355272150278
4974,M071318_077_3,AI,Positive,mid,0.0031432590136013815,1.4207246510177145
4974,M071318_077_3,AI,Positive,high,0.0029066376025957794,1.40366418590264
4975,M071318_078_2,44,Negative,low,0.004062818299852676,-0.29659527623266624
4975,M071318_078_2,44,Negative,mid,0.002630476873230899,-0.6596940378449274
4975,M071318_078_2,44,Negative,high,-0.0018156769680617137,-0.6880591285605597
4979,M071318_093_3,AI,Negative,low,-0.001961117943466207,1.18368902042223
4979,M071318_093_3,AI,Negative,mid,-0.002068195716044605,0.25630963386875966
4979,M071318_093_3,AI,Negative,high,-0.0018814270607335885,-0.3061514463881573
4981,M071318_095_2,AI,Negative,low,-0.004299535602644233,-0.6168120301178673
4981,M071318_095_2,AI,Negative,mid,0.000294094157632328,0.595205913179286
4981,M071318_095_2,AI,Negative,high,-0.0023634113251444137,0.13770332357795062
4983,M071318_100_2,cd,Negative,low,-0.0031033355079118224,0.4778630160622007
4983,M071318_100_2,cd,Negative,mid,-0.0009592272990037252,-0.8257059405825896
4983,M071318_100_2,cd,Negative,high,-0.0012331915524653222,-0.45155434755874974
4985,M071318_101_4,45,Positive,low,0.00601197964903439,1.1991662763682087
4985,M071318_101_4,45,Positive,mid,0.003821436179229986,0.42335879550425465
4985,M071318_101_4,45,Positive,high,0.002276894799730683,0.6229995706026829
4989,M071318_125_3,24c,Negative,low,-0.0024128472794331317,-1.4067956953001102
4989,M071318_125_3,24c,Negative,mid,-0.0023923148383307455,-0.6697258542951572
4989,M071318_125_3,24c,Negative,high,-0.0018837140089913481,-0.11642939854159907
4991,M071318_130_2,AMG,Positive,low,0.0018344435218949772,0.5865564864906447
4991,M071318_130_2,AMG,Positive,mid,0.0011234115677711267,0.22396773086378843
4991,M071318_130_2,AMG,Positive,high,0.0015244316620266743,0.06339599578263241
4993,M071318_134_4,24c,Positive,low,-8.82296522189234e-05,-1.2762424427823795
4993,M071318_134_4,24c,Positive,mid,0.0006503323464966389,-1.0425004677129552
4993,M071318_134_4,24c,Positive,high,0.002607346208836206,-0.25995090627682915
4995,M071318_134_6,24c,Positive,low,-0.0012217822589573736,0.816497192282645
4995,M071318_134_6,24c,Positive,mid,-0.002766235895690595,1.6777195444519626
4995,M071318_134_6,24c,Positive,high,0.0010605653878749573,1.1767389686056065
4998,M071318_144_1,6DC,Positive,low,0.003272004800312306,0.029090798349923976
4998,M071318_144_1,6DC,Positive,mid,0.0026746262234953683,0.6616093554495664
4998,M071318_144_1,6DC,Positive,high,0.0022848222513668654,0.5669110126176635
5000,M071318_146_2,6DC,Positive,low,0.0009411179605472158,1.1884062361164318
5000,M071318_146_2,6DC,Positive,mid,-0.0001848912768549003,0.5916933600284072
5000,M071318_146_2,6DC,Positive,high,0.0007412363289783744,-0.011824201035125223
5001,M071318_146_4,6DC,Positive,low,0.0027889697436073195,-1.629852120704893
5001,M071318_146_4,6DC,Positive,mid,0.0037631085933427584,0.31333949015504475
5001,M071318_146_4,6DC,Positive,high,0.0025144594050151643,0.07849439420425852
5003,M071318_146_7,6DC,Positive,low,-0.0028896043887735334,1.746992310171268
5003,M071318_146_7,6DC,Positive,mid,0.00019440785144064958,0.01752032279413691
5003,M071318_146_7,6DC,Positive,high,0.00132075881804053,0.05853027191841467
5010,M071618_007_3,11ml,Negative,low,-0.005663912023177298,0.5802694940924049
5010,M071618_007_3,11ml,Negative,mid,-0.0014392438635634913,-0.06925277620652372
5010,M071618_007_3,11ml,Negative,high,-0.0008661160160383478,-0.2538499503346864
5011,M071618_011_3,46v,Negative,low,-0.0040375959656325545,-0.4452333375393179
5011,M071618_011_3,46v,Negative,mid,-0.001929932918988754,0.04218970631914037
5011,M071618_011_3,46v,Negative,high,-0.001760486650724661,-0.3697509664188708
5024,M071618_029_4,12o,Negative,low,1.2545059432800578e-18,-0.9297168850898743
5024,M071618_029_4,12o,Negative,mid,-0.0003063458270265783,-0.844420352910402
5024,M071618_029_4,12o,Negative,high,-0.0009135799663582087,-0.6102484658534039
5027,M071618_051_4,13m,Negative,low,-0.0021414511542004397,0.2604909158379968
5027,M071618_051_4,13m,Negative,mid,-0.0023609474500303376,-0.13140621296215932
5027,M071618_051_4,13m,Negative,high,-0.002076385092309596,-0.12048976426865106
5028,M071618_066_3,45,Positive,low,0.0034129327701470716,0.5210693281658378
5028,M071618_066_3,45,Positive,mid,0.000730876625737199,0.0974659209004828
5028,M071618_066_3,45,Positive,high,0.005533550923424797,1.8537148654138587
5034,M071618_077_4,AI,Positive,low,0.005940390594828268,1.8509063112219026
5034,M071618_077_4,AI,Positive,mid,0.0037806441725021676,0.869388849104905
5034,M071618_077_4,AI,Positive,high,0.0036278784102833288,1.2012471636972653
5039,M071618_093_1,AI,Negative,low,-0.002331430429749792,0.5788080722989264
5039,M071618_093_1,AI,Negative,mid,-0.0019886945528986844,0.008858832787527096
5039,M071618_093_1,AI,Negative,high,-0.0017461349077793646,-0.4164787589842779
5047,M071618_125_1,24c,Negative,low,-0.0012806059666915623,-1.4965580097351614
5047,M071618_125_1,24c,Negative,mid,-0.0025908630683931593,-0.5842027900919292
5047,M071618_125_1,24c,Negative,high,-0.0026783169191695352,-0.07743587116983962
5049,M071618_130_1,AMG,Positive,low,0.002724525576312089,-0.21866286331679233
5049,M071618_130_1,AMG,Positive,mid,-0.00016162118013012634,-0.1643202926455292
5049,M071618_130_1,AMG,Positive,high,0.0015645273350250793,-0.07273521660687635
5053,M071618_144_1,6DC,Positive,low,0.0015334285003888635,1.6095332172815495
5053,M071618_144_1,6DC,Positive,mid,0.003181899096642971,0.8692631420571933
5053,M071618_144_1,6DC,Positive,high,0.0020303072272922665,0.901143924120857
5055,M071618_146_1,6DC,Positive,low,0.0049522686142382125,-0.19747428589327318
5055,M071618_146_1,6DC,Positive,mid,0.0026161678892998356,0.12046166195281581
5055,M071618_146_1,6DC,Positive,high,0.0016084473774851259,-0.28270299269348237
5056,M071618_146_4,6DC,Positive,low,-0.0012282859985802198,1.1526927288169175
5056,M071618_146_4,6DC,Positive,mid,0.0006662140756141193,0.5867459700200142
5056,M071618_146_4,6DC,Positive,high,0.0006215667950084725,-0.19589260089545885
5057,M071618_147_3,6DC,Negative,low,-0.0010067220325315487,-0.5112856200287202
5057,M071618_147_3,6DC,Negative,mid,-0.001615750555310399,0.1561590732061497
5057,M071618_147_3,6DC,Negative,high,-0.0011534112501212562,0.07457090180968484
5064,M071718_005_1,11ml,Positive,low,5.873518385404992e-05,1.251653971717679
5064,M071718_005_1,11ml,Positive,mid,-0.0006718781607809284,1.4064586531501047
5064,M071718_005_1,11ml,Positive,high,0.0008428926495862414,1.0087253148861217
5067,M071718_007_3,11ml,Negative,low,-0.0031190021526970413,0.049304116957397906
5067,M071718_007_3,11ml,Negative,mid,-0.0011626511062412033,-0.31578333740325615
5067,M071718_007_3,11ml,Negative,high,-0.0011099700830982675,-0.35473908241272606
5070,M071718_013_4,11ml,Negative,low,-5.542997522993824e-05,-0.17343920808225038
5070,M071718_013_4,11ml,Negative,mid,-0.000678996578503822,0.07968679017582195
5070,M071718_013_4,11ml,Negative,high,-0.0017322072158713544,0.23368501855089902
5077,M071718_019_3,12m,Negative,low,2.0908432388000964e-19,-0.7474877238273621
5077,M071718_019_3,12m,Negative,mid,-0.0006723187821858266,-0.5079048292311574
5077,M071718_019_3,12m,Negative,high,-0.0005776550576778868,-0.5820882156764013
5081,M071718_029_3,12o,Negative,low,-0.0018654028935887925,-1.004598426076269
5081,M071718_029_3,12o,Negative,mid,-0.0011391748023396489,-1.0965229651693893
5081,M071718_029_3,12o,Negative,high,-0.0011336181827109066,-0.8783647764641512
5082,M071718_033_3,11ml,Positive,low,0.002601537178880019,0.9920471846342968
5082,M071718_033_3,11ml,Positive,mid,0.0007562805022745438,1.2599542116166749
5082,M071718_033_3,11ml,Positive,high,0.0023960072611031464,0.8494887233970566
5095,M071718_080_3,AI,Positive,low,0.0016127749176387978,1.8821106685973246
5095,M071718_080_3,AI,Positive,mid,0.0012671663156087556,1.4764793968438705
5095,M071718_080_3,AI,Positive,high,0.0028544979662283167,1.3088582084698606
5110,M071718_130_3,AMG,Positive,low,0.00032336111001167786,0.7027022651090739
5110,M071718_130_3,AMG,Positive,mid,0.00258374397175347,0.7264630832669082
5110,M071718_130_3,AMG,Positive,high,0.0013483689756778419,0.30480066852916976
5114,M071718_144_5,6DC,Positive,low,0.0016056715294072664,0.9106493405457322
5114,M071718_144_5,6DC,Positive,mid,0.003159914477653297,0.759299501159171
5114,M071718_144_5,6DC,Positive,high,0.0015328927066753954,0.6618933001875617
5118,M071818_005_2,11ml,Positive,low,0.0024129419476011716,0.8204741075591567
5118,M071818_005_2,11ml,Positive,mid,0.0018337919414592018,1.2055097162822717
5118,M071818_005_2,11ml,Positive,high,0.0009255049631974278,1.2549749165525452
5126,M071818_019_3,12m,Negative,low,-3.831303719252724e-05,-0.5131790851352863
5126,M071818_019_3,12m,Negative,mid,-0.0006348834270692288,-0.6455264002481436
5126,M071818_019_3,12m,Negative,high,-0.00023273933288401948,-0.6326028089257524
5131,M071818_029_2,12o,Negative,low,2.0908432388000964e-19,-0.907595694065094
5131,M071818_029_2,12o,Negative,mid,-0.0009517618729224312,-0.7671670928076777
5131,M071818_029_2,12o,Negative,high,-0.0007743703046667215,-0.6863489391502247
5133,M071818_036_3,45,Positive,low,0.005196084893697526,1.9486105484072858
5133,M071818_036_3,45,Positive,mid,-0.0008489292174268487,1.978360587070865
5133,M071818_036_3,45,Positive,high,0.0016402425241005376,1.3805332716411838
5136,M071818_044_3,13m,Negative,low,0.0026332409886915026,-1.1489524740645176
5136,M071818_044_3,13m,Negative,mid,-0.0005791244047016153,-0.9456493999815225
5136,M071818_044_3,13m,Negative,high,-0.0005116373024524092,-0.4982618388042672
5141,M071818_064_3,13m,Positive,low,0.0045990810591123865,-0.5697100233540757
5141,M071818_064_3,13m,Positive,mid,-0.0010206171004123973,1.6276861840546033
5141,M071818_064_3,13m,Positive,high,0.0018803117052336347,0.6077919629543475
5146,M071818_072_3,46v,Positive,low,0.007596481150883398,0.465190908305495
5146,M071818_072_3,46v,Positive,mid,0.0011123839057056997,0.4233062190114818
5146,M071818_072_3,46v,Positive,high,0.0006412138160986065,0.11458933069494656
5147,M071818_072_4,46v,Positive,low,0.003455794172247265,0.7436904200417037
5147,M071818_072_4,46v,Positive,mid,-0.0005007012876946635,0.496271729469832
5147,M071818_072_4,46v,Positive,high,0.000570747182556337,-0.03406184311908129
5151,M071818_093_2,AI,Negative,low,0.0025501328918421965,0.4268525730541128
5151,M071818_093_2,AI,Negative,mid,-0.0011906008107107307,-0.17457913028730232
5151,M071818_093_2,AI,Negative,high,-0.0015427504016578399,-0.229328726282216
5159,M071818_113_2,24c,Positive,low,0.0026534481353608324,-0.3793070017702617
5159,M071818_113_2,24c,Positive,mid,0.003996015363488468,-0.001071805056934547
5159,M071818_113_2,24c,Positive,high,0.0027568361267400316,0.1572084710359908
5163,M071818_144_1,6DC,Positive,low,0.00501668803769004,-0.45124651647224007
5163,M071818_144_1,6DC,Positive,mid,0.0011172190408059637,1.4915378827124388
5163,M071818_144_1,6DC,Positive,high,0.0015887981898990331,0.7226106585438298
5170,M071918_005_3,11ml,Negative,low,-0.004184984017459274,0.4475264170155946
5170,M071918_005_3,11ml,Negative,mid,-0.0012786443664848637,1.1780747537208278
5170,M071918_005_3,11ml,Negative,high,-0.002731996996605171,0.8367995499252046
5172,M071918_005_5,11ml,Positive,low,-0.0013977558695246486,0.7759878442447614
5172,M071918_005_5,11ml,Positive,mid,0.0005469305408413386,0.9516699475278076
5172,M071918_005_5,11ml,Positive,high,0.0008751065616545033,1.3769464695116447
5175,M071918_012_4,12r,Positive,low,0.007333228491879752,1.7577128521571193
5175,M071918_012_4,12r,Positive,mid,0.001955447423171356,0.6753165177032074
5175,M071918_012_4,12r,Positive,high,0.0019896771516464858,0.885580080187881
5182,M071918_019_3,12m,Negative,low,0.0,-0.7534210681915283
5182,M071918_019_3,12m,Negative,mid,-0.0002271996266090614,-0.7085069957965622
5182,M071918_019_3,12m,Negative,high,-0.00033530370014731134,-0.68399050896259
5186,M071918_029_3,12o,Negative,low,-2.0908432388000964e-19,-1.2573084831237793
5186,M071918_029_3,12o,Negative,mid,-0.00200340430460279,-0.9478710360612763
5186,M071918_029_3,12o,Negative,high,-0.0006173756861517875,-0.9316037086996183
5187,M071918_034_1,11ml,Positive,low,0.0018938327034825739,-0.23556225836423642
5187,M071918_034_1,11ml,Positive,mid,0.0011684624865857206,0.11714913602521296
5187,M071918_034_1,11ml,Positive,high,0.00030151751149257015,-0.3621433751654506
5188,M071918_036_2,45,Positive,low,-0.003923994125363371,2.3443513691127795
5188,M071918_036_2,45,Positive,mid,0.0023250725967159267,1.73304630823421
5188,M071918_036_2,45,Positive,high,0.0004195990056728137,1.301821002944337
5190,M071918_044_3,13m,Negative,low,-0.000617341859691747,-0.8938690541240816
5190,M071918_044_3,13m,Negative,mid,-0.0017182957264225214,-0.6092702409844479
5190,M071918_044_3,13m,Negative,high,-0.0008888106241961201,-0.46372307125423196
5193,M071918_064_3,13m,Positive,low,0.0007169617807643193,1.6484522337036613
5193,M071918_064_3,13m,Positive,mid,0.0031805101436885494,0.8446045935575458
5193,M071918_064_3,13m,Positive,high,0.0019152835704032325,0.9368100410789103
5211,M071918_113_2,24c,Positive,low,0.0014358807256773737,0.13466082748552818
5211,M071918_113_2,24c,Positive,mid,0.0010124012044937644,-0.21114070657612607
5211,M071918_113_2,24c,Positive,high,0.0019114819179586564,-0.13426988542129514
5238,M072018_019_2,12m,Negative,low,-9.884621360935224e-13,-0.646146893402106
5238,M072018_019_2,12m,Negative,mid,-0.0009584177113491749,-0.5218060216905174
5238,M072018_019_2,12m,Negative,high,-0.00031271760516735775,-0.5459153649711768
5247,M072018_064_1,13m,Positive,low,0.0016610905193336903,0.08578947834986667
5247,M072018_064_1,13m,Positive,mid,0.0038080848463256057,1.2521972831388233
5247,M072018_064_1,13m,Positive,high,0.0015797236156371546,0.5506074242975668
5248,M072018_067_3,45,Negative,low,0.00020118970147064253,0.9845335141642518
5248,M072018_067_3,45,Negative,mid,-0.005635400798669328,0.35679849772597855
5248,M072018_067_3,45,Negative,high,-0.0016612064028351423,0.06486973663062578
5251,M072018_077_3,AI,Negative,low,-0.0013633750119414023,0.3099913322862653
5251,M072018_077_3,AI,Negative,mid,-0.000712309641295829,-0.7355070465465948
5251,M072018_077_3,AI,Negative,high,-0.0006162894344840674,-0.6555481110753711
5256,M072018_093_3,AI,Negative,low,-0.002160806857995476,-0.057240632779511955
5256,M072018_093_3,AI,Negative,mid,-0.002381403660609537,0.18836195357360827
5256,M072018_093_3,AI,Negative,high,-0.0016417519435801794,-0.30921889309648937
5263,M072018_105_1,AMG,Positive,low,0.0025468097313334176,1.548247733647732
5263,M072018_105_1,AMG,Positive,mid,0.0007811857449995271,1.0444089988503797
5263,M072018_105_1,AMG,Positive,high,0.00038510820700274394,0.6562597313756355
5265,M072018_113_3,24c,Positive,low,0.0007913205889091624,-0.9764500946649497
5265,M072018_113_3,24c,Positive,mid,0.0037488897621120363,-0.17479509816267924
5265,M072018_113_3,24c,Positive,high,0.003159814381169098,0.10428474799086015
5269,M072018_140_3,pu,Negative,low,4.181686477600193e-19,-0.6669059991836548
5269,M072018_140_3,pu,Negative,mid,-0.0007159193678534686,-0.45662229960651046
5269,M072018_140_3,pu,Negative,high,-0.0004420341998649242,-0.42295450492825565
5278,M072318_004_3,11ml,Positive,low,0.0008600708201638231,-1.0013372813802393
5278,M072318_004_3,11ml,Positive,mid,0.0015944625977075517,-0.1576464456155859
5278,M072318_004_3,11ml,Positive,high,0.0016829285176631712,-0.5085585713068863
5296,M072318_064_1,13m,Positive,low,0.0031087419627902823,0.05477319760697455
5296,M072318_064_1,13m,Positive,mid,0.0034725820172202327,0.8055636227904152
5296,M072318_064_1,13m,Positive,high,0.002439429693933862,0.891978800929029
5307,M072318_105_1,AMG,Positive,low,0.002644263087794218,1.026898334217924
5307,M072318_105_1,AMG,Positive,mid,0.0006990249944486684,1.2727397192337746
5307,M072318_105_1,AMG,Positive,high,0.0005645157464330085,0.7817709948774582
5315,M072318_130_2,AMG,Positive,low,-0.003107257763488867,-0.4218889409412758
5315,M072318_130_2,AMG,Positive,mid,0.002963560305076401,0.1522478142421237
5315,M072318_130_2,AMG,Positive,high,0.0017113266264448927,-0.0837318313717935
5319,M072318_152_2,6DC,Negative,low,0.0006835897390957289,0.0674620318255959
5319,M072318_152_2,6DC,Negative,mid,-0.001123940281192879,0.31786583029562776
5319,M072318_152_2,6DC,Negative,high,-0.002681362853130022,0.4072701280468613
5325,M072418_011_4,46v,Negative,low,-0.0010508857141955166,-0.2905662910162026
5325,M072418_011_4,46v,Negative,mid,0.00038023894349860783,0.061104660937423116
5325,M072418_011_4,46v,Negative,high,-0.00043114092386850627,-0.07695752723819883
5327,M072418_013_2,11ml,Negative,low,0.0007928156409165905,-1.0043172221413865
5327,M072418_013_2,11ml,Negative,mid,-0.0015964296922250762,-0.592808100972526
5327,M072418_013_2,11ml,Negative,high,-0.0012355046502686897,-0.5313090400618443
5328,M072418_013_5,11ml,Negative,low,-0.0004887514503688483,-0.03357195696745458
5328,M072418_013_5,11ml,Negative,mid,-0.0003812024747167631,-0.6122295627534192
5328,M072418_013_5,11ml,Negative,high,-0.0004904704920887777,-0.7322159889037915
5331,M072418_019_2,12m,Negative,low,-0.001329724725130515,-0.5503717646321992
5331,M072418_019_2,12m,Negative,mid,0.0008951367142371464,-0.6950101214158853
5331,M072418_019_2,12m,Negative,high,-0.0017298132604916263,0.0313321203644234
5338,M072418_036_2,12l,Negative,low,-0.0018287728360905408,0.37856507964258684
5338,M072418_036_2,12l,Negative,mid,-0.0015815054875376025,0.5436681971789188
5338,M072418_036_2,12l,Negative,high,-0.0003340403284412576,0.7889609993396702
5347,M072418_064_2,13m,Positive,low,-0.0023117540197380134,0.036225414205770225
5347,M072418_064_2,13m,Positive,mid,-4.860608296331824e-05,0.28797936452221057
5347,M072418_064_2,13m,Positive,high,0.0022828816063901864,0.46967207062555577
5350,M072418_066_2,45,Positive,low,-0.0019577751467978626,0.10378798559159289
5350,M072418_066_2,45,Positive,mid,0.0007797535345065016,-0.68250061238042
5350,M072418_066_2,45,Positive,high,0.0016358609396713642,-0.45759679656708224
5366,M072418_105_1,AMG,Positive,low,0.0019526164313593557,1.4212949019105185
5366,M072418_105_1,AMG,Positive,mid,0.0009641693952670703,1.2479835338084748
5366,M072418_105_1,AMG,Positive,high,0.0002190849267641919,0.9795379696193829
5375,M072418_152_3,6DC,Negative,low,0.0008156711022887823,-0.43098114743831095
5375,M072418_152_3,6DC,Negative,mid,-0.0027407863317447036,0.3005848994735046
5375,M072418_152_3,6DC,Negative,high,-0.0018490301986535756,0.5614462577309397
5376,M072418_152_4,6DC,Negative,low,0.0010731164824230735,-0.3874030963187656
5376,M072418_152_4,6DC,Negative,mid,-0.0023381423559074854,0.44871130846035956
5376,M072418_152_4,6DC,Negative,high,-0.003985208379297357,0.9322435153411359
5377,M072418_156_3,cd,Negative,low,0.0007769509955245031,-0.5360283939270132
5377,M072418_156_3,cd,Negative,mid,-0.003767573580600695,0.7780254845369526
5377,M072418_156_3,cd,Negative,high,-0.001383074556847955,0.4039027241822611
5380,M072518_006_3,11ml,Positive,low,-0.00046486885819623495,0.9749931117051751
5380,M072518_006_3,11ml,Positive,mid,-5.648592106326862e-05,1.3907884489280016
5380,M072518_006_3,11ml,Positive,high,0.0019447932520852518,0.5932539773873097
5383,M072518_013_2,11ml,Negative,low,-0.0013810985033536223,-0.9379293960792255
5383,M072518_013_2,11ml,Negative,mid,-0.0006934342975938382,-0.8541362198587266
5383,M072518_013_2,11ml,Negative,high,-0.0011186890404557607,-0.8751606328812693
5391,M072518_026_3,45,Positive,low,0.00023477961821767156,-0.8859196384197191
5391,M072518_026_3,45,Positive,mid,0.0011298404748656332,-0.23365310516236304
5391,M072518_026_3,45,Positive,high,0.002188455254886081,0.10424657448277438
5400,M072518_064_3,13m,Positive,low,0.005601214098126289,0.9872349805978069
5400,M072518_064_3,13m,Positive,mid,-0.0009466510394487534,1.4027668948776513
5400,M072518_064_3,13m,Positive,high,0.002713375341416069,0.3319796941015705
5416,M072518_105_2,AMG,Positive,low,0.0019050643335261153,1.319365769178419
5416,M072518_105_2,AMG,Positive,mid,0.0006995767598654267,1.345426189720928
5416,M072518_105_2,AMG,Positive,high,0.0005518583078137822,0.9057413331680806
5422,M072518_130_3,AMG,Positive,low,0.004300575094324266,1.806366125546309
5422,M072518_130_3,AMG,Positive,mid,0.000625185315757072,0.42420285844486
5422,M072518_130_3,AMG,Positive,high,0.001014211428534118,-0.24419501953293024
5427,M072518_152_4,6DC,Negative,low,-0.004836546113144327,0.3134880995257028
5427,M072518_152_4,6DC,Negative,mid,-0.0023780301335489715,0.5035480484575616
5427,M072518_152_4,6DC,Negative,high,-0.002802152025483699,0.33865431942342394
5428,M072518_156_4,cd,Negative,low,4.181686477600193e-19,-0.8403670787811279
5428,M072518_156_4,cd,Negative,mid,-0.00034271189298220683,-0.7429262959520749
5428,M072518_156_4,cd,Negative,high,-0.0002941760330536098,-0.7392842876732647
5441,M072718_035_2,12l,Positive,low,0.004248527755995871,1.2441338409767324
5441,M072718_035_2,12l,Positive,mid,0.0011031054929881905,1.526541279427422
5441,M072718_035_2,12l,Positive,high,0.002208556108315794,1.0776772185689003
5446,M072718_064_1,13m,Positive,low,0.003999490832378126,0.10011974156757866
5446,M072718_064_1,13m,Positive,mid,-0.0017748804133143215,0.7161787269554084
5446,M072718_064_1,13m,Positive,high,0.0032984314903073005,0.7747453499845727
5448,M072718_066_4,45,Negative,low,-0.00019411552043357476,-0.16060373234291356
5448,M072718_066_4,45,Negative,mid,-0.0006048252334823475,-0.6354766600952598
5448,M072718_066_4,45,Negative,high,-0.0008183154069618405,-0.5726423177018936
5464,M072718_105_2,AMG,Positive,low,0.0008691891814989417,1.5488944591182638
5464,M072718_105_2,AMG,Positive,mid,0.0012648260047453275,1.4353770493667652
5464,M072718_105_2,AMG,Positive,high,0.0007128838219532378,0.8438992722458927
5470,M072718_130_3,AMG,Positive,low,0.0010889084342099865,0.5693151472440879
5470,M072718_130_3,AMG,Positive,mid,0.0006034933662669689,1.3822566094295357
5470,M072718_130_3,AMG,Positive,high,0.0006434602524933577,1.1071913377219151
5477,M072718_152_3,6DC,Negative,low,-0.0006640229151719559,0.042586695172741836
5477,M072718_152_3,6DC,Negative,mid,0.00012895275033092217,0.1305815554790535
5477,M072718_152_3,6DC,Negative,high,-0.0017518779247974602,0.3602479690806545
5478,M072718_156_3,cd,Negative,low,4.971502104681808e-05,-0.7106613064070113
5478,M072718_156_3,cd,Negative,mid,-4.385977281830783e-05,-0.8006018902021715
5478,M072718_156_3,cd,Negative,high,-0.00027306383734319374,-0.7083177150485916
5483,M073018_011_3,46v,Positive,low,0.0005977297760367573,0.8452229839230511
5483,M073018_011_3,46v,Positive,mid,0.0033687179876227095,1.6522165647318634
5483,M073018_011_3,46v,Positive,high,0.003952162087913982,0.6892814073513476
5487,M073018_014_4,11ml,Positive,low,0.0057309291653280916,0.811434008175284
5487,M073018_014_4,11ml,Positive,mid,-0.0009659416703802264,0.7627622616258815
5487,M073018_014_4,11ml,Positive,high,0.0008070551060844462,0.08536405407290165
5488,M073018_026_3,45,Positive,low,-0.0001366669466177589,-1.097077546569948
5488,M073018_026_3,45,Positive,mid,0.0022090189310022086,0.012337776447201578
5488,M073018_026_3,45,Positive,high,0.001275776547071035,-0.005320717091226606
5496,M073018_064_3,13m,Positive,low,0.0008681125361007295,0.2780240257842541
5496,M073018_064_3,13m,Positive,mid,0.0016202383044980357,0.4735853452384224
5496,M073018_064_3,13m,Positive,high,0.002521721761065147,0.9673541558909535
5498,M073018_066_4,45,Negative,low,0.0005210010772057592,-0.7486015491557738
5498,M073018_066_4,45,Negative,mid,-0.0004132245004764563,-0.8713196358843374
5498,M073018_066_4,45,Negative,high,-0.0009384568406688031,-0.6541624150042129
5501,M073018_078_2,44,Positive,low,0.003951172804251369,-0.1376676559378388
5501,M073018_078_2,44,Positive,mid,0.0017821533963759753,1.0571162520153154
5501,M073018_078_2,44,Positive,high,0.0020715695921116814,0.6318903594039872
5508,M073018_093_3,AI,Negative,low,-0.002371355684943075,0.013291182013752696
5508,M073018_093_3,AI,Negative,mid,-0.00010966442590887922,-0.17103860940096183
5508,M073018_093_3,AI,Negative,high,-0.00270203497760952,0.4585496987268087
5513,M073018_105_1,AMG,Positive,low,0.0020633399187581143,1.2520670068144997
5513,M073018_105_1,AMG,Positive,mid,0.0012005508510229037,1.3488311187399802
5513,M073018_105_1,AMG,Positive,high,0.0009704458936561665,1.0618526197709577
5517,M073018_113_4,24c,Positive,low,0.0021376263450768075,0.08588566329444879
5517,M073018_113_4,24c,Positive,mid,-0.0001782821644463728,0.04167766267059529
5517,M073018_113_4,24c,Positive,high,0.0024129996333370368,0.2188611354441777
5520,M073018_134_3,24c,Positive,low,0.0023895370316012743,-0.4845518222246815
5520,M073018_134_3,24c,Positive,mid,0.0006350365244063013,-0.3546135806671512
5520,M073018_134_3,24c,Positive,high,0.0016929645905069581,-0.5141464603609851
5527,M073018_152_3,6DC,Negative,low,-0.004328411466271188,0.5377224488576589
5527,M073018_152_3,6DC,Negative,mid,4.9749843814127534e-05,0.532474253390189
5527,M073018_152_3,6DC,Negative,high,-0.0031844188407417753,0.0626206407507013
5534,M073118_010_3,12r,Positive,low,0.002726523308480605,1.223810773280863
5534,M073118_010_3,12r,Positive,mid,0.00043019493701484815,0.20710009039912727
5534,M073118_010_3,12r,Positive,high,0.0001755409664355638,-0.31367923610668613
5538,M073118_014_3,11ml,Positive,low,0.001156128715919922,0.08812351225752899
5538,M073118_014_3,11ml,Positive,mid,0.0010788749460757107,0.20200683169529662
5538,M073118_014_3,11ml,Positive,high,0.0027154493194061573,0.03152039819551026
5541,M073118_026_1,45,Positive,low,0.001963048742876817,-0.9182387503443562
5541,M073118_026_1,45,Positive,mid,0.0008276533878937197,-0.5659981288059232
5541,M073118_026_1,45,Positive,high,0.0012523157549408958,-0.22304714163385653
5543,M073118_036_3,12l,Negative,low,-0.002892972754387277,-1.2203797599867903
5543,M073118_036_3,12l,Negative,mid,-0.0009527606481833669,-1.0058726207190465
5543,M073118_036_3,12l,Negative,high,-0.0012142085462214535,-0.6685183258129039
5550,M073118_064_3,13m,Positive,low,0.0015738573039895739,-0.2574754924818094
5550,M073118_064_3,13m,Positive,mid,0.0017635777695978088,1.020484518873414
5550,M073118_064_3,13m,Positive,high,0.0019249756099205095,1.1085899988446577
5551,M073118_065_4,24c,Negative,low,-0.0018045885636750476,0.5325139432951046
5551,M073118_065_4,24c,Negative,mid,-0.00164071197000469,-0.1564293822891814
5551,M073118_065_4,24c,Negative,high,-0.0012275563137836352,-0.04382118392984047
5552,M073118_066_3,45,Negative,low,0.0016542197794075036,-0.2638157601383036
5552,M073118_066_3,45,Negative,mid,-0.0011231262642796324,-0.8189167146185125
5552,M073118_066_3,45,Negative,high,-0.0008045408348060009,-0.7485452622125629
5556,M073118_090_3,45,Negative,low,-0.0014992200457157562,-0.7872247510836049
5556,M073118_090_3,45,Negative,mid,-0.0007892937315319491,-1.0224867800805415
5556,M073118_090_3,45,Negative,high,-0.0004595911276941397,-1.0109018813353807
5561,M073118_105_3,AMG,Positive,low,0.0015253777710063443,1.2624219548880757
5561,M073118_105_3,AMG,Positive,mid,0.0008837524643202704,1.236853132529584
5561,M073118_105_3,AMG,Positive,high,0.001029254590088858,1.046472501139871
5562,M073118_109_3,8B,Negative,low,0.0013489248790364825,-0.8638039513455453
5562,M073118_109_3,8B,Negative,mid,-0.0012336961074696253,-1.0640450411549027
5562,M073118_109_3,8B,Negative,high,-0.00014690922217063418,-1.1235277299674695
5568,M073118_128_4,6DC,Negative,low,-0.0015440410619573881,-0.08551555546446116
5568,M073118_128_4,6DC,Negative,mid,-0.002357492143151594,-0.85218969746702
5568,M073118_128_4,6DC,Negative,high,-0.0017652637840340649,-0.5505378545144148
5571,M073118_140_3,pu,Negative,low,-0.0015184013030261408,-0.8357997610886114
5571,M073118_140_3,pu,Negative,mid,-0.0026390945394156144,-0.4336379626517908
5571,M073118_140_3,pu,Negative,high,-0.0019549653975711504,-0.5312100511587406
5575,M073118_152_3,6DC,Negative,low,-0.001228136863868399,-0.8311502705118967
5575,M073118_152_3,6DC,Negative,mid,-8.678365359230524e-05,-0.48925055202638634
5575,M073118_152_3,6DC,Negative,high,-0.0012605004269079726,0.3150622103944965
5580,M080118_014_3,11ml,Positive,low,0.007534964062343023,1.1083656763394492
5580,M080118_014_3,11ml,Positive,mid,-0.00026068792266616575,0.46462051852083436
5580,M080118_014_3,11ml,Positive,high,0.001372932575987568,0.42225437267829113
5603,M080118_090_2,45,Negative,low,-0.0011068264590103764,-0.9960863524191732
5603,M080118_090_2,45,Negative,mid,0.00029413867644274226,-0.9429125722355136
5603,M080118_090_2,45,Negative,high,-0.00041437768668810883,-0.7965302474288496
5609,M080118_105_2,AMG,Positive,low,-0.00014806253092698238,1.4982241840410153
5609,M080118_105_2,AMG,Positive,mid,0.0015892686493712367,1.2726173647826602
5609,M080118_105_2,AMG,Positive,high,0.0012741116243096947,0.8302647934578817
5615,M080118_130_3,AMG,Positive,low,0.0035081420508612103,0.1464521459702049
5615,M080118_130_3,AMG,Positive,mid,0.0001328765103185919,1.0546741519558809
5615,M080118_130_3,AMG,Positive,high,0.0015087226391775682,0.8703110013622016
5618,M080118_140_3,pu,Negative,low,-4.353386108445284e-07,-1.0106227255105575
5618,M080118_140_3,pu,Negative,mid,-0.0007759841108621842,-0.8315692256373692
5618,M080118_140_3,pu,Negative,high,-0.0008446631679696969,-0.6247143173673982
5622,M080118_152_3,6DC,Negative,low,0.0005438616161612376,-0.5938556299075336
5622,M080118_152_3,6DC,Negative,mid,-0.0008061570894503712,0.4089637861235343
5622,M080118_152_3,6DC,Negative,high,-0.0015114793484389453,0.5522360284797252
5646,M080218_066_5,45,Positive,low,0.005407892271277019,1.2625843806412325
5646,M080218_066_5,45,Positive,mid,0.0029704934846685647,0.5297575241033012
5646,M080218_066_5,45,Positive,high,0.002080090406552541,0.4042487408502489
5654,M080218_085_3,13m,Positive,low,0.0036113863752796904,0.008753990576278648
5654,M080218_085_3,13m,Positive,mid,0.0014730699398267644,-0.3513141873055533
5654,M080218_085_3,13m,Positive,high,0.002087125245070551,-0.3193340940887539
5661,M080218_105_1,AMG,Positive,low,0.0009072770438835667,1.3638094932882243
5661,M080218_105_1,AMG,Positive,mid,0.0025902112466635375,1.335523219552889
5661,M080218_105_1,AMG,Positive,high,0.001408152039433618,0.9232264697155024
5664,M080218_130_2,AMG,Positive,low,0.00160336134294072,1.2171397126867078
5664,M080218_130_2,AMG,Positive,mid,0.0006465756889759564,0.3578971798220867
5664,M080218_130_2,AMG,Positive,high,0.00023291395997948594,0.49555994700423495
5671,M080218_152_1,6DC,Negative,low,-0.003988018908677983,-0.5661466491486902
5671,M080218_152_1,6DC,Negative,mid,-0.0033272369372100816,0.4126249110009612
5671,M080218_152_1,6DC,Negative,high,-0.005384904502297424,0.1365558776404777
5675,M080318_010_3,12r,Positive,low,0.0012781912997163315,-0.40001302272602046
5675,M080318_010_3,12r,Positive,mid,0.003525704799770124,0.054188456030689586
5675,M080318_010_3,12r,Positive,high,0.0007103226094030251,0.44246660331698034
5720,M080318_099_3,cd,Negative,low,-0.002227208742944328,0.19416084587914922
5720,M080318_099_3,cd,Negative,mid,-0.0013222451876122039,-0.5003655570979151
5720,M080318_099_3,cd,Negative,high,-0.0007980793971507204,-0.7695614661333366
5725,M080318_113_3,24c,Positive,low,-0.0005133012192818174,0.4456627610621481
5725,M080318_113_3,24c,Positive,mid,0.0015564103894766086,-0.24065638332009415
5725,M080318_113_3,24c,Positive,high,0.0012569508898405137,-0.17982405115157396
5732,M080318_135_5,24c,Negative,low,-0.0031285784270031263,-0.5542996541353659
5732,M080318_135_5,24c,Negative,mid,-0.001645632168222556,-0.69271722467641
5732,M080318_135_5,24c,Negative,high,-0.0018975670896514418,-0.8724360556501318
5739,M080318_152_2,6DC,Negative,low,-0.0008962234620421163,-0.8689963888211663
5739,M080318_152_2,6DC,Negative,mid,-0.006502296270112534,0.1339157740155486
5739,M080318_152_2,6DC,Negative,high,-0.0038105732034542186,-0.03461795959686752
5745,M080618_013_2,11ml,Positive,low,0.0016220378940492908,-0.11925669344874372
5745,M080618_013_2,11ml,Positive,mid,0.0031574772081367506,0.9573677219299386
5745,M080618_013_2,11ml,Positive,high,0.0021986709338393065,1.5188950448980347
5748,M080618_018_1,12m,Positive,low,0.004299249206521939,0.41383156800806675
5748,M080618_018_1,12m,Positive,mid,0.0029579267002769285,1.3530085624355246
5748,M080618_018_1,12m,Positive,high,0.0007966505349578248,1.8493799953016385
5772,M080618_097_1,8B,Positive,low,0.000864572917843185,0.6975224635090532
5772,M080618_097_1,8B,Positive,mid,0.0024350631943505095,-0.40481715458762924
5772,M080618_097_1,8B,Positive,high,0.001966112309117764,0.08473618372696794
5785,M080618_135_6,24c,Negative,low,-0.003437862467116227,-0.3146039281918291
5785,M080618_135_6,24c,Negative,mid,-0.0009651567746255681,-0.06795764946331892
5785,M080618_135_6,24c,Negative,high,-0.0014809718895929464,-0.4783684154459122
5786,M080618_135_7,24c,Negative,low,-9.947774006309014e-05,-0.9448174291759878
5786,M080618_135_7,24c,Negative,mid,-0.00017570389929554809,-0.6433040107446978
5786,M080618_135_7,24c,Negative,high,-0.0011193076164459008,-0.6366872049359831
5788,M080618_146_3,6DC,Positive,low,0.00038653279699464376,-0.3222562433494535
5788,M080618_146_3,6DC,Positive,mid,0.002124721740659033,0.294843181027115
5788,M080618_146_3,6DC,Positive,high,0.0027074200716394737,-0.13925381782797852
5789,M080618_152_3,6DC,Negative,low,-0.004825265121652724,-0.09975092288086534
5789,M080618_152_3,6DC,Negative,mid,-0.002348504732135027,0.49414347096023997
5789,M080618_152_3,6DC,Negative,high,-0.002988699583662174,0.9402163329932486
5793,M080718_010_3,12r,Positive,low,-0.0015882971705907913,0.6302143564500448
5793,M080718_010_3,12r,Positive,mid,0.0030741325480241584,0.3413734652497922
5793,M080718_010_3,12r,Positive,high,0.0014271212785531796,0.5295892930101486
5795,M080718_013_2,11ml,Positive,low,0.002453236343792435,0.6530829414058191
5795,M080718_013_2,11ml,Positive,mid,0.0025242224812323773,1.0458077151644447
5795,M080718_013_2,11ml,Positive,high,0.003078593032662453,1.3517068444988296
5796,M080718_016_2,11ml,Positive,low,0.004847371699243402,0.04544217259229506
5796,M080718_016_2,11ml,Positive,mid,0.0018450106503405147,0.41160952457306327
5796,M080718_016_2,11ml,Positive,high,0.0012133876798733094,0.08608826043988807
5817,M080718_074_3,13m,Negative,low,-0.0024829531141484945,-0.6704678602312101
5817,M080718_074_3,13m,Negative,mid,-0.002741922253308314,-0.6598966936806017
5817,M080718_074_3,13m,Negative,high,-0.0016922201464856959,-0.6102870079031979
5818,M080718_077_2,AI,Positive,low,0.003879138335898547,0.09185673360605902
5818,M080718_077_2,AI,Positive,mid,0.0023071287918496218,1.1998967194911123
5818,M080718_077_2,AI,Positive,high,0.0013975917785291735,1.28914586269915
5825,M080718_097_1,8B,Positive,low,0.0020447474945916944,-0.1071429751736318
5825,M080718_097_1,8B,Positive,mid,0.0017586433951969859,0.10544394536728167
5825,M080718_097_1,8B,Positive,high,0.0027785364037700294,-0.12067143964432428
5835,M080718_135_3,24c,Negative,low,-0.004225174883752926,-0.10707257727095966
5835,M080718_135_3,24c,Negative,mid,-0.0017001384256207146,-0.3069247175240502
5835,M080718_135_3,24c,Negative,high,-0.0008463104820650111,-0.4440312980181815
5837,M080718_135_5,24c,Negative,low,-0.0014411851720131995,-0.9015509888852099
5837,M080718_135_5,24c,Negative,mid,-0.001479351077850845,-0.5686720001791951
5837,M080718_135_5,24c,Negative,high,-0.001029498570442706,-0.537130536632411
5839,M080718_140_3,pu,Positive,low,0.0008399726353274534,0.22291621996381145
5839,M080718_140_3,pu,Positive,mid,0.0018051239015822278,0.43869367462719255
5839,M080718_140_3,pu,Positive,high,0.0005928452456957132,0.9116888937854926
5841,M080718_144_5,6DC,Positive,low,0.002154230048826739,0.8331483392860003
5841,M080718_144_5,6DC,Positive,mid,0.001835920137681664,1.0100246667397053
5841,M080718_144_5,6DC,Positive,high,0.002208677677801964,1.1390159249603253
5842,M080718_146_4,6DC,Negative,low,0.00039950843822271216,-0.5698756387088442
5842,M080718_146_4,6DC,Negative,mid,-0.0011303987177736714,-0.4363845091769487
5842,M080718_146_4,6DC,Negative,high,-0.001078104151765835,0.1813168028078653
5843,M080718_146_5,6DC,Positive,low,0.0005296469203829172,0.18315828172335039
5843,M080718_146_5,6DC,Positive,mid,0.0025152359888851407,0.6269269272911295
5843,M080718_146_5,6DC,Positive,high,0.0025875182800104085,0.3556658058111926
5844,M080718_147_3,6DC,Negative,low,-0.00216856007782782,0.21470989184101544
5844,M080718_147_3,6DC,Negative,mid,-0.0025147706824959013,0.500147394807281
5844,M080718_147_3,6DC,Negative,high,-0.0025822456273095202,0.5598923230728525
5846,M080718_152_2,6DC,Negative,low,0.0015094539976352724,1.182322130123612
5846,M080718_152_2,6DC,Negative,mid,-0.0007842253262604175,0.2609817680694355
5846,M080718_152_2,6DC,Negative,high,-0.0023339561490312924,0.031516360213124685
5850,M080818_007_2,11ml,Negative,low,-0.0005835598721174524,-0.84914205014123
5850,M080818_007_2,11ml,Negative,mid,-0.0019435365648365849,-0.8099664408533823
5850,M080818_007_2,11ml,Negative,high,-0.0006432545140871859,-0.7836861093706775
5852,M080818_013_4,11ml,Positive,low,0.003008115389578635,-0.29208735775745076
5852,M080818_013_4,11ml,Positive,mid,0.0019308538466289839,1.0307350518699494
5852,M080818_013_4,11ml,Positive,high,0.0020238976952155828,1.511936732219182
5858,M080818_037_3,12o,Negative,low,-0.0011228039184810322,-0.622475382293917
5858,M080818_037_3,12o,Negative,mid,-0.0007122117605040012,-0.5859850520971611
5858,M080818_037_3,12o,Negative,high,-0.0004464986658479961,-0.6339699656217547
5868,M080818_067_3,12o,Negative,low,2.0908432388000964e-19,-0.5882842540740967
5868,M080818_067_3,12o,Negative,mid,-0.0034582180175980635,0.10843188587433586
5868,M080818_067_3,12o,Negative,high,-0.0016137559078506522,-0.20034193325115246
5871,M080818_078_3,44,Negative,low,0.0008267948746014152,0.659674808585601
5871,M080818_078_3,44,Negative,mid,-0.002227032587688661,0.03960956742126222
5871,M080818_078_3,44,Negative,high,-0.002178690024392781,0.16799166348891428
5879,M080818_097_1,8B,Positive,low,-0.0009242054644565318,-0.2991076909980354
5879,M080818_097_1,8B,Positive,mid,0.0011282688136418897,-0.08314557278418108
5879,M080818_097_1,8B,Positive,high,0.00207038430386702,-0.16907906105148934
5885,M080818_109_3,8B,Negative,low,-0.001660786956451513,-0.7910803763502697
5885,M080818_109_3,8B,Negative,mid,-0.0011108713855875916,-0.9490282569768623
5885,M080818_109_3,8B,Negative,high,-6.180980119328697e-05,-1.022703124560453
5893,M080818_135_5,24c,Negative,low,-0.0018596010832842215,-0.8551913860136606
5893,M080818_135_5,24c,Negative,mid,-0.0005508520527384589,-0.9707367368625127
5893,M080818_135_5,24c,Negative,high,-0.0008472047316471934,-0.8649508465645516
5894,M080818_135_6,24c,Negative,low,-0.0009978873683340315,-1.0408066511650054
5894,M080818_135_6,24c,Negative,mid,-0.0009212249313654747,-0.45632169516400717
5894,M080818_135_6,24c,Negative,high,-0.001579575481496691,0.16574607849186565
5897,M080818_140_3,pu,Positive,low,-0.0007261319884410767,0.3810723622495343
5897,M080818_140_3,pu,Positive,mid,-0.0002624295980364864,0.5524764015272875
5897,M080818_140_3,pu,Positive,high,0.001794144441205067,1.060804929739227
5901,M080818_144_5,6DC,Positive,low,0.001102841018803377,1.678190008822376
5901,M080818_144_5,6DC,Positive,mid,0.002714076036958679,1.2317654881099496
5901,M080818_144_5,6DC,Positive,high,0.0016387524021343922,0.9865777515829502
5903,M080818_146_3,6DC,Negative,low,-0.004296343381101591,0.7882532369525183
5903,M080818_146_3,6DC,Negative,mid,-0.002939668859910692,0.029312643973399326
5903,M080818_146_3,6DC,Negative,high,-0.0012045375647954744,-0.37250187950047625
5908,M080818_152_5,6DC,Positive,low,-0.0007581953442655344,0.6266141086254081
5908,M080818_152_5,6DC,Positive,mid,0.002314084244490848,0.08202323866907364
5908,M080818_152_5,6DC,Positive,high,0.003004890801293563,-0.112335278523215
5914,M080918_007_3,11ml,Negative,low,-0.001082112389491354,-0.9977396896787719
5914,M080918_007_3,11ml,Negative,mid,-0.000793748613237087,-0.9761192118640549
5914,M080918_007_3,11ml,Negative,high,-0.0015825786331618646,-0.6971530444135955
5920,M080918_013_2,11ml,Positive,low,0.003969292619249365,0.2889549992699641
5920,M080918_013_2,11ml,Positive,mid,0.0026979434472515114,0.7359094420787797
5920,M080918_013_2,11ml,Positive,high,0.0026615332040678496,1.2726876921145966
5922,M080918_018_2,12m,Positive,low,0.0023678592176627324,0.9633063498865844
5922,M080918_018_2,12m,Positive,mid,-0.00014638331712889382,1.2727594031470388
5922,M080918_018_2,12m,Positive,high,0.0013981723412815753,1.788944157903484
5923,M080918_019_1,12m,Positive,low,0.0033826904922150632,0.3886907535348162
5923,M080918_019_1,12m,Positive,mid,0.0038870775700908223,0.16167747417616715
5923,M080918_019_1,12m,Positive,high,0.0006581069140004952,-0.06402153949709044
5930,M080918_036_4,12l,Positive,low,0.002304305269848898,-0.14521366181766332
5930,M080918_036_4,12l,Positive,mid,0.002299828081009964,-0.42831795381540166
5930,M080918_036_4,12l,Positive,high,0.00143619281511218,-0.5003755727423334
5939,M080918_064_3,13m,Positive,low,0.0016364126342939933,1.4788244724918325
5939,M080918_064_3,13m,Positive,mid,0.001997967137436294,1.3810428877340974
5939,M080918_064_3,13m,Positive,high,0.0019429964052599322,0.9191295986213704
5947,M080918_077_1,AI,Positive,low,0.0013630939126522152,-0.9290040552169828
5947,M080918_077_1,AI,Positive,mid,0.0023389430452752553,-0.3185345609904811
5947,M080918_077_1,AI,Positive,high,0.0008892073531504584,0.5279703529771671
5948,M080918_077_4,AI,Positive,low,-0.002314035002641351,-0.04162151879706914
5948,M080918_077_4,AI,Positive,mid,0.0006498244972772788,0.6263561842181703
5948,M080918_077_4,AI,Positive,high,0.0027225247108372433,2.335893680569336
5963,M080918_135_2,24c,Negative,low,-0.00011439113113453502,-1.00441281094296
5963,M080918_135_2,24c,Negative,mid,-0.003149949787547909,-0.6633141448336983
5963,M080918_135_2,24c,Negative,high,-0.0015748965277541938,-0.2965110038204147
5964,M080918_135_4,24c,Negative,low,-0.00042735215053190106,-1.0212187749177168
5964,M080918_135_4,24c,Negative,mid,-0.002196000734654081,-0.9761923933386207
5964,M080918_135_4,24c,Negative,high,-0.0010460752296968076,-0.826477431864191
5969,M080918_144_1,6DC,Positive,low,0.001711538694724927,1.3682577002072203
5969,M080918_144_1,6DC,Positive,mid,0.0006322486883165245,1.2538383378214923
5969,M080918_144_1,6DC,Positive,high,0.0004656124018384454,1.049082793977217
5980,M081018_007_3,11ml,Negative,low,0.00014167207557466704,-1.144165106700383
5980,M081018_007_3,11ml,Negative,mid,-0.0006228224512869449,-0.7942585672643935
5980,M081018_007_3,11ml,Negative,high,-0.0005737202440959376,-0.5984062451788669
5984,M081018_013_4,11ml,Positive,low,0.004442600657192605,-0.19092802748009685
5984,M081018_013_4,11ml,Positive,mid,0.0029538772277435048,1.2359606439182644
5984,M081018_013_4,11ml,Positive,high,0.0022723528792493414,1.48691650238291
5985,M081018_018_2,12m,Positive,low,0.004935793183880402,1.5416931277745327
5985,M081018_018_2,12m,Positive,mid,0.0030860170124857745,0.4626684611149523
5985,M081018_018_2,12m,Positive,high,0.0005646796346115374,-0.4263272359285398
5986,M081018_018_4,12m,Positive,low,-0.0011650612042570078,1.6111807822685273
5986,M081018_018_4,12m,Positive,mid,0.0011198590746805007,1.3768794849986046
5986,M081018_018_4,12m,Positive,high,0.0006403689286839835,1.8169684745309356
5987,M081018_019_4,12m,Positive,low,0.00306445416277299,1.1683882360971112
5987,M081018_019_4,12m,Positive,mid,0.005837731929631537,0.9427392691127919
5987,M081018_019_4,12m,Positive,high,0.0021107386504548658,0.6690567555403585
5996,M081018_036_4,12l,Negative,low,-0.0008806437248330141,-0.3063388625516273
5996,M081018_036_4,12l,Negative,mid,-0.005135826553173404,-0.4101551391274208
5996,M081018_036_4,12l,Negative,high,-0.0015549823310196244,-0.5543731347734834
6002,M081018_064_2,13m,Positive,low,-0.00388910197663662,1.055627624574001
6002,M081018_064_2,13m,Positive,mid,0.002794513610876328,0.7756743457678941
6002,M081018_064_2,13m,Positive,high,0.0023201042313946993,0.9760254160948516
6010,M081018_077_3,AI,Negative,low,0.004522779111536398,-0.6636712444138817
6010,M081018_077_3,AI,Negative,mid,0.001137659195767434,-0.4475341601129319
6010,M081018_077_3,AI,Negative,high,-0.00066346332106706,-0.7230168129263226
6027,M081018_135_4,24c,Negative,low,-0.001100374127651517,-0.5457347810997499
6027,M081018_135_4,24c,Negative,mid,-0.0022575714842328265,-0.8512704678289685
6027,M081018_135_4,24c,Negative,high,-0.0019778290235347835,-0.5242981304094574
6029,M081018_135_7,24c,Negative,low,-0.0017919302079305065,-0.9827464848614225
6029,M081018_135_7,24c,Negative,mid,-0.001544301067297608,-0.8802368633461475
6029,M081018_135_7,24c,Negative,high,-0.0009274828409460116,-0.7197800587100316
6031,M081018_144_3,6DC,Negative,low,-0.0005403924408659378,-0.44370602836178463
6031,M081018_144_3,6DC,Negative,mid,-0.0016276620843275512,-1.2305848543933544
6031,M081018_144_3,6DC,Negative,high,-0.0005102063414783954,-0.6919204744939598
6038,M081318_007_3,11ml,Negative,low,0.00032836242184141007,-0.9784859916731442
6038,M081318_007_3,11ml,Negative,mid,-0.002221226505182621,-0.6310519188930731
6038,M081318_007_3,11ml,Negative,high,-0.0007664003289448963,-0.7519122597741307
6041,M081318_013_2,11ml,Positive,low,0.0029094666356237727,0.44891686218724075
6041,M081318_013_2,11ml,Positive,mid,0.0020429978440699927,0.9961339341051964
6041,M081318_013_2,11ml,Positive,high,0.0020028592770132895,1.1599206199463512
6042,M081318_018_3,12m,Positive,low,-0.0005247862035604502,1.6906827460112865
6042,M081318_018_3,12m,Positive,mid,0.00012226031404239543,1.0909091569421294
6042,M081318_018_3,12m,Positive,high,0.0006264321718419366,1.8358851978663795
6043,M081318_019_3,12m,Positive,low,0.006017708523349674,2.079737535481048
6043,M081318_019_3,12m,Positive,mid,0.0009019862076021713,1.4300836885468833
6043,M081318_019_3,12m,Positive,high,0.0014508399376984959,0.5394339498363748
6045,M081318_036_2,12l,Negative,low,-0.0024112439654898617,-0.41030988929027723
6045,M081318_036_2,12l,Negative,mid,-0.0019364794493577924,-0.45614593040071016
6045,M081318_036_2,12l,Negative,high,-0.0019621386734366307,-0.5919485017551712
6051,M081318_064_2,13m,Positive,low,-0.00010914543195642646,0.9542139894338697
6051,M081318_064_2,13m,Positive,mid,0.0006697002396868025,0.7103838814878077
6051,M081318_064_2,13m,Positive,high,0.002571948473317747,0.8997907173415389
6059,M081318_078_4,44,Negative,low,-0.0012327876367957534,-1.466046715883566
6059,M081318_078_4,44,Negative,mid,-0.0019473850134307665,-0.5719132280072504
6059,M081318_078_4,44,Negative,high,-0.0008932584648224319,-0.22499633916292824
6066,M081318_109_1,8B,Positive,low,0.0007720339837397879,-0.28910544513111286
6066,M081318_109_1,8B,Positive,mid,0.0006629559065374195,-0.2417658725565777
6066,M081318_109_1,8B,Positive,high,0.00093901854890866,-0.3555379880223417
6077,M081318_146_3,6DC,Negative,low,-0.0018164308222554178,-1.0310092640299964
6077,M081318_146_3,6DC,Negative,mid,-0.0010174892470133255,-0.5641512966266571
6077,M081318_146_3,6DC,Negative,high,-0.0011871377481860617,-0.8904495250663027
6084,M081418_007_3,11ml,Negative,low,-0.002280326032989822,-1.0805271691067888
6084,M081418_007_3,11ml,Negative,mid,-0.0014535398501523392,-1.148037358449025
6084,M081418_007_3,11ml,Negative,high,-0.0012637018490477242,-0.9705908900489426
6085,M081418_008_3,46v,Positive,low,0.0022657984616171424,1.2878149033163033
6085,M081418_008_3,46v,Positive,mid,0.0009224870062886693,1.1171125924577332
6085,M081418_008_3,46v,Positive,high,0.0009242339186697105,1.2817562018178663
6087,M081418_010_1,12r,Negative,low,-0.004218497775145923,1.0866607858701771
6087,M081418_010_1,12r,Negative,mid,-0.0007160596057747555,-0.15240571544755144
6087,M081418_010_1,12r,Negative,high,-0.000839293674876285,-0.7313121979228668
6093,M081418_013_2,11ml,Positive,low,0.0013460309964019013,0.025125531136886738
6093,M081418_013_2,11ml,Positive,mid,0.0019127855954924773,0.9849110249175803
6093,M081418_013_2,11ml,Positive,high,0.001994425724776697,1.5329562097341567
6095,M081418_018_3,12m,Positive,low,0.0036888305879518037,0.9170577052698631
6095,M081418_018_3,12m,Positive,mid,0.0027193166012200102,0.6178586035633704
6095,M081418_018_3,12m,Positive,high,0.0008984666199188742,0.7009142915440875
6097,M081418_019_4,12m,Positive,low,0.004894431168453552,1.2225689720277195
6097,M081418_019_4,12m,Positive,mid,0.005204221159217479,1.3108521350000841
6097,M081418_019_4,12m,Positive,high,0.0023216086391199217,0.7698833507186611
6104,M081418_036_3,12l,Negative,low,-0.0030514375232087417,0.13553680766826362
6104,M081418_036_3,12l,Negative,mid,-0.002952416003467887,-1.1194454470994928
6104,M081418_036_3,12l,Negative,high,-0.001563536554228604,-0.5809489195260861
6113,M081418_064_3,13m,Positive,low,0.001731045863977778,0.2896403499457446
6113,M081418_064_3,13m,Positive,mid,-0.0008775321004434664,0.0584086506057433
6113,M081418_064_3,13m,Positive,high,0.003054763693262701,1.2176857682288982
6117,M081418_077_2,AI,Positive,low,-0.0007242669055325464,-0.21287809220760961
6117,M081418_077_2,AI,Positive,mid,0.0007692338822939302,0.36039156089902946
6117,M081418_077_2,AI,Positive,high,0.004196045828350868,2.382820837112909
6118,M081418_078_1,44,Negative,low,-0.0041466385777025,0.20495110512796336
6118,M081418_078_1,44,Negative,mid,-0.002070776918511452,0.19435720963321454
6118,M081418_078_1,44,Negative,high,-0.0024756212087968747,0.11890933303198872
6130,M081418_106_2,AMG,Positive,low,0.003242127397070337,0.9505239947979491
6130,M081418_106_2,AMG,Positive,mid,0.0021923643307231616,-0.0033433116459521696
6130,M081418_106_2,AMG,Positive,high,0.002218392052525851,0.8075619834241227
6134,M081418_144_3,6DC,Positive,low,0.009312500044242594,0.8636506668504285
6134,M081418_144_3,6DC,Positive,mid,0.0018382065105789374,0.1840460371828875
6134,M081418_144_3,6DC,Positive,high,0.0012512011685400018,0.3961777785344852
6144,M081518_004_3,11ml,Positive,low,-0.0005686768670083139,-0.500268434488932
6144,M081518_004_3,11ml,Positive,mid,0.0009088324533755057,-0.8005036531192887
6144,M081518_004_3,11ml,Positive,high,0.001723690247007107,-0.4367447857626809
6145,M081518_007_3,11ml,Negative,low,0.0022337674111245036,-0.8891727952100646
6145,M081518_007_3,11ml,Negative,mid,-0.0008812857138541275,-1.0926184156373415
6145,M081518_007_3,11ml,Negative,high,-0.0011377491587320067,-0.962953380756886
6149,M081518_013_2,11ml,Positive,low,0.0028864833791369397,-0.11829329111160844
6149,M081518_013_2,11ml,Positive,mid,0.003050890370962577,0.8616641479243715
6149,M081518_013_2,11ml,Positive,high,0.00272325228470745,1.4725260576868613
6165,M081518_069_3,12o,Negative,low,-0.004921487201979663,0.20790550707159144
6165,M081518_069_3,12o,Negative,mid,-0.0006763807993942684,-0.8046333302500442
6165,M081518_069_3,12o,Negative,high,-0.0014876308297976776,-0.38854553633763667
6167,M081518_077_3,AI,Negative,low,0.0015392157742320511,-0.5766978506277782
6167,M081518_077_3,AI,Negative,mid,0.000867207998408952,-0.43074947314107553
6167,M081518_077_3,AI,Negative,high,-0.0017226710668800417,-0.44125595058453193
6178,M081518_106_2,AMG,Positive,low,0.003195036642994351,-0.18504257298643373
6178,M081518_106_2,AMG,Positive,mid,0.002389636696256969,1.0440606352766222
6178,M081518_106_2,AMG,Positive,high,0.002373174874915907,0.20159765250158393
6195,M081618_007_4,11ml,Negative,low,-0.00015424415921061891,-0.7660126004324678
6195,M081618_007_4,11ml,Negative,mid,-0.0019519336576274777,-0.5765674250280196
6195,M081618_007_4,11ml,Negative,high,-0.00015787414415703132,-0.5823116702664514
6199,M081618_013_1,11ml,Positive,low,0.0006128219698938567,-0.7408335173402614
6199,M081618_013_1,11ml,Positive,mid,0.0019726352475055928,1.0290689333132816
6199,M081618_013_1,11ml,Positive,high,0.0023324862456224303,1.6555756138089095
6205,M081618_028_3,12o,Positive,low,-0.0022455664385279987,1.247590120500589
6205,M081618_028_3,12o,Positive,mid,0.0020896941612130186,1.4161297595391853
6205,M081618_028_3,12o,Positive,high,0.0010095028463494296,0.8551296441507419
6207,M081618_037_3,12o,Positive,low,0.0016258127877175317,-0.7547266122431009
6207,M081618_037_3,12o,Positive,mid,0.0017545150923653863,-0.3182415117566999
6207,M081618_037_3,12o,Positive,high,0.0012585082729487183,-0.060695567442868956
6217,M081618_090_4,6VaVb,Negative,low,-0.004325479200348484,-0.21704336072313607
6217,M081618_090_4,6VaVb,Negative,mid,-0.004571029462825365,-0.5650583246781703
6217,M081618_090_4,6VaVb,Negative,high,-0.0010118493687485712,-0.923800297763304
6228,M081618_135_4,24c,Positive,low,0.0054360337109323415,1.30351621039001
6228,M081618_135_4,24c,Positive,mid,0.0015599355971437922,0.26194792526918226
6228,M081618_135_4,24c,Positive,high,0.002516232159859654,1.1387863264801894
6232,M081618_156_3,cd,Negative,low,-0.0026926627351994492,1.3962217093148608
6232,M081618_156_3,cd,Negative,mid,-0.003935963595409418,0.9113236019626483
6232,M081618_156_3,cd,Negative,high,-0.0024944889217912137,-0.2097220690120957
6233,M081718_003_3,12r,Negative,low,-0.003250112872542605,0.37015350966461735
6233,M081718_003_3,12r,Negative,mid,0.0011957255214258284,-0.4021083164772061
6233,M081718_003_3,12r,Negative,high,-0.00047204754282105353,-0.6292126704868977
6237,M081718_007_3,11ml,Negative,low,-0.0002637608677171702,-1.2479546555812269
6237,M081718_007_3,11ml,Negative,mid,-0.002107712424601242,-0.813151746191791
6237,M081718_007_3,11ml,Negative,high,-0.0011904460011941743,-0.7689479974760192
6238,M081718_011_3,12r,Positive,low,0.005698373918462625,-0.2878771538221697
6238,M081718_011_3,12r,Positive,mid,0.003992720397433086,0.6404556486405104
6238,M081718_011_3,12r,Positive,high,0.002373338732838162,0.7898193852280184
6239,M081718_011_4,12r,Positive,low,0.007334051546630851,0.934937301148411
6239,M081718_011_4,12r,Positive,mid,0.002005565121100469,0.8778814634745212
6239,M081718_011_4,12r,Positive,high,0.0014341180084152388,-0.17876017334794095
6241,M081718_013_2,11ml,Positive,low,0.0016878852204024002,1.5385677616132079
6241,M081718_013_2,11ml,Positive,mid,0.002056526900782244,1.222997889988831
6241,M081718_013_2,11ml,Positive,high,0.0014592443901151075,1.0272828804673053
6242,M081718_019_3,12m,Negative,low,-0.00042366298319972416,-0.7119186190073185
6242,M081718_019_3,12m,Negative,mid,-0.000557324870832807,-0.7119186344043585
6242,M081718_019_3,12m,Negative,high,-0.0002355716296133855,-0.8583517002930459
6262,M081718_090_3,6VaVb,Negative,low,-0.0027505052460175313,-0.9990172389144707
6262,M081718_090_3,6VaVb,Negative,mid,-0.0026425495474432176,-0.7739579286434054
6262,M081718_090_3,6VaVb,Negative,high,-0.0017779524433459014,-0.8466533698674644
6267,M081718_113_3,24c,Positive,low,-0.001262081059021292,1.3320848150938105
6267,M081718_113_3,24c,Positive,mid,0.0003718017214791885,0.7953639719263339
6267,M081718_113_3,24c,Positive,high,0.0017450530240097242,0.2682910741931726
6269,M081718_139_3,pu,Negative,low,0.00024061422943841607,-0.680071181327898
6269,M081718_139_3,pu,Negative,mid,-0.00022080647804943395,-0.5326599702363006
6269,M081718_139_3,pu,Negative,high,-0.0002557890597569646,-0.5607720587198032
6270,M081718_140_3,pu,Negative,low,-0.00023710153546575938,-0.7145157205483282
6270,M081718_140_3,pu,Negative,mid,-0.0014258444095049557,-0.4442644250519518
6270,M081718_140_3,pu,Negative,high,-0.0015251022474070154,-0.39607230185557424
6275,M082018_004_4,11ml,Positive,low,0.0014287759171692815,-0.4950517528595871
6275,M082018_004_4,11ml,Positive,mid,0.001326887713360386,-0.8131003135663399
6275,M082018_004_4,11ml,Positive,high,0.0020588947865450534,-0.49000080512176436
6280,M082018_011_4,12r,Positive,low,-0.0012783532503784817,0.7838615024409655
6280,M082018_011_4,12r,Positive,mid,0.003131688320416818,1.2248437295957606
6280,M082018_011_4,12r,Positive,high,0.0025295385976052483,0.5162661281997762
6281,M082018_013_2,11ml,Positive,low,0.004901707890702767,0.7797589544187488
6281,M082018_013_2,11ml,Positive,mid,0.0015946807509179127,0.9986539959486035
6281,M082018_013_2,11ml,Positive,high,0.0022432347148398685,1.1421767732069614
6282,M082018_014_3,11ml,Positive,low,0.003781464182965374,1.3113385564841318
6282,M082018_014_3,11ml,Positive,mid,0.0001818535477736226,-0.35655939076826076
6282,M082018_014_3,11ml,Positive,high,0.0005257700326736174,0.11504932945644941
6285,M082018_026_3,12l,Negative,low,-0.0009013021057987129,-1.0139215313604786
6285,M082018_026_3,12l,Negative,mid,-0.00096286804518724,-0.8650989121247622
6285,M082018_026_3,12l,Negative,high,-0.0018042840097398473,-0.5501405256017795
6287,M082018_033_2,11ml,Positive,low,0.003613412588112237,0.7953220254427036
6287,M082018_033_2,11ml,Positive,mid,0.0047537011422076406,0.8088122738589
6287,M082018_033_2,11ml,Positive,high,0.0020633471182276127,0.5130078245808383
6309,M082018_095_3,AI,Positive,low,0.005553729399977684,2.126794552399518
6309,M082018_095_3,AI,Positive,mid,0.0016367416171431393,0.6445986290027259
6309,M082018_095_3,AI,Positive,high,0.0007058531940235097,-0.04877212361117651
6317,M082018_140_3,pu,Negative,low,-4.7426638574033776e-05,-0.3693747510222937
6317,M082018_140_3,pu,Negative,mid,-0.0015941054808018729,-0.317816700296478
6317,M082018_140_3,pu,Negative,high,-0.0014349100447632658,-0.42928853094155617
6322,M082118_004_1,11ml,Positive,low,-0.00011307470319951111,-0.7465989276791571
6322,M082118_004_1,11ml,Positive,mid,0.001299220480416273,-0.8342538306841351
6322,M082118_004_1,11ml,Positive,high,0.0017347596318107643,-0.4193449849855564
6329,M082118_014_3,11ml,Positive,low,0.0011836809951400649,-0.6036464240705709
6329,M082118_014_3,11ml,Positive,mid,0.00543000766097616,0.4294635957686506
6329,M082118_014_3,11ml,Positive,high,0.0042472229933412315,0.7770042179242248
6333,M082118_019_5,12m,Negative,low,-0.0011661470719318444,0.11319370935523818
6333,M082118_019_5,12m,Negative,mid,-0.0007375335517914158,-0.3191374872544604
6333,M082118_019_5,12m,Negative,high,-0.000761389299122733,-0.4280519307422112
6334,M082118_026_3,12l,Negative,low,0.0003581900659148829,-1.0826825268579006
6334,M082118_026_3,12l,Negative,mid,-0.0006392447406494349,-0.38468750111197747
6334,M082118_026_3,12l,Negative,high,-0.0019480979796265491,0.011083386261292884
6337,M082118_039_1,13l,Negative,low,-0.00190343789318602,-1.0711963055515894
6337,M082118_039_1,13l,Negative,mid,-0.0010389840216253959,-1.0916483465724698
6337,M082118_039_1,13l,Negative,high,-0.0010373351392426048,-0.7787289238114921
6345,M082118_078_3,6VaVb,Negative,low,-0.0012476362879275755,-0.9221272319685063
6345,M082118_078_3,6VaVb,Negative,mid,-0.0019302448552283762,-0.7380679785053148
6345,M082118_078_3,6VaVb,Negative,high,-0.002722471799382026,-0.1263976660898008
6346,M082118_079_3,AI,Negative,low,-7.848005703964163e-05,-0.09733633079663688
6346,M082118_079_3,AI,Negative,mid,-0.0018545751576895576,0.10793517668500617
6346,M082118_079_3,AI,Negative,high,-0.0010150181749121205,-0.2536725506601784
6349,M082118_091_2,AI,Negative,low,-0.005154891337904015,-0.01963756257656903
6349,M082118_091_2,AI,Negative,mid,-0.002445154875919533,-0.07514594578220604
6349,M082118_091_2,AI,Negative,high,-0.002887675297228784,0.4568291318049064
6361,M082118_140_3,pu,Negative,low,-0.0014182130291499164,-0.12080188643980691
6361,M082118_140_3,pu,Negative,mid,-0.0013998304478922041,-0.40112051105951135
6361,M082118_140_3,pu,Negative,high,-0.0013801635122857106,-0.4149211315393987
6363,M082218_004_2,11ml,Positive,low,0.0008410844977992317,-0.7600505702606651
6363,M082218_004_2,11ml,Positive,mid,0.0015231808456428449,-0.8015085331246817
6363,M082218_004_2,11ml,Positive,high,0.003028841774497866,-0.2005834450949907
6365,M082218_007_3,11ml,Negative,low,0.001344196990808812,-0.7090031420592158
6365,M082218_007_3,11ml,Negative,mid,-0.00317887310723288,-0.6669052736551854
6365,M082218_007_3,11ml,Negative,high,-0.0004484860141687394,-1.3113885212460294
6366,M082218_010_3,12r,Positive,low,-0.002277065974559813,0.6401847815822915
6366,M082218_010_3,12r,Positive,mid,0.0013058443655475417,0.25729845200241863
6366,M082218_010_3,12r,Positive,high,0.0031327664847642977,-0.010617885189851477
6368,M082218_011_3,12r,Positive,low,0.0015444016210339152,-0.4888353750290591
6368,M082218_011_3,12r,Positive,mid,0.002706274648716405,-0.29065100403962435
6368,M082218_011_3,12r,Positive,high,0.0021643624281150334,0.550902322199879
6377,M082218_026_3,12l,Positive,low,-0.00054356249809218,1.8194573791372202
6377,M082218_026_3,12l,Positive,mid,-0.00043598481893424793,1.6060433443294786
6377,M082218_026_3,12l,Positive,high,0.0008373754539633194,0.9940053551843678
6378,M082218_033_3,11ml,Positive,low,0.005855412787657593,1.6132042405936253
6378,M082218_033_3,11ml,Positive,mid,6.752206726328291e-05,0.8314833282841719
6378,M082218_033_3,11ml,Positive,high,0.0015746701608784055,0.5228477962517114
6387,M082218_051_2,13m,Negative,low,-0.002486704771653696,0.7105359497744305
6387,M082218_051_2,13m,Negative,mid,0.00045579788963983134,-0.019546851519644012
6387,M082218_051_2,13m,Negative,high,-0.0007482733358854013,-0.2714261247247834
6393,M082218_079_3,AI,Negative,low,0.001472283986271611,-0.864839543447444
6393,M082218_079_3,AI,Negative,mid,-0.00023471228092482847,-0.32686555942930373
6393,M082218_079_3,AI,Negative,high,-0.0014720777036011637,-0.4610007223021597
6394,M082218_085_3,13m,Positive,low,0.00013793677759670853,-0.7503073874476696
6394,M082218_085_3,13m,Positive,mid,0.00022823217949049802,-0.8567765071467432
6394,M082218_085_3,13m,Positive,high,0.0014098668595512209,-0.4859527748856018
6395,M082218_095_3,AI,Positive,low,-0.0026351853224125567,-0.6754072991907969
6395,M082218_095_3,AI,Positive,mid,0.0032911681327268513,0.18480683907976114
6395,M082218_095_3,AI,Positive,high,0.0019338219330463872,0.6281356862064346
6398,M082218_101_3,44,Negative,low,-0.0017446909265374537,0.5587715477854658
6398,M082218_101_3,44,Negative,mid,-0.0019547833101679945,0.7759216956378964
6398,M082218_101_3,44,Negative,high,-0.002665515685688494,0.3889308821653231
6399,M082218_101_4,44,Negative,low,-0.0031177580971500107,-0.2454866653125417
6399,M082218_101_4,44,Negative,mid,-0.005715095413051534,0.1357713802570412
6399,M082218_101_4,44,Negative,high,-0.002064957966074676,-0.08405026391043192
6403,M082218_140_3,pu,Negative,low,-0.001484756029165747,-0.3789955529596613
6403,M082218_140_3,pu,Negative,mid,-0.002008718003646026,-0.31627537911066694
6403,M082218_140_3,pu,Negative,high,-0.001575219567638008,-0.3935868685302664
6407,M082318_005_2,11ml,Negative,low,-0.0036181461885464506,0.009477892859580115
6407,M082318_005_2,11ml,Negative,mid,-0.0021232926181134577,-0.8824333306634411
6407,M082318_005_2,11ml,Negative,high,-0.00021866644818120028,-0.6594190659519044
6422,M082318_026_3,12l,Positive,low,0.0017247422733174024,-0.10655982828328693
6422,M082318_026_3,12l,Positive,mid,0.0026558742322901996,-0.06290864508007088
6422,M082318_026_3,12l,Positive,high,0.0005681001476580203,0.05236559331420667
6426,M082318_037_3,12o,Positive,low,0.005450602341183522,0.04254832537767296
6426,M082318_037_3,12o,Positive,mid,0.0036998814213429535,0.823506069593147
6426,M082318_037_3,12o,Positive,high,0.0015112543607660918,-0.010579732471973188
6445,M082318_101_5,44,Negative,low,0.0018992303748570976,-0.8207422044010408
6445,M082318_101_5,44,Negative,mid,-0.0007862854207384175,-0.6031949547798948
6445,M082318_101_5,44,Negative,high,-0.0007411764995241486,-0.5623084478662931
6451,M082318_140_3,pu,Negative,low,-0.0017389298052553734,-0.27579299244911915
6451,M082318_140_3,pu,Negative,mid,-0.0012649829632179485,-0.2413393832013296
6451,M082318_140_3,pu,Negative,high,-0.0019544107725311577,-0.01318610320293876
6453,M082318_155_4,cd,Positive,low,0.002532595313215264,2.1118321774059443
6453,M082318_155_4,cd,Positive,mid,0.000147924837553309,0.128500555836233
6453,M082318_155_4,cd,Positive,high,0.0009610388439986727,0.7603349488805019
6455,M082418_004_4,11ml,Positive,low,-0.00039691714419763484,-0.5831720876545621
6455,M082418_004_4,11ml,Positive,mid,0.003019842053550325,-0.5013168029345343
6455,M082418_004_4,11ml,Positive,high,0.0018685088886490095,-0.18986113658672688
6456,M082418_005_3,11ml,Negative,low,-0.0002518686652463587,-0.8394533303533736
6456,M082418_005_3,11ml,Negative,mid,-0.0005874464119151722,-0.7473692103550954
6456,M082418_005_3,11ml,Negative,high,-0.000185097100530414,-0.6614235350970619
6460,M082418_010_4,12r,Positive,low,0.0020442771554828832,-0.5578045470987953
6460,M082418_010_4,12r,Positive,mid,0.0004232839955892526,0.22125548873690984
6460,M082418_010_4,12r,Positive,high,0.002422538460910987,-0.26268649737871536
6465,M082418_013_3,11ml,Negative,low,-0.0012104249590785755,-0.2551298470944538
6465,M082418_013_3,11ml,Negative,mid,0.0022970282845799044,0.6784596184455323
6465,M082418_013_3,11ml,Negative,high,-0.0021554435834757564,0.7231790429228543
6468,M082418_018_4,12m,Positive,low,0.0008613265367588273,-0.572092117311684
6468,M082418_018_4,12m,Positive,mid,0.003673722543397981,0.28078095664924163
6468,M082418_018_4,12m,Positive,high,0.002475812137920452,0.5508129140941315
6473,M082418_024_5,11ml,Positive,low,0.0004797617532929628,-0.8595512245538429
6473,M082418_024_5,11ml,Positive,mid,0.0009639727074815177,0.33240617995077554
6473,M082418_024_5,11ml,Positive,high,-3.020770571645512e-05,-0.3896266489526793
6475,M082418_032_2,11ml,Positive,low,-0.00038137661604489164,0.5958752625872894
6475,M082418_032_2,11ml,Positive,mid,0.0011899148005633752,0.5083925216956554
6475,M082418_032_2,11ml,Positive,high,0.0012882408622507248,0.27154368065441814
6478,M082418_037_3,12o,Positive,low,0.002393614119969481,1.2436613695519338
6478,M082418_037_3,12o,Positive,mid,0.000698548278239202,0.754209309937231
6478,M082418_037_3,12o,Positive,high,0.001394228274175795,-0.10500619539676448
6490,M082418_074_2,13m,Positive,low,0.002543001759378716,0.5198535213526648
6490,M082418_074_2,13m,Positive,mid,0.0006828708799854091,-0.23998790559457295
6490,M082418_074_2,13m,Positive,high,0.00289261787760281,-0.24459297171702452
6492,M082418_078_4,AI,Negative,low,-0.0029104023860302792,0.5379062634637074
6492,M082418_078_4,AI,Negative,mid,-0.002170138607267501,-0.3633243635458757
6492,M082418_078_4,AI,Negative,high,-0.0020105251719635116,-0.27654043654242944
6511,M082418_139_1,pu,Positive,low,0.006402773447591255,0.3664322570183263
6511,M082418_139_1,pu,Positive,mid,0.002975254171953775,0.358252368333359
6511,M082418_139_1,pu,Positive,high,0.004157402392447395,0.6961537938895194
6512,M082418_140_3,pu,Negative,low,-0.0015384910706336033,-0.46890302721299415
6512,M082418_140_3,pu,Negative,mid,-0.0012370041957236405,-0.435459292379137
6512,M082418_140_3,pu,Negative,high,-0.001656522667806488,-0.37649962140987947
6527,M082718_018_4,12m,Positive,low,-0.00037845771221612767,-0.4472092956989483
6527,M082718_018_4,12m,Positive,mid,0.003284339864214687,0.48696995494358813
6527,M082718_018_4,12m,Positive,high,0.0018467471427434721,1.3073580943407512
6533,M082718_026_3,12l,Positive,low,-0.002541941338670412,1.013838846688957
6533,M082718_026_3,12l,Positive,mid,0.0010728109218788521,1.0122900846055531
6533,M082718_026_3,12l,Positive,high,0.00205547879893148,0.8516701190126518
6535,M082718_032_3,11ml,Positive,low,0.004443895088644753,1.082823006488916
6535,M082718_032_3,11ml,Positive,mid,0.002049043775705686,0.40741067268682674
6535,M082718_032_3,11ml,Positive,high,0.002190391746265026,0.5707530782078319
6542,M082718_049_3,13l,Negative,low,0.00017030476475497538,-0.4170014405260467
6542,M082718_049_3,13l,Negative,mid,-0.0012422416086339506,-0.6421008514753309
6542,M082718_049_3,13l,Negative,high,-0.0007757296920475492,-0.25053966622134266
6543,M082718_049_4,13l,Positive,low,0.0015862781160059303,0.6039908765747403
6543,M082718_049_4,13l,Positive,mid,0.003162804483244328,0.2903099468872013
6543,M082718_049_4,13l,Positive,high,0.0024695058592205253,0.23695680191275992
6558,M082718_123_3,cd,Negative,low,-0.0012913014046394488,-0.44576708105905677
6558,M082718_123_3,cd,Negative,mid,-0.00040337646741000333,-0.17620376973889826
6558,M082718_123_3,cd,Negative,high,-0.0009841004295776366,0.2141431352956927
6561,M082718_133_3,cd,Negative,low,-0.001943577739389404,0.4746349243895219
6561,M082718_133_3,cd,Negative,mid,-0.003470911612439485,1.000781857757248
6561,M082718_133_3,cd,Negative,high,-0.0031072834106826157,0.49844502856700795
6565,M082718_147_3,24c,Positive,low,0.0007926583191488569,-0.06462267229640345
6565,M082718_147_3,24c,Positive,mid,0.0023054365685364793,0.4778973152225654
6565,M082718_147_3,24c,Positive,high,0.003107017180162878,0.46770206448645435
6573,M082818_007_4,11ml,Negative,low,-0.002375903579847168,0.28693563048998993
6573,M082818_007_4,11ml,Negative,mid,0.0007411352208630496,-0.4520297928201112
6573,M082818_007_4,11ml,Negative,high,-0.0010541894369461146,-0.7085546550159645
6579,M082818_019_3,12m,Positive,low,2.3895159387263354e-05,0.4122506153123599
6579,M082818_019_3,12m,Positive,mid,-1.0136376873975198e-05,0.7899556411631691
6579,M082818_019_3,12m,Positive,high,0.0007691130701553872,0.5016001250948168
6580,M082818_022_3,11ml,Negative,low,-0.0022341521391176953,-0.7008529423353279
6580,M082818_022_3,11ml,Negative,mid,-0.0001966612627212734,-0.8673846987936144
6580,M082818_022_3,11ml,Negative,high,-0.0004947696074302795,-0.8590123634568466
6584,M082818_026_3,12l,Positive,low,0.001989665237816136,1.0311370474501775
6584,M082818_026_3,12l,Positive,mid,0.002621990979965862,0.4672952733473688
6584,M082818_026_3,12l,Positive,high,0.0011248663586869855,0.06386726293183562
6585,M082818_026_4,12l,Positive,low,0.002406831378113803,0.5186226661418745
6585,M082818_026_4,12l,Positive,mid,0.0014375659152411776,0.5630545850298209
6585,M082818_026_4,12l,Positive,high,-3.0899317728305285e-05,0.9452957424665251
6586,M082818_032_4,11ml,Positive,low,0.0011614906715018483,0.42231758363768085
6586,M082818_032_4,11ml,Positive,mid,0.0015018855403248826,0.5738559658249306
6586,M082818_032_4,11ml,Positive,high,0.0020361326460347487,0.61623271570057
6602,M082818_078_2,AI,Positive,low,0.0009156284780316548,-0.4201455817710122
6602,M082818_078_2,AI,Positive,mid,0.0005838898967873145,-0.9310331456673125
6602,M082818_078_2,AI,Positive,high,0.0012357834323300798,-0.6898082201733268
6604,M082818_083_3,13l,Positive,low,0.004906316412681299,1.2595486551671973
6604,M082818_083_3,13l,Positive,mid,0.0014096510336942371,0.8195839919101062
6604,M082818_083_3,13l,Positive,high,0.0004562169938874851,0.21705466612903077
6605,M082818_085_3,13m,Positive,low,0.005185735694967984,-0.6064047512757946
6605,M082818_085_3,13m,Positive,mid,0.0004940391411815446,-0.3692157597067191
6605,M082818_085_3,13m,Positive,high,0.0006166301778266831,-0.1701932799177501
6621,M082918_004_4,11ml,Positive,low,-0.0007553740550880993,-0.7973341709762167
6621,M082918_004_4,11ml,Positive,mid,0.0014931955428659882,-0.43348968001438953
6621,M082918_004_4,11ml,Positive,high,0.002272640931853988,-0.3541520243619223
6638,M082918_018_5,12m,Positive,low,-0.000175334068729166,-0.6023816947155817
6638,M082918_018_5,12m,Positive,mid,0.0004490702628698444,-0.18808379831620045
6638,M082918_018_5,12m,Positive,high,0.0016905413825852172,1.169821848885192
6641,M082918_022_3,11ml,Negative,low,-0.0012121608275805968,-0.7081468627724592
6641,M082918_022_3,11ml,Negative,mid,6.272529716400289e-19,-1.0288708209991455
6641,M082918_022_3,11ml,Negative,high,-0.0007586812222268384,-0.8119438893088882
6661,M082918_074_3,13m,Positive,low,0.0040311417947804734,0.81201282268841
6661,M082918_074_3,13m,Positive,mid,0.0029648326854208374,1.0856191657288712
6661,M082918_074_3,13m,Positive,high,0.0016277354721019838,0.4315504473339636
6670,M082918_128_4,pu,Negative,low,8.859349069598899e-06,-0.2953719139051083
6670,M082918_128_4,pu,Negative,mid,-0.0006434162390777905,-0.2920539450402466
6670,M082918_128_4,pu,Negative,high,-0.0005376781952648908,-0.2604164857242141
6680,M083018_005_3,11ml,Negative,low,-0.0007864634678229115,-0.7155187272291612
6680,M083018_005_3,11ml,Negative,mid,-0.00024195415500117044,-0.734573874120506
6680,M083018_005_3,11ml,Negative,high,-0.0003360890447834766,-0.718036708439051
6694,M083018_018_5,12m,Positive,low,-0.0018586922371702263,-0.11267614819195831
6694,M083018_018_5,12m,Positive,mid,0.0001060804353831081,0.06104078227030377
6694,M083018_018_5,12m,Positive,high,0.0008485997633285813,1.5523116836531983
6695,M083018_019_3,12m,Negative,low,-0.002208274811556353,-1.014727267251455
6695,M083018_019_3,12m,Negative,mid,-0.00014140378113482836,-1.0758940419321648
6695,M083018_019_3,12m,Negative,high,-0.0015630288265461036,-0.8356730015622994
6698,M083018_025_3,11ml,Positive,low,0.004116023083995892,1.8602486018357975
6698,M083018_025_3,11ml,Positive,mid,0.0022253754307219173,1.0955386528661615
6698,M083018_025_3,11ml,Positive,high,0.0004862889568185482,0.1285953866879606
6699,M083018_026_2,12l,Positive,low,0.001353717652394422,0.705785800943836
6699,M083018_026_2,12l,Positive,mid,0.0017264218872609517,0.30261718254798275
6699,M083018_026_2,12l,Positive,high,0.0019705307882883685,-0.02775058825112904
6703,M083018_037_2,12o,Positive,low,0.001408165065563064,1.1988101610689177
6703,M083018_037_2,12o,Positive,mid,0.002389239793334222,0.363298024926815
6703,M083018_037_2,12o,Positive,high,0.0031478583957989183,0.657563325419769
6714,M083018_049_2,13l,Positive,low,-0.0007191452340344123,-0.09023591423308021
6714,M083018_049_2,13l,Positive,mid,0.0023951733484328824,0.6639353148096835
6714,M083018_049_2,13l,Positive,high,0.0025227961533670832,0.7775336044360907
6721,M083018_067_1,12o,Positive,low,0.0061098857120853835,2.192316229462921
6721,M083018_067_1,12o,Positive,mid,0.003392966813908891,1.346459406906872
6721,M083018_067_1,12o,Positive,high,0.0014190844690820524,-0.274164520476389
6724,M083018_074_1,13m,Positive,low,0.0039700479259080915,1.607989126832663
6724,M083018_074_1,13m,Positive,mid,0.0017261962618917669,1.1012898760924454
6724,M083018_074_1,13m,Positive,high,0.0014326739833924675,0.5771520941017719
6729,M083018_083_3,13l,Positive,low,-0.00011578282838038262,-0.07810639539572659
6729,M083018_083_3,13l,Positive,mid,-0.001578398244465895,0.04948451716467171
6729,M083018_083_3,13l,Positive,high,0.001998752601242292,-0.16107196136828691
6733,M083018_095_1,AI,Positive,low,-0.0005450433240162681,-0.7337000441337284
6733,M083018_095_1,AI,Positive,mid,0.006304171906901446,0.27970432125949324
6733,M083018_095_1,AI,Positive,high,0.0005076988740301875,0.693754760378014
6736,M083018_133_2,cd,Positive,low,0.0027977148387013074,-0.834449382811884
6736,M083018_133_2,cd,Positive,mid,0.003331034745691828,-0.5144447297172818
6736,M083018_133_2,cd,Positive,high,0.002891346978534646,-0.562793565390747
6740,M083118_004_4,11ml,Positive,low,0.00316730580536969,-0.49459296105930833
6740,M083118_004_4,11ml,Positive,mid,0.0011647280020028244,-0.7960107710069904
6740,M083118_004_4,11ml,Positive,high,0.0009907948341967513,-0.475019749161011
6746,M083118_008_2,11ml,Negative,low,-0.002383806014479951,-0.45200451724262236
6746,M083118_008_2,11ml,Negative,mid,-0.0029684139538747253,-0.22594956161176163
6746,M083118_008_2,11ml,Negative,high,-0.0011351803466140395,-0.16690933907144206
6748,M083118_008_6,11ml,Negative,low,-0.0026836230162984582,-0.9278025793813528
6748,M083118_008_6,11ml,Negative,mid,-0.0012293709738901482,-0.586435891100176
6748,M083118_008_6,11ml,Negative,high,-0.0026193506837724635,-0.12916871512187847
6759,M083118_018_3,12m,Positive,low,0.0015610525791785075,1.3577485896202235
6759,M083118_018_3,12m,Positive,mid,0.0021376436224829075,-0.31170235832102483
6759,M083118_018_3,12m,Positive,high,0.001854755347123786,0.4720312424016475
6762,M083118_022_3,11ml,Negative,low,0.0,-1.0825543403625488
6762,M083118_022_3,11ml,Negative,mid,-0.000964602588176932,-0.8098000231975326
6762,M083118_022_3,11ml,Negative,high,-0.0012349689856942497,-0.5394371118591773
6763,M083118_024_3,11ml,Positive,low,0.0014445604211038598,-0.3639317616547602
6763,M083118_024_3,11ml,Positive,mid,0.002788069529323088,0.9112655435789616
6763,M083118_024_3,11ml,Positive,high,0.002802770782750696,1.1490465682278854
6766,M083118_026_2,12l,Positive,low,-0.007002303816025611,1.613486129697567
6766,M083118_026_2,12l,Positive,mid,0.0023474454683715604,0.1568720119303331
6766,M083118_026_2,12l,Positive,high,0.0016570584941144172,0.4114947832965667
6770,M083118_033_3,11ml,Positive,low,-0.005531501059820444,2.4880676588877266
6770,M083118_033_3,11ml,Positive,mid,0.0021656462291218923,1.1967923276981776
6770,M083118_033_3,11ml,Positive,high,0.0017489619921250393,1.1458491406801734
6774,M083118_037_3,12o,Positive,low,0.002073456445701788,1.199122673193436
6774,M083118_037_3,12o,Positive,mid,0.0028225056089864237,0.6670554078802173
6774,M083118_037_3,12o,Positive,high,0.002417728186557245,0.5497731073835428
6782,M083118_049_1,13l,Positive,low,0.00266552255990881,0.7872241907776295
6782,M083118_049_1,13l,Positive,mid,0.0032945713412907236,0.5691909421903694
6782,M083118_049_1,13l,Positive,high,0.0014820240700260793,0.3782956400918042
6791,M083118_074_2,13m,Positive,low,0.001473060753863459,0.8042208482798021
6791,M083118_074_2,13m,Positive,mid,0.0015394618111007547,0.8981092692710794
6791,M083118_074_2,13m,Positive,high,0.0013716980098117699,0.3472656334309487
6801,M083118_095_3,AI,Positive,low,0.0007549163600009317,-0.5842118911420346
6801,M083118_095_3,AI,Positive,mid,0.0026035307980727235,-0.013674911167185921
6801,M083118_095_3,AI,Positive,high,0.0011201900651390555,0.36600468114984824
6803,M083118_128_3,pu,Positive,low,0.002455380141411499,1.0739761718739438
6803,M083118_128_3,pu,Positive,mid,0.0022801956045949653,0.6581814891277904
6803,M083118_128_3,pu,Positive,high,0.003454806364714369,1.052062503683587
6819,M091718_022_3,11ml,Positive,low,0.00014011116406653854,-0.6181866100395778
6819,M091718_022_3,11ml,Positive,mid,0.003555218025117526,1.7925519519012898
6819,M091718_022_3,11ml,Positive,high,0.0034413729300045628,1.7568371933133353
6825,M091718_050_3,13l,Positive,low,-8.207574190485929e-06,1.276609267267366
6825,M091718_050_3,13l,Positive,mid,0.0029814379842186636,1.0896611033044694
6825,M091718_050_3,13l,Positive,high,0.00044597049053752175,0.7397658913682978
6836,M091718_092_2,AI,Positive,low,0.002769581933572983,0.49692960809637327
6836,M091718_092_2,AI,Positive,mid,0.004608844733711497,1.7282479228622307
6836,M091718_092_2,AI,Positive,high,0.001027894346484207,1.7324897392022234
6841,M091718_128_3,pu,Negative,low,0.0036526854496601396,-0.6529382345314678
6841,M091718_128_3,pu,Negative,mid,-0.0010044474864161546,-0.2881296069178995
6841,M091718_128_3,pu,Negative,high,-0.0009214114791854081,-0.069263654440051
6842,M091718_134_3,cd,Negative,low,-0.00026471512580825797,-0.6807626137469652
6842,M091718_134_3,cd,Negative,mid,-0.002029862844191977,-0.4539066666114251
6842,M091718_134_3,cd,Negative,high,-0.0014506524290809441,-0.49844163782877565
6861,M091818_022_2,11ml,Positive,low,0.0024036623817716156,0.007126770777234222
6861,M091818_022_2,11ml,Positive,mid,0.002930170906792621,1.0267137437067095
6861,M091818_022_2,11ml,Positive,high,0.00398136921183939,1.8949932455024783
6862,M091818_023_3,11ml,Positive,low,0.0070285026205135085,0.732012908420713
6862,M091818_023_3,11ml,Positive,mid,0.001596399391392365,0.17897864511374464
6862,M091818_023_3,11ml,Positive,high,0.0021999375753430717,0.4827035397586386
6863,M091818_024_3,11ml,Positive,low,0.0040236474384624295,0.1677058116554557
6863,M091818_024_3,11ml,Positive,mid,0.0026679555731756125,-0.6053631407806894
6863,M091818_024_3,11ml,Positive,high,0.0031808749700897357,0.14729535200334032
6868,M091818_050_2,13l,Positive,low,0.0011106131297129607,-0.5473990144607876
6868,M091818_050_2,13l,Positive,mid,0.0003751400349375447,-0.05704273462191708
6868,M091818_050_2,13l,Positive,high,0.0012730501610141835,0.10322105092966555
6876,M091818_077_3,AI,Positive,low,0.002004692329572509,0.07565245409953267
6876,M091818_077_3,AI,Positive,mid,0.0014781014430688317,1.3631254006022224
6876,M091818_077_3,AI,Positive,high,0.002508143207148085,0.7548823808241175
6882,M091818_116_3,AMG,Positive,low,0.0026192738401572026,0.5362451192676888
6882,M091818_116_3,AMG,Positive,mid,0.002718703739746757,0.16339529721905477
6882,M091818_116_3,AMG,Positive,high,0.002376807996159735,0.4584975910090032
6888,M091918_004_5,11ml,Positive,low,0.0017472740776960946,-0.6382554159546193
6888,M091918_004_5,11ml,Positive,mid,0.0010211820539027538,-0.6287282228294742
6888,M091918_004_5,11ml,Positive,high,0.0027997993129862536,-0.11732505110500012
6891,M091918_007_1,11ml,Negative,low,-0.005499833153005771,0.5386509866501745
6891,M091918_007_1,11ml,Negative,mid,-0.0018339103988638126,-0.3505228707681529
6891,M091918_007_1,11ml,Negative,high,-0.002099295459996317,-0.34415376768137534
6894,M091918_011_2,12r,Negative,low,-0.0021232733399794055,0.20930427622891493
6894,M091918_011_2,12r,Negative,mid,-0.0024565173299610043,-0.11125602591190079
6894,M091918_011_2,12r,Negative,high,-0.0037685750550603943,0.23952852755385187
6897,M091918_022_3,11ml,Positive,low,0.0019923499244873183,0.991163895451487
6897,M091918_022_3,11ml,Positive,mid,0.0017994698671510941,1.6471824680707616
6897,M091918_022_3,11ml,Positive,high,0.0019451838364782392,1.7760160596120773
6900,M091918_036_4,12l,Negative,low,-0.005338195258144978,-0.48982109380622524
6900,M091918_036_4,12l,Negative,mid,-0.0034668397274638654,0.38337726533930505
6900,M091918_036_4,12l,Negative,high,-0.0021439555134886404,0.31923615765667207
6915,M091918_093_3,AI,Negative,low,0.003479505685090088,0.19300620046912223
6915,M091918_093_3,AI,Negative,mid,-0.0035108277009127595,-0.02341266529493773
6915,M091918_093_3,AI,Negative,high,-0.001518685669089187,-0.3275664814837167
6917,M091918_109_1,pu,Positive,low,0.003348773594332263,2.3411001213973455
6917,M091918_109_1,pu,Positive,mid,0.00291263401995417,1.0056586836824215
6917,M091918_109_1,pu,Positive,high,0.00032049564926293136,-0.6768494105577072
6918,M091918_110_1,pu,Positive,low,-0.0003189283056007539,1.1620200362781716
6918,M091918_110_1,pu,Positive,mid,0.002517423446453071,1.1525486662670872
6918,M091918_110_1,pu,Positive,high,0.0003706340720773845,0.8298065829991104
6921,M091918_128_5,pu,Negative,low,-0.003423886055540923,0.17253365874997093
6921,M091918_128_5,pu,Negative,mid,-0.0013116796119546084,-0.34634957704459063
6921,M091918_128_5,pu,Negative,high,-0.00045748568640703976,-0.4305429136017942
6926,M092018_004_3,11ml,Positive,low,-0.0004977726576095004,-0.8324411871677231
6926,M092018_004_3,11ml,Positive,mid,0.0010655493595107994,-0.8896340781361013
6926,M092018_004_3,11ml,Positive,high,0.0015555825382297234,-0.4381770403817848
6930,M092018_008_2,11ml,Negative,low,-0.005040476643248459,-0.7216924798183652
6930,M092018_008_2,11ml,Negative,mid,-0.0020041154606275746,-0.43275040844013235
6930,M092018_008_2,11ml,Negative,high,-0.0012347191443970887,-0.18946858684333992
6939,M092018_022_3,11ml,Positive,low,0.0035130050641824593,0.21323658566233916
6939,M092018_022_3,11ml,Positive,mid,0.004146939403709438,1.1873638564178381
6939,M092018_022_3,11ml,Positive,high,0.003646738082308049,1.9689796829779018
6941,M092018_036_2,12l,Negative,low,-0.0011034780750515463,-0.49767494417057556
6941,M092018_036_2,12l,Negative,mid,-0.0029131353070150257,0.22764305728634884
6941,M092018_036_2,12l,Negative,high,-0.001365097852897797,0.23880261726237326
6963,M092018_156_3,cd,Negative,low,-0.0020696690269773914,0.8994958120384277
6963,M092018_156_3,cd,Negative,mid,-0.0007963933654278565,1.0764294424390237
6963,M092018_156_3,cd,Negative,high,-0.0007288963593189596,0.34562804657321256
6964,M092118_004_3,11ml,Positive,low,-0.0019269647053377654,-0.5707427632798148
6964,M092118_004_3,11ml,Positive,mid,0.0008145964976589115,-0.7649228528960176
6964,M092118_004_3,11ml,Positive,high,0.0015262345171737446,-0.37013006045660485
6969,M092118_008_2,11ml,Negative,low,0.0009759499186875124,-1.0418586653104043
6969,M092118_008_2,11ml,Negative,mid,-0.0007211263598005546,-0.6455184180613378
6969,M092118_008_2,11ml,Negative,high,-0.0014923735990011,-0.4748215880078386
6979,M092118_019_2,12m,Negative,low,-0.0021611438872310177,0.1060520238855144
6979,M092118_019_2,12m,Negative,mid,-0.0011580819303527402,-0.5947861746845561
6979,M092118_019_2,12m,Negative,high,-8.504531472357208e-05,-1.0352747307442587
6981,M092118_022_3,11ml,Positive,low,0.0035979803615048284,0.8653840520719419
6981,M092118_022_3,11ml,Positive,mid,0.0017012105614104915,1.815054994950477
6981,M092118_022_3,11ml,Positive,high,0.0023320663130499933,1.7868814812523752
6987,M092118_051_1,13m,Positive,low,0.004869666709180699,-0.6635328500443285
6987,M092118_051_1,13m,Positive,mid,-0.00247918534920237,0.248442270038355
6987,M092118_051_1,13m,Positive,high,0.0022250613207021133,1.0222218296244219
7003,M092118_105_2,AMG,Negative,low,4.181686477600193e-19,-0.8236277103424072
7003,M092118_105_2,AMG,Negative,mid,-0.00024247382001640414,-0.6341221534868643
7003,M092118_105_2,AMG,Negative,high,-0.0007267629857977975,-0.4967089103482131
7012,M092518_007_3,11ml,Negative,low,0.0030832547175369835,-0.234339706543926
7012,M092518_007_3,11ml,Negative,mid,-0.0020155503788108348,-0.03510185352800888
7012,M092518_007_3,11ml,Negative,high,-0.0004307928424785087,-0.7197074821705429
7025,M092518_026_4,12l,Positive,low,0.006335871874672567,0.9131456410454992
7025,M092518_026_4,12l,Positive,mid,0.004534110536543903,1.527581434901463
7025,M092518_026_4,12l,Positive,high,0.0006956386848980343,-0.007549034835446855
7027,M092518_036_3,12l,Negative,low,-0.001399302702055903,-0.7971409491872331
7027,M092518_036_3,12l,Negative,mid,-0.0004233451115848223,-0.6187944170955364
7027,M092518_036_3,12l,Negative,high,-0.0012653334056489584,0.24782186609197004
7028,M092518_039_3,13l,Positive,low,0.0036978663910208977,1.605037402293448
7028,M092518_039_3,13l,Positive,mid,0.0016482154103008295,0.5395950139651289
7028,M092518_039_3,13l,Positive,high,0.0013044781353942967,-0.03799790467798846
7035,M092518_066_3,12o,Negative,low,-0.0009398989472914569,-1.1342641611067508
7035,M092518_066_3,12o,Negative,mid,-0.0011442532231722173,-0.7228712958598296
7035,M092518_066_3,12o,Negative,high,-0.0014270448297980967,-0.8247698226357855
7047,M092518_134_3,cd,Negative,low,5.227108097000241e-19,-0.6157928705215454
7047,M092518_134_3,cd,Negative,mid,-8.440118470696434e-06,-0.5379001495495017
7047,M092518_134_3,cd,Negative,high,-0.0017962598297906979,-0.18753175782667358
7061,M092618_011_3,12r,Positive,low,0.009049818517384931,1.1057528801213565
7061,M092618_011_3,12r,Positive,mid,0.0023261519356990367,1.1148277419884054
7061,M092618_011_3,12r,Positive,high,0.002590257455900515,0.7329662321460823
7062,M092618_012_3,11ml,Positive,low,0.0013307786203036105,0.7893988398648915
7062,M092618_012_3,11ml,Positive,mid,0.002822473446936595,0.5968708013821263
7062,M092618_012_3,11ml,Positive,high,0.0020713507038318062,1.0093138581901144
7069,M092618_025_2,11ml,Positive,low,0.0002561213692855677,0.5933891889579538
7069,M092618_025_2,11ml,Positive,mid,0.003421629534210231,0.011792218224292685
7069,M092618_025_2,11ml,Positive,high,0.0027818285640749977,0.39678883298516837
7080,M092618_066_2,12o,Negative,low,-0.0035338393517529596,-0.4057320128902971
7080,M092618_066_2,12o,Negative,mid,-0.0007571601021403235,-0.6704912164594091
7080,M092618_066_2,12o,Negative,high,-0.001195822639025394,-0.6470819535896107
7093,M092618_094_3,AI,Positive,low,0.0043492436380240035,-0.19372091568795693
7093,M092618_094_3,AI,Positive,mid,0.002231519752638126,0.4572027808264674
7093,M092618_094_3,AI,Positive,high,0.0013072822453513715,0.8626701865041514
7104,M092618_140_3,pu,Positive,low,-0.00040372857392915654,0.24267496741353572
7104,M092618_140_3,pu,Positive,mid,0.004060278855863938,0.463846985219719
7104,M092618_140_3,pu,Positive,high,0.0016931181686200745,0.6170545123639449
7106,M092618_156_3,cd,Negative,low,-0.0010099871050634575,1.5181270090928192
7106,M092618_156_3,cd,Negative,mid,0.00133926826813016,0.05019205237177825
7106,M092618_156_3,cd,Negative,high,-0.000905653077979272,-0.3032960379121402
7108,M092718_004_3,11ml,Positive,low,-0.0022227557836955875,-0.11727514487037283
7108,M092718_004_3,11ml,Positive,mid,0.0014447736987889081,-0.6195741450218809
7108,M092718_004_3,11ml,Positive,high,0.0018945371059194123,-0.5154560166229021
7111,M092718_005_3,11ml,Negative,low,-0.0014429208158399116,-0.8086040874853259
7111,M092718_005_3,11ml,Negative,mid,0.00014743655465006302,-0.7787472211481529
7111,M092718_005_3,11ml,Negative,high,-0.0004573949431260171,-0.6348776757816308
7117,M092718_010_3,12r,Negative,low,0.00045526564267065264,-0.2548366715177001
7117,M092718_010_3,12r,Negative,mid,0.00017003731187334738,-0.05162866590637559
7117,M092718_010_3,12r,Negative,high,-0.0012264595656385393,-0.5278345571587578
7119,M092718_011_4,12r,Positive,low,0.0074042585179991925,1.1524312316987062
7119,M092718_011_4,12r,Positive,mid,0.0006239171798432962,0.3942294991393101
7119,M092718_011_4,12r,Positive,high,0.003973954052018747,0.7806889830101374
7127,M092718_028_2,12o,Negative,low,0.001165971531112202,-0.7278607721020547
7127,M092718_028_2,12o,Negative,mid,-0.000491029335545212,-0.3987549127020661
7127,M092718_028_2,12o,Negative,high,-0.0009003395005990842,-0.1132754117889952
7129,M092718_039_3,13l,Positive,low,0.0024000576825556766,1.192047959606852
7129,M092718_039_3,13l,Positive,mid,0.0017594364016489824,0.38092096313048146
7129,M092718_039_3,13l,Positive,high,0.0007146816335633902,-0.08354740848411464
7137,M092718_067_4,12o,Positive,low,-0.003401130392009736,-0.1739874763608741
7137,M092718_067_4,12o,Positive,mid,0.0036283903686382107,0.9124462546016742
7137,M092718_067_4,12o,Positive,high,0.0014460819599971773,1.463636622948575
7146,M092718_092_2,AI,Negative,low,-0.0019126353531854754,0.5654063338968599
7146,M092718_092_2,AI,Negative,mid,-0.0009662815966367497,0.2659292175201021
7146,M092718_092_2,AI,Negative,high,-0.0013657072802307792,0.1423183424233317
7147,M092718_095_3,AI,Negative,low,-0.0013999752500882116,0.6423325004244375
7147,M092718_095_3,AI,Negative,mid,-0.0009986719330745833,-0.8077751362383266
7147,M092718_095_3,AI,Negative,high,-0.001049017315218273,-0.7553680285489103
7177,M092818_055_3,12o,Negative,low,-0.003014785959313595,-0.5539594871114425
7177,M092818_055_3,12o,Negative,mid,-0.00029318140235906354,-0.09256985303688214
7177,M092818_055_3,12o,Negative,high,-0.0013467873409073806,0.20367212657976125
7188,M092818_092_2,AI,Negative,low,0.00229285927671514,0.7723164759427557
7188,M092818_092_2,AI,Negative,mid,-0.002099635668502282,-0.3331975252235838
7188,M092818_092_2,AI,Negative,high,-0.0016716473810515333,0.08377680879801212
7195,M092818_156_3,cd,Negative,low,-0.0019588703081053083,-0.5465270779475248
7195,M092818_156_3,cd,Negative,mid,-0.0010622784011385768,-0.6404204630415372
7195,M092818_156_3,cd,Negative,high,-0.0011802986253092141,-0.7118342854516478
7196,M100118_004_3,11ml,Positive,low,0.0008374923303693354,0.7509886556957381
7196,M100118_004_3,11ml,Positive,mid,0.0016904307595725107,-0.637669309935751
7196,M100118_004_3,11ml,Positive,high,0.00257126996994084,-0.4373103446604532
7204,M100118_008_4,11ml,Negative,low,-0.0028098556918914478,-1.3850142454942331
7204,M100118_008_4,11ml,Negative,mid,-0.002987460180964341,-0.387061694841491
7204,M100118_008_4,11ml,Negative,high,-0.0011209958885467096,-0.34905610382836816
7220,M100118_066_3,12o,Negative,low,-0.0024178680631504364,0.513381852298124
7220,M100118_066_3,12o,Negative,mid,0.002133844627086126,-0.4647149757781188
7220,M100118_066_3,12o,Negative,high,-0.0005880153104688014,-0.51984759049487
7229,M100118_079_4,AI,Positive,low,-0.004022183096207579,0.8909529074507389
7229,M100118_079_4,AI,Positive,mid,0.0012637105206932265,0.13097896709912132
7229,M100118_079_4,AI,Positive,high,0.0023291631915860677,1.354282750960396
7236,M100118_146_1,cd,Negative,low,-0.0022981869069047963,-0.10394047895375137
7236,M100118_146_1,cd,Negative,mid,-0.0026006737839884006,-1.011385596193026
7236,M100118_146_1,cd,Negative,high,-0.0017826472156733828,-0.19422029634214552
7238,M100118_149_4,pu,Positive,low,0.0013216581149831687,0.05871493790528044
7238,M100118_149_4,pu,Positive,mid,0.0021565597784917053,0.24659683172298152
7238,M100118_149_4,pu,Positive,high,0.005833105752875574,1.8074719063624254
7239,M100118_156_6,cd,Negative,low,-0.0009246114865476505,-0.5565898351017975
7239,M100118_156_6,cd,Negative,mid,-0.0033010261072164023,-0.3638207774625598
7239,M100118_156_6,cd,Negative,high,-0.0016442988360575116,-0.48621275106765727
7240,M100218_004_2,11ml,Positive,low,0.0015234400154537724,0.35079000473251803
7240,M100218_004_2,11ml,Positive,mid,0.000665181777100871,-0.6861381631921016
7240,M100218_004_2,11ml,Positive,high,0.002794578441231143,-0.07487399629882836
7247,M100218_008_3,11ml,Negative,low,0.002260058985933809,-0.4815424686536416
7247,M100218_008_3,11ml,Negative,mid,-0.0007597739430635595,-0.6138083719727452
7247,M100218_008_3,11ml,Negative,high,-0.00125822562553927,-0.5655157522450646
7269,M100218_075_1,13m,Positive,low,0.003720047686585269,0.5131113998289336
7269,M100218_075_1,13m,Positive,mid,0.002729909070091035,1.097864358666831
7269,M100218_075_1,13m,Positive,high,0.002128808109165401,1.2657195003873696
7286,M100218_156_3,cd,Negative,low,-0.0010604946901470748,-0.6515695773182861
7286,M100218_156_3,cd,Negative,mid,-0.0008394907223979203,-0.4634855118597208
7286,M100218_156_3,cd,Negative,high,-0.001516000440180716,-0.6976076545265074
7287,M100318_004_3,11ml,Positive,low,0.003938132395548355,0.23017951153131969
7287,M100318_004_3,11ml,Positive,mid,0.001049382457282187,-0.8482694692237376
7287,M100318_004_3,11ml,Positive,high,0.0020145834891984802,-0.43339449925016543
7293,M100318_008_3,11ml,Negative,low,0.0004646988382831841,-1.134767662693503
7293,M100318_008_3,11ml,Negative,mid,-0.0019488594822347732,-0.6375910285852552
7293,M100318_008_3,11ml,Negative,high,-0.0018690232423760544,-0.29431123299541234
7306,M100318_036_2,12l,Negative,low,-0.00013135024855984417,-0.490275245790173
7306,M100318_036_2,12l,Negative,mid,-0.000648711473844432,-0.99631418136511
7306,M100318_036_2,12l,Negative,high,-8.040196561459277e-05,-0.9982556736409763
7307,M100318_039_2,13l,Positive,low,0.00011864939308076029,1.7673801032430376
7307,M100318_039_2,13l,Positive,mid,0.0020970752721692666,0.5665030665938764
7307,M100318_039_2,13l,Positive,high,0.0015891738290987748,0.3759626411376118
7308,M100318_039_4,13l,Positive,low,0.004367937982864459,-0.6988987866649636
7308,M100318_039_4,13l,Positive,mid,0.0024411018244967124,-0.3511927333436116
7308,M100318_039_4,13l,Positive,high,0.0012957607695950441,-0.06798547922405794
7317,M100318_079_1,AI,Positive,low,0.0030715527531014262,-0.39771241593944023
7317,M100318_079_1,AI,Positive,mid,0.002161619682461311,1.1065392240160572
7317,M100318_079_1,AI,Positive,high,0.0017491833076330187,1.516195565610876
7322,M100318_118_3,AMG,Negative,low,-0.00145411700961999,-0.4809740472820505
7322,M100318_118_3,AMG,Negative,mid,-0.0024420705753865676,0.3368090698223839
7322,M100318_118_3,AMG,Negative,high,-0.002407020936955934,0.3216338484390552
7328,M100318_157_3,cd,Negative,low,0.0006995559539676499,-1.0123960584550848
7328,M100318_157_3,cd,Negative,mid,-0.0008912415386673617,-0.8968863212030859
7328,M100318_157_3,cd,Negative,high,-0.0005168571790373967,-0.788183438698583
7329,M100418_004_2,11ml,Positive,low,0.0020916235705332187,-0.8556801901553787
7329,M100418_004_2,11ml,Positive,mid,0.000500391122549495,-0.744343874448199
7329,M100418_004_2,11ml,Positive,high,0.0019704569217589263,-0.21556654802721906
7348,M100418_036_3,12l,Negative,low,-0.003311461806573969,-0.18538802548833874
7348,M100418_036_3,12l,Negative,mid,-0.0032871506450288528,-0.40660347950996556
7348,M100418_036_3,12l,Negative,high,-0.002564364890894898,-0.14405573948601047
7367,M100418_149_3,pu,Positive,low,0.001658365352636323,-0.045874163421636416
7367,M100418_149_3,pu,Positive,mid,0.007632337053653554,0.9316186110633186
7367,M100418_149_3,pu,Positive,high,0.007364188395398341,1.8114550020425626
7368,M100518_004_3,11ml,Positive,low,0.002599641361628182,-0.17973695111541563
7368,M100518_004_3,11ml,Positive,mid,0.003948077283501341,-0.2669300107462037
7368,M100518_004_3,11ml,Positive,high,0.0016184005054670442,-0.15910803833465012
7375,M100518_011_3,12r,Negative,low,-0.005648328012000965,-0.33216993582625554
7375,M100518_011_3,12r,Negative,mid,-0.00013062846412392452,0.12977851304022622
7375,M100518_011_3,12r,Negative,high,-0.0021881786406980183,0.5849228467992368
7384,M100518_042_2,13m,Negative,low,0.0005008699410497501,-0.9509646340634382
7384,M100518_042_2,13m,Negative,mid,-0.002027007049065083,0.7204109515809607
7384,M100518_042_2,13m,Negative,high,-0.002080854909008393,1.0941338724582246
7386,M100518_051_3,13m,Positive,low,0.0010991381913855673,-0.08293763026223207
7386,M100518_051_3,13m,Positive,mid,0.0028073258595262417,0.17264835902803985
7386,M100518_051_3,13m,Positive,high,0.0016538370227392215,-0.07875924503481861
7389,M100518_063_2,13m,Positive,low,-0.002288889005960945,0.7045010765162165
7389,M100518_063_2,13m,Positive,mid,0.002169962406487821,1.1351276256078964
7389,M100518_063_2,13m,Positive,high,0.002591871809724657,0.4889939123298392
7391,M100518_065_3,13m,Positive,low,0.00024092050310503925,1.7136932208935751
7391,M100518_065_3,13m,Positive,mid,0.001579909267995204,0.18707937658214308
7391,M100518_065_3,13m,Positive,high,0.0011343676382515103,0.2708821152970303
7405,M100518_095_3,AI,Negative,low,-0.0024876936696529577,-1.13802256139798
7405,M100518_095_3,AI,Negative,mid,-0.002734005117670054,0.15460654734184473
7405,M100518_095_3,AI,Negative,high,-0.001171557508094847,0.5309878371434346
7406,M100518_099_1,cd,Positive,low,-0.003893825618286826,-0.3489321543809535
7406,M100518_099_1,cd,Positive,mid,-1.9256522923414124e-05,0.8674218802900362
7406,M100518_099_1,cd,Positive,high,0.003282836744126281,1.106714554614513
7409,M100518_108_3,pu,Positive,low,0.005996928095382272,0.17687133067409924
7409,M100518_108_3,pu,Positive,mid,0.00178830319760885,0.35440230536626766
7409,M100518_108_3,pu,Positive,high,0.0006452024399072018,0.10731219799612678
7411,M100518_109_4,pu,Positive,low,-0.0005405618169549808,1.3454781024687352
7411,M100518_109_4,pu,Positive,mid,0.000772013140367507,1.1799677473860182
7411,M100518_109_4,pu,Positive,high,0.0008580310839060956,0.5883453059906664
7414,M100518_118_3,AMG,Negative,low,-0.0036816435855284665,-0.27123492829712376
7414,M100518_118_3,AMG,Negative,mid,-0.0002714478553612558,0.21349899469179018
7414,M100518_118_3,AMG,Negative,high,-0.004824213924247668,0.9986217235505175
7418,M100518_155_3,cd,Positive,low,-0.0007719403215364605,-0.17788138094601436
7418,M100518_155_3,cd,Positive,mid,0.000683114110806465,0.7143404547066216
7418,M100518_155_3,cd,Positive,high,0.003381216346582291,0.01840005118404023
7419,M100818_004_3,11ml,Positive,low,0.00404423107678876,0.41709752882286105
7419,M100818_004_3,11ml,Positive,mid,0.0005207600167351157,-0.762477315178206
7419,M100818_004_3,11ml,Positive,high,0.0019004277969512891,-0.026302385616570265
7420,M100818_005_1,11ml,Negative,low,-0.001000429121112726,-0.7550334158584401
7420,M100818_005_1,11ml,Negative,mid,-0.00044524827220410727,-0.6269848622294908
7420,M100818_005_1,11ml,Negative,high,-0.0005695250022825576,-0.29476024669722134
7424,M100818_007_3,11ml,Negative,low,-3.434511403802156e-05,0.11154412411884738
7424,M100818_007_3,11ml,Negative,mid,-0.0012196334243851539,-0.5170927577700075
7424,M100818_007_3,11ml,Negative,high,-0.0005078090712675289,-0.668869106920309
7427,M100818_014_3,11ml,Positive,low,0.001680746027831661,1.7724300665089772
7427,M100818_014_3,11ml,Positive,mid,0.0004738445289419805,0.4288610583670033
7427,M100818_014_3,11ml,Positive,high,0.0010107878893575117,1.5956623063309616
7429,M100818_019_3,12m,Positive,low,0.000485259064989206,-0.6197603723644813
7429,M100818_019_3,12m,Positive,mid,0.00041815923273852076,-0.1469079632972198
7429,M100818_019_3,12m,Positive,high,0.000920853574291565,0.14915733800553244
7434,M100818_036_5,12l,Positive,low,0.004526039932215046,1.0176873753961493
7434,M100818_036_5,12l,Positive,mid,0.002337080234389695,1.1278688732578037
7434,M100818_036_5,12l,Positive,high,0.0015643288349555839,1.192609786888129
7438,M100818_063_3,13m,Positive,low,0.0025001124158127584,-0.3232966862842069
7438,M100818_063_3,13m,Positive,mid,0.001713941685048932,0.44960054999198795
7438,M100818_063_3,13m,Positive,high,0.0025842634286124635,0.6544185458804898
7439,M100818_064_2,13m,Negative,low,-0.002411113202122489,-1.1651226611321361
7439,M100818_064_2,13m,Negative,mid,-0.0009685699047139015,-0.774746133241773
7439,M100818_064_2,13m,Negative,high,-0.0021209647533627566,-0.7570906600649232
7445,M100818_078_3,AI,Negative,low,-0.00022120893186337103,-0.5656336717270377
7445,M100818_078_3,AI,Negative,mid,0.00016855081663352608,-1.0687893637999917
7445,M100818_078_3,AI,Negative,high,-0.0004963784091647286,-0.8705043897850938
7446,M100818_079_2,AI,Positive,low,-0.0027861135943164682,1.344053968373057
7446,M100818_079_2,AI,Positive,mid,0.0038726826727765225,1.570768766067984
7446,M100818_079_2,AI,Positive,high,0.0006926307554216683,1.421059703668223
7450,M100818_095_1,AI,Negative,low,0.0016279918622067416,-1.22454283455582
7450,M100818_095_1,AI,Negative,mid,-0.002843942601790032,-0.18705641833453993
7450,M100818_095_1,AI,Negative,high,-0.0009558183779443508,0.2665725545589165
7454,M100818_109_2,pu,Positive,low,0.006477243928224283,1.591501084219869
7454,M100818_109_2,pu,Positive,mid,0.002213143726339515,0.29332418099850394
7454,M100818_109_2,pu,Positive,high,0.001021552707063592,0.46326852907518085
7460,M100818_136_1,cd,Positive,low,0.004260660414722443,1.5272706569840329
7460,M100818_136_1,cd,Positive,mid,0.005864213746668379,0.9631225499332249
7460,M100818_136_1,cd,Positive,high,0.0024141774045439894,0.9166199372036882
7461,M100918_004_2,11ml,Positive,low,0.0002719270295410233,0.015195115898641294
7461,M100918_004_2,11ml,Positive,mid,0.001545243980651675,-0.6768737579610651
7461,M100918_004_2,11ml,Positive,high,0.0026633253004003667,-0.2144671880110119
7471,M100918_014_3,11ml,Positive,low,-0.0034185696041041506,0.4265032233282948
7471,M100918_014_3,11ml,Positive,mid,0.001181485703032065,1.9333418921107262
7471,M100918_014_3,11ml,Positive,high,0.0012540988113266505,1.5855140466856679
7474,M100918_019_3,12m,Positive,low,0.007154913795312792,1.78013712423195
7474,M100918_019_3,12m,Positive,mid,0.0026672495399225637,0.5046661322333613
7474,M100918_019_3,12m,Positive,high,0.0018196135137644243,0.02238479163981943
7481,M100918_036_3,12l,Positive,low,0.004767877423142701,0.1288494714961919
7481,M100918_036_3,12l,Positive,mid,0.0013061805931576741,-0.40852990470510503
7481,M100918_036_3,12l,Positive,high,0.0019272517954321206,-0.16552585103826445
7486,M100918_064_3,13m,Negative,low,-0.0024738891617489163,-0.9039267869549997
7486,M100918_064_3,13m,Negative,mid,-0.0015767318777532866,-0.5554900614913947
7486,M100918_064_3,13m,Negative,high,-0.001662276645257854,-0.6805657696803279
7494,M100918_072_2,13l,Positive,low,0.002721109222300216,0.4406144968501312
7494,M100918_072_2,13l,Positive,mid,0.0016111517006219594,-0.2272548543931622
7494,M100918_072_2,13l,Positive,high,0.0018034160861733347,0.07789437113029626
7504,M100918_109_4,pu,Positive,low,0.0006262747843466842,0.5677255407067174
7504,M100918_109_4,pu,Positive,mid,0.0027778943608797206,0.27655911460726484
7504,M100918_109_4,pu,Positive,high,0.0032897647786988274,0.806082755051392
7508,M101018_004_3,11ml,Positive,low,0.001391973525056306,-0.3694532571543324
7508,M101018_004_3,11ml,Positive,mid,0.0024288731202484507,-0.5460317275547322
7508,M101018_004_3,11ml,Positive,high,0.0024147599440617895,-0.3319168146592162
7511,M101018_005_5,11ml,Positive,low,0.0011148647331524575,0.708903364948355
7511,M101018_005_5,11ml,Positive,mid,0.002906994927120809,0.9187007661592742
7511,M101018_005_5,11ml,Positive,high,0.0018205860208747005,0.9486544687121164
7513,M101018_008_3,11ml,Negative,low,-0.0004899056300994284,-1.10642531414992
7513,M101018_008_3,11ml,Negative,mid,-0.0021574325597469865,-0.8869816721215559
7513,M101018_008_3,11ml,Negative,high,-0.0014456269086933144,-0.2231797443907367
7518,M101018_014_3,11ml,Positive,low,0.0034706345091532823,-0.24822585019724638
7518,M101018_014_3,11ml,Positive,mid,0.0012499245884679097,1.2623346858532378
7518,M101018_014_3,11ml,Positive,high,0.0017135180346763523,1.851532885417367
7521,M101018_019_3,12m,Positive,low,0.0006590708406809563,1.5751009405452678
7521,M101018_019_3,12m,Positive,mid,0.0017701215845645005,1.0777394721631623
7521,M101018_019_3,12m,Positive,high,0.0010327385652493671,1.0733833298111914
7522,M101018_024_2,11ml,Positive,low,0.005299098095927268,1.151634777691556
7522,M101018_024_2,11ml,Positive,mid,0.007110260150831195,1.1025218790712397
7522,M101018_024_2,11ml,Positive,high,0.0009020742796406622,0.8441752010829338
7526,M101018_034_3,11ml,Negative,low,-0.00013815776301414443,-0.628807875992154
7526,M101018_034_3,11ml,Negative,mid,-0.0012503003610545153,-0.4264587497667172
7526,M101018_034_3,11ml,Negative,high,-0.0017992713409278986,-0.48622442749266925
7530,M101018_050_3,13l,Positive,low,0.000418801125499561,-1.0375089771834864
7530,M101018_050_3,13l,Positive,mid,0.0011484044384614963,-0.54826545423824
7530,M101018_050_3,13l,Positive,high,0.001496672523149351,-0.2240219812386184
7533,M101018_063_3,13m,Positive,low,0.0024614944161340437,1.5042275877672553
7533,M101018_063_3,13m,Positive,mid,0.0025208178475321355,0.2043892376557978
7533,M101018_063_3,13m,Positive,high,0.002701712024933028,0.5199790418389879
7535,M101018_064_4,13m,Negative,low,-0.0013952802239439327,-0.5931788582522143
7535,M101018_064_4,13m,Negative,mid,-0.002971830711822357,-0.6860916374222966
7535,M101018_064_4,13m,Negative,high,-0.001726534966410273,-0.7683702876385358
7536,M101018_065_3,13m,Positive,low,0.0050270957566786074,0.6093877553856527
7536,M101018_065_3,13m,Positive,mid,0.0005456092075219048,-0.025605066928096033
7536,M101018_065_3,13m,Positive,high,0.00041475624131143195,0.680973931254444
7537,M101018_065_4,13m,Positive,low,0.003607429714710457,1.7306032715180886
7537,M101018_065_4,13m,Positive,mid,-0.00014666715767988015,0.033966501896577996
7537,M101018_065_4,13m,Positive,high,0.001195819992944699,0.6436842827005513
7538,M101018_065_5,13m,Negative,low,0.00018637462006663378,-0.3722075872020966
7538,M101018_065_5,13m,Negative,mid,-0.002054251367597753,-0.768603052188117
7538,M101018_065_5,13m,Negative,high,-0.0004241488351234679,-0.73712955447481
7543,M101018_079_1,AI,Positive,low,4.597983864287975e-05,1.9017098369495247
7543,M101018_079_1,AI,Positive,mid,0.00104801409449518,1.293997816952215
7543,M101018_079_1,AI,Positive,high,0.0011811992999907059,1.6055312367921661
7547,M101018_092_3,AI,Negative,low,-0.0004737735944916762,-0.5145722475033037
7547,M101018_092_3,AI,Negative,mid,-0.0007821581554942255,-0.4342360592977192
7547,M101018_092_3,AI,Negative,high,-0.0005500408334612875,-0.4404006110203643
7549,M101018_095_4,AI,Negative,low,-0.005495116817872049,-0.5437398041550461
7549,M101018_095_4,AI,Negative,mid,-0.0014776492267595657,-0.08229696276902179
7549,M101018_095_4,AI,Negative,high,-0.000798541315363635,0.7461388667490637
7551,M101018_105_2,AMG,Positive,low,0.0013540459818000429,-0.777228857552518
7551,M101018_105_2,AMG,Positive,mid,0.0022993885842550296,-0.471406428168176
7551,M101018_105_2,AMG,Positive,high,0.0015337192719348848,-0.4015363024118838
7553,M101018_109_4,pu,Positive,low,0.004248314116836979,0.6876850185695782
7553,M101018_109_4,pu,Positive,mid,0.005466676299677701,0.789071744683562
7553,M101018_109_4,pu,Positive,high,0.0019323417963493814,0.9073218452789125
7570,M101818_025_2,46v,Positive,low,-0.0013685854120875976,0.004333854515024905
7570,M101818_025_2,46v,Positive,mid,0.0028198624160370414,1.1397077632245116
7570,M101818_025_2,46v,Positive,high,0.0008401423606805829,1.285697968648793
7572,M101818_036_3,12l,Positive,low,0.003230830223699288,0.7064369944220226
7572,M101818_036_3,12l,Positive,mid,0.002169156361636167,0.9749311779233659
7572,M101818_036_3,12l,Positive,high,0.0016278943143734864,0.38866150650592285
7581,M101818_083_4,13l,Positive,low,0.006421138497318439,-0.13745932662844063
7581,M101818_083_4,13l,Positive,mid,0.004003601143722394,0.8942312668178373
7581,M101818_083_4,13l,Positive,high,0.0005462599326763178,0.016676141908152118
7584,M101818_157_3,cd,Positive,low,-0.0019041031087990944,0.41103291037351436
7584,M101818_157_3,cd,Positive,mid,0.002214102360817724,0.978897268646017
7584,M101818_157_3,cd,Positive,high,0.004236662483469355,1.0387436717261673
7589,M101918_006_1,11ml,Positive,low,0.0001838790694463386,-0.6365465270897711
7589,M101918_006_1,11ml,Positive,mid,0.0034086689269942874,0.4460092900900446
7589,M101918_006_1,11ml,Positive,high,0.0016237615031444673,-0.4483278854696344
7592,M101918_007_6,11ml,Negative,low,-0.0023151528334782764,-0.4717462730583132
7592,M101918_007_6,11ml,Negative,mid,-0.0001432637760435845,-0.7564319991034002
7592,M101918_007_6,11ml,Negative,high,-0.0008289853339571835,-0.597993517204648
7595,M101918_010_2,12r,Positive,low,0.0021375451326436684,-0.9986842293772666
7595,M101918_010_2,12r,Positive,mid,0.00080638200108095,-0.10529779005456157
7595,M101918_010_2,12r,Positive,high,0.001682356668655932,-0.6229942927397354
7603,M101918_036_3,12l,Positive,low,0.0051206769893749,1.0946233650024813
7603,M101918_036_3,12l,Positive,mid,0.0004892043344711795,0.9885572258277662
7603,M101918_036_3,12l,Positive,high,0.0018381427016454829,0.1512684285928946
7604,M101918_042_3,13m,Negative,low,1.123497027219291e-05,0.8157654362025604
7604,M101918_042_3,13m,Negative,mid,-0.001975366529352259,-0.4173008641708463
7604,M101918_042_3,13m,Negative,high,-0.002026584271087075,0.0031109303251503906
7611,M101918_064_4,13m,Positive,low,0.0026255046452419734,0.42411122077877655
7611,M101918_064_4,13m,Positive,mid,0.004929257245187201,0.7227846435426166
7611,M101918_064_4,13m,Positive,high,0.0026927934648029866,0.5832672888109346
7622,M101918_136_2,cd,Positive,low,0.0043250596238949114,0.015566773845817752
7622,M101918_136_2,cd,Positive,mid,0.0006099563659745835,1.0152258018338542
7622,M101918_136_2,cd,Positive,high,0.0018176968496163052,0.5747960409732186
7623,M101918_149_1,pu,Positive,low,-0.0004766396918528561,-0.41990256263330555
7623,M101918_149_1,pu,Positive,mid,0.0015986612767258347,0.5026126275104029
7623,M101918_149_1,pu,Positive,high,0.0025741498163372014,0.5806097479721614
7625,M101918_149_5,pu,Positive,low,0.0025237923679730214,-0.3132230110881779
7625,M101918_149_5,pu,Positive,mid,0.001131313501361816,-0.39394701075137356
7625,M101918_149_5,pu,Positive,high,0.0012106846214719473,-0.1411179972533795
7626,M101918_157_3,cd,Positive,low,0.0035795430827659934,0.6948516744354774
7626,M101918_157_3,cd,Positive,mid,0.007150955973178122,1.017964368514072
7626,M101918_157_3,cd,Positive,high,0.003916039402517871,1.163421875619151
7627,M102218_004_2,11ml,Positive,low,0.0017250671798354441,-0.3938976005041281
7627,M102218_004_2,11ml,Positive,mid,0.002636141739636417,-0.2278857046566162
7627,M102218_004_2,11ml,Positive,high,0.0024828142111980207,0.12039507183938995
7629,M102218_004_5,11ml,Positive,low,-0.0013701260064306027,-0.708938455819687
7629,M102218_004_5,11ml,Positive,mid,-0.00029061724167846734,-0.7158747236562053
7629,M102218_004_5,11ml,Positive,high,0.0018008187901971636,0.15479338603824866
7633,M102218_006_2,11ml,Negative,low,-0.0037580177213386965,-0.7640892937841411
7633,M102218_006_2,11ml,Negative,mid,-0.0013931317358059207,0.4201456913284837
7633,M102218_006_2,11ml,Negative,high,-0.001723323574081573,0.21300179218188062
7635,M102218_007_2,11ml,Negative,low,2.0908432388000964e-19,-0.676440417766571
7635,M102218_007_2,11ml,Negative,mid,0.00041880411531650916,-0.41438168889263444
7635,M102218_007_2,11ml,Negative,high,-0.0009894797078648027,-0.46040844075542914
7637,M102218_008_4,11ml,Negative,low,-0.0011285251038281648,-1.3033853628720697
7637,M102218_008_4,11ml,Negative,mid,0.0008446397545007114,-0.474897089215947
7637,M102218_008_4,11ml,Negative,high,-0.0021437147875357056,0.06856326450486845
7647,M102218_064_3,13m,Positive,low,0.00228762243639709,-0.12100243257256395
7647,M102218_064_3,13m,Positive,mid,0.0018574803315908543,1.1722657509673442
7647,M102218_064_3,13m,Positive,high,0.002141601457125512,0.37119009653234175
7658,M102218_116_3,AMG,Positive,low,0.009628862182715883,1.485871795831425
7658,M102218_116_3,AMG,Positive,mid,-0.002515063458305154,-0.07899209569997082
7658,M102218_116_3,AMG,Positive,high,0.0009039499012208145,0.07551148077790475
7662,M102218_136_4,cd,Positive,low,0.0029388929886268846,1.3140889320417173
7662,M102218_136_4,cd,Positive,mid,0.0009105040370447777,-0.21818605576410963
7662,M102218_136_4,cd,Positive,high,0.0003315216577063084,0.3964599390419668
7664,M102218_157_3,cd,Positive,low,0.0029494508585387338,0.38841649427538905
7664,M102218_157_3,cd,Positive,mid,0.004232351276600009,0.8448625905656205
7664,M102218_157_3,cd,Positive,high,0.002474170784964957,0.7646432332097927
7668,M102318_004_4,11ml,Positive,low,-0.003572475015539671,0.7453233661151766
7668,M102318_004_4,11ml,Positive,mid,1.8149641371863075e-05,-0.9599309623142249
7668,M102318_004_4,11ml,Positive,high,0.00013233973762519723,-0.40582179526868933
7670,M102318_005_4,11ml,Negative,low,0.0005604736571922141,-1.175946122695523
7670,M102318_005_4,11ml,Negative,mid,-0.0004429082648975442,-0.6968063227150484
7670,M102318_005_4,11ml,Negative,high,-0.0012682647095777833,-0.7385561404852026
7673,M102318_006_3,11ml,Negative,low,-0.0017754468763627215,-0.3096665475783756
7673,M102318_006_3,11ml,Negative,mid,-0.0025438930524689846,-0.38822919595269906
7673,M102318_006_3,11ml,Negative,high,-0.0007056450335696229,-0.17242784864478783
7680,M102318_019_4,12m,Negative,low,-0.0010468290627983598,-1.0239172752407346
7680,M102318_019_4,12m,Negative,mid,-0.001727477134275061,-0.9598898007201275
7680,M102318_019_4,12m,Negative,high,-0.0008248214618210677,-0.9343979545123565
7682,M102318_034_3,11ml,Negative,low,0.004344223593296192,-0.5711906148986999
7682,M102318_034_3,11ml,Negative,mid,0.0010492855792529697,-0.5106523460967152
7682,M102318_034_3,11ml,Negative,high,-0.0011147072677408654,-0.5961478037167707
7684,M102318_036_1,12o,Positive,low,0.0008421537197990846,1.5462753063380816
7684,M102318_036_1,12o,Positive,mid,0.00545072523873954,1.1991414935514022
7684,M102318_036_1,12o,Positive,high,0.003449652627356857,1.248833003164131
7685,M102318_036_2,12o,Positive,low,-0.0004957786861585529,1.0425720320052403
7685,M102318_036_2,12o,Positive,mid,0.002025804297125859,0.6798126653747977
7685,M102318_036_2,12o,Positive,high,0.0027179854398771248,0.49072803992285285
7686,M102318_036_4,12o,Positive,low,0.00010729327536435949,1.1464560080595476
7686,M102318_036_4,12o,Positive,mid,0.004431842700026614,0.8811762661374052
7686,M102318_036_4,12o,Positive,high,0.003546144310589641,0.7199614350946454
7691,M102318_045_4,12o,Positive,low,-0.0043884675313598095,1.5872598618839227
7691,M102318_045_4,12o,Positive,mid,0.0008462488945771952,0.3639641282014617
7691,M102318_045_4,12o,Positive,high,0.0040064399605020205,1.186309820010068
7698,M102318_066_3,45,Negative,low,-0.008498218278045913,0.7011780077591538
7698,M102318_066_3,45,Negative,mid,-0.004710876291930858,0.32312658178726966
7698,M102318_066_3,45,Negative,high,-0.0028994219115456776,-0.07159858309398846
7699,M102318_067_1,12o,Positive,low,0.002599596316630923,2.4222813174252504
7699,M102318_067_1,12o,Positive,mid,0.0011986586106639266,0.9956386506359113
7699,M102318_067_1,12o,Positive,high,-0.0001712191937085358,0.11199593263079324
7704,M102318_077_2,AI,Positive,low,0.004847828490040849,1.9675696662374573
7704,M102318_077_2,AI,Positive,mid,0.0027042461074502176,1.5399896841180107
7704,M102318_077_2,AI,Positive,high,-0.00011706630726318504,0.438584128255257
7730,M102418_008_3,11ml,Negative,low,-0.005753049321947923,-0.8163463301141552
7730,M102418_008_3,11ml,Negative,mid,9.096047187561277e-05,-0.8736518430345368
7730,M102418_008_3,11ml,Negative,high,-0.0015417423449327916,-0.26682042913185394
7739,M102418_019_1,12m,Negative,low,-0.0022890437074989645,-0.9201462458286082
7739,M102418_019_1,12m,Negative,mid,-0.00135385037398979,-1.0895125590227606
7739,M102418_019_1,12m,Negative,high,-0.0005437625046521683,-0.9653772329927086
7741,M102418_028_3,12o,Negative,low,0.0018541542746552287,-1.2225141872306309
7741,M102418_028_3,12o,Negative,mid,0.0003926072307706396,-0.40828612713126183
7741,M102418_028_3,12o,Negative,high,-0.0016032278454702871,-1.0610473856404299
7745,M102418_036_2,12o,Positive,low,0.000971096130108289,-0.2894152869142479
7745,M102418_036_2,12o,Positive,mid,0.0025663652742748365,0.3730104991832218
7745,M102418_036_2,12o,Positive,high,0.00342326969666734,0.8479186361841548
7746,M102418_036_4,12o,Positive,low,0.003059505270564474,0.3342513653663562
7746,M102418_036_4,12o,Positive,mid,0.0014737104739073392,0.26934119538129864
7746,M102418_036_4,12o,Positive,high,0.004889780432020505,0.73437422096455
7747,M102418_042_2,13m,Positive,low,-0.00032951455195737736,1.2864291388247031
7747,M102418_042_2,13m,Positive,mid,0.0006948523698030672,0.4282047038385722
7747,M102418_042_2,13m,Positive,high,0.00042157657970381957,-0.05515717106737375
7761,M102418_125_2,cd,Positive,low,0.0004253765121181006,-0.7898866374560085
7761,M102418_125_2,cd,Positive,mid,0.0009545775297422831,-0.5806723765892514
7761,M102418_125_2,cd,Positive,high,0.0003809608691489949,-0.6374636060386252
7766,M102518_002_4,12r,Positive,low,-0.0001543301555032948,0.47601643142704164
7766,M102518_002_4,12r,Positive,mid,0.003575843526043011,0.13440912947160952
7766,M102518_002_4,12r,Positive,high,0.002180521604145488,0.49145820007129526
7769,M102518_004_1,11ml,Positive,low,-1.1734674840806088e-05,0.21151499402594634
7769,M102518_004_1,11ml,Positive,mid,0.0015420912015016843,-0.5268229761175631
7769,M102518_004_1,11ml,Positive,high,0.002728138242874395,-0.06085430085387843
7770,M102518_004_2,11ml,Positive,low,-0.003354242913446676,1.169788536521143
7770,M102518_004_2,11ml,Positive,mid,0.002635226914788692,-0.1780334598725327
7770,M102518_004_2,11ml,Positive,high,0.0008967447518028412,-0.3855015981056032
7773,M102518_005_4,11ml,Negative,low,8.363372955200386e-19,-0.9253280162811279
7773,M102518_005_4,11ml,Negative,mid,-0.0006002759492063256,-0.37416012063095605
7773,M102518_005_4,11ml,Negative,high,-0.00022084262072896688,-0.5087377390825808
7777,M102518_008_4,11ml,Negative,low,0.001557873162544997,-1.2840344094099498
7777,M102518_008_4,11ml,Negative,mid,3.30780137543598e-05,-0.01686944996166398
7777,M102518_008_4,11ml,Negative,high,-0.001623850355839547,-0.35850873115893217
7784,M102518_019_4,12m,Negative,low,-0.00022504995068684143,-0.867246960344013
7784,M102518_019_4,12m,Negative,mid,-0.0009545002631996835,-0.77758299054798
7784,M102518_019_4,12m,Negative,high,-0.0003325871851850671,-0.7446804327298322
7789,M102518_036_2,12o,Positive,low,-0.0024954778171098467,1.295384758441847
7789,M102518_036_2,12o,Positive,mid,0.002574479227529033,0.5987663359901156
7789,M102518_036_2,12o,Positive,high,0.0014956181437368464,0.512913270824017
7790,M102518_036_5,12o,Positive,low,-0.004446716888971621,0.37635146553152415
7790,M102518_036_5,12o,Positive,mid,0.0014411049603530448,0.7802959478932112
7790,M102518_036_5,12o,Positive,high,0.0011577064246431014,0.729628507091281
7791,M102518_036_6,12o,Positive,low,-0.002665256622892131,1.6300417742660553
7791,M102518_036_6,12o,Positive,mid,0.0018390145430536493,-0.24927361145268462
7791,M102518_036_6,12o,Positive,high,0.0027062226739143695,0.10485609391930446
7792,M102518_036_7,12o,Positive,low,0.004709717819550053,0.40029555499110486
7792,M102518_036_7,12o,Positive,mid,0.0020810235586902277,0.03352293613275355
7792,M102518_036_7,12o,Positive,high,0.0033808757526213287,0.5946291609306568
7801,M102518_077_4,AI,Negative,low,0.0027620502121871496,1.1111740616247827
7801,M102518_077_4,AI,Negative,mid,-0.0022608186979529783,0.18829009725203577
7801,M102518_077_4,AI,Negative,high,-0.002273391133653386,-0.02005889635461812
7805,M102518_083_1,13l,Negative,low,0.0007265042578124159,0.2124422572207592
7805,M102518_083_1,13l,Negative,mid,-0.001087197523946045,-0.2583666933551679
7805,M102518_083_1,13l,Negative,high,-0.0004998985357674956,-0.6442213552367072
7806,M102518_092_3,AI,Positive,low,0.001607083615073702,1.4917406797309882
7806,M102518_092_3,AI,Positive,mid,0.0010452469867201304,-0.0815693062564324
7806,M102518_092_3,AI,Positive,high,0.0005162862969607198,-0.40116170735505974
7813,M102518_119_3,AMG,Positive,low,0.0032821683848548154,-0.3961097714173516
7813,M102518_119_3,AMG,Positive,mid,0.0018547436216477828,-0.461624194659049
7813,M102518_119_3,AMG,Positive,high,0.0018376740534825132,-0.21459584300423323
7824,M103018_004_1,11ml,Positive,low,-0.0019349443045916536,0.7795067821348864
7824,M103018_004_1,11ml,Positive,mid,0.00034268894073459413,0.04440547189089418
7824,M103018_004_1,11ml,Positive,high,0.0024666922560792753,0.26521403000019056
7825,M103018_005_3,11ml,Positive,low,0.002550915469396492,1.7301360800143288
7825,M103018_005_3,11ml,Positive,mid,0.0005045000349085092,0.046940553291838695
7825,M103018_005_3,11ml,Positive,high,0.0019498407933939274,-0.45821709006131023
7829,M103018_011_3,12r,Negative,low,0.0036228894113999347,-0.7265384492376035
7829,M103018_011_3,12r,Negative,mid,-0.001432165741211733,-0.5746458477934143
7829,M103018_011_3,12r,Negative,high,-0.0005401041713231768,-0.26715670681566106
7837,M103018_036_3,12o,Positive,low,0.0017676816361850538,1.6735571015319366
7837,M103018_036_3,12o,Positive,mid,0.004341714479975875,1.1171925610490956
7837,M103018_036_3,12o,Positive,high,0.001333770859505368,0.45002472362922313
7861,M103018_078_3,AI,Positive,low,-0.0020623016975976254,0.11118464758573178
7861,M103018_078_3,AI,Positive,mid,0.0008887820236654898,0.58552563724208
7861,M103018_078_3,AI,Positive,high,0.0029229645313470364,0.7126315191946769
7881,M103018_140_1,AMG,Positive,low,0.004752231171054416,0.8173447193216824
7881,M103018_140_1,AMG,Positive,mid,0.0048866709945236935,0.08605362237128933
7881,M103018_140_1,AMG,Positive,high,0.0022906914411380055,-0.05141721367673288
7882,M103018_140_4,AMG,Positive,low,0.004744254263791012,0.7144290992150242
7882,M103018_140_4,AMG,Positive,mid,0.004075589466562703,0.5455160913539557
7882,M103018_140_4,AMG,Positive,high,0.0021865184651041966,0.09229577441111722
7885,M110118_004_2,11ml,Positive,low,0.0025078990203676347,0.3804141000859599
7885,M110118_004_2,11ml,Positive,mid,0.0022757789376302807,0.20368963173955149
7885,M110118_004_2,11ml,Positive,high,0.002247330976515194,-0.08915970979503259
7886,M110118_005_2,11ml,Positive,low,0.0020155570061830205,0.8978776045766552
7886,M110118_005_2,11ml,Positive,mid,0.003366516806077515,0.18758905012340296
7886,M110118_005_2,11ml,Positive,high,0.0016041034594137824,-0.18804889260644028
7888,M110118_006_2,11ml,Positive,low,0.004938698480185886,1.1586449727281996
7888,M110118_006_2,11ml,Positive,mid,0.003734180457173049,0.8489719761281339
7888,M110118_006_2,11ml,Positive,high,0.0020456881074835433,0.2751628947944497
7894,M110118_018_2,12m,Negative,low,1.8817589149200867e-18,-0.903767466545105
7894,M110118_018_2,12m,Negative,mid,-0.0014352359904028307,-0.6695092321093041
7894,M110118_018_2,12m,Negative,high,-0.001399676192483133,-0.6324721476475331
7896,M110118_028_3,12o,Positive,low,0.0032431840811580873,0.05882541691464451
7896,M110118_028_3,12o,Positive,mid,0.0002671999350339947,0.056598253004615524
7896,M110118_028_3,12o,Positive,high,0.0016639258241026567,-0.1043288435339703
7897,M110118_036_3,12o,Positive,low,0.0011745562441199456,1.296272596671322
7897,M110118_036_3,12o,Positive,mid,0.0002506333485007389,1.9617852975742986
7897,M110118_036_3,12o,Positive,high,0.002386395846468372,0.9616457077669919
7898,M110118_043_2,13m,Positive,low,-1.079241094502762e-05,-0.5899977324632757
7898,M110118_043_2,13m,Positive,mid,7.319657291144922e-05,0.3557452910516412
7898,M110118_043_2,13m,Positive,high,0.0016755279230457032,0.1053904238196296
7900,M110118_054_3,13m,Positive,low,0.0017963445871776323,1.8345202323848913
7900,M110118_054_3,13m,Positive,mid,0.004323973500796739,0.47022738829297717
7900,M110118_054_3,13m,Positive,high,0.0005456820623202972,0.20082224318930048
7909,M110118_079_2,AI,Negative,low,-0.001716386289813416,-0.40416591091778054
7909,M110118_079_2,AI,Negative,mid,-0.0023289634876935326,0.031296127633859534
7909,M110118_079_2,AI,Negative,high,-0.002096457070592286,0.29295271314826243
7916,M110118_099_2,cd,Positive,low,0.0046169534537788695,0.6925478375481191
7916,M110118_099_2,cd,Positive,mid,-0.0005899133494737461,0.7206107646311337
7916,M110118_099_2,cd,Positive,high,0.0017366184381704826,-0.0625738358410221
7917,M110118_109_3,pu,Positive,low,0.00290637468952464,1.1613950778510556
7917,M110118_109_3,pu,Positive,mid,0.0027912325874170254,1.6682501833470609
7917,M110118_109_3,pu,Positive,high,0.0031844215738738493,1.6138481694132636
7923,M110118_149_1,pu,Positive,low,0.0006818972603639386,1.3746749785497858
7923,M110118_149_1,pu,Positive,mid,0.0011559555719357682,1.7545344844435693
7923,M110118_149_1,pu,Positive,high,0.001738587881233619,2.04534475775606
7928,M110618_005_3,11ml,Negative,low,-8.69826460950894e-05,-0.6463247822619318
7928,M110618_005_3,11ml,Negative,mid,-0.00035089370875395967,-0.7997376849369677
7928,M110618_005_3,11ml,Negative,high,-0.001131172792035165,-0.5904577118336857
7929,M110618_005_6,11ml,Positive,low,0.0058113424632917805,0.9938852550204651
7929,M110618_005_6,11ml,Positive,mid,0.0026563534443588537,-0.5172803218796277
7929,M110618_005_6,11ml,Positive,high,0.0007979017902098154,-0.01016927171171567
7936,M110618_018_3,12m,Negative,low,0.0001887109063277797,-0.8422521257559193
7936,M110618_018_3,12m,Negative,mid,-0.0006185636075442328,-0.7355804585180743
7936,M110618_018_3,12m,Negative,high,-0.0013252523156757011,-0.577743255562285
7939,M110618_036_3,12o,Positive,low,-0.002751052336076866,0.4690008975081952
7939,M110618_036_3,12o,Positive,mid,0.004385476216193561,1.889284191636474
7939,M110618_036_3,12o,Positive,high,0.0025728221655909006,1.012261742109219
7942,M110618_051_3,13m,Negative,low,-0.0018744963179238693,-0.5413726302461943
7942,M110618_051_3,13m,Negative,mid,-0.0018388153021884606,-0.3686091422679417
7942,M110618_051_3,13m,Negative,high,-0.0008701012722008062,-0.525892348728761
7945,M110618_072_4,13l,Negative,low,-0.0016166522493932154,-1.4944372086564137
7945,M110618_072_4,13l,Negative,mid,-0.0033035495588611074,-0.7056647474829498
7945,M110618_072_4,13l,Negative,high,-0.00038275561971024235,-0.40453680604977144
7948,M110618_079_2,AI,Negative,low,5.673357177090778e-05,-1.1896544090920003
7948,M110618_079_2,AI,Negative,mid,-0.0018605959324513677,-1.1528824833585896
7948,M110618_079_2,AI,Negative,high,-0.001492220682202713,-1.3034058033725784
7955,M110618_138_2,AMG,Positive,low,0.002071798161348496,0.1368903733604741
7955,M110618_138_2,AMG,Positive,mid,0.0017019089701716752,0.33203578258227495
7955,M110618_138_2,AMG,Positive,high,0.0019744939458085625,0.6351158488749103
7956,M110618_144_3,cd,Positive,low,0.0023950699156370463,-0.04141229141507253
7956,M110618_144_3,cd,Positive,mid,0.0029498114750384154,-0.36617037267817865
7956,M110618_144_3,cd,Positive,high,0.004609356249560352,0.10199586454834696
7958,M110618_157_3,cd,Positive,low,0.0007922903584095621,-1.0320994229309546
7958,M110618_157_3,cd,Positive,mid,-0.00041894036630756883,-0.6511633347467319
7958,M110618_157_3,cd,Positive,high,0.0006360112121685024,-0.3196971951890892
7961,M110718_004_4,11ml,Positive,low,-0.003633013533498184,-0.49301174755817195
7961,M110718_004_4,11ml,Positive,mid,-0.00033680348391561206,0.5494618839189137
7961,M110718_004_4,11ml,Positive,high,6.049153166681808e-05,0.2892794388147054
7965,M110718_005_6,11ml,Positive,low,0.004684929644274315,0.23473321813811082
7965,M110718_005_6,11ml,Positive,mid,0.0028461840562306186,0.44118269048662184
7965,M110718_005_6,11ml,Positive,high,0.0009392345816298792,0.08392027241667731
7973,M110718_036_3,12o,Positive,low,0.000865064801628293,1.8134864298270368
7973,M110718_036_3,12o,Positive,mid,0.002551905304184669,0.7096946404669814
7973,M110718_036_3,12o,Positive,high,0.002558269768771395,0.8173970790741075
7978,M110718_051_3,13m,Negative,low,-0.0012570858974014674,-0.3565300596465733
7978,M110718_051_3,13m,Negative,mid,-0.0011396552295319488,-0.49178833406729067
7978,M110718_051_3,13m,Negative,high,-0.001764116801590949,-0.2004748349075675
8000,M110918_004_3,11ml,Positive,low,0.0010883201429252027,-0.659647593522652
8000,M110918_004_3,11ml,Positive,mid,0.003863954137769854,0.8665242847874559
8000,M110918_004_3,11ml,Positive,high,0.0024475996466540454,1.2657236538195173
8016,M110918_036_3,12o,Positive,low,0.0038454203970568063,2.0384617521832022
8016,M110918_036_3,12o,Positive,mid,0.0003294600069929118,1.339671477204353
8016,M110918_036_3,12o,Positive,high,0.00035918253538027943,0.9142432845075198
8020,M110918_051_3,13m,Negative,low,-0.004611893776102215,-0.09403380731154798
8020,M110918_051_3,13m,Negative,mid,-0.0001088459397423781,-0.7735635119547661
8020,M110918_051_3,13m,Negative,high,-0.0011893393166497615,-0.5528011486189848
8034,M110918_133_4,cd,Positive,low,-3.6343665281063967e-06,0.5566753064962716
8034,M110918_133_4,cd,Positive,mid,6.264947959113165e-06,0.9424799150863226
8034,M110918_133_4,cd,Positive,high,0.0012838603583223561,0.7398716587939
8040,M110918_149_4,pu,Positive,low,0.0003668183110007621,-0.5062669318373906
8040,M110918_149_4,pu,Positive,mid,0.0007203262182652389,-0.5063168228589953
8040,M110918_149_4,pu,Positive,high,0.0029984528311253252,0.226467163622776
8043,M111218_005_1,11ml,Negative,low,1.2545059432800578e-18,-1.182334542274475
8043,M111218_005_1,11ml,Negative,mid,-0.0009213811790122318,-0.7789005351077747
8043,M111218_005_1,11ml,Negative,high,-0.0013760660675986229,-0.0556087701815024
8053,M111218_036_3,12o,Positive,low,0.0005617720312251734,0.6277393901816719
8053,M111218_036_3,12o,Positive,mid,0.006161596374486481,1.4767306452090203
8053,M111218_036_3,12o,Positive,high,0.0031578647328191715,1.6059669056371126
8057,M111218_051_1,13m,Negative,low,8.363372955200386e-19,-1.0585404634475708
8057,M111218_051_1,13m,Negative,mid,-0.0007697546208198554,0.7066267443024329
8057,M111218_051_1,13m,Negative,high,-0.0016315502838800623,-0.1954747547531894
8059,M111218_064_3,13m,Negative,low,-0.0022212848318100935,0.2991466783394862
8059,M111218_064_3,13m,Negative,mid,-0.0012347114143337705,-0.33638903095089395
8059,M111218_064_3,13m,Negative,high,-0.0015341267089542,-0.36669229576490064
8063,M111218_077_3,AI,Negative,low,-0.0023070701625144355,-0.6700589666499472
8063,M111218_077_3,AI,Negative,mid,-0.0025867336002537125,-0.3021903298004916
8063,M111218_077_3,AI,Negative,high,-0.0002712610967705185,-0.5914626491446662
8068,M111218_116_3,AMG,Positive,low,0.002954688873881807,0.10025535447030218
8068,M111218_116_3,AMG,Positive,mid,0.0013785255896335501,0.0589246400399521
8068,M111218_116_3,AMG,Positive,high,0.003208966765949739,0.4984905756858895
8074,M111218_138_4,AMG,Negative,low,1.0454216194000481e-18,-0.5783239006996155
8074,M111218_138_4,AMG,Negative,mid,-0.00041356910746118386,-0.5113309481725121
8074,M111218_138_4,AMG,Negative,high,-0.00038657841195299797,-0.43272054026805223
8075,M111218_140_2,AMG,Negative,low,-0.0020891138251310252,-0.981514568559937
8075,M111218_140_2,AMG,Negative,mid,-0.0018473732206969848,-1.2131979149609755
8075,M111218_140_2,AMG,Negative,high,-0.0011574638480929937,-1.3124423605233382
8080,M111318_004_3,11ml,Positive,low,0.003751012546068627,2.38185784714095
8080,M111318_004_3,11ml,Positive,mid,0.001049656365784445,0.09638893933941187
8080,M111318_004_3,11ml,Positive,high,0.0019864013138458075,0.3069115972801882
8081,M111318_005_1,11ml,Positive,low,0.000330883314037052,1.4884145751397146
8081,M111318_005_1,11ml,Positive,mid,0.0006286090543703028,0.0771519501729188
8081,M111318_005_1,11ml,Positive,high,0.0006206647259118624,0.19919272945597596
8084,M111318_006_4,11ml,Positive,low,1.987953028104996e-05,1.6724986557952577
8084,M111318_006_4,11ml,Positive,mid,0.0015763593092657541,1.2110121374370255
8084,M111318_006_4,11ml,Positive,high,0.0008780113498544723,0.476586017312138
8090,M111318_033_2,46v,Positive,low,-7.596069490040156e-05,-0.6583897441799152
8090,M111318_033_2,46v,Positive,mid,-0.0001681061535753699,-0.3353379882407993
8090,M111318_033_2,46v,Positive,high,0.0007819114425651996,0.15369381680162608
8093,M111318_036_3,12o,Positive,low,-0.00021995489707466834,1.5612956502299737
8093,M111318_036_3,12o,Positive,mid,0.005516490964509696,1.0935186801568144
8093,M111318_036_3,12o,Positive,high,0.0013939800575966086,0.8282195756121998
8098,M111318_051_3,13m,Negative,low,-9.884618224670365e-13,-0.8497122525177065
8098,M111318_051_3,13m,Negative,mid,-0.0019258180252543604,0.0020656931971799516
8098,M111318_051_3,13m,Negative,high,-0.0012750757620845227,-0.16570802300412227
8100,M111318_065_3,13m,Positive,low,-0.0005361182461819448,-1.0150549560537354
8100,M111318_065_3,13m,Positive,mid,0.0033936869331412027,0.41333943535457557
8100,M111318_065_3,13m,Positive,high,0.0009982457765377497,0.6446197768936737
8111,M111318_116_4,AMG,Positive,low,0.0014443734877096557,0.3755265057471251
8111,M111318_116_4,AMG,Positive,mid,0.002809459359948049,0.2881465931718405
8111,M111318_116_4,AMG,Positive,high,0.0001753942591170179,0.12868635561160308
8117,M111318_138_3,AMG,Negative,low,7.317951335800338e-19,-0.5985271334648132
8117,M111318_138_3,AMG,Negative,mid,-9.19870555892824e-05,-0.18620945957060067
8117,M111318_138_3,AMG,Negative,high,-0.001291057119085544,-0.3751916695469851
8123,M111518_004_2,11ml,Positive,low,0.0023259503875141855,0.03193649463045617
8123,M111518_004_2,11ml,Positive,mid,0.0017258495939148312,0.9415092620337707
8123,M111518_004_2,11ml,Positive,high,0.0027155546434202756,0.49823278193509274
8124,M111518_005_3,11ml,Positive,low,-0.0006824387115237065,0.19507159765022566
8124,M111518_005_3,11ml,Positive,mid,0.0006900493619265393,0.07325937032866944
8124,M111518_005_3,11ml,Positive,high,0.0021336581966241697,0.3013312783678792
8126,M111518_006_3,11ml,Negative,low,-0.0014468830534366726,-1.177197898226711
8126,M111518_006_3,11ml,Negative,mid,0.0005282035966458315,-0.1932123993289426
8126,M111518_006_3,11ml,Negative,high,-0.0005868747527295243,-0.906852565371058
8130,M111518_013_3,11ml,Negative,low,-0.00011517468067935447,0.015274428283662447
8130,M111518_013_3,11ml,Negative,mid,-0.0008663913116893132,-0.6577130871669571
8130,M111518_013_3,11ml,Negative,high,-0.002715717466571377,0.1862089698157969
8133,M111518_018_2,12m,Negative,low,-0.0013381402892846464,-0.26067746448727286
8133,M111518_018_2,12m,Negative,mid,-0.0015829899685713671,-0.345770933080353
8133,M111518_018_2,12m,Negative,high,-0.001146010295687872,-0.5085269398011032
8134,M111518_023_2,11ml,Positive,low,-0.0022607982096163864,0.7642056854607644
8134,M111518_023_2,11ml,Positive,mid,-0.0017074809912656335,1.1904353814543582
8134,M111518_023_2,11ml,Positive,high,0.002213972880628691,0.8805877911221366
8136,M111518_036_2,12o,Positive,low,0.005273048762334589,1.097630029246707
8136,M111518_036_2,12o,Positive,mid,0.0008752055738784904,1.7546229275213105
8136,M111518_036_2,12o,Positive,high,0.001993155694908866,1.0765235421541046
8147,M111518_077_5,AI,Positive,low,0.0024042657227591477,0.2468167780937252
8147,M111518_077_5,AI,Positive,mid,-0.0006718828053590561,0.4155460183017464
8147,M111518_077_5,AI,Positive,high,0.0016433507371841198,0.20133259868986916
8169,X010220_011_3,12r,Positive,low,0.0006901534059962887,-0.8586040954113304
8169,X010220_011_3,12r,Positive,mid,1.2609835989574802e-05,0.18763098943790268
8169,X010220_011_3,12r,Positive,high,0.0012277081398954538,1.0909804054683139
8175,X010220_028_4,12l,Positive,low,0.0015894205513147088,1.64432213875696
8175,X010220_028_4,12l,Positive,mid,0.0017240787750578076,1.5808868562917344
8175,X010220_028_4,12l,Positive,high,0.0002573883617694809,1.497871031578686
8177,X010220_038_2,46v,Positive,low,0.0001065154907868823,-0.7407242148469966
8177,X010220_038_2,46v,Positive,mid,0.00015363368613884032,1.1756927171681764
8177,X010220_038_2,46v,Positive,high,0.0018612668969419117,1.5335683497335273
8182,X010220_059_4,46v,Negative,low,0.0012550557058747095,-0.5909139064530735
8182,X010220_059_4,46v,Negative,mid,-0.0008141265906156795,0.2920373849873993
8182,X010220_059_4,46v,Negative,high,-0.0015597368525472285,0.5184374981266935
8187,X010220_077_4,45,Positive,low,-0.00137459259485273,-0.16748161941841122
8187,X010220_077_4,45,Positive,mid,0.005350014206303263,2.443290649022219
8187,X010220_077_4,45,Positive,high,0.0015849613208563644,0.7024407544686225
8188,X010220_078_2,45,Negative,low,0.00013972230894224982,-0.28055640157418593
8188,X010220_078_2,45,Negative,mid,-0.002031992956586619,-0.59449063313791
8188,X010220_078_2,45,Negative,high,-0.0019962625957498973,0.3666875214754591
8191,X010220_091_4,45,Negative,low,-0.0012528435262476466,-0.5366681792932917
8191,X010220_091_4,45,Negative,mid,-0.002750768531014708,-0.5573695755289393
8191,X010220_091_4,45,Negative,high,-9.426826622443658e-05,0.3535672110604578
8199,X010220_118_2,6DC,Negative,low,-0.0030981720428561676,-0.34328653727086283
8199,X010220_118_2,6DC,Negative,mid,-0.0017446907133148767,0.009464317013993053
8199,X010220_118_2,6DC,Negative,high,-0.003141389040770568,0.3316404318658092
8202,X010220_146_1,24c,Negative,low,0.0003626338787882575,-0.29083475821415977
8202,X010220_146_1,24c,Negative,mid,-0.00033292020524576386,-1.8158886444548799
8202,X010220_146_1,24c,Negative,high,-0.0019117535727854946,-1.5897396799926948
8203,X010220_146_7,24c,Negative,low,-0.00033349748075757213,-1.3903210966440287
8203,X010220_146_7,24c,Negative,mid,-0.00014104774542626766,-1.8121533573368027
8203,X010220_146_7,24c,Negative,high,-0.0005539594895052818,-1.2336959435221757
8205,X010320_003_2,12r,Positive,low,0.0029010917884616932,1.5145157527011166
8205,X010320_003_2,12r,Positive,mid,0.0007811118428050419,1.790102295589923
8205,X010320_003_2,12r,Positive,high,0.00021912301868934542,0.6821173775116735
8206,X010320_005_2,46v,Positive,low,0.001823246775136828,0.01076735303273402
8206,X010320_005_2,46v,Positive,mid,0.0010896411600051273,1.6934574233513704
8206,X010320_005_2,46v,Positive,high,-0.0003604328349786157,1.8600065946182276
8210,X010320_011_7,12r,Positive,low,0.0018993244959026627,1.4178423204160173
8210,X010320_011_7,12r,Positive,mid,0.0011701164186277916,0.9975814153866442
8210,X010320_011_7,12r,Positive,high,0.0010033996641560434,1.4327463993613614
8211,X010320_011_8,12r,Negative,low,-0.0032116845409189865,-0.2532690643966694
8211,X010320_011_8,12r,Negative,mid,-0.001536839463962468,-0.5259954704346752
8211,X010320_011_8,12r,Negative,high,-0.0013369067748550398,-0.41371140750233526
8220,X010320_055_1,12l,Positive,low,0.002681420290682058,1.766883062158468
8220,X010320_055_1,12l,Positive,mid,7.841728213777321e-06,0.6818801207962243
8220,X010320_055_1,12l,Positive,high,0.0020025556356988413,1.6885069663235035
8221,X010320_059_4,46v,Negative,low,-0.00044072380153239917,-0.012764618235187737
8221,X010320_059_4,46v,Negative,mid,-0.0009199911481069222,-0.150384669770919
8221,X010320_059_4,46v,Negative,high,-0.00017070541928403184,-0.5535272396791001
8222,X010320_063_3,6DR,Positive,low,-0.0004848814401246761,-0.5381831926721367
8222,X010320_063_3,6DR,Positive,mid,0.0008919657241558028,-0.967542715854137
8222,X010320_063_3,6DR,Positive,high,0.0016805674598614907,-0.33088758300285565
8235,X010320_103_3,45,Positive,low,-0.0003597925888862342,-0.20457880909825069
8235,X010320_103_3,45,Positive,mid,0.0018660802273340932,1.1990993993849604
8235,X010320_103_3,45,Positive,high,0.0006391109028919308,2.4697304454302036
8236,X010320_106_2,6DC,Negative,low,-0.00205083713624983,-1.0698867711965336
8236,X010320_106_2,6DC,Negative,mid,-0.00044651357090193244,-0.24219134932356
8236,X010320_106_2,6DC,Negative,high,-0.0006656560899751351,-1.0788152287288038
8239,X010320_109_3,6DR,Positive,low,0.003552612369813845,-0.3464776994164618
8239,X010320_109_3,6DR,Positive,mid,0.0034083442739752455,-0.5204712118964702
8239,X010320_109_3,6DR,Positive,high,0.0016774589883745915,-0.36963830120937463
8243,X010320_146_1,24c,Negative,low,0.0014521783814482674,-0.4322189648175448
8243,X010320_146_1,24c,Negative,mid,-0.0007746149886102798,-0.8832885097125747
8243,X010320_146_1,24c,Negative,high,-0.000863548073862004,-1.642672782828923
8244,X010421_004_3,12m,Positive,low,0.00027973354132026834,0.6695621386886845
8244,X010421_004_3,12m,Positive,mid,-0.0010368288645339592,-0.21854354607885837
8244,X010421_004_3,12m,Positive,high,0.00222169545443282,1.6962051270607108
8248,X010421_021_4,11ml,Positive,low,-0.00024326283065043364,-0.0735709932392553
8248,X010421_021_4,11ml,Positive,mid,0.00034395690856367246,0.7536674993571372
8248,X010421_021_4,11ml,Positive,high,0.0006779725931662607,2.1024093487100077
8256,X010421_050_5,13l,Positive,low,-0.001579984110661236,1.4684446037106973
8256,X010421_050_5,13l,Positive,mid,-0.0009812277310568345,-0.3406343850440434
8256,X010421_050_5,13l,Positive,high,0.00206378470641126,0.1774714116731344
8261,X010421_056_3,12l,Positive,low,-0.0017269328806165224,1.1099387180686195
8261,X010421_056_3,12l,Positive,mid,0.0006520974038255502,-0.8551371166987745
8261,X010421_056_3,12l,Positive,high,0.0003410602894284899,-1.1230677338487496
8262,X010421_057_5,12o,Positive,low,1.6691067454385305e-05,-0.5310531785582253
8262,X010421_057_5,12o,Positive,mid,0.003680086995178762,0.5897122398892436
8262,X010421_057_5,12o,Positive,high,0.0058685620035395965,1.4098389993317908
8274,X010421_074_2,13m,Negative,low,-0.0031919092727261595,-0.00988086916741833
8274,X010421_074_2,13m,Negative,mid,-0.0001987391172260989,-0.29875519257441735
8274,X010421_074_2,13m,Negative,high,-0.0010115786223468452,-0.20668804235430976
8276,X010421_083_3,AI,Negative,low,-0.004981602941162642,-0.7655277054434558
8276,X010421_083_3,AI,Negative,mid,-6.939544714599026e-05,-0.5290926305310624
8276,X010421_083_3,AI,Negative,high,-0.0019356655009241457,-0.011211651426967785
8281,X010421_142_3,AMG,Negative,low,-0.00427441971650855,1.3547484213939578
8281,X010421_142_3,AMG,Negative,mid,-0.0047572014596101156,-0.8290369990434786
8281,X010421_142_3,AMG,Negative,high,-0.0010436501727885796,-1.0090411426422006
8293,X010521_034_2,13m,Positive,low,-0.0003434214372631612,0.5772300535059858
8293,X010521_034_2,13m,Positive,mid,0.0030641864674003406,0.2253395565639222
8293,X010521_034_2,13m,Positive,high,0.001652224363545975,0.8834813645573646
8298,X010521_039_9,13l,Positive,low,0.004738082841225318,1.1358864775885162
8298,X010521_039_9,13l,Positive,mid,0.0016161890965238008,0.1012451296399879
8298,X010521_039_9,13l,Positive,high,0.0032310214996687033,0.33923126169063533
8305,X010521_057_2,12o,Positive,low,0.003163644701301102,-0.36249907506639895
8305,X010521_057_2,12o,Positive,mid,0.0015405859025395352,0.08272905291361074
8305,X010521_057_2,12o,Positive,high,0.006185283454489647,1.3046570624300482
8311,X010521_074_2,13m,Positive,low,0.0012465585166990243,-1.007426487787095
8311,X010521_074_2,13m,Positive,mid,0.0047195646436834875,0.5664720280417869
8311,X010521_074_2,13m,Positive,high,0.00346420882539427,0.38213158148505916
8313,X010521_083_1,AI,Positive,low,0.001502218238415006,0.04485935630732388
8313,X010521_083_1,AI,Positive,mid,0.0010259892815390015,0.24390406792862543
8313,X010521_083_1,AI,Positive,high,0.0018548264743317605,0.4714675621932131
8314,X010521_097_3,cd,Positive,low,0.0022089874199486626,-0.0869728969929185
8314,X010521_097_3,cd,Positive,mid,0.0022669894219816615,-0.36348084815872367
8314,X010521_097_3,cd,Positive,high,0.004235303205232073,0.33598988052161594
8315,X010521_104_3,45,Positive,low,-0.0018468851741992398,-0.5713911301848833
8315,X010521_104_3,45,Positive,mid,0.002631671564735986,0.3479901723022853
8315,X010521_104_3,45,Positive,high,0.0015994425656871212,2.8560784392666303
8324,X010521_139_1,AMG,Negative,low,-0.0014883225914542287,-1.1129437244374045
8324,X010521_139_1,AMG,Negative,mid,-0.0026479777523713333,-0.05228169505174381
8324,X010521_139_1,AMG,Negative,high,-0.0010093327413001373,-0.04412388979248507
8325,X010521_142_6,AMG,Negative,low,-0.0018093477616095569,0.02061811125466907
8325,X010521_142_6,AMG,Negative,mid,-0.0014950207404632885,0.03490705700117022
8325,X010521_142_6,AMG,Negative,high,-0.0009293055369189092,-0.5350338061302963
8330,X010620_003_3,12r,Positive,low,0.0032141072200038297,1.281687768445832
8330,X010620_003_3,12r,Positive,mid,0.001119734541130875,1.8148575628458363
8330,X010620_003_3,12r,Positive,high,0.00015993551359753298,0.4327537153604225
8339,X010620_019_4,12l,Negative,low,-0.00037858509523031584,-1.1068368608661976
8339,X010620_019_4,12l,Negative,mid,-0.0007393482928776194,-0.9723646344242001
8339,X010620_019_4,12l,Negative,high,-0.000837202921098594,-0.017710888564599035
8343,X010620_026_3,12l,Positive,low,-0.0019906878335086806,-0.5678826126729265
8343,X010620_026_3,12l,Positive,mid,-0.0011237728187714936,-0.04177436397795235
8343,X010620_026_3,12l,Positive,high,0.003729729654238965,0.2680754720058274
8347,X010620_047_2,12l,Positive,low,0.0014585170574267165,0.6235535573462232
8347,X010620_047_2,12l,Positive,mid,-0.0003863687913998165,1.1697783189486346
8347,X010620_047_2,12l,Positive,high,0.002463384827693255,1.392224616694966
8354,X010620_066_3,45,Positive,low,0.0013911304505769872,-0.27369256962645494
8354,X010620_066_3,45,Positive,mid,0.002105305088926107,1.5272202996564983
8354,X010620_066_3,45,Positive,high,0.0018301984825124828,1.5852781897178307
8355,X010620_066_4,45,Positive,low,0.001872206010396527,1.77991454682612
8355,X010620_066_4,45,Positive,mid,0.0009615685441590296,1.7999004425105953
8355,X010620_066_4,45,Positive,high,0.0008040301616289082,1.7531095411932212
8357,X010620_070_3,46v,Positive,low,-0.0022976505941611517,0.9386596301134317
8357,X010620_070_3,46v,Positive,mid,-0.001619347095364971,-0.23623687421462147
8357,X010620_070_3,46v,Positive,high,0.002292522430212636,0.7029499205156886
8359,X010620_078_1,45,Negative,low,-0.003741916015080833,-0.5778538582366243
8359,X010620_078_1,45,Negative,mid,-0.003798689095379777,-0.9897787631303382
8359,X010620_078_1,45,Negative,high,-0.0005744616157750546,-0.15448242693648395
8361,X010620_079_3,45,Positive,low,-0.00139136008101916,0.3599406428386793
8361,X010620_079_3,45,Positive,mid,0.0017353893888672697,0.40448356952978076
8361,X010620_079_3,45,Positive,high,0.0014668795115073854,1.757256548337254
8363,X010620_080_3,44,Positive,low,-0.00030800452913499354,0.4491143066651256
8363,X010620_080_3,44,Positive,mid,0.002216654364499668,-0.21315708268044856
8363,X010620_080_3,44,Positive,high,0.0017808422736556055,-0.5544245526867302
8368,X010620_096_3,8B,Positive,low,0.0006971563959437347,-0.3887479376565423
8368,X010620_096_3,8B,Positive,mid,0.000320937914331784,-0.7475487615125945
8368,X010620_096_3,8B,Positive,high,0.0032199236363755534,-0.3631615664499243
8374,X010620_107_4,6DC,Positive,low,0.00726636797919857,2.612784129311757
8374,X010620_107_4,6DC,Positive,mid,-0.0006264023106939074,-0.18175434262085763
8374,X010620_107_4,6DC,Positive,high,0.0005811121620992803,-0.06635065506868679
8378,X010620_118_2,6DC,Negative,low,-0.00039489319970588963,-1.0373420377142615
8378,X010620_118_2,6DC,Negative,mid,-0.002224747263088558,-1.2527518357691074
8378,X010620_118_2,6DC,Negative,high,-0.001318974777393957,-1.0771690112183772
8385,X010621_004_2,12m,Positive,low,0.0018263728103565925,1.0551125682505333
8385,X010621_004_2,12m,Positive,mid,0.0010807360944766707,0.8618100640579389
8385,X010621_004_2,12m,Positive,high,0.0018918989414707498,1.1975727336180586
8395,X010621_031_1,13l,Positive,low,0.003429266619059966,1.4683874349858295
8395,X010621_031_1,13l,Positive,mid,0.002686630578656244,0.41889064657457714
8395,X010621_031_1,13l,Positive,high,0.0018112617057418098,0.45418745603526867
8403,X010621_039_5,13l,Negative,low,-0.0004598400063330477,-1.3183700403635592
8403,X010621_039_5,13l,Negative,mid,-0.0022364365898662553,-1.1533241623302863
8403,X010621_039_5,13l,Negative,high,-0.0010516273726905677,-0.5650191663852746
8406,X010621_043_2,13m,Negative,low,-0.0017192912156265012,-0.21374796689976125
8406,X010621_043_2,13m,Negative,mid,-0.0017067986705497254,-0.12484503712656868
8406,X010621_043_2,13m,Negative,high,-0.0008629800365908346,-0.13477725419642003
8410,X010621_047_1,12o,Negative,low,-0.004233365309662554,-0.19593489753971877
8410,X010621_047_1,12o,Negative,mid,-0.003175510028958901,-0.9038978816856926
8410,X010621_047_1,12o,Negative,high,-0.0006918035676401958,-1.0141143074844918
8412,X010621_050_3,13l,Positive,low,0.005250488826584073,0.9722543993973314
8412,X010621_050_3,13l,Positive,mid,0.0014940788289978576,0.19835130472070137
8412,X010621_050_3,13l,Positive,high,0.0016949313122672795,-0.3507468065804634
8414,X010621_051_4,13l,Negative,low,-0.0017694764147257636,-0.09176889336852456
8414,X010621_051_4,13l,Negative,mid,0.0015831152969875521,-0.13787840583293695
8414,X010621_051_4,13l,Negative,high,-0.0006763666083473227,-0.5696747160319877
8419,X010621_057_3,12o,Positive,low,0.0027419245430038235,-0.21332817755255246
8419,X010621_057_3,12o,Positive,mid,0.001334497686705127,0.6634477221169904
8419,X010621_057_3,12o,Positive,high,0.004426022969435296,0.4133491623230874
8423,X010621_078_2,12o,Negative,low,-0.00258943325398408,0.4600600303459088
8423,X010621_078_2,12o,Negative,mid,-0.00202606039892779,-0.12504552470244307
8423,X010621_078_2,12o,Negative,high,-0.0008453020836247178,-0.35050540257318136
8424,X010621_080_5,AI,Positive,low,0.003294768144006125,0.44167599440033173
8424,X010621_080_5,AI,Positive,mid,0.004195014187107472,0.4862593124487349
8424,X010621_080_5,AI,Positive,high,0.0015036153515099893,0.32219286689367427
8425,X010621_083_1,AI,Positive,low,0.0011725710559499093,0.3745803079458795
8425,X010621_083_1,AI,Positive,mid,0.004448002139548795,0.3551935059031605
8425,X010621_083_1,AI,Positive,high,0.0015893881426766686,0.8299759432004018
8427,X010621_098_3,cd,Positive,low,-0.0020135008688588283,0.6697989178289925
8427,X010621_098_3,cd,Positive,mid,-0.002334754525663025,-0.35208637638776075
8427,X010621_098_3,cd,Positive,high,0.00011769105559483255,0.7611433821490124
8431,X010621_109_1,cd,Positive,low,0.0004750889825549141,1.4509296400376446
8431,X010621_109_1,cd,Positive,mid,0.0007116225703906315,1.121954775193765
8431,X010621_109_1,cd,Positive,high,0.0026395724757769003,0.1216886319687277
8441,X010621_146_2,cd,Negative,low,-0.0022201523504646954,-0.6856905700766528
8441,X010621_146_2,cd,Negative,mid,-0.0030846218337737125,-0.9551996306675841
8441,X010621_146_2,cd,Negative,high,-0.000959197123510219,-1.0574749987851364
8443,X010720_003_2,12r,Positive,low,0.0024773708867711266,1.324891314876286
8443,X010720_003_2,12r,Positive,mid,0.0018282421273533229,2.0066982895482997
8443,X010720_003_2,12r,Positive,high,0.0012139007498845062,0.5697507619014794
8457,X010720_066_3,45,Positive,low,-0.0002454627431161332,0.39229150309758926
8457,X010720_066_3,45,Positive,mid,0.00019323422380535332,1.6101061651194948
8457,X010720_066_3,45,Positive,high,0.0014444304084366103,1.8541841679523867
8461,X010720_079_4,45,Positive,low,-0.004206365159686118,0.21438568492822727
8461,X010720_079_4,45,Positive,mid,0.0015600544333934277,0.8184644333350344
8461,X010720_079_4,45,Positive,high,0.003457888251154877,1.4605345148810134
8465,X010720_096_2,8B,Negative,low,-0.0019436997968447453,0.4239222633634181
8465,X010720_096_2,8B,Negative,mid,2.7263231982859547e-05,-1.0414872480410704
8465,X010720_096_2,8B,Negative,high,-0.0016814639214768625,0.07038852093453069
8468,X010720_101_4,6VaVb,Positive,low,-0.0006883966550302285,0.13829064479922124
8468,X010720_101_4,6VaVb,Positive,mid,0.0022301759230761676,0.15143006403095433
8468,X010720_101_4,6VaVb,Positive,high,0.0045797533289937955,2.4638444768410555
8475,X010720_119_2,6DC,Negative,low,-0.001462695402573825,-0.8131354570128457
8475,X010720_119_2,6DC,Negative,mid,-0.0012640821788442286,-0.9338633259401941
8475,X010720_119_2,6DC,Negative,high,-0.0007700269327866893,-0.8922293026514736
8477,X010720_156_3,24c,Negative,low,-0.00713608301964935,0.7724508635632727
8477,X010720_156_3,24c,Negative,mid,-0.0010191423729274947,-0.6338490868565139
8477,X010720_156_3,24c,Negative,high,-0.000697155960280262,-1.1403012207264511
8487,X010721_034_1,13m,Positive,low,0.0019230670981191331,0.10036673298812225
8487,X010721_034_1,13m,Positive,mid,7.370064733726084e-05,0.9353840748675651
8487,X010721_034_1,13m,Positive,high,0.0016311753837669133,0.52942279799409
8495,X010721_050_2,13l,Positive,low,0.0029644391783832168,0.13406014673996053
8495,X010721_050_2,13l,Positive,mid,0.0019927211295964666,0.49136897495726184
8495,X010721_050_2,13l,Positive,high,0.0019857495096196466,0.24488036745605013
8497,X010721_053_6,13m,Negative,low,-0.0006169989111618792,0.5782887366462418
8497,X010721_053_6,13m,Negative,mid,-0.0009596490028433137,-0.09063071028504055
8497,X010721_053_6,13m,Negative,high,-0.00146791667073917,-0.28519959225132985
8499,X010721_057_3,12o,Positive,low,-0.0016500083858622004,-0.26305898681620815
8499,X010721_057_3,12o,Positive,mid,0.0012767049065137168,0.4014970519623869
8499,X010721_057_3,12o,Positive,high,0.004533664428205687,-0.014558907938980112
8502,X010721_063_2,13l,Negative,low,-0.002276406128820306,-0.33995704919967545
8502,X010721_063_2,13l,Negative,mid,-0.0009532127246348709,-0.8175085681845463
8502,X010721_063_2,13l,Negative,high,-0.0006680263944400635,-0.6756086466514727
8507,X010721_083_1,AI,Positive,low,0.005493091432621576,-0.2352896675947099
8507,X010721_083_1,AI,Positive,mid,0.0026352781469314653,0.7605657495570659
8507,X010721_083_1,AI,Positive,high,0.002058700720672478,0.7444726778705684
8514,X010721_103_7,AI,Positive,low,-0.0011259664719648391,-0.2129913999520559
8514,X010721_103_7,AI,Positive,mid,0.0003987437670107295,-1.0141406286873555
8514,X010721_103_7,AI,Positive,high,0.00161907753456266,-0.6102246644344187
8520,X010721_109_4,cd,Positive,low,-0.0010291672561690108,1.8552150643010703
8520,X010721_109_4,cd,Positive,mid,-0.0018263975451124623,0.3767113443638373
8520,X010721_109_4,cd,Positive,high,0.0034432245106835488,0.6310743998640067
8528,X010721_157_2,24c,Negative,low,-0.0026605101814559666,-1.2815564245778988
8528,X010721_157_2,24c,Negative,mid,-0.0010005422845219781,-0.2110790950931984
8528,X010721_157_2,24c,Negative,high,-0.002245649080253052,-0.3783950150243864
8531,X010820_004_4,12r,Negative,low,0.002672273387379952,1.9253432406073812
8531,X010820_004_4,12r,Negative,mid,-0.0006535778814666928,-0.7175072698719093
8531,X010820_004_4,12r,Negative,high,-0.0008927112798819035,-0.2728524349974476
8533,X010820_005_6,46v,Positive,low,-0.0018828963608918184,-0.6876810946880093
8533,X010820_005_6,46v,Positive,mid,-0.0002366282172305035,-0.7759403608818649
8533,X010820_005_6,46v,Positive,high,0.0030468411246472506,0.34474016639342303
8538,X010820_014_2,46d,Positive,low,-0.001930321233969985,-1.157045401496419
8538,X010820_014_2,46d,Positive,mid,0.001040480622581898,-0.6077723790513361
8538,X010820_014_2,46d,Positive,high,0.0001788637037612947,0.442740695165182
8543,X010820_029_2,46v,Negative,low,3.0430177951773344e-05,-0.8607956239962935
8543,X010820_029_2,46v,Negative,mid,-0.001906063727501492,0.13571002180013997
8543,X010820_029_2,46v,Negative,high,-0.003430547910964298,1.0789236749046653
8549,X010820_079_5,6VaVb,Positive,low,-0.0009246540890211284,-0.28842812837930565
8549,X010820_079_5,6VaVb,Positive,mid,0.003109021468035355,0.923690985665872
8549,X010820_079_5,6VaVb,Positive,high,0.0023040761945905316,1.4885658606911658
8553,X010820_089_4,6VaVb,Negative,low,-0.00016281304809098143,-0.5409696257480276
8553,X010820_089_4,6VaVb,Negative,mid,-0.0013623014231608868,-0.3423761934585289
8553,X010820_089_4,6VaVb,Negative,high,-0.0012831713280443257,0.6593648743832766
8554,X010820_091_2,45,Negative,low,-0.00981348712685764,0.6578583225643513
8554,X010820_091_2,45,Negative,mid,-0.004027382723880885,-0.28431430677557906
8554,X010820_091_2,45,Negative,high,-0.002339307888202808,-0.19480375710747147
8558,X010820_101_3,6VaVb,Negative,low,-0.0034042692339107433,0.5805936685589742
8558,X010820_101_3,6VaVb,Negative,mid,-0.002950867148380825,0.23924045993740392
8558,X010820_101_3,6VaVb,Negative,high,-0.0027296434180947354,0.522720422445426
8559,X010820_104_2,45,Positive,low,0.0048019799498705785,1.0627991235563174
8559,X010820_104_2,45,Positive,mid,0.0030338205113794384,1.70731304449567
8559,X010820_104_2,45,Positive,high,0.0019970447116821857,0.33313785766078213
8561,X010820_106_5,6DC,Negative,low,-0.0017879471435536091,-0.8643624288790833
8561,X010820_106_5,6DC,Negative,mid,-0.004522484822003107,0.025571057838720955
8561,X010820_106_5,6DC,Negative,high,-0.0035536328812442743,0.5816076180592378
8564,X010821_006_3,11ml,Negative,low,-0.0009125674093876584,1.1945742790939011
8564,X010821_006_3,11ml,Negative,mid,-0.0010301039054933009,0.02344714576831027
8564,X010821_006_3,11ml,Negative,high,-0.000513552256618782,0.1874292667731627
8567,X010821_012_2,12m,Positive,low,-0.00043038370402022683,1.6100929862449251
8567,X010821_012_2,12m,Positive,mid,0.0008103256572252659,0.337129085450224
8567,X010821_012_2,12m,Positive,high,0.0007479513286714627,0.2556160593211857
8569,X010821_015_2,11ml,Positive,low,0.000986053005053874,1.4406946299879653
8569,X010821_015_2,11ml,Positive,mid,0.002477779595698529,1.268283744867947
8569,X010821_015_2,11ml,Positive,high,0.001294762312540735,0.6505845625467983
8580,X010821_043_1,13m,Positive,low,0.002977252590629407,1.404906737876354
8580,X010821_043_1,13m,Positive,mid,0.0003849249901176452,0.9183025177124231
8580,X010821_043_1,13m,Positive,high,0.00020112926709607126,1.0860130566725517
8582,X010821_050_2,13l,Positive,low,-0.00023310988134502472,0.7007768878555576
8582,X010821_050_2,13l,Positive,mid,0.0004025377558937064,-0.025690513710451068
8582,X010821_050_2,13l,Positive,high,0.002060750500575023,0.016824065347821195
8584,X010821_052_3,13m,Positive,low,0.0012799136575703967,1.4773633086917528
8584,X010821_052_3,13m,Positive,mid,0.003287646036457843,1.3205946145560623
8584,X010821_052_3,13m,Positive,high,0.0010861375230160888,0.6700384483708319
8589,X010821_057_2,12o,Positive,low,0.00132071669536588,-0.3827863466420742
8589,X010821_057_2,12o,Positive,mid,0.003388119066739678,0.7234104494595228
8589,X010821_057_2,12o,Positive,high,0.0052237361867686575,0.676379326235475
8597,X010821_083_3,AI,Positive,low,0.0037534850411815356,-0.16355636195564788
8597,X010821_083_3,AI,Positive,mid,0.004088323004147132,0.3861213298790512
8597,X010821_083_3,AI,Positive,high,0.0024027707264723725,0.555246675830713
8607,X010821_111_3,cd,Positive,low,0.000695634497706168,-1.2197740295167374
8607,X010821_111_3,cd,Positive,mid,0.0018111674241506515,-0.14110358844522058
8607,X010821_111_3,cd,Positive,high,0.003221405371657801,0.6378070072901626
8614,X010821_146_1,cd,Negative,low,-0.0003137076552367827,0.1577269701866709
8614,X010821_146_1,cd,Negative,mid,-0.004625410062561727,-0.5738115765796196
8614,X010821_146_1,cd,Negative,high,-0.0019344687340919476,-0.7550159964955314
8615,X010821_151_1,AMG,Negative,low,-0.004881514529528021,-1.146902847398009
8615,X010821_151_1,AMG,Negative,mid,-0.0028451146186275695,-0.47101127832276457
8615,X010821_151_1,AMG,Negative,high,-0.0028602270183628125,-0.1950999763816519
8618,X010821_157_2,24c,Positive,low,-4.8714507222968035e-05,-1.4136443584678948
8618,X010821_157_2,24c,Positive,mid,0.002515753231000969,-0.4299874732045367
8618,X010821_157_2,24c,Positive,high,0.0010712732714147472,0.9086647544942561
8619,X010821_157_3,24c,Negative,low,0.0017213321863400204,-1.2754979731078058
8619,X010821_157_3,24c,Negative,mid,-0.001246030164363691,-0.6237601552982993
8619,X010821_157_3,24c,Negative,high,-0.0018523487229981518,-0.5422284041264849
8621,X010920_006_2,46v,Positive,low,-0.004676063759070544,0.055053845088240905
8621,X010920_006_2,46v,Positive,mid,0.0016863077595146553,0.8441147682095836
8621,X010920_006_2,46v,Positive,high,0.0022154339912526335,0.6665119494893782
8623,X010920_011_3,12r,Positive,low,-0.004277373700188389,1.316636188460139
8623,X010920_011_3,12r,Positive,mid,0.00029731138431708204,-0.5886327695096076
8623,X010920_011_3,12r,Positive,high,0.0009711626069611544,0.9564214790125258
8625,X010920_014_2,46d,Positive,low,0.0003510401612335692,1.009817397126621
8625,X010920_014_2,46d,Positive,mid,0.00024515216470795886,-0.06072868296400816
8625,X010920_014_2,46d,Positive,high,0.0016152335614727903,0.5855917004541418
8629,X010920_027_4,12l,Negative,low,-0.0010666239105548898,-1.4782753841650862
8629,X010920_027_4,12l,Negative,mid,0.0002124551570059048,-0.5404988033030672
8629,X010920_027_4,12l,Negative,high,-0.0005946976792188238,-0.5939849180211243
8630,X010920_028_3,12l,Negative,low,-0.004026735374148298,-0.32239769187177875
8630,X010920_028_3,12l,Negative,mid,-0.0026285309721550735,-0.041333766817618876
8630,X010920_028_3,12l,Negative,high,-0.0034817777742313667,0.9195496429093205
8633,X010920_029_4,46v,Negative,low,-0.0011062624294701626,-0.0784783066768926
8633,X010920_029_4,46v,Negative,mid,-0.0032610195266533646,0.9337909637540486
8633,X010920_029_4,46v,Negative,high,-0.002267332581742023,0.12125200445699555
8638,X010920_052_1,8B,Negative,low,-0.004897634698953785,-0.9886630287954891
8638,X010920_052_1,8B,Negative,mid,-0.0007058836195188799,0.030053064042699217
8638,X010920_052_1,8B,Negative,high,-0.0004823851853063949,-0.9194275388701784
8645,X010920_079_4,6VaVb,Positive,low,-0.0005354944571015323,0.10229096396325679
8645,X010920_079_4,6VaVb,Positive,mid,0.003147066078600614,0.6925883077196591
8645,X010920_079_4,6VaVb,Positive,high,0.0026235364674869473,1.2431197887450804
8651,X010920_096_5,8B,Negative,low,0.00046969746245411546,0.5827507433995426
8651,X010920_096_5,8B,Negative,mid,-0.0009353005156048582,0.8231152240527847
8651,X010920_096_5,8B,Negative,high,-0.001069875402337311,0.7092818653524021
8655,X010920_104_3,45,Positive,low,0.001933762350536386,1.160270002662838
8655,X010920_104_3,45,Positive,mid,0.0028859109065325,1.4538161715929598
8655,X010920_104_3,45,Positive,high,0.0011717163290837305,0.8532922618500206
8660,X010920_131_3,6DC,Positive,low,0.003689866980771801,2.2168350117575506
8660,X010920_131_3,6DC,Positive,mid,0.0026328657904393957,1.2248276462669976
8660,X010920_131_3,6DC,Positive,high,0.0022839684031814465,-0.19976094115437157
8661,X010920_131_6,6DC,Positive,low,-0.0006554899098084087,0.8538184624898267
8661,X010920_131_6,6DC,Positive,mid,0.0025871259824699917,0.5026740984418467
8661,X010920_131_6,6DC,Positive,high,0.0016023735687182615,0.4172871020874752
8666,X011121_007_2,11ml,Negative,low,0.00039553355969601067,-1.1734014536051107
8666,X011121_007_2,11ml,Negative,mid,-0.0013391887215701763,-0.8681499733901064
8666,X011121_007_2,11ml,Negative,high,-0.0009823260784522668,-0.4638731059918146
8674,X011121_029_4,12m,Positive,low,0.0008737822650545436,0.042195690275106376
8674,X011121_029_4,12m,Positive,mid,-0.0001956280004063177,0.08943781494736337
8674,X011121_029_4,12m,Positive,high,0.00203454029836134,1.3587528099236195
8679,X011121_039_6,13l,Negative,low,-0.0019543500173135114,-1.1613208576974872
8679,X011121_039_6,13l,Negative,mid,-0.0010619417440836825,-1.0176785684464973
8679,X011121_039_6,13l,Negative,high,-0.0009239981563816647,-0.37907669313564607
8683,X011121_052_3,13m,Positive,low,3.105869698684606e-05,0.29781115563670035
8683,X011121_052_3,13m,Positive,mid,0.003883274600985703,0.9613070263993769
8683,X011121_052_3,13m,Positive,high,0.0027642835463739593,0.32558191068293824
8687,X011121_057_4,12o,Positive,low,-0.00020014251742151728,-1.0113324992693402
8687,X011121_057_4,12o,Positive,mid,0.003630452275588488,1.001810070596784
8687,X011121_057_4,12o,Positive,high,0.00424382974771197,0.8045511478101044
8695,X011121_069_2,12o,Positive,low,0.002060228975520956,0.8932106728551633
8695,X011121_069_2,12o,Positive,mid,0.0020708137490197545,0.6619306058264934
8695,X011121_069_2,12o,Positive,high,0.0006696923228499613,0.3440216790800279
8703,X011121_097_2,cd,Positive,low,-0.0011885911579031588,0.7774275221851051
8703,X011121_097_2,cd,Positive,mid,0.001996076047914528,0.8647939229784836
8703,X011121_097_2,cd,Positive,high,0.001052093224476925,1.1017812555919273
8716,X011221_029_3,12m,Positive,low,0.0035589984577128813,0.6768517114327424
8716,X011221_029_3,12m,Positive,mid,0.0009059642673414106,0.1849547314546505
8716,X011221_029_3,12m,Positive,high,0.0015794915873106952,0.8721874530052149
8718,X011221_032_4,13m,Positive,low,-0.002492876817049707,1.2484865809965897
8718,X011221_032_4,13m,Positive,mid,0.0051065177630645634,0.2983188404046548
8718,X011221_032_4,13m,Positive,high,0.0013277316827803806,0.3425171577172918
8729,X011221_057_3,12o,Positive,low,-0.0011555078057468562,-0.6027640343346198
8729,X011221_057_3,12o,Positive,mid,0.0016141601420984562,0.6054815879415673
8729,X011221_057_3,12o,Positive,high,0.005123476907594215,0.8954673202788944
8730,X011221_059_3,12o,Negative,low,-0.0011859873195241733,-0.9740506634813503
8730,X011221_059_3,12o,Negative,mid,-0.0004429719386924124,-0.6099619468125498
8730,X011221_059_3,12o,Negative,high,-0.0030087617085300267,-0.1628855991723696
8734,X011221_069_3,12o,Positive,low,0.004067614661181408,1.0491688925344436
8734,X011221_069_3,12o,Positive,mid,0.0004258842507068765,0.9860948675781637
8734,X011221_069_3,12o,Positive,high,0.0008107626084147581,0.6749272799234025
8745,X011221_108_2,cd,Negative,low,0.002952813697690368,-0.1664602151659694
8745,X011221_108_2,cd,Negative,mid,5.159190931604639e-05,0.77945856678109
8745,X011221_108_2,cd,Negative,high,-0.0008533654801860373,0.2364274139985591
8746,X011221_108_4,cd,Positive,low,5.724946777180393e-05,-0.7031114963309439
8746,X011221_108_4,cd,Positive,mid,0.00148800116746233,0.7413060140940121
8746,X011221_108_4,cd,Positive,high,0.0014642838417355064,0.999267164797533
8750,X011221_117_3,AMG,Negative,low,-0.0019591587875163493,0.4180364328221156
8750,X011221_117_3,AMG,Negative,mid,-0.0026570589332548396,0.23893477094027302
8750,X011221_117_3,AMG,Negative,high,-0.0013862387664548721,0.37544138185403303
8751,X011221_119_6,AMG,Negative,low,-0.0018836605731614566,-0.4307849655567456
8751,X011221_119_6,AMG,Negative,mid,-0.0016854148298386723,-0.4497572666829446
8751,X011221_119_6,AMG,Negative,high,-0.0012566709211624854,-0.546857016875266
8754,X011320_005_4,46v,Negative,low,-0.0012743695528492657,0.6207451742086653
8754,X011320_005_4,46v,Negative,mid,-0.006666698053354156,-0.49256135610407975
8754,X011320_005_4,46v,Negative,high,-0.00012316559453120465,-0.7459099362178174
8761,X011320_022_2,46df,Negative,low,-0.0037107443982566245,-0.4766543124842701
8761,X011320_022_2,46df,Negative,mid,-0.001695696746180442,-1.0914149335941947
8761,X011320_022_2,46df,Negative,high,-0.00035648595752443477,-0.8733288443921609
8764,X011320_028_3,12l,Negative,low,-0.002906871517495709,-0.43807805045706877
8764,X011320_028_3,12l,Negative,mid,-0.004174678612966319,-0.6018928122791843
8764,X011320_028_3,12l,Negative,high,-0.003824427224671571,0.18893057123886517
8765,X011320_037_3,12o,Negative,low,0.0012820307545017646,0.6304637360504322
8765,X011320_037_3,12o,Negative,mid,-0.0008307754810177692,-0.7683598890082411
8765,X011320_037_3,12o,Negative,high,-0.00034731291375555154,-0.9815861512341237
8766,X011320_040_2,46df,Positive,low,-0.000275251210191974,-0.408480997872965
8766,X011320_040_2,46df,Positive,mid,0.0021283141401221483,1.0412770633782553
8766,X011320_040_2,46df,Positive,high,0.001962649900223187,1.5876917743345664
8774,X011320_060_3,46d,Positive,low,0.001066187788686029,0.9792319592717995
8774,X011320_060_3,46d,Positive,mid,0.0026243413138364717,-0.10423899955230885
8774,X011320_060_3,46d,Positive,high,0.0017591160995126393,1.0488084060776848
8775,X011320_066_1,45,Positive,low,-0.002765438136638233,-1.665816601359606
8775,X011320_066_1,45,Positive,mid,-0.0002493702835388819,0.5233338119287025
8775,X011320_066_1,45,Positive,high,0.0012969732205996038,1.0829047641024216
8784,X011320_096_1,8B,Positive,low,-0.0006411679310167962,1.1470875637404336
8784,X011320_096_1,8B,Positive,mid,3.923714857824193e-05,-0.28796438457312207
8784,X011320_096_1,8B,Positive,high,0.0010879221297138899,-1.5453853488166795
8785,X011320_101_3,6VaVb,Positive,low,0.002336763251897826,-0.4820109245905067
8785,X011320_101_3,6VaVb,Positive,mid,0.0002375842205815874,1.7436324726920358
8785,X011320_101_3,6VaVb,Positive,high,0.0020725477193320645,2.052983187796074
8787,X011320_106_1,6DC,Negative,low,-0.0021181503765535788,-1.0200960122160427
8787,X011320_106_1,6DC,Negative,mid,-0.006878208167903002,0.8629210455716586
8787,X011320_106_1,6DC,Negative,high,-0.003819971267842854,0.09498462229418636
8788,X011320_107_3,6DC,Negative,low,-0.0006341380119190612,-0.901214505144443
8788,X011320_107_3,6DC,Negative,mid,-0.0020300305282687707,-0.9433304918263598
8788,X011320_107_3,6DC,Negative,high,-0.001735833620889798,-0.6204596926735563
8790,X011320_157_3,24c,Positive,low,0.0022963269386952223,-0.05072582012953581
8790,X011320_157_3,24c,Positive,mid,0.002187559007594838,0.9850558548305298
8790,X011320_157_3,24c,Positive,high,0.001895345133561234,1.4662783403761572
8794,X011321_015_4,11ml,Positive,low,0.0038271787102344503,1.879816814259116
8794,X011321_015_4,11ml,Positive,mid,0.0007402546903746248,0.20467978090411224
8794,X011321_015_4,11ml,Positive,high,0.000519923670890232,0.08564902603209402
8798,X011321_029_3,12m,Positive,low,0.0011191422441333078,2.1716452709115583
8798,X011321_029_3,12m,Positive,mid,-0.0006149068026828562,-0.24938530215339583
8798,X011321_029_3,12m,Positive,high,0.0013865304028455566,0.5765080884991589
8805,X011321_043_3,13m,Positive,low,-0.0014657538133938863,1.1277555285855358
8805,X011321_043_3,13m,Positive,mid,0.0030008946407997575,0.8956482978898934
8805,X011321_043_3,13m,Positive,high,0.0009990974051893788,1.4750226931445016
8808,X011321_047_1,12o,Negative,low,-0.004376128813502837,-0.21509617399044656
8808,X011321_047_1,12o,Negative,mid,-0.002185761520266295,-0.43554858989831907
8808,X011321_047_1,12o,Negative,high,-0.001645952555533418,-1.0701905724510377
8812,X011321_057_5,12o,Positive,low,0.00019319913487179534,-0.8911469603598912
8812,X011321_057_5,12o,Positive,mid,0.001756363458144773,0.7611000718314126
8812,X011321_057_5,12o,Positive,high,0.006371332194056699,1.3107627846688783
8817,X011321_066_4,12o,Positive,low,0.003934566170903613,1.0968243320163316
8817,X011321_066_4,12o,Positive,mid,0.002799421913099384,0.5889445965557133
8817,X011321_066_4,12o,Positive,high,0.0008335755630178356,-0.2057658041709803
8818,X011321_066_5,12o,Positive,low,0.0032890730227406466,0.759987233532825
8818,X011321_066_5,12o,Positive,mid,0.004239254878438256,0.49945425761270085
8818,X011321_066_5,12o,Positive,high,0.0026932952021514653,0.09377294547194166
8820,X011321_069_3,12o,Positive,low,0.00467333096859889,1.1359560622176241
8820,X011321_069_3,12o,Positive,mid,0.0013375180318007875,1.225757101064117
8820,X011321_069_3,12o,Positive,high,0.0012134329458786954,0.5234684488130191
8821,X011321_073_3,AI,Negative,low,-0.0028290997804055608,0.4892154527632845
8821,X011321_073_3,AI,Negative,mid,-0.0025524059676802604,-0.40584940442849515
8821,X011321_073_3,AI,Negative,high,-0.0014627568782697785,0.13243419600414544
8822,X011321_077_2,12o,Positive,low,0.000661334929834297,2.039440566608791
8822,X011321_077_2,12o,Positive,mid,0.001702305648348842,0.43836648627215324
8822,X011321_077_2,12o,Positive,high,0.0005401166152868033,0.5378760542726755
8825,X011321_086_3,cd,Negative,low,0.003269578103514407,-0.7014891243758247
8825,X011321_086_3,cd,Negative,mid,0.0007062640281525622,0.4081963725161805
8825,X011321_086_3,cd,Negative,high,-0.0006571642914790797,-0.7064686532127679
8837,X011321_119_1,AMG,Negative,low,-0.0016291408016228203,-0.4393628408602391
8837,X011321_119_1,AMG,Negative,mid,-0.002061467490074825,-0.40896303249897276
8837,X011321_119_1,AMG,Negative,high,-0.0010673859305723255,-0.585715975841746
8840,X011321_130_3,AMG,Negative,low,0.0012735152149176067,-1.0572703845408464
8840,X011321_130_3,AMG,Negative,mid,0.0001758907618584535,-0.6311424806808584
8840,X011321_130_3,AMG,Negative,high,-0.0009594203940778355,-0.37906514096558835
8853,X011420_018_3,12l,Positive,low,0.0002533668749088291,1.4204182796340634
8853,X011420_018_3,12l,Positive,mid,0.004449839877507548,0.5864849403903846
8853,X011420_018_3,12l,Positive,high,0.0008381669411146393,-0.3044270142702116
8855,X011420_027_3,12l,Negative,low,0.0011670480306190736,-0.6188329546813064
8855,X011420_027_3,12l,Negative,mid,0.00036642966628942596,-0.8756634406559479
8855,X011420_027_3,12l,Negative,high,-4.581961116421557e-05,0.11716195781338559
8856,X011420_028_3,12l,Positive,low,0.0050171387344624735,0.12795137093958758
8856,X011420_028_3,12l,Positive,mid,0.0017079096038223817,0.043797706514163044
8856,X011420_028_3,12l,Positive,high,0.00017531495763923444,1.3773069387664414
8857,X011420_031_3,46v,Positive,low,-0.004544991368964313,1.3605855253498735
8857,X011420_031_3,46v,Positive,mid,0.0019174625155377839,-0.5308023034689413
8857,X011420_031_3,46v,Positive,high,0.0028183021208479393,-0.35311029855775555
8859,X011420_048_7,13l,Positive,low,0.00593871490809308,0.049153694170163
8859,X011420_048_7,13l,Positive,mid,0.001113640949801794,0.8746397390441749
8859,X011420_048_7,13l,Positive,high,0.0009617304973982898,1.0519955502869485
8872,X011420_101_3,6VaVb,Positive,low,0.0003044750450677547,-0.59562212951412
8872,X011420_101_3,6VaVb,Positive,mid,0.0035646160569266735,0.04515275917908552
8872,X011420_101_3,6VaVb,Positive,high,0.007876732186951218,0.8332702385473953
8876,X011420_107_4,6DC,Negative,low,-0.0005312863539483273,-1.5016714862103073
8876,X011420_107_4,6DC,Negative,mid,-0.00043100668952624106,-1.0284260567928512
8876,X011420_107_4,6DC,Negative,high,-0.002248464217013399,-0.5770919338242924
8877,X011420_116_3,pu,Negative,low,-0.0018833852174679306,-0.4575007424035889
8877,X011420_116_3,pu,Negative,mid,-0.0007745602246592774,-0.6712082487572846
8877,X011420_116_3,pu,Negative,high,-0.00012887807304412708,-0.6868498347166573
8878,X011420_117_3,pu,Negative,low,-0.0013215265606075436,-0.6570623640262346
8878,X011420_117_3,pu,Negative,mid,-0.0004913982102217515,-0.7808966563267636
8878,X011420_117_3,pu,Negative,high,-0.0003514865388503889,-0.7932220040859279
8882,X011420_129_3,pu,Negative,low,0.0018680900861734729,0.037346705180587414
8882,X011420_129_3,pu,Negative,mid,-0.00023420329270564894,-0.9313692627056268
8882,X011420_129_3,pu,Negative,high,-0.0003472567726289053,-0.7140676524000438
8894,X011421_056_5,12l,Negative,low,-0.005718061244772511,0.168365512295826
8894,X011421_056_5,12l,Negative,mid,-0.0007161444348867543,-0.26359762663479597
8894,X011421_056_5,12l,Negative,high,0.00015741096063165484,-0.5521627485553754
8895,X011421_057_2,12o,Positive,low,-0.0002079885464060136,-1.1585390371767905
8895,X011421_057_2,12o,Positive,mid,0.001948386482223212,0.7078087366838473
8895,X011421_057_2,12o,Positive,high,0.004681766755041288,1.1815897954535668
8899,X011421_069_2,12o,Positive,low,0.0037632349334082047,1.1067985345403386
8899,X011421_069_2,12o,Positive,mid,0.0018079760696901497,0.9219105337341991
8899,X011421_069_2,12o,Positive,high,0.0004829324286114614,0.6497944440698862
8900,X011421_073_3,AI,Negative,low,-0.000814604381410407,0.02728641633728454
8900,X011421_073_3,AI,Negative,mid,-0.003549401144068887,-0.2530508932015222
8900,X011421_073_3,AI,Negative,high,-0.0013686954507307733,-0.13483284382456498
8902,X011421_079_5,12o,Positive,low,0.0029549710421323777,-0.22095885425387649
8902,X011421_079_5,12o,Positive,mid,0.002420737837719124,-0.03656947038696659
8902,X011421_079_5,12o,Positive,high,0.0025469118164856094,-0.012328954589996369
8911,X011421_108_4,cd,Positive,low,2.0908432388000964e-19,-0.7056524157524109
8911,X011421_108_4,cd,Positive,mid,-0.0004114596977966547,-0.29337823439308885
8911,X011421_108_4,cd,Positive,high,0.0003403947978595504,0.8301048093845761
8914,X011421_120_2,AMG,Negative,low,-0.0036781100742491134,0.8735438675562326
8914,X011421_120_2,AMG,Negative,mid,-0.0016321699317077356,0.23989968081289662
8914,X011421_120_2,AMG,Negative,high,-0.0017756667899834885,0.14311786869656257
8917,X011421_130_3,AMG,Negative,low,-0.003127760097708628,-0.42463806201510146
8917,X011421_130_3,AMG,Negative,mid,-0.0020561987489448757,-0.6048107953949796
8917,X011421_130_3,AMG,Negative,high,-0.001911433189765685,-0.5042221966254019
8919,X011421_132_2,AMG,Negative,low,-0.005739688205189227,1.253116171952715
8919,X011421_132_2,AMG,Negative,mid,0.0006248834552741895,-0.010370818155595122
8919,X011421_132_2,AMG,Negative,high,-0.0005190177828441043,-0.8680020897043327
8926,X011520_011_5,12r,Positive,low,0.00014573345541437756,3.237091726550643
8926,X011520_011_5,12r,Positive,mid,0.0018925841065447545,0.6698791531959437
8926,X011520_011_5,12r,Positive,high,0.00035202480345316564,-0.5811301865514226
8932,X011520_028_3,12l,Negative,low,-0.0007426787642558669,2.2345627431266517
8932,X011520_028_3,12l,Negative,mid,-0.001856500113278759,0.17004617093829824
8932,X011520_028_3,12l,Negative,high,-0.0018970448473931013,-0.6248896554819062
8940,X011520_089_3,6VaVb,Positive,low,0.004045743584070296,2.039243025296118
8940,X011520_089_3,6VaVb,Positive,mid,0.002369090783306352,1.0870067644724855
8940,X011520_089_3,6VaVb,Positive,high,0.0030171856962441295,1.0420633711156353
8941,X011520_091_2,45,Negative,low,-0.001462311049408401,-1.5193876828409472
8941,X011520_091_2,45,Negative,mid,-0.0019915970688921853,-0.4672912217210978
8941,X011520_091_2,45,Negative,high,-0.0005267069848848499,-0.5373429080561275
8942,X011520_096_4,8B,Positive,low,0.0007960794815981291,0.8449879716152012
8942,X011520_096_4,8B,Positive,mid,0.0006526430105026416,-0.13631183418372456
8942,X011520_096_4,8B,Positive,high,0.00099037085449131,-1.5788640033782222
8945,X011520_104_3,45,Positive,low,0.0003066867679044028,-0.9100605612388268
8945,X011520_104_3,45,Positive,mid,0.0010872596546038463,0.37630033819006103
8945,X011520_104_3,45,Positive,high,0.0027635372950993373,0.579369054638088
8946,X011520_109_2,6DR,Positive,low,0.0020536644424769762,1.9814697578154232
8946,X011520_109_2,6DR,Positive,mid,0.004745081631248632,0.6932979398028838
8946,X011520_109_2,6DR,Positive,high,0.001833714143434998,-0.31872462073167457
8952,X011521_007_3,11ml,Positive,low,-0.0033117614046679184,-0.8547686328266914
8952,X011521_007_3,11ml,Positive,mid,-0.00017715655474947022,-0.6560199262582838
8952,X011521_007_3,11ml,Positive,high,0.0014522967873410225,0.35798153367487034
8957,X011521_028_3,12l,Positive,low,-0.004167404103325126,1.4583881594606376
8957,X011521_028_3,12l,Positive,mid,0.0014111090857815392,0.7799685406905871
8957,X011521_028_3,12l,Positive,high,0.0028234352567645896,0.9247751449615991
8958,X011521_028_4,12l,Positive,low,0.001580971089066934,1.164349831801881
8958,X011521_028_4,12l,Positive,mid,0.0020722413592431464,-0.09874527845106525
8958,X011521_028_4,12l,Positive,high,0.0014328751763487987,0.08366308694554654
8964,X011521_054_1,13m,Positive,low,-0.00027255062971417337,0.21741567848377338
8964,X011521_054_1,13m,Positive,mid,0.00020384808175617626,0.051321003379179365
8964,X011521_054_1,13m,Positive,high,0.0015401833262134962,0.09050097986124069
8965,X011521_057_3,12o,Positive,low,0.0022395773086997285,-0.43926532001223645
8965,X011521_057_3,12o,Positive,mid,0.0029421292877186687,1.010519555130981
8965,X011521_057_3,12o,Positive,high,0.005079484241178566,1.2368927549194242
8971,X011521_066_2,12o,Positive,low,0.003787901742939098,0.4777334299513422
8971,X011521_066_2,12o,Positive,mid,0.006759417158286462,1.4450857422435455
8971,X011521_066_2,12o,Positive,high,0.002999147911337734,0.09014720546961848
8973,X011521_069_4,12o,Positive,low,0.001370596653341906,1.6716530478672558
8973,X011521_069_4,12o,Positive,mid,0.0007506088049287052,1.0171221968734918
8973,X011521_069_4,12o,Positive,high,0.0007052270802833896,0.6200745885760931
8976,X011521_077_3,12o,Positive,low,0.0006948556801082572,0.07847798799169242
8976,X011521_077_3,12o,Positive,mid,0.0009362425321973851,-0.02991949004649352
8976,X011521_077_3,12o,Positive,high,0.0019343396226901375,0.5325310399113518
8979,X011521_080_3,AI,Negative,low,-6.272529716400289e-19,-0.7040426135063171
8979,X011521_080_3,AI,Negative,mid,-0.0022424584024280736,-0.39898277894313294
8979,X011521_080_3,AI,Negative,high,-0.0023979542360828346,0.5164506850353651
8987,X011521_119_4,AMG,Negative,low,-0.0019757934706042856,-0.30681182233502036
8987,X011521_119_4,AMG,Negative,mid,-0.0009540023095316953,-0.380883202978337
8987,X011521_119_4,AMG,Negative,high,-0.0007190598770546496,-0.4940018227413768
8988,X011521_120_4,AMG,Negative,low,-0.00035185584773156765,0.2240159385302995
8988,X011521_120_4,AMG,Negative,mid,-0.002137306757907787,-0.6223311030759962
8988,X011521_120_4,AMG,Negative,high,-0.002213027910085591,-0.14180970710245877
8990,X011521_130_3,AMG,Negative,low,6.272529716400289e-19,-0.9666308760643005
8990,X011521_130_3,AMG,Negative,mid,-0.002108786101949426,-0.44684740472290535
8990,X011521_130_3,AMG,Negative,high,-0.0018603486030057648,-0.41002470427525917
8995,X011620_003_2,12r,Negative,low,-0.0014503849855563944,1.700892607800774
8995,X011620_003_2,12r,Negative,mid,-0.0008621557533059823,-0.025588555521054344
8995,X011620_003_2,12r,Negative,high,-0.0002676836488962575,-1.3445279076571472
8997,X011620_015_3,46v,Positive,low,0.004294666941053864,1.1013494708022094
8997,X011620_015_3,46v,Positive,mid,0.0017402982607144669,-0.5265817466391849
8997,X011620_015_3,46v,Positive,high,0.0020940800056960963,0.045478248742281985
8999,X011620_028_2,12l,Negative,low,-0.0032727540485514286,0.7555122195129762
8999,X011620_028_2,12l,Negative,mid,-0.0037347216855891374,-0.021141852688403823
8999,X011620_028_2,12l,Negative,high,-0.0025559109435580817,-0.3134512624559233
9001,X011620_055_3,12l,Negative,low,-0.0022899003933640224,-0.7393781344116528
9001,X011620_055_3,12l,Negative,mid,-0.0024258250673802823,-0.8767002434864913
9001,X011620_055_3,12l,Negative,high,-0.00041200304356115157,-1.1789401418555794
9004,X011620_066_4,45,Positive,low,-0.0016961519483495594,0.05691015280546084
9004,X011620_066_4,45,Positive,mid,4.704479329995309e-05,-0.9038547418280172
9004,X011620_066_4,45,Positive,high,0.001226125243626908,0.17511650482959698
9013,X011620_094_2,pu,Positive,low,0.0011393882063551024,-0.4853836502244513
9013,X011620_094_2,pu,Positive,mid,0.0009096485132256387,0.34159442230538206
9013,X011620_094_2,pu,Positive,high,0.0008429410016512788,1.3194615372802176
9014,X011620_096_3,8B,Positive,low,0.00456022294159591,0.4284527003563655
9014,X011620_096_3,8B,Positive,mid,0.0014941580668819839,0.3785720226392088
9014,X011620_096_3,8B,Positive,high,0.002637292067615435,0.43331646597793594
9015,X011620_096_4,8B,Positive,low,-0.00014331601475463251,0.05818192397992742
9015,X011620_096_4,8B,Positive,mid,-0.0002485986764446035,-0.012037888827926236
9015,X011620_096_4,8B,Positive,high,0.0006726238704718202,-0.08909497396611166
9018,X011620_101_4,6VaVb,Positive,low,0.0009856103204414703,-0.42915845011175374
9018,X011620_101_4,6VaVb,Positive,mid,0.0033679220690310866,0.05868538053777571
9018,X011620_101_4,6VaVb,Positive,high,0.006947243864770781,0.9491067047402519
9022,X011620_134_3,cd,Negative,low,-0.001170993905643639,0.4561998909695722
9022,X011620_134_3,cd,Negative,mid,9.297088789987495e-05,-0.22968418317104686
9022,X011620_134_3,cd,Negative,high,-0.0009155009578161369,-0.4368283555389865
9023,X011620_153_12,pu,Positive,low,0.00032966623246255067,-1.0512849439598757
9023,X011620_153_12,pu,Positive,mid,0.002113518305175984,1.0689493472007616
9023,X011620_153_12,pu,Positive,high,8.763308373547474e-05,1.0515462754173406
9032,X011720_037_3,12o,Positive,low,-0.0013141881383921322,0.4684930780246628
9032,X011720_037_3,12o,Positive,mid,0.0024073543986446247,1.5843819425481616
9032,X011720_037_3,12o,Positive,high,0.0020003947789642373,1.2711080174378666
9039,X011720_091_2,45,Negative,low,0.00041787895119537886,-0.7697185531983806
9039,X011720_091_2,45,Negative,mid,0.00017107113706452197,-1.1219564170488303
9039,X011720_091_2,45,Negative,high,-0.0006397059498840096,-0.42524173809602833
9041,X011720_091_7,45,Negative,low,0.0008016625954637371,0.18352161656550678
9041,X011720_091_7,45,Negative,mid,-0.002218704842582977,-0.7391996787312424
9041,X011720_091_7,45,Negative,high,-0.0012751591744473972,-0.6806640374581151
9044,X011720_099_1,cd,Negative,low,-0.0005336098245894049,0.01846464990193455
9044,X011720_099_1,cd,Negative,mid,-0.001400725741333955,-0.6408551569703421
9044,X011720_099_1,cd,Negative,high,-0.002018774537427911,0.07372803650739271
9045,X011720_101_3,6VaVb,Positive,low,0.0013007558847779805,-0.5259936855293922
9045,X011720_101_3,6VaVb,Positive,mid,0.002307633334555781,-0.1948272752905452
9045,X011720_101_3,6VaVb,Positive,high,0.008087779542421649,1.28848775094468
9047,X011720_104_3,45,Negative,low,-0.0013866962963311026,-0.8231331209765248
9047,X011720_104_3,45,Negative,mid,-0.0006093114196399826,-1.243006991864044
9047,X011720_104_3,45,Negative,high,-0.00116386414899418,-1.1509023681654906
9051,X011720_153_1,pu,Positive,low,-0.0008836790927089717,-0.16641072241890442
9051,X011720_153_1,pu,Positive,mid,0.0011412943584698967,1.200838482320408
9051,X011720_153_1,pu,Positive,high,0.00046460132430614187,1.1426770181306785
9054,X012021_028_3,12l,Positive,low,-0.002382359118002222,2.0076009680783553
9054,X012021_028_3,12l,Positive,mid,0.0035370327842007246,0.32387712582815653
9054,X012021_028_3,12l,Positive,high,0.0015836210622151787,-0.14293919487185341
9063,X012021_057_4,12o,Positive,low,0.0015221028209102304,-0.8603516060722598
9063,X012021_057_4,12o,Positive,mid,-0.000578770682766717,0.6311764411989308
9063,X012021_057_4,12o,Positive,high,0.005325498434541671,1.5886126553357738
9064,X012021_057_6,12o,Positive,low,-0.001046757126994709,-0.6425397172279674
9064,X012021_057_6,12o,Positive,mid,0.0028036243485671185,0.5157885793980037
9064,X012021_057_6,12o,Positive,high,0.005648925515921053,1.5025527896622999
9069,X012021_066_3,12o,Positive,low,0.0044463549373639465,0.995776704793018
9069,X012021_066_3,12o,Positive,mid,0.0049575361559830635,0.7575220164746828
9069,X012021_066_3,12o,Positive,high,0.003786423847884474,0.306341888218771
9071,X012021_069_3,12o,Positive,low,0.0006984213712647649,0.6329039912513347
9071,X012021_069_3,12o,Positive,mid,0.0008802553549176704,0.9025485763038058
9071,X012021_069_3,12o,Positive,high,0.0005497739937547142,0.599575633415565
9086,X012021_144_3,cd,Positive,low,-0.0019223689556781263,-0.922512357077564
9086,X012021_144_3,cd,Positive,mid,4.211879212923828e-05,-1.2138775803285113
9086,X012021_144_3,cd,Positive,high,0.0014582888084698508,0.01205955793972473
9087,X012021_146_5,cd,Negative,low,-0.0020426065132273844,-0.475942510935519
9087,X012021_146_5,cd,Negative,mid,-0.0028185619484912407,0.4999050091303763
9087,X012021_146_5,cd,Negative,high,-0.004180016094721046,0.7182341171777226
9092,X012120_027_4,12l,Positive,low,-0.003941086927332601,1.0378988827599063
9092,X012120_027_4,12l,Positive,mid,0.0021509453239760812,1.2216602235090317
9092,X012120_027_4,12l,Positive,high,0.0012911528107770712,1.332354301571251
9108,X012120_101_4,6VaVb,Positive,low,0.011090467076372105,2.9744047272149254
9108,X012120_101_4,6VaVb,Positive,mid,0.0006081096018197053,-0.1837751254038002
9108,X012120_101_4,6VaVb,Positive,high,0.0003272131395624911,-0.5019208238942056
9109,X012120_104_3,45,Positive,low,-0.005059520450885172,1.40100241957206
9109,X012120_104_3,45,Positive,mid,-0.00046267419361722804,1.2495159347620661
9109,X012120_104_3,45,Positive,high,0.0026063688276013125,0.5240329951191237
9111,X012120_117_3,pu,Negative,low,-0.0029471142862406477,-0.21428959583359988
9111,X012120_117_3,pu,Negative,mid,-0.0007753426080042126,-0.6459304565399538
9111,X012120_117_3,pu,Negative,high,-0.0018620590754256598,-0.4285809863750984
9115,X012121_028_3,12l,Positive,low,0.003765046360672121,0.9843367439386328
9115,X012121_028_3,12l,Positive,mid,0.004467473983613359,0.3635333010926068
9115,X012121_028_3,12l,Positive,high,0.003314305971687268,0.7949406512592223
9116,X012121_028_4,12l,Positive,low,0.002318177310951679,1.4031393330950235
9116,X012121_028_4,12l,Positive,mid,0.0010161061064125798,0.38219549933436037
9116,X012121_028_4,12l,Positive,high,0.0035137295836245456,0.6998309974051925
9117,X012121_031_3,13l,Positive,low,0.0040703816046689725,0.5449248470626338
9117,X012121_031_3,13l,Positive,mid,-0.00029627916625101907,-0.6457772242794815
9117,X012121_031_3,13l,Positive,high,0.0018297217588236652,-0.002464896469619497
9118,X012121_042_2,13l,Positive,low,0.0028841394054347096,1.7390914822861974
9118,X012121_042_2,13l,Positive,mid,0.0028433253134065757,-0.04719719594478539
9118,X012121_042_2,13l,Positive,high,0.0022960582612663255,0.7839062320954735
9123,X012121_057_2,12o,Positive,low,-0.0019476004846558982,-0.7829049861400672
9123,X012121_057_2,12o,Positive,mid,-0.0009408116203682072,0.4852081634334371
9123,X012121_057_2,12o,Positive,high,0.004557611576774679,1.417044407591811
9127,X012121_069_3,12o,Positive,low,0.0031069001179589058,0.5791020007810235
9127,X012121_069_3,12o,Positive,mid,0.00163013153686896,1.1864735377416287
9127,X012121_069_3,12o,Positive,high,0.0011430124953334423,0.558432539802656
9146,X012121_146_7,cd,Negative,low,-0.003945483805299911,-0.5432984963456129
9146,X012121_146_7,cd,Negative,mid,-0.004474455025960983,0.6158232712396072
9146,X012121_146_7,cd,Negative,high,-0.004653158351715907,0.7167569074585384
9162,X012220_059_4,46v,Positive,low,-0.0005149677763808894,-0.8318167414125706
9162,X012220_059_4,46v,Positive,mid,0.0029808069535660555,0.8831925096947967
9162,X012220_059_4,46v,Positive,high,0.0006084632620851062,2.095676823086826
9169,X012220_080_3,AI,Positive,low,-0.0009642226628033487,0.2779709473562221
9169,X012220_080_3,AI,Positive,mid,0.00094506693649205,0.1965431752486833
9169,X012220_080_3,AI,Positive,high,0.0013645101946080718,1.0060918524539015
9173,X012220_089_3,6VaVb,Positive,low,-3.421552361104349e-05,-1.1332176804740892
9173,X012220_089_3,6VaVb,Positive,mid,0.0008123053329068552,-0.5449374043266483
9173,X012220_089_3,6VaVb,Positive,high,0.001842191903894538,-0.05040903987661089
9174,X012220_089_4,6VaVb,Positive,low,0.0011089223596148627,-0.21594031349431952
9174,X012220_089_4,6VaVb,Positive,mid,0.005807548162391796,0.8978222868623779
9174,X012220_089_4,6VaVb,Positive,high,0.0025604183598855706,0.5267529953669989
9176,X012220_093_4,44,Negative,low,-0.004596293410935143,0.9119676909922388
9176,X012220_093_4,44,Negative,mid,-0.003406765249141647,0.6270816833270518
9176,X012220_093_4,44,Negative,high,-0.0021505445337349793,0.11813418193547498
9177,X012220_094_5,pu,Positive,low,0.0007700757663456041,-0.6634507690600996
9177,X012220_094_5,pu,Positive,mid,0.0006869451182334424,1.2743325449193916
9177,X012220_094_5,pu,Positive,high,0.0010395930960081091,1.7500278251540047
9178,X012220_096_3,8B,Negative,low,-0.0012753796957764739,-0.8610686489230582
9178,X012220_096_3,8B,Negative,mid,-0.000269420195373914,-0.026030759835098956
9178,X012220_096_3,8B,Negative,high,-0.00029623342093079236,-1.1144716270553094
9183,X012220_101_4,6VaVb,Positive,low,-8.07577705516025e-05,-0.4601039858813864
9183,X012220_101_4,6VaVb,Positive,mid,0.0022832679275428354,-0.05332690859120494
9183,X012220_101_4,6VaVb,Positive,high,0.006540608052970753,0.7252630898089748
9184,X012220_101_5,6VaVb,Positive,low,0.00796529955019793,1.6806874141881951
9184,X012220_101_5,6VaVb,Positive,mid,0.0018632238313877217,0.2625989086334028
9184,X012220_101_5,6VaVb,Positive,high,0.0002120847844556144,-0.6391320062953105
9185,X012220_103_2,45,Positive,low,0.0005547939029524963,-0.7235276881053722
9185,X012220_103_2,45,Positive,mid,2.5493365921905903e-05,-0.5819234812660097
9185,X012220_103_2,45,Positive,high,0.0016108987981676738,0.1593407522659754
9190,X012220_117_3,pu,Negative,low,-0.001974254219785899,-0.5017648052421093
9190,X012220_117_3,pu,Negative,mid,-0.00205843084544945,-0.46842001356221674
9190,X012220_117_3,pu,Negative,high,-0.0018211512476571487,-0.46616461989431085
9193,X012220_152_1,pu,Positive,low,0.0012518789311484525,0.6808325948449647
9193,X012220_152_1,pu,Positive,mid,0.002682009627706038,0.7828163418367957
9193,X012220_152_1,pu,Positive,high,0.0027058614491277193,0.8076725696576155
9194,X012220_153_1,pu,Negative,low,-0.0012147703145670649,-0.45859013067731963
9194,X012220_153_1,pu,Negative,mid,-0.0018972768085042347,-1.3401085920817841
9194,X012220_153_1,pu,Negative,high,-0.0023143734644586436,-1.6275314736286932
9196,X012221_023_3,11ml,Positive,low,0.0005942433067672522,-0.727911994927338
9196,X012221_023_3,11ml,Positive,mid,0.003024676257797963,2.048653144011283
9196,X012221_023_3,11ml,Positive,high,0.0006245551833689261,0.5814195537130765
9197,X012221_028_1,12l,Positive,low,0.0014560716727944458,2.2194050202353823
9197,X012221_028_1,12l,Positive,mid,4.730593288259157e-05,0.9510795478515339
9197,X012221_028_1,12l,Positive,high,0.0024250031892564567,0.5658832302281382
9198,X012221_028_5,12l,Positive,low,-0.0013872775447418407,0.7967787294798901
9198,X012221_028_5,12l,Positive,mid,0.0012521778677722628,0.8715708058686948
9198,X012221_028_5,12l,Positive,high,0.004008020667570816,1.9333726837363299
9211,X012221_057_6,12o,Positive,low,-0.0014692094856882793,-0.09434862613690376
9211,X012221_057_6,12o,Positive,mid,0.00016213333057304985,0.5829515969686787
9211,X012221_057_6,12o,Positive,high,0.0021033717400655984,1.746521125022266
9213,X012221_060_4,AI,Positive,low,-0.00018120822831175644,0.12941821541996695
9213,X012221_060_4,AI,Positive,mid,0.001729275248630189,0.5983228010254077
9213,X012221_060_4,AI,Positive,high,0.0027273166460383223,0.3624172560641013
9215,X012221_062_3,13l,Positive,low,0.00359845132682927,-0.05803358192383598
9215,X012221_062_3,13l,Positive,mid,0.0028142221583011087,0.603361527695818
9215,X012221_062_3,13l,Positive,high,0.0030363995691903506,0.6219962768668477
9216,X012221_070_3,AI,Negative,low,0.002813073623228047,1.149675620800371
9216,X012221_070_3,AI,Negative,mid,-0.0006331636171193369,-0.7177418146209602
9216,X012221_070_3,AI,Negative,high,-0.0021487446753495213,-0.97280258560141
9217,X012221_071_4,AI,Negative,low,-0.004198661659682314,-0.5554222907877207
9217,X012221_071_4,AI,Negative,mid,-0.001352883964128409,0.16999546017704265
9217,X012221_071_4,AI,Negative,high,-0.0010148300285086136,0.1542145682152763
9223,X012221_095_6,AI,Positive,low,-0.001186107040461397,0.5774902691925177
9223,X012221_095_6,AI,Positive,mid,0.00040849080011342545,1.5296578430098027
9223,X012221_095_6,AI,Positive,high,0.0012573364318208243,0.7485138250270025
9236,X012221_135_5,cd,Negative,low,-0.000423780541133281,0.6100905519505706
9236,X012221_135_5,cd,Negative,mid,-0.0016563018923928326,-0.744849581959442
9236,X012221_135_5,cd,Negative,high,-0.0006441713459561379,-0.11914952026123023
9244,X012320_008_4,46v,Positive,low,0.002967055612128574,-0.4974566379100233
9244,X012320_008_4,46v,Positive,mid,-0.0013730103650275332,0.05353113965514099
9244,X012320_008_4,46v,Positive,high,0.0008199175740004175,0.6771652087594031
9248,X012320_027_5,12l,Positive,low,0.0014274972184344593,1.775095170518746
9248,X012320_027_5,12l,Positive,mid,0.004745992553368303,1.152423114196861
9248,X012320_027_5,12l,Positive,high,0.0012645754271652138,-0.6474707091553369
9249,X012320_027_6,12l,Positive,low,0.005101356704828519,1.9214499973499848
9249,X012320_027_6,12l,Positive,mid,0.0015028607740281308,0.7397148482832351
9249,X012320_027_6,12l,Positive,high,0.0015568848302253367,0.9764352315376682
9250,X012320_037_1,12o,Negative,low,-0.00046215654387433025,-0.9287755726426941
9250,X012320_037_1,12o,Negative,mid,-0.0036442920312278857,-0.008897986900706012
9250,X012320_037_1,12o,Negative,high,-0.00230204622218012,0.27999498463001804
9255,X012320_066_3,45,Negative,low,-0.0019467067134514755,0.02654854450901713
9255,X012320_066_3,45,Negative,mid,-0.004166850517526417,-0.05901211695613869
9255,X012320_066_3,45,Negative,high,-0.0029357149541324764,-0.032012754836632636
9259,X012320_080_2,AI,Positive,low,-0.0004108904624397739,-0.3799512521526505
9259,X012320_080_2,AI,Positive,mid,0.0015280825009124108,0.47848144376855
9259,X012320_080_2,AI,Positive,high,0.001774979191386123,1.3948640651790156
9263,X012320_089_4,6VaVb,Positive,low,7.680282493985755e-05,-0.6657868263725433
9263,X012320_089_4,6VaVb,Positive,mid,0.003922830580840104,-0.5539264106995561
9263,X012320_089_4,6VaVb,Positive,high,0.003907350375173625,1.067340413574904
9267,X012320_094_2,pu,Positive,low,0.0017926553980637477,0.7627010466461186
9267,X012320_094_2,pu,Positive,mid,0.00086263015784967,0.7200568900036838
9267,X012320_094_2,pu,Positive,high,0.0008343180967422003,2.006307214944811
9269,X012320_097_3,8B,Positive,low,0.0020318298019814884,-0.09483225352925786
9269,X012320_097_3,8B,Positive,mid,-0.0025353856563641282,1.0513540386313731
9269,X012320_097_3,8B,Positive,high,0.0012779095591384097,1.2968457880710405
9272,X012320_101_6,6VaVb,Positive,low,0.001923398435563691,1.1312707307006227
9272,X012320_101_6,6VaVb,Positive,mid,0.0019433954020320592,0.05792787340177773
9272,X012320_101_6,6VaVb,Positive,high,0.000998703664070978,0.1944066816345268
9274,X012320_103_3,45,Positive,low,-0.00171374906471244,-0.9330128477436929
9274,X012320_103_3,45,Positive,mid,8.424256587464795e-05,0.1755350983830265
9274,X012320_103_3,45,Positive,high,0.0008469818692789396,0.48224856896239165
9275,X012320_104_3,45,Positive,low,-0.001268055542422359,2.019537619886898
9275,X012320_104_3,45,Positive,mid,0.00245051641828871,1.7771002108761158
9275,X012320_104_3,45,Positive,high,0.0014457304314349504,-0.15409633203477843
9276,X012320_107_4,6DC,Negative,low,-0.0011391334634027668,0.7593420251839587
9276,X012320_107_4,6DC,Negative,mid,-0.0018415560566142355,0.44877938850724314
9276,X012320_107_4,6DC,Negative,high,-0.0018860876588217624,-0.8043466190282199
9280,X012320_117_6,pu,Negative,low,-0.0023901618012814696,-0.4545955047384834
9280,X012320_117_6,pu,Negative,mid,-0.0013868650743986235,-0.4819098200506458
9280,X012320_117_6,pu,Negative,high,-0.0016469378425915363,-0.4782843753674568
9284,X012320_152_1,pu,Positive,low,0.00047306667070133514,1.120085633628854
9284,X012320_152_1,pu,Positive,mid,0.00322726794097018,0.8792238978486192
9284,X012320_152_1,pu,Positive,high,0.001996376595225185,1.2049004829762977
9296,X012420_027_1,12l,Positive,low,0.005536695386954724,2.8031788757954184
9296,X012420_027_1,12l,Positive,mid,0.0003782715409612415,-0.3464929810825878
9296,X012420_027_1,12l,Positive,high,-1.8915135092302998e-06,-0.511877192336192
9301,X012420_059_5,46v,Positive,low,0.0005191237076101914,-1.0836188045892858
9301,X012420_059_5,46v,Positive,mid,4.3518009656454224e-05,-0.5180693530384993
9301,X012420_059_5,46v,Positive,high,0.00026917143483617094,0.681514368130641
9310,X012420_086_2,8B,Positive,low,0.0004142487294251771,0.4337109767257727
9310,X012420_086_2,8B,Positive,mid,0.0012985301376628496,0.27229902529492417
9310,X012420_086_2,8B,Positive,high,0.0015486343238693785,0.18518543726221864
9312,X012420_094_5,pu,Positive,low,-0.0012867816312261459,1.2758833982651672
9312,X012420_094_5,pu,Positive,mid,0.001341483190367469,0.03083327460449852
9312,X012420_094_5,pu,Positive,high,0.0016129173667266624,1.6208368964282527
9313,X012420_096_3,8B,Negative,low,-0.0035373795024134054,0.9330974278561678
9313,X012420_096_3,8B,Negative,mid,-0.0002656275232281767,-0.8832533133034897
9313,X012420_096_3,8B,Negative,high,-0.00023522455741279354,-1.1635265218438007
9314,X012420_096_4,8B,Negative,low,0.00014910423475812386,-0.7373449017856264
9314,X012420_096_4,8B,Negative,mid,-4.928810858499724e-06,-0.9191832405060976
9314,X012420_096_4,8B,Negative,high,7.852316344223497e-05,-0.6992990642339735
9317,X012420_101_1,6VaVb,Positive,low,0.0031175241052792653,1.3232935871217073
9317,X012420_101_1,6VaVb,Positive,mid,0.0011414703380514058,-0.7686421574525746
9317,X012420_101_1,6VaVb,Positive,high,0.0006574418625101686,-0.7912761648363758
9319,X012420_103_5,45,Positive,low,0.0010079078026694697,-0.11706499646715324
9319,X012420_103_5,45,Positive,mid,0.0011478414043884237,0.5470346001454531
9319,X012420_103_5,45,Positive,high,-0.0003055870335329881,1.0175802534114502
9335,X012521_021_1,11ml,Positive,low,0.0014262541092586502,-0.12006046842500302
9335,X012521_021_1,11ml,Positive,mid,-0.0009775271856918312,1.3984437571209352
9335,X012521_021_1,11ml,Positive,high,0.0021783530223085635,1.043257671564867
9338,X012521_028_3,12l,Positive,low,0.002903793753716355,0.8769567103988392
9338,X012521_028_3,12l,Positive,mid,0.00012491606731158104,1.0472866227376134
9338,X012521_028_3,12l,Positive,high,0.0018805424297811317,0.9471411968824669
9339,X012521_034_2,13m,Positive,low,0.0040279557469595564,1.3339140265060436
9339,X012521_034_2,13m,Positive,mid,0.0008528272155371915,0.37727562304564477
9339,X012521_034_2,13m,Positive,high,0.0019261433235387697,0.4855262421137824
9345,X012521_057_3,12o,Positive,low,0.0016920473844516982,-0.5047515692327252
9345,X012521_057_3,12o,Positive,mid,0.00015824304260538344,0.8866211562138515
9345,X012521_057_3,12o,Positive,high,0.001795138461717087,1.463266788326365
9348,X012521_068_2,12o,Positive,low,0.005587368699874797,1.7508704259669325
9348,X012521_068_2,12o,Positive,mid,0.004087681666767435,0.7033267484120901
9348,X012521_068_2,12o,Positive,high,0.0010151858113091176,-0.38470647675907255
9349,X012521_070_2,AI,Negative,low,-0.00021256907148972163,0.0891070270387087
9349,X012521_070_2,AI,Negative,mid,-0.0005801753013849023,-0.8813881201254276
9349,X012521_070_2,AI,Negative,high,-0.0016440229595306162,-1.2736705750871617
9355,X012521_080_5,12o,Positive,low,0.004497101594544645,0.5538774638414168
9355,X012521_080_5,12o,Positive,mid,0.0016496832388164892,1.0396719082520527
9355,X012521_080_5,12o,Positive,high,0.0009693990284203199,0.43795182148053524
9357,X012521_095_5,AI,Positive,low,0.0011094920689059767,0.513404974204096
9357,X012521_095_5,AI,Positive,mid,0.004138143034222669,2.0146402871350877
9357,X012521_095_5,AI,Positive,high,0.0008806566555983615,0.7982641242556088
9363,X012521_131_3,AMG,Positive,low,0.0029766550605487808,2.5706540320359927
9363,X012521_131_3,AMG,Positive,mid,0.002188484091904514,0.34093203101022024
9363,X012521_131_3,AMG,Positive,high,0.0004598311085212096,-0.552291180845505
9380,X012621_037_4,12o,Positive,low,0.0027509496827295386,0.852508223567161
9380,X012621_037_4,12o,Positive,mid,0.0026933257008317857,0.6174051436268648
9380,X012621_037_4,12o,Positive,high,0.00022703336336851404,0.15167071785290256
9387,X012621_054_3,13m,Negative,low,-0.0008108894865251669,-0.6605686151024307
9387,X012621_054_3,13m,Negative,mid,-0.0006951419268423253,-0.9113146631967605
9387,X012621_054_3,13m,Negative,high,-0.0011329179908868673,-0.5371605373807438
9388,X012621_069_2,12o,Positive,low,-0.0006583707704387216,0.4308358891344104
9388,X012621_069_2,12o,Positive,mid,0.0008145244687736482,1.5363622285958733
9388,X012621_069_2,12o,Positive,high,0.0011523463940526968,1.8300090976642094
9392,X012621_079_5,12o,Positive,low,0.002926745751290642,-0.06920800895659492
9392,X012621_079_5,12o,Positive,mid,0.00299860988422916,0.12683179309146037
9392,X012621_079_5,12o,Positive,high,0.002443762703611037,-0.2398771962777366
9405,X012621_130_5,AMG,Positive,low,-0.0015072644507243146,-1.010301345172776
9405,X012621_130_5,AMG,Positive,mid,-0.0016223525254830183,0.11886434169472025
9405,X012621_130_5,AMG,Positive,high,0.0014055018469541112,1.707126561298148
9421,X012720_011_6,12r,Negative,low,0.0017589105706733543,-0.2325023708968871
9421,X012720_011_6,12r,Negative,mid,-0.000611538320613244,-0.684863473730357
9421,X012720_011_6,12r,Negative,high,-0.001353462663774611,-0.8375452483900375
9423,X012720_019_3,12m,Negative,low,-0.000485393863917154,-0.7722071504434215
9423,X012720_019_3,12m,Negative,mid,-0.0007081846954884478,-0.6217287729762359
9423,X012720_019_3,12m,Negative,high,-0.0011472365653035523,-0.41028897300189804
9425,X012720_022_2,46v,Positive,low,-0.0005447221837486779,-0.6237509710429091
9425,X012720_022_2,46v,Positive,mid,-0.0004429888761324658,-0.7650639479158573
9425,X012720_022_2,46v,Positive,high,0.0015447848499546004,0.6443932015362029
9427,X012720_036_3,12o,Positive,low,-0.0015381417581478247,0.9879787135117698
9427,X012720_036_3,12o,Positive,mid,0.0017748144991949818,0.2877109228748016
9427,X012720_036_3,12o,Positive,high,0.0016196701410291325,-0.01870042495445012
9435,X012720_077_3,45,Positive,low,0.0015778283799509243,0.18106862138677854
9435,X012720_077_3,45,Positive,mid,0.0013431025122611988,-0.4839129235824809
9435,X012720_077_3,45,Positive,high,0.0006589586641487196,-0.7746593090341413
9438,X012720_086_3,8B,Negative,low,-0.0024094946435131524,2.4561107537512377
9438,X012720_086_3,8B,Negative,mid,-0.0003936605685512915,0.025984620947257914
9438,X012720_086_3,8B,Negative,high,-0.0004677706405268124,-0.9385465264518725
9440,X012720_094_2,pu,Positive,low,0.003365235628643937,0.575765799793001
9440,X012720_094_2,pu,Positive,mid,0.0009506872197242996,1.0406472610058681
9440,X012720_094_2,pu,Positive,high,-0.00028087079307202457,1.680415179289121
9442,X012720_096_4,8B,Negative,low,-0.0003508665731896765,0.6066939477652262
9442,X012720_096_4,8B,Negative,mid,-0.003088252876355497,0.026723948975222282
9442,X012720_096_4,8B,Negative,high,-0.00010862908660421416,-0.9265600619915123
9444,X012720_109_2,cd,Negative,low,-0.004488274624600129,2.113379475776844
9444,X012720_109_2,cd,Negative,mid,-0.0020328064536706994,0.119680685142269
9444,X012720_109_2,cd,Negative,high,-0.0009085595084564129,-0.6755380907689473
9453,X012721_014_4,11ml,Positive,low,-0.005742680532668423,0.1452074467778646
9453,X012721_014_4,11ml,Positive,mid,0.005067662115787866,1.2792919239931169
9453,X012721_014_4,11ml,Positive,high,0.0013126590132255989,1.2844519746085372
9457,X012721_030_2,13l,Negative,low,0.0017925878642556135,-1.212657493742155
9457,X012721_030_2,13l,Negative,mid,-0.0020732489968711847,-1.0157078162607382
9457,X012721_030_2,13l,Negative,high,-0.0013781156924871512,-0.5554166088041891
9464,X012721_039_1,13l,Negative,low,5.2381942230288515e-05,-1.59744429796587
9464,X012721_039_1,13l,Negative,mid,-0.0025830439613048106,-0.7118247371206072
9464,X012721_039_1,13l,Negative,high,-0.001904187466177869,-0.7656763010865973
9472,X012721_054_4,13m,Negative,low,0.0009724651003930789,1.2652670347105446
9472,X012721_054_4,13m,Negative,mid,-0.000979139621083144,-0.26561888115983784
9472,X012721_054_4,13m,Negative,high,-0.0013689492129478,-0.6653669828521134
9474,X012721_058_3,12o,Negative,low,-0.0014343872595825944,-0.5028831133194355
9474,X012721_058_3,12o,Negative,mid,-0.00045763089424562416,-0.8615964625391818
9474,X012721_058_3,12o,Negative,high,-0.0011483560735411403,-0.3862675724752726
9476,X012721_067_3,12o,Positive,low,0.004116162463451892,0.412647228354833
9476,X012721_067_3,12o,Positive,mid,0.003022859096805834,-0.5827387749671102
9476,X012721_067_3,12o,Positive,high,0.0034019141059942566,-0.15768348544535998
9483,X012721_079_2,12o,Positive,low,0.003420527365885923,0.17263907863884023
9483,X012721_079_2,12o,Positive,mid,0.0032362489639093783,0.05760163807853694
9483,X012721_079_2,12o,Positive,high,0.002507353559766922,-0.2354266573839624
9487,X012721_080_7,12o,Negative,low,-0.0011733757662898566,-0.466942990167739
9487,X012721_080_7,12o,Negative,mid,0.0003804563311488527,-0.5564705759237293
9487,X012721_080_7,12o,Negative,high,-0.0003560418393923455,-0.480381263423085
9491,X012721_085_6,AI,Positive,low,0.0014606729394240603,-0.1323621473003941
9491,X012721_085_6,AI,Positive,mid,-0.0005434269110760909,0.5064160094640198
9491,X012721_085_6,AI,Positive,high,0.0009967326666272282,0.30431998992251996
9492,X012721_099_3,cd,Positive,low,-0.0015432291999079803,0.38339780873468704
9492,X012721_099_3,cd,Positive,mid,0.004169014828246532,2.237503920438484
9492,X012721_099_3,cd,Positive,high,0.001988106959624814,0.6312924891279487
9497,X012721_130_6,AMG,Negative,low,-0.0012319234034529319,-1.2534037147107815
9497,X012721_130_6,AMG,Negative,mid,-0.0010638275132881893,-0.555715383199383
9497,X012721_130_6,AMG,Negative,high,-0.000147480542807365,-0.4617530480817506
9498,X012721_131_2,AMG,Positive,low,0.001352760975342722,2.308676995572552
9498,X012721_131_2,AMG,Positive,mid,0.002215033876310947,0.2631053452673655
9498,X012721_131_2,AMG,Positive,high,0.0012122899598293233,-0.349894109335666
9507,X012721_152_3,AMG,Negative,low,-0.00039618832782888097,-0.37152401618380565
9507,X012721_152_3,AMG,Negative,mid,-0.0014834544560083129,-0.2536530679838729
9507,X012721_152_3,AMG,Negative,high,-0.0014085807200660803,0.2612267109691731
9522,X012820_074_4,cd,Positive,low,0.001280449083300556,-0.628924140065115
9522,X012820_074_4,cd,Positive,mid,-0.0004354085400694907,0.11194966762898469
9522,X012820_074_4,cd,Positive,high,0.0013007046517283418,0.37656605195179704
9523,X012820_077_3,45,Positive,low,0.0018769763847421947,-0.029808305806463205
9523,X012820_077_3,45,Positive,mid,0.0010775105306157615,-0.40184869243648713
9523,X012820_077_3,45,Positive,high,0.0007472095618848274,-0.2556306600951353
9529,X012820_096_2,8B,Negative,low,-0.0024032510355021745,-0.42671055757532056
9529,X012820_096_2,8B,Negative,mid,-0.0005113146756429583,-1.163800158338023
9529,X012820_096_2,8B,Negative,high,-0.0005432137857506799,-0.8316375823465243
9535,X012820_118_5,pu,Positive,low,-0.0008796943932745848,1.4465501255382118
9535,X012820_118_5,pu,Positive,mid,-0.0009294775499982715,0.04915150572167525
9535,X012820_118_5,pu,Positive,high,0.003091078645573845,-0.11818989248521712
9541,X012821_040_3,13l,Positive,low,-0.0007456884335414869,1.780832875693161
9541,X012821_040_3,13l,Positive,mid,-0.0002373525918110924,0.16165187239713547
9541,X012821_040_3,13l,Positive,high,0.0017892179925033532,0.4505361861548543
9545,X012821_052_3,13m,Negative,low,-0.001467619556751367,-0.7243979498488323
9545,X012821_052_3,13m,Negative,mid,-0.0007276808622852087,0.3452049552859311
9545,X012821_052_3,13m,Negative,high,-0.0018292177428725377,0.5321112044772347
9557,X012821_079_3,12o,Positive,low,0.0030823281380173034,-0.24819378811670792
9557,X012821_079_3,12o,Positive,mid,0.0022817424948119607,-0.4446152072456416
9557,X012821_079_3,12o,Positive,high,0.002069810769686611,-0.3875838063911809
9561,X012821_080_7,12o,Negative,low,-0.001032332106363373,-0.5549334484259419
9561,X012821_080_7,12o,Negative,mid,-0.0007458164529705099,-0.4929131964429246
9561,X012821_080_7,12o,Negative,high,-0.000987081593819212,-0.45578587762821626
9592,X012920_022_2,46v,Positive,low,0.0015797063884201332,-1.0352300619319106
9592,X012920_022_2,46v,Positive,mid,-0.0010162474255720009,0.03258713355946305
9592,X012920_022_2,46v,Positive,high,0.0016121503863381875,2.045136044108729
9595,X012920_066_3,12l,Negative,low,-0.0006828734013194224,-0.7736051377163156
9595,X012920_066_3,12l,Negative,mid,-0.001063786606745907,-0.5734141991906079
9595,X012920_066_3,12l,Negative,high,-0.0012013482154369364,-0.15257704325022542
9599,X012920_089_2,6VaVb,Positive,low,-0.0008851199530351413,-0.13615467126237946
9599,X012920_089_2,6VaVb,Positive,mid,0.0014630897160666206,0.0020184764075255684
9599,X012920_089_2,6VaVb,Positive,high,0.00037647789318378286,-0.3990624450680222
9602,X012920_093_3,44,Negative,low,0.0001194393086644027,-0.8969573463854099
9602,X012920_093_3,44,Negative,mid,-0.003300299764413706,-0.2869321043617069
9602,X012920_093_3,44,Negative,high,-0.003168157750396349,-0.11050478386469557
9603,X012920_096_3,8B,Negative,low,-0.001322166840490361,-0.7787320171537098
9603,X012920_096_3,8B,Negative,mid,-0.00015218216849500644,-0.6721758461509291
9603,X012920_096_3,8B,Negative,high,-0.0007788433068814796,-0.6772544974842405
9609,X012920_103_3,45,Positive,low,-0.0021189529849939912,0.6976246306513468
9609,X012920_103_3,45,Positive,mid,-0.001524277782114787,1.6346892535984021
9609,X012920_103_3,45,Positive,high,0.0017664641076059842,2.0101603510574177
9610,X012920_104_3,45,Negative,low,-0.007077243965286036,1.5351264272119536
9610,X012920_104_3,45,Negative,mid,-0.004010224057010611,-0.2526004093020423
9610,X012920_104_3,45,Negative,high,-0.003272646887036775,-0.5454182790723255
9613,X012920_113_3,cd,Negative,low,0.0004302586648847281,-0.7035403940160317
9613,X012920_113_3,cd,Negative,mid,-0.005690965658542064,0.1896293432722581
9613,X012920_113_3,cd,Negative,high,-0.00358899633001341,0.260921594320805
9615,X012920_142_3,pu,Negative,low,-0.0019239299438975825,1.3690120373262145
9615,X012920_142_3,pu,Negative,mid,-0.001688618677873384,-0.7984238257771126
9615,X012920_142_3,pu,Negative,high,-0.00322805928341064,0.24102990292035936
9617,X012921_020_3,12m,Positive,low,0.0032035350307095976,-1.1040761570900233
9617,X012921_020_3,12m,Positive,mid,0.00128763021826056,0.2885116508822135
9617,X012921_020_3,12m,Positive,high,0.0020949141781259123,1.0027376038102531
9621,X012921_043_1,13m,Positive,low,0.0015534133144356997,0.15486168352028545
9621,X012921_043_1,13m,Positive,mid,0.004870206008788784,0.10459097361768567
9621,X012921_043_1,13m,Positive,high,0.0018478856325646247,0.3830745648213053
9624,X012921_052_1,13m,Negative,low,-7.390501394056178e-05,-0.6724797204112054
9624,X012921_052_1,13m,Negative,mid,-0.0019783935330522405,0.4050788899613219
9624,X012921_052_1,13m,Negative,high,-0.0018803137294281496,0.433658556351725
9635,X012921_067_2,12o,Positive,low,0.004592163297959155,1.561055027738759
9635,X012921_067_2,12o,Positive,mid,0.0027719093601277956,-0.5063865040529661
9635,X012921_067_2,12o,Positive,high,0.0032268529602566725,-0.1551675876538996
9637,X012921_069_5,12o,Negative,low,0.00024393986327038506,-0.5802736241221675
9637,X012921_069_5,12o,Negative,mid,0.0007803817681573705,-1.33276895467756
9637,X012921_069_5,12o,Negative,high,-0.0008082610809220671,-0.7335015130965364
9640,X012921_079_2,12o,Positive,low,0.004337560557351322,0.047982631813304845
9640,X012921_079_2,12o,Positive,mid,0.002905587277934195,-0.2271954672567596
9640,X012921_079_2,12o,Positive,high,0.002252860952893688,-0.3461158483824782
9649,X012921_095_5,AI,Negative,low,-0.004066556568519418,-0.21877605242409842
9649,X012921_095_5,AI,Negative,mid,-0.0015019485887458855,-0.6044481022209053
9649,X012921_095_5,AI,Negative,high,-0.001954537286307776,0.23804947368807614
9652,X012921_098_1,pu,Negative,low,-0.0008468796297516645,-0.44489340047768866
9652,X012921_098_1,pu,Negative,mid,-0.003934813248793967,0.6456914306889457
9652,X012921_098_1,pu,Negative,high,-0.0036733014072133875,1.362805083617196
9674,X012921_147_3,24c,Positive,low,0.0030760003408813693,1.1252435911136884
9674,X012921_147_3,24c,Positive,mid,0.00048806055763223814,1.5915565131706326
9674,X012921_147_3,24c,Positive,high,0.0012615980511811677,0.6228162903329373
9675,X013120_004_2,12r,Negative,low,4.191539620231104e-05,-1.2538813953590076
9675,X013120_004_2,12r,Negative,mid,-0.0010362704613633912,-1.0455005297843312
9675,X013120_004_2,12r,Negative,high,-0.0009915978286970254,-0.7343932612366764
9684,X013120_078_2,12l,Negative,low,0.0010956007268897287,0.019440797769637724
9684,X013120_078_2,12l,Negative,mid,-0.0002582226429166951,-0.7049818759204544
9684,X013120_078_2,12l,Negative,high,-0.0009587655279251688,-1.3091908141896254
9685,X013120_083_3,pu,Positive,low,-0.0005671913601958227,2.313669208282242
9685,X013120_083_3,pu,Positive,mid,0.003715492578561188,1.320248296673405
9685,X013120_083_3,pu,Positive,high,0.001956771803934512,0.37858326531588893
9687,X013120_090_2,6VaVb,Negative,low,-0.00546604653179676,-0.08357308385971184
9687,X013120_090_2,6VaVb,Negative,mid,-0.0006765605577912215,-0.2175000835466838
9687,X013120_090_2,6VaVb,Negative,high,-0.001011059259295173,-0.6683205298943051
9690,X013120_103_3,45,Positive,low,0.004014689857389463,0.08262332487919564
9690,X013120_103_3,45,Positive,mid,0.00262773128733378,1.017739682762067
9690,X013120_103_3,45,Positive,high,0.0022132521123792246,0.6507774373649514
9692,X013120_104_4,45,Positive,low,0.0006797336163071697,1.896853092754145
9692,X013120_104_4,45,Positive,mid,0.0026737451155982614,1.7730066125682507
9692,X013120_104_4,45,Positive,high,0.0005207610551230504,1.3703927417563122
9693,X013120_112_6,24c,Positive,low,0.0010400942685172808,-0.38184231367991145
9693,X013120_112_6,24c,Positive,mid,0.0025242970848954054,1.1264871576639781
9693,X013120_112_6,24c,Positive,high,0.001642586006276027,0.7563631488436433
9694,X013120_113_2,cd,Positive,low,0.002253300881416482,0.644218336016861
9694,X013120_113_2,cd,Positive,mid,0.0023472600942492246,1.2070486025633709
9694,X013120_113_2,cd,Positive,high,0.003579985261851079,2.209393119355803
9697,X013120_127_5,pu,Positive,low,7.253115233135941e-05,-0.07393867485132223
9697,X013120_127_5,pu,Positive,mid,0.0027645837805488154,1.3578674385506977
9697,X013120_127_5,pu,Positive,high,0.003598811718048369,1.7346538703969234
9707,X020320_019_3,12m,Negative,low,-0.00030778843357754336,-1.3200768298793355
9707,X020320_019_3,12m,Negative,mid,0.00024052806841880531,-1.2318997365266036
9707,X020320_019_3,12m,Negative,high,-0.0001685061831281774,-0.4273483025378078
9709,X020320_023_3,46v,Positive,low,0.0009967014521474946,-0.502302265287487
9709,X020320_023_3,46v,Positive,mid,7.746138884389074e-05,0.38508730572705974
9709,X020320_023_3,46v,Positive,high,0.0004423749759025481,1.5152711331745154
9714,X020320_078_2,12l,Negative,low,-0.0020803932281653796,-0.643750616369425
9714,X020320_078_2,12l,Negative,mid,-0.0016199696077141919,-1.4448395919879145
9714,X020320_078_2,12l,Negative,high,-0.0014674125448118577,-0.4386096433979965
9715,X020320_080_3,AI,Positive,low,0.0012756282265756853,0.2079633285668051
9715,X020320_080_3,AI,Positive,mid,0.0016034162896545186,0.7674392208893986
9715,X020320_080_3,AI,Positive,high,0.0026860405554669353,0.6062651007870982
9716,X020320_086_4,8B,Negative,low,-0.0018800386979482976,-1.0978723652102982
9716,X020320_086_4,8B,Negative,mid,-0.0018851839846544228,-1.0010182323451844
9716,X020320_086_4,8B,Negative,high,-0.0013019691722942516,-0.8882295677249324
9717,X020320_089_3,6VaVb,Positive,low,0.001424491864745107,0.6047416242261945
9717,X020320_089_3,6VaVb,Positive,mid,0.004637177634832013,1.8638768043871132
9717,X020320_089_3,6VaVb,Positive,high,0.0022447727951330036,0.3482754237054167
9720,X020320_096_4,8B,Negative,low,-0.0010043757063871418,-1.43560165563558
9720,X020320_096_4,8B,Negative,mid,-0.0017903282023482411,-0.5622286144070662
9720,X020320_096_4,8B,Negative,high,-7.641780403517095e-06,-1.0281325988285552
9729,X020321_040_3,13l,Negative,low,-0.003262855321266491,-0.940266650235172
9729,X020321_040_3,13l,Negative,mid,0.0006527691726799741,0.026095317682861885
9729,X020321_040_3,13l,Negative,high,-0.0018172874297571703,-0.40265002227421254
9734,X020321_052_4,13m,Negative,low,-0.001014090743277048,-0.854954359202201
9734,X020321_052_4,13m,Negative,mid,-0.0010586647354639898,0.0357830026579856
9734,X020321_052_4,13m,Negative,high,-0.001948664556281857,0.4189715479022533
9736,X020321_059_5,12o,Positive,low,0.00044010898587957544,1.8067948022088696
9736,X020321_059_5,12o,Positive,mid,0.0027240560047532693,1.1826690075180637
9736,X020321_059_5,12o,Positive,high,0.001554559461248598,0.8933898973931091
9739,X020321_067_5,12o,Positive,low,0.001288608673367777,2.7174474954505925
9739,X020321_067_5,12o,Positive,mid,0.0020998056523511346,-0.07025608948947933
9739,X020321_067_5,12o,Positive,high,0.0003134553362677474,-0.37820894936852767
9742,X020321_074_3,13m,Positive,low,0.0009071240931716491,-0.6278550593483071
9742,X020321_074_3,13m,Positive,mid,0.004373082712487338,-0.12050361397634331
9742,X020321_074_3,13m,Positive,high,0.0038952891442575917,-0.008465457638685349
9750,X020321_098_5,pu,Positive,low,0.0034993316786565572,1.6616284303776239
9750,X020321_098_5,pu,Positive,mid,0.003647570133047014,1.7608034577245473
9750,X020321_098_5,pu,Positive,high,0.0023118396994407263,0.7925539573396133
9757,X020321_122_3,pu,Negative,low,0.0006495680101193197,-0.9360676753658572
9757,X020321_122_3,pu,Negative,mid,-0.0025597834115814503,-1.4411730093884587
9757,X020321_122_3,pu,Negative,high,-0.000874019652461234,-0.8122014352763552
9759,X020321_130_6,AMG,Negative,low,-0.0010311676262698827,-0.8245067038323836
9759,X020321_130_6,AMG,Negative,mid,-0.0015149041645407977,-0.9576284849455273
9759,X020321_130_6,AMG,Negative,high,-0.0011931715030588327,-1.3515829381450837
9766,X020321_145_2,cd,Negative,low,0.00014767890028534323,-1.0191610462951184
9766,X020321_145_2,cd,Negative,mid,0.0005628070328029934,-0.6691316379119523
9766,X020321_145_2,cd,Negative,high,-0.001498138685149811,-0.31873148594261963
9768,X020420_006_4,46v,Positive,low,0.0010503954736624673,0.7664057786674076
9768,X020420_006_4,46v,Positive,mid,0.00040588601456570183,0.034646235054247264
9768,X020420_006_4,46v,Positive,high,0.002046560031217818,-0.357099763436081
9777,X020420_045_3,12o,Positive,low,0.0036112390603962935,1.0224269087718467
9777,X020420_045_3,12o,Positive,mid,0.0012927911014216937,0.817914124984529
9777,X020420_045_3,12o,Positive,high,0.0022868569048822103,0.6781021261059125
9783,X020420_077_2,12l,Positive,low,-0.0018205072669644255,-0.7290211619325788
9783,X020420_077_2,12l,Positive,mid,0.0017851334510217013,0.3109393038363901
9783,X020420_077_2,12l,Positive,high,0.0011523508263928254,0.12640631287957244
9785,X020420_077_6,12l,Negative,low,-0.001010640279254261,0.3583463322119044
9785,X020420_077_6,12l,Negative,mid,-0.00041269974141122553,0.037260204935392144
9785,X020420_077_6,12l,Negative,high,-0.0011560397626247504,-0.4345103299583056
9786,X020420_079_5,12o,Positive,low,0.005171550836755493,-0.08673443937061677
9786,X020420_079_5,12o,Positive,mid,-0.0011635735396860816,0.28226121742442595
9786,X020420_079_5,12o,Positive,high,0.0026758536171381047,0.8892521765547962
9791,X020420_090_5,6VaVb,Negative,low,0.0005405523722867268,-0.1415190140960022
9791,X020420_090_5,6VaVb,Negative,mid,-0.005474245556589425,-0.7881296107130197
9791,X020420_090_5,6VaVb,Negative,high,-0.0020448607110751097,-0.44624350554838205
9792,X020420_091_1,44,Negative,low,-0.0002681765737876378,-0.36347396695016326
9792,X020420_091_1,44,Negative,mid,-0.0022207357687820286,-1.209311960283636
9792,X020420_091_1,44,Negative,high,-0.0007593162125584258,-0.7750848142953959
9794,X020420_093_4,44,Positive,low,0.004182520742544249,3.2786686478954383
9794,X020420_093_4,44,Positive,mid,0.0013713196051153014,-0.018396354111309743
9794,X020420_093_4,44,Positive,high,0.00045683583505893,-0.4121250732865389
9795,X020420_096_4,8B,Negative,low,-0.0005237783375706995,-0.09291323954038037
9795,X020420_096_4,8B,Negative,mid,-0.0003579032277183619,-0.9356625033248086
9795,X020420_096_4,8B,Negative,high,-3.213957519390413e-05,-0.9365150807502861
9797,X020420_101_9,6VaVb,Negative,low,0.0010078810088283306,-0.8683169025069872
9797,X020420_101_9,6VaVb,Negative,mid,0.000980294755472376,-0.8838146410583396
9797,X020420_101_9,6VaVb,Negative,high,-0.002269916909438714,0.028559698545050104
9807,X020421_021_4,11ml,Positive,low,0.010722085962297213,0.3555566260417592
9807,X020421_021_4,11ml,Positive,mid,0.0003833167867201246,-0.26813071466689486
9807,X020421_021_4,11ml,Positive,high,0.002909478599845962,1.194262333623383
9808,X020421_033_3,13m,Positive,low,-0.005622153318491479,1.1358679629131663
9808,X020421_033_3,13m,Positive,mid,0.001410128605300109,-0.5883234842585868
9808,X020421_033_3,13m,Positive,high,0.00038799563134514926,0.005146006256164793
9811,X020421_041_4,13l,Negative,low,-0.000494714860777726,-0.9597858007061303
9811,X020421_041_4,13l,Negative,mid,-0.0005004715406449423,-0.7499333174276273
9811,X020421_041_4,13l,Negative,high,-0.0004899870111845007,-0.7422390854894222
9812,X020421_047_2,12o,Positive,low,-0.0018368725930380811,-0.9815970947361627
9812,X020421_047_2,12o,Positive,mid,0.001289043473689128,-0.3434291378306657
9812,X020421_047_2,12o,Positive,high,-1.8959189085284562e-05,-0.02439346852793543
9814,X020421_049_4,13l,Positive,low,-0.0027121012890499088,0.7824115671477778
9814,X020421_049_4,13l,Positive,mid,-0.0013402264751601787,0.47556360688420035
9814,X020421_049_4,13l,Positive,high,0.0026074517669031423,0.45000581014481067
9816,X020421_052_4,13m,Negative,low,-0.0009987481954520966,-0.4055983778740126
9816,X020421_052_4,13m,Negative,mid,-0.0020446349631945545,-0.6441454047748987
9816,X020421_052_4,13m,Negative,high,-0.0014555551704284358,0.24910499816464055
9817,X020421_057_4,12o,Positive,low,-0.0003842108316765072,-0.10340210570649286
9817,X020421_057_4,12o,Positive,mid,0.0007838747386119349,-0.5500614177838539
9817,X020421_057_4,12o,Positive,high,0.0010784440392561923,-0.6604900476019117
9820,X020421_065_4,13m,Positive,low,0.0022581111241586236,0.9585352733157135
9820,X020421_065_4,13m,Positive,mid,0.0018030900517706416,-0.050961103098747476
9820,X020421_065_4,13m,Positive,high,0.0004070680042312747,-0.9189007876320012
9822,X020421_077_3,12o,Positive,low,0.0018014352279583322,-0.20113275904431568
9822,X020421_077_3,12o,Positive,mid,0.004531791147239126,0.6261560132203254
9822,X020421_077_3,12o,Positive,high,0.002904251962183037,0.2316329694582485
9827,X020421_108_2,cd,Positive,low,0.0014781807166913878,0.4664325103812236
9827,X020421_108_2,cd,Positive,mid,0.006209643026962599,1.19496370854318
9827,X020421_108_2,cd,Positive,high,0.0037724088039152947,1.4669250169716241
9832,X020421_138_5,AMG,Negative,low,2.0908432388000964e-19,-0.662006139755249
9832,X020421_138_5,AMG,Negative,mid,-0.0014035163506425676,-0.17485828526700056
9832,X020421_138_5,AMG,Negative,high,-0.0017198818907210502,-0.0142048426970418
9839,X020520_007_4,46v,Negative,low,-0.00015976911315683585,-0.916981141670249
9839,X020520_007_4,46v,Negative,mid,-0.001730898345344307,-0.22824519331227622
9839,X020520_007_4,46v,Negative,high,-0.0006603949612577188,-0.7229418575593438
9841,X020520_012_3,12m,Positive,low,0.0007219159967993483,3.200009815109748
9841,X020520_012_3,12m,Positive,mid,0.002162428777687617,0.25879988045053565
9841,X020520_012_3,12m,Positive,high,0.0011434240944364728,0.6006260026066553
9852,X020520_052_1,13l,Negative,low,-0.0024428646528511216,-0.10360685784695903
9852,X020520_052_1,13l,Negative,mid,-0.0006641253903395085,-0.8714143422332681
9852,X020520_052_1,13l,Negative,high,-0.0012314127774107084,-0.5620922164407678
9855,X020520_072_4,AI,Positive,low,-0.0006773020397181492,1.1593886000443616
9855,X020520_072_4,AI,Positive,mid,0.0011785049967857762,1.4293889442021757
9855,X020520_072_4,AI,Positive,high,0.0013759379600449385,0.6105870636499265
9859,X020520_080_3,AI,Positive,low,0.0006309731437791508,-0.315492163444815
9859,X020520_080_3,AI,Positive,mid,-0.0004475760556459563,-0.6100574198772452
9859,X020520_080_3,AI,Positive,high,0.002073588569742298,0.7150768083140576
9868,X020520_109_1,cd,Negative,low,-0.0055302376940666335,1.5042209960659734
9868,X020520_109_1,cd,Negative,mid,0.0003274819961424928,0.6167250966402915
9868,X020520_109_1,cd,Negative,high,-0.000446188346146793,-0.6317978471071272
9869,X020520_113_3,cd,Negative,low,-0.0021385756558162552,0.22082649653517145
9869,X020520_113_3,cd,Negative,mid,-0.0028946556945322506,0.5463202637660948
9869,X020520_113_3,cd,Negative,high,-0.002515778052022911,0.24721599486867138
9870,X020520_121_2,cd,Negative,low,-0.0009576666041872669,-0.7863061480633232
9870,X020520_121_2,cd,Negative,mid,-0.002005424625599638,-1.0024722031381186
9870,X020520_121_2,cd,Negative,high,-0.0003033359018717936,-0.7197792102612196
9880,X020521_015_1,11ml,Positive,low,-0.0027991380910785068,1.148195016710785
9880,X020521_015_1,11ml,Positive,mid,0.000787550168775045,1.4448292733924757
9880,X020521_015_1,11ml,Positive,high,0.00047948756581500066,0.8091020892543126
9902,X020521_052_3,13m,Negative,low,0.00029681772069990796,-0.7546334344519461
9902,X020521_052_3,13m,Negative,mid,-0.0029589120709466055,-0.510688150963264
9902,X020521_052_3,13m,Negative,high,-0.002754718426432796,-0.0407335386274866
9909,X020521_063_1,13l,Positive,low,0.0046284198346487285,0.06280852329782435
9909,X020521_063_1,13l,Positive,mid,0.0022112810478018764,1.0916143048573255
9909,X020521_063_1,13l,Positive,high,0.0027977822712376105,0.03547483312631237
9911,X020521_074_3,13m,Positive,low,0.0022653420552445,2.7570274550585503
9911,X020521_074_3,13m,Positive,mid,0.0025262158888956464,0.6165512451904356
9911,X020521_074_3,13m,Positive,high,0.0011081062741236083,0.15502436327665048
9919,X020521_109_5,cd,Negative,low,9.08848484489878e-05,-0.8679912666016926
9919,X020521_109_5,cd,Negative,mid,-0.0014718329347731215,-0.4740832679621804
9919,X020521_109_5,cd,Negative,high,-0.0015141647759198537,-0.7870589420323364
9922,X020521_111_3,cd,Negative,low,-0.0017244718237647417,-0.7058283242098418
9922,X020521_111_3,cd,Negative,mid,-0.0002650328824130269,-0.9608188889387642
9922,X020521_111_3,cd,Negative,high,2.1306572458320302e-05,-0.9478764861276662
9924,X020521_118_6,AMG,Negative,low,-0.0021980630636583404,-0.591108716259588
9924,X020521_118_6,AMG,Negative,mid,-0.0019941833595298,0.16114044033096306
9924,X020521_118_6,AMG,Negative,high,-0.00012954425947724066,-0.25697437994055816
9933,X020620_003_4,12r,Negative,low,-0.0002814177893906817,-0.7905102984084067
9933,X020620_003_4,12r,Negative,mid,0.0006058158007519769,-0.5960855840731679
9933,X020620_003_4,12r,Negative,high,-0.0006212267864926731,-0.01565188188055459
9935,X020620_007_2,46v,Negative,low,-0.0014697386204716209,-0.645201544780997
9935,X020620_007_2,46v,Negative,mid,-0.0004890271939003073,-0.6841620089929433
9935,X020620_007_2,46v,Negative,high,-0.0013858533706183338,-0.46999013751250607
9944,X020620_072_3,AI,Negative,low,-0.0008209244732407195,-0.9721485123730973
9944,X020620_072_3,AI,Negative,mid,-0.0007533044588715986,-0.3247117370188069
9944,X020620_072_3,AI,Negative,high,-0.0014732214780529148,-0.8298905241363581
9947,X020620_078_2,12l,Positive,low,0.0016921501951146368,0.46953030244234994
9947,X020620_078_2,12l,Positive,mid,0.0034500495579386538,0.6646116169722518
9947,X020620_078_2,12l,Positive,high,0.001729239307113891,0.4020182723004015
9948,X020620_079_2,12o,Positive,low,0.004025627354349944,0.5410893878175744
9948,X020620_079_2,12o,Positive,mid,0.003890319632991205,0.5403610107003899
9948,X020620_079_2,12o,Positive,high,0.0024431405630110613,0.22916005425036617
9955,X020620_093_2,44,Negative,low,-0.000765202843979522,0.9305362092724656
9955,X020620_093_2,44,Negative,mid,-0.0019487222533134706,0.858704299577659
9955,X020620_093_2,44,Negative,high,-0.0010383618707467397,-0.1021746240813671
9957,X020620_104_3,45,Positive,low,0.0024724144088300168,-1.2286685376882107
9957,X020620_104_3,45,Positive,mid,0.0011559959765794741,0.33193983624324347
9957,X020620_104_3,45,Positive,high,0.0006989664212353174,0.7618523098020109
9960,X020620_107_4,pu,Negative,low,-0.0010068968288421405,-0.8622368738278374
9960,X020620_107_4,pu,Negative,mid,-0.0006301711612153377,-0.8186581970352103
9960,X020620_107_4,pu,Negative,high,-0.000153213204326972,-0.8704819864718966
9963,X020720_007_4,46v,Negative,low,0.0009633689604939803,-0.919585188307037
9963,X020720_007_4,46v,Negative,mid,0.0002997262469943994,-0.8876971949555116
9963,X020720_007_4,46v,Negative,high,-0.0009330785606019223,-0.4578970496352148
9964,X020720_008_1,46v,Positive,low,0.00012144735001340253,0.636854503856618
9964,X020720_008_1,46v,Positive,mid,0.0021412447582913473,0.81326983776021
9964,X020720_008_1,46v,Positive,high,0.0015160523533736129,0.3835778982504231
9968,X020720_027_3,12l,Negative,low,-0.003471587039849031,-0.2672758772101458
9968,X020720_027_3,12l,Negative,mid,-0.002696266344760212,-0.15920864039305258
9968,X020720_027_3,12l,Negative,high,-0.0039923075704324,-0.21542272722959122
9985,X020821_038_2,13l,Positive,low,0.0012116195920270443,0.5473161885366091
9985,X020821_038_2,13l,Positive,mid,0.00013567646236366666,-0.0761168501240096
9985,X020821_038_2,13l,Positive,high,0.001466658825118408,0.6376560390542639
9987,X020821_038_5,13l,Positive,low,0.004176281785001512,0.7404618813623729
9987,X020821_038_5,13l,Positive,mid,0.001712777857811776,0.09767736962294445
9987,X020821_038_5,13l,Positive,high,0.002416656824660228,2.1382515440368017
9989,X020821_041_2,13l,Negative,low,-0.0009297548835357594,-1.0220240456689018
9989,X020821_041_2,13l,Negative,mid,-5.486218332101031e-05,-0.7268163268756549
9989,X020821_041_2,13l,Negative,high,-0.0004901220840587776,-0.8278926357056654
10001,X020821_063_1,13l,Positive,low,0.004052905828330011,0.950999632544394
10001,X020821_063_1,13l,Positive,mid,0.005036397805209209,-0.1690265656785556
10001,X020821_063_1,13l,Positive,high,0.0019847689454522643,0.12349071537846461
10006,X020821_079_2,12o,Negative,low,-0.0010485740197295895,0.6906222859986387
10006,X020821_079_2,12o,Negative,mid,-0.001384131383075595,-0.4228830605742604
10006,X020821_079_2,12o,Negative,high,-0.0009294309597278419,-0.6765679094239995
10011,X020821_099_4,cd,Positive,low,0.0032899280810220867,1.2653730831731935
10011,X020821_099_4,cd,Positive,mid,0.004691985361495726,1.8031700019927668
10011,X020821_099_4,cd,Positive,high,0.0009957749331669986,-0.3103195067724452
10013,X020821_108_3,cd,Positive,low,0.00010068213040050273,-0.5704906271296413
10013,X020821_108_3,cd,Positive,mid,0.002750878539578158,-0.0385573241369994
10013,X020821_108_3,cd,Positive,high,0.0010007433410365437,-0.1385299712781734
10015,X020821_109_2,cd,Negative,low,-0.002436356082347746,-0.5115941330023844
10015,X020821_109_2,cd,Negative,mid,-0.002006226755523918,-0.9799151409188047
10015,X020821_109_2,cd,Negative,high,-0.0008333662803473265,-0.9142775862863576
10017,X020821_112_4,cd,Negative,low,-0.0006030728628728376,-0.5446572204100312
10017,X020821_112_4,cd,Negative,mid,-0.0009231662045802651,0.16243812591674275
10017,X020821_112_4,cd,Negative,high,-0.0007993656126411633,-0.169311396430442
10038,X020921_038_2,13l,Positive,low,0.0009074594336484764,2.984494610753115
10038,X020921_038_2,13l,Positive,mid,0.001153661606709174,-0.033484274567958716
10038,X020921_038_2,13l,Positive,high,0.0005218635237765338,0.9090436692047437
10040,X020921_041_2,13l,Positive,low,0.00260121137358785,1.7578367942482382
10040,X020921_041_2,13l,Positive,mid,0.0010276531334231763,0.7872203588485718
10040,X020921_041_2,13l,Positive,high,0.0015940858484220267,0.9602107828399306
10054,X020921_098_6,pu,Positive,low,0.0014944428873666367,-1.113729092622557
10054,X020921_098_6,pu,Positive,mid,0.000465256203313153,-0.9315427081185252
10054,X020921_098_6,pu,Positive,high,0.0013439124679180227,0.3827083434922669
10056,X020921_103_2,AI,Negative,low,0.0010067556621415866,-0.36271459305805764
10056,X020921_103_2,AI,Negative,mid,-0.001401821493800069,-0.525407271784417
10056,X020921_103_2,AI,Negative,high,-0.0010329286951270345,-0.12235465629596555
10058,X020921_108_3,cd,Positive,low,0.0020374988607452303,0.5233901460064628
10058,X020921_108_3,cd,Positive,mid,-8.652440145153797e-05,0.21030763880475215
10058,X020921_108_3,cd,Positive,high,0.0002484419292234885,0.7206172260289978
10060,X020921_109_6,cd,Negative,low,-0.0022554436998452002,-0.5636423932413219
10060,X020921_109_6,cd,Negative,mid,-0.0004892246502918116,-0.15704094703478147
10060,X020921_109_6,cd,Negative,high,-0.004326133981785448,0.3318040955613387
10063,X020921_130_2,AMG,Positive,low,-0.0022048373025053475,0.41723998524279593
10063,X020921_130_2,AMG,Positive,mid,0.002172002566068755,1.416361525530823
10063,X020921_130_2,AMG,Positive,high,0.0023113369938031476,0.010437892020033817
10064,X020921_130_7,AMG,Negative,low,0.0005752576122117175,-0.7764848350561201
10064,X020921_130_7,AMG,Negative,mid,-0.0008310827623865302,-1.1089167216554061
10064,X020921_130_7,AMG,Negative,high,-0.0010948597335158957,-0.5638668784087589
10065,X020921_131_1,AMG,Positive,low,0.0028162640200392135,2.097872180470611
10065,X020921_131_1,AMG,Positive,mid,0.0019306830551369984,0.8856821784690742
10065,X020921_131_1,AMG,Positive,high,0.0013493629771901302,0.1567340301866558
10066,X020921_132_2,AMG,Negative,low,0.00013223663529616424,0.00996804034830181
10066,X020921_132_2,AMG,Negative,mid,-1.1776354597987075e-05,0.1444961664834627
10066,X020921_132_2,AMG,Negative,high,-0.0009837581169224961,0.6121083495025825
10070,X020921_143_3,AMG,Positive,low,0.0044732361325284485,1.2246605596209128
10070,X020921_143_3,AMG,Positive,mid,0.0018246958356554345,0.6772121032810353
10070,X020921_143_3,AMG,Positive,high,0.0016254513736472602,0.3021316009239937
10076,X020921_157_5,cd,Negative,low,-0.00018275930905144254,-1.4399303139347006
10076,X020921_157_5,cd,Negative,mid,-0.0020690441876728117,-0.8276306717794469
10076,X020921_157_5,cd,Negative,high,-0.0019937276779494885,-0.9797156566718923
10077,X021020_007_3,46v,Positive,low,0.003424369462450665,0.4632063862943585
10077,X021020_007_3,46v,Positive,mid,0.0009427368738090287,1.4661290858579357
10077,X021020_007_3,46v,Positive,high,0.0002733719936285076,1.3012168487772569
10092,X021020_085_3,cd,Negative,low,-0.001978713272331264,-1.2204329215591392
10092,X021020_085_3,cd,Negative,mid,-0.001059065196008922,-0.9726230475847019
10092,X021020_085_3,cd,Negative,high,-0.0007866517933061292,-0.7578448747438123
10093,X021020_086_3,8B,Negative,low,-0.0019979912968680798,-0.13299559070782957
10093,X021020_086_3,8B,Negative,mid,-0.0035457020106920306,-0.0520037386253377
10093,X021020_086_3,8B,Negative,high,-0.0009069398850118581,-0.40816308366880133
10095,X021020_089_3,6VaVb,Positive,low,0.005827847328432796,0.9353281183121028
10095,X021020_089_3,6VaVb,Positive,mid,0.003546455226463286,0.7851508075376034
10095,X021020_089_3,6VaVb,Positive,high,0.003521072462298329,1.1562908221339923
10107,X021021_015_6,11ml,Positive,low,-0.0030124573586592083,0.5404581339648629
10107,X021021_015_6,11ml,Positive,mid,0.0014192137997311401,0.4442580122047006
10107,X021021_015_6,11ml,Positive,high,0.0025913972760242404,2.0109569703084658
10108,X021021_021_2,11ml,Positive,low,0.0071324018571753385,1.6481252371282402
10108,X021021_021_2,11ml,Positive,mid,0.00432160473215823,0.3484052900184634
10108,X021021_021_2,11ml,Positive,high,0.001591273828626879,0.6067736839399845
10109,X021021_028_3,12l,Positive,low,0.003982707067638181,2.5802545736911093
10109,X021021_028_3,12l,Positive,mid,0.0021471430507421342,0.8018172444115562
10109,X021021_028_3,12l,Positive,high,0.0013214707844780458,0.29537247285439
10113,X021021_038_6,13l,Positive,low,-0.0019144220508062314,0.29307209877816404
10113,X021021_038_6,13l,Positive,mid,-0.00023360894240651635,0.3052742311850483
10113,X021021_038_6,13l,Positive,high,0.004161154904820021,2.5611299036346535
10116,X021021_047_1,12o,Positive,low,-0.0011543437872536825,-0.6889262959538702
10116,X021021_047_1,12o,Positive,mid,-0.0001363049265107395,-0.96279886196338
10116,X021021_047_1,12o,Positive,high,0.0006762183875193612,-0.008591099585074863
10121,X021021_064_2,13m,Positive,low,0.002162366331714911,-0.5108328498032149
10121,X021021_064_2,13m,Positive,mid,0.003453702771546835,-0.41050733884365703
10121,X021021_064_2,13m,Positive,high,0.0034025593043467486,0.0523785289815517
10125,X021021_083_3,AI,Positive,low,0.0013263610467090356,-0.4228315926170497
10125,X021021_083_3,AI,Positive,mid,0.0005516196888315941,0.7398864172024036
10125,X021021_083_3,AI,Positive,high,0.003073773329751724,0.607752138662761
10135,X021021_109_9,cd,Negative,low,0.002520882359077763,-0.14533691165252852
10135,X021021_109_9,cd,Negative,mid,-0.0026923987057081255,-0.26120227649838923
10135,X021021_109_9,cd,Negative,high,-0.003955659606759069,0.30486519323511224
10139,X021021_128_9,AMG,Negative,low,-0.000655987602707659,-0.9768837681427573
10139,X021021_128_9,AMG,Negative,mid,-0.0009819158347572745,-0.8238579130757867
10139,X021021_128_9,AMG,Negative,high,-0.0006150141553357588,-0.4785788929486607
10143,X021021_145_5,cd,Positive,low,0.0002845248411100067,-0.7889200389484399
10143,X021021_145_5,cd,Positive,mid,0.00024074550447019175,-0.3295517350266534
10143,X021021_145_5,cd,Positive,high,0.0031031237026379766,1.3186648417134055
10148,X021021_150_2,AMG,Positive,low,0.007005922706137249,0.42394055394430996
10148,X021021_150_2,AMG,Positive,mid,0.004436594949078082,1.7274103947665649
10148,X021021_150_2,AMG,Positive,high,0.0010906742692676414,0.5370610027315216
10149,X021021_157_4,cd,Negative,low,3.7531460539621305e-06,-1.3396205503412968
10149,X021021_157_4,cd,Negative,mid,-0.003488413887706415,-0.34579502967745684
10149,X021021_157_4,cd,Negative,high,-0.002418370831821388,-0.9171459823802265
10151,X021120_007_3,46v,Positive,low,0.002056251419650543,1.6233885872901066
10151,X021120_007_3,46v,Positive,mid,0.005626812916479454,1.701415971528968
10151,X021120_007_3,46v,Positive,high,0.0014277934859625602,0.9578606070278092
10168,X021120_142_3,pu,Negative,low,-0.0005167673441679202,-0.656278059357613
10168,X021120_142_3,pu,Negative,mid,-0.0005109601473323496,-0.35275359519644206
10168,X021120_142_3,pu,Negative,high,-0.0006661325353474769,0.31941058960993224
10170,X021121_004_1,12r,Negative,low,-0.002741558750307933,-1.3909280601634757
10170,X021121_004_1,12r,Negative,mid,-0.0010634340805432507,-0.40463215312044976
10170,X021121_004_1,12r,Negative,high,-0.0018621410757990269,0.14456633052431486
10176,X021121_015_2,11ml,Positive,low,0.0010242857996226968,1.8951363315598144
10176,X021121_015_2,11ml,Positive,mid,0.0012094884616296712,0.9355918489839764
10176,X021121_015_2,11ml,Positive,high,0.0014484284944062868,0.20028490732953158
10182,X021121_038_3,13l,Positive,low,0.006200643015337508,1.7798392602433133
10182,X021121_038_3,13l,Positive,mid,0.0013839141016468465,0.15597457860020406
10182,X021121_038_3,13l,Positive,high,0.001974984646581887,0.9711882908411709
10183,X021121_040_2,13l,Positive,low,-0.0019364981904261699,-0.5484403098698825
10183,X021121_040_2,13l,Positive,mid,0.0017193753506111664,0.02327705629159481
10183,X021121_040_2,13l,Positive,high,0.0008978670825462093,0.7154529809257552
10193,X021121_063_4,13l,Positive,low,0.0013944277355004654,0.6965796921213162
10193,X021121_063_4,13l,Positive,mid,0.0033351352748791606,0.8037833476333017
10193,X021121_063_4,13l,Positive,high,0.002067070339732773,0.9555737681674481
10194,X021121_064_5,13m,Positive,low,0.0004431668783520444,-0.9277239532013131
10194,X021121_064_5,13m,Positive,mid,0.006658180274375235,0.3915301025550682
10194,X021121_064_5,13m,Positive,high,0.003246154491440807,0.32134865914543503
10210,X021121_118_1,AMG,Positive,low,0.0036685318951054915,-0.37207858403447314
10210,X021121_118_1,AMG,Positive,mid,0.004880184397675042,1.0692842447922601
10210,X021121_118_1,AMG,Positive,high,7.331469648319114e-05,0.10400968107429365
10213,X021121_138_1,AMG,Positive,low,-0.0007629938408905494,0.9218985851413993
10213,X021121_138_1,AMG,Positive,mid,-0.00010550656736244235,1.895342250830322
10213,X021121_138_1,AMG,Positive,high,0.0006482632678826679,1.0535789123192405
10214,X021121_145_3,cd,Positive,low,0.0009445468472158575,-0.4886122942838613
10214,X021121_145_3,cd,Positive,mid,0.0004979657500981634,-0.7299144381344219
10214,X021121_145_3,cd,Positive,high,0.0010687765850850676,-0.3534349126233014
10219,X021220_007_2,46v,Positive,low,0.0011619771384008466,0.6183692343488875
10219,X021220_007_2,46v,Positive,mid,0.0026105122381783574,1.2903633071322727
10219,X021220_007_2,46v,Positive,high,0.0017133124980673617,0.6852970624748561
10221,X021220_015_2,46v,Positive,low,0.0018916741504891859,1.3946869178441121
10221,X021220_015_2,46v,Positive,mid,9.58112212834155e-05,1.168313175687774
10221,X021220_015_2,46v,Positive,high,0.0004030628368934669,0.5742181839046383
10223,X021220_022_3,46v,Negative,low,0.0011585307757774916,-0.8655922170201573
10223,X021220_022_3,46v,Negative,mid,0.0012527601487144645,-0.6841662833404173
10223,X021220_022_3,46v,Negative,high,-0.0003573237824900366,-0.9000740343838087
10224,X021220_028_2,12l,Positive,low,-0.00037012817150414216,-0.8756087058395792
10224,X021220_028_2,12l,Positive,mid,-0.0005000994110397911,1.0779653459341079
10224,X021220_028_2,12l,Positive,high,0.0015663000103669524,2.004979012016449
10229,X021220_072_1,AI,Positive,low,-0.00019959214545521803,-0.1001976990980942
10229,X021220_072_1,AI,Positive,mid,0.002259511509055488,0.3176372540891833
10229,X021220_072_1,AI,Positive,high,0.0017346163853784594,-0.8073219706532165
10237,X021220_091_1,6VaVb,Negative,low,-0.0011493465051319938,-1.7428857643473366
10237,X021220_091_1,6VaVb,Negative,mid,0.0004676512298949299,-0.3952279374957977
10237,X021220_091_1,6VaVb,Negative,high,-0.00014422820936536767,-0.36592448044032905
10241,X021220_097_3,cd,Positive,low,0.0013118521188587482,0.7276783325103501
10241,X021220_097_3,cd,Positive,mid,0.0014672324550005374,1.1935682651740243
10241,X021220_097_3,cd,Positive,high,0.0005467068627800273,0.546628085410857
10242,X021220_101_1,6VaVb,Negative,low,-0.000472339527538009,-0.8304955470879344
10242,X021220_101_1,6VaVb,Negative,mid,-0.0019694144202191412,-0.4686706564942675
10242,X021220_101_1,6VaVb,Negative,high,-0.001254901967628039,-0.45856237905460273
10244,X021220_103_3,44,Positive,low,0.001978459660743577,1.9912823320687214
10244,X021220_103_3,44,Positive,mid,-3.356981381416466e-07,1.357676587098537
10244,X021220_103_3,44,Positive,high,0.001251719202734368,0.2617392738093758
10246,X021220_104_5,45,Negative,low,0.001070972386361872,-0.34574767572188536
10246,X021220_104_5,45,Negative,mid,-0.002154401318522755,-0.4666766752395934
10246,X021220_104_5,45,Negative,high,-0.0002707186771555378,-0.7332840964768373
10250,X021220_113_3,cd,Positive,low,0.0008293668331561846,-0.4462353796984833
10250,X021220_113_3,cd,Positive,mid,0.002969025142942393,0.4275449397611492
10250,X021220_113_3,cd,Positive,high,0.0024938281190968587,1.4870314526676933
10261,X021221_030_4,13l,Positive,low,0.0033910849702656525,0.5494804561259992
10261,X021221_030_4,13l,Positive,mid,0.003211294436951676,-0.15195726256195502
10261,X021221_030_4,13l,Positive,high,0.002139597899461805,0.20097593554510998
10264,X021221_047_3,12o,Positive,low,-0.0010243682576639881,-0.9251293455422569
10264,X021221_047_3,12o,Positive,mid,-0.0028145090858797766,0.0640867940311362
10264,X021221_047_3,12o,Positive,high,0.0017027892818513538,0.24700879418665386
10275,X021221_063_2,13l,Positive,low,0.006072629937302534,1.5860593623784642
10275,X021221_063_2,13l,Positive,mid,0.0013077122963049254,1.0772723942784324
10275,X021221_063_2,13l,Positive,high,0.003911057375002533,1.0903968948796516
10282,X021221_080_2,12o,Positive,low,-0.0006918522535915403,1.555904774717404
10282,X021221_080_2,12o,Positive,mid,0.001511029047562801,1.7828984818670792
10282,X021221_080_2,12o,Positive,high,0.0012527477573400442,1.4313578456888183
10285,X021221_093_3,AI,Negative,low,-0.0021268997781585556,0.12106843573504597
10285,X021221_093_3,AI,Negative,mid,-0.0015544334965645029,-0.2942423710437969
10285,X021221_093_3,AI,Negative,high,-0.0011005623926280863,-0.590588606584092
10287,X021221_109_4,cd,Positive,low,0.0003040491725362375,0.7313141993308183
10287,X021221_109_4,cd,Positive,mid,0.002807046847777289,2.615302118902
10287,X021221_109_4,cd,Positive,high,4.996862972306835e-05,0.8453668240649926
10293,X021221_135_3,cd,Positive,low,-0.0002687258991354528,-0.9335949025140106
10293,X021221_135_3,cd,Positive,mid,9.302087707032231e-05,-0.43730707801243107
10293,X021221_135_3,cd,Positive,high,0.0024246714755441112,1.079259998860851
10300,X021320_007_3,46v,Positive,low,0.0009544284247092804,-0.2177217699278486
10300,X021320_007_3,46v,Positive,mid,0.004135688722044923,1.7935021095622499
10300,X021320_007_3,46v,Positive,high,0.0024818888043258236,1.1576008564620566
10303,X021320_015_1,46v,Positive,low,0.002988654030372185,1.3550036640964858
10303,X021320_015_1,46v,Positive,mid,0.0035913624543923834,0.9674133390270347
10303,X021320_015_1,46v,Positive,high,0.0009623474681106114,0.8565466015192118
10305,X021320_027_3,12l,Negative,low,-0.0020795582318262197,-0.2462301567675679
10305,X021320_027_3,12l,Negative,mid,0.0021497699293358545,-0.3302644763243371
10305,X021320_027_3,12l,Negative,high,-0.001405203189581408,0.002202576305131279
10309,X021320_066_2,12l,Negative,low,-0.0005994891056313921,-0.3632027637306446
10309,X021320_066_2,12l,Negative,mid,-0.0003828387394199114,-0.3982886043493442
10309,X021320_066_2,12l,Negative,high,-2.5177234963493492e-05,-0.5627665459217128
10310,X021320_078_3,12o,Positive,low,0.00017087011256521222,-0.28572611895679634
10310,X021320_078_3,12o,Positive,mid,0.0019415661094515594,-0.026305411229864656
10310,X021320_078_3,12o,Positive,high,0.005386297090682597,2.5184009185683807
10311,X021320_081_2,AI,Negative,low,-0.0015023091544740484,-0.6148077890264512
10311,X021320_081_2,AI,Negative,mid,-0.003629563146814144,-0.3234524270225186
10311,X021320_081_2,AI,Negative,high,-0.0019140074927353008,-0.29458323835732125
10312,X021320_086_3,8B,Negative,low,0.0010092728806870488,0.6268451261352426
10312,X021320_086_3,8B,Negative,mid,-0.0014991064877286724,-0.25852849922461707
10312,X021320_086_3,8B,Negative,high,-0.0021128862793042655,-1.19910247552018
10313,X021320_088_5,cd,Positive,low,0.0018186252948493846,2.5562704117246553
10313,X021320_088_5,cd,Positive,mid,0.0027260735629080113,1.1449756383068377
10313,X021320_088_5,cd,Positive,high,0.001242447190201172,-0.14081811461320784
10315,X021320_091_3,6VaVb,Negative,low,0.0016341193099024401,-0.6747295672845672
10315,X021320_091_3,6VaVb,Negative,mid,0.0002178440787671882,-0.8022179791530263
10315,X021320_091_3,6VaVb,Negative,high,0.0002964724566532322,-0.4006135317802231
10319,X021320_101_3,6VaVb,Negative,low,0.003328578387430298,-0.46517769684906607
10319,X021320_101_3,6VaVb,Negative,mid,-0.00036144086448860904,-0.4126258575326117
10319,X021320_101_3,6VaVb,Negative,high,-0.0014465267720961507,-1.0146526114119467
10325,X021320_107_3,pu,Negative,low,-0.0005383951869362845,-0.6994666205145753
10325,X021320_107_3,pu,Negative,mid,-0.0004210033417097293,-1.0159705415144935
10325,X021320_107_3,pu,Negative,high,-0.0001803366777719635,-0.9764342963596351
10326,X021320_109_3,cd,Negative,low,0.0008523461237607351,2.0825761917253303
10326,X021320_109_3,cd,Negative,mid,0.0007089003506940874,0.3891434267051849
10326,X021320_109_3,cd,Negative,high,-0.0006727151695875023,-0.8479396324982857
10327,X021320_113_3,cd,Positive,low,0.0006230165634659329,0.04802041969489858
10327,X021320_113_3,cd,Positive,mid,0.003836103943972101,-0.2238778755469356
10327,X021320_113_3,cd,Positive,high,0.002949007160187292,1.3704229668402632
10340,X021420_037_3,12o,Negative,low,0.0011277292100828546,-0.35917450525889333
10340,X021420_037_3,12o,Negative,mid,-0.00363480286238107,-0.2896780355394928
10340,X021420_037_3,12o,Negative,high,-0.002682116501767028,-0.4390133880794766
10345,X021420_054_1,13m,Positive,low,-0.0017239890481529406,0.3106235199214305
10345,X021420_054_1,13m,Positive,mid,0.004364139682803578,1.3860091198105582
10345,X021420_054_1,13m,Positive,high,0.002583719209001834,0.9192235290062011
10346,X021420_057_3,12o,Negative,low,-0.0011844699404356751,-0.7375029830642497
10346,X021420_057_3,12o,Negative,mid,-0.002663631836279696,-0.5540347783989001
10346,X021420_057_3,12o,Negative,high,-0.0009798913537334172,-0.5719738475635859
10348,X021420_078_4,12o,Positive,low,0.003479276787499183,1.0312793373282125
10348,X021420_078_4,12o,Positive,mid,0.003362794359838938,1.943827312718612
10348,X021420_078_4,12o,Positive,high,0.0017118524127420409,0.6349704433201553
10349,X021420_078_5,12o,Positive,low,-0.0012086820206009376,-0.16889318979551363
10349,X021420_078_5,12o,Positive,mid,0.001503495626221805,-0.14104282384592662
10349,X021420_078_5,12o,Positive,high,0.006577603824493001,2.4070524023458386
10353,X021420_086_2,8B,Negative,low,-0.0032881498027672114,1.0372921303046336
10353,X021420_086_2,8B,Negative,mid,-0.00412884698535702,-0.3559537457154805
10353,X021420_086_2,8B,Negative,high,-0.0017299793203023556,-1.2203137055411315
10355,X021420_089_1,6VaVb,Positive,low,0.003281335069968635,1.3454638942456285
10355,X021420_089_1,6VaVb,Positive,mid,0.00201034811561691,1.4785140731965445
10355,X021420_089_1,6VaVb,Positive,high,0.001157605485244221,1.0038755508310189
10362,X021420_104_4,45,Positive,low,-0.002529602817835084,3.082050047976007
10362,X021420_104_4,45,Positive,mid,0.004133484926257642,0.9864896718217385
10362,X021420_104_4,45,Positive,high,0.0005978204922722736,0.08490913909600975
10369,X021420_157_3,cd,Negative,low,0.0012962597743190836,-0.8617274503900783
10369,X021420_157_3,cd,Negative,mid,-0.0020592658056172645,-0.6516762065101483
10369,X021420_157_3,cd,Negative,high,-0.0020282621355108246,0.0377956480965539
10378,X021721_021_2,11ml,Positive,low,0.008233230697671758,2.8695602023388305
10378,X021721_021_2,11ml,Positive,mid,0.0008548009313421933,-0.10079288388797687
10378,X021721_021_2,11ml,Positive,high,0.00044528493922029355,-0.3378331279149666
10380,X021721_034_4,13m,Negative,low,-0.004527882334645473,-0.7010320792309382
10380,X021721_034_4,13m,Negative,mid,-0.003256567238282581,-0.6868687678057198
10380,X021721_034_4,13m,Negative,high,-0.0012334598159250549,-0.2914338749787885
10381,X021721_038_3,13l,Positive,low,-0.004936985769397786,1.4336965248304823
10381,X021721_038_3,13l,Positive,mid,0.00388841012691071,1.2947058620329592
10381,X021721_038_3,13l,Positive,high,0.0028205950085141212,0.025311191617425982
10382,X021721_039_2,13l,Positive,low,-0.0005326194248623355,-0.03843585290975509
10382,X021721_039_2,13l,Positive,mid,0.0028144948112746337,1.5339985047180373
10382,X021721_039_2,13l,Positive,high,0.0010432159339037108,1.126206268585859
10388,X021721_054_1,13m,Positive,low,0.0010559802385535252,0.9489981095800905
10388,X021721_054_1,13m,Positive,mid,0.0010455759523881737,0.44270245318987506
10388,X021721_054_1,13m,Positive,high,0.0010507440635409233,0.5701331050982064
10396,X021721_070_4,AI,Negative,low,-0.0020113186074876437,-0.45509459248770295
10396,X021721_070_4,AI,Negative,mid,0.0012969094179789793,-0.1310390017920107
10396,X021721_070_4,AI,Negative,high,-0.0015735007010894897,-0.646245956172959
10400,X021721_098_1,pu,Positive,low,-0.0010711887589399207,-0.029259527464336816
10400,X021721_098_1,pu,Positive,mid,-0.0009892574297263432,0.59296256381324
10400,X021721_098_1,pu,Positive,high,0.0015266334259856867,0.6745988234704029
10402,X021721_103_7,AI,Negative,low,0.00042348177459098697,-0.6017974399823615
10402,X021721_103_7,AI,Negative,mid,-0.0023114206565735956,0.026125964389404222
10402,X021721_103_7,AI,Negative,high,-0.000931072481451539,-0.41712043245792535
10403,X021721_108_4,pu,Negative,low,-0.0034607815850120354,-0.6876465555825914
10403,X021721_108_4,pu,Negative,mid,0.0019455298025298363,0.061901937560612234
10403,X021721_108_4,pu,Negative,high,-0.0023039169712551523,-0.648242423368793
10404,X021721_109_3,cd,Positive,low,-0.0004325391673991119,0.6557072164644232
10404,X021721_109_3,cd,Positive,mid,0.0020508554395208905,2.0103779497638516
10404,X021721_109_3,cd,Positive,high,-0.0007412765710220913,1.1131556372277551
10405,X021721_109_4,cd,Positive,low,-0.00042126912060451134,1.7873025335519168
10405,X021721_109_4,cd,Positive,mid,0.000274131478227538,-0.02845760382450001
10405,X021721_109_4,cd,Positive,high,0.0016181056486365896,0.13811773298394064
10408,X021721_120_3,AMG,Positive,low,0.005019602446866597,1.2580862111799782
10408,X021721_120_3,AMG,Positive,mid,0.0027405389200501735,0.5246824613693302
10408,X021721_120_3,AMG,Positive,high,0.001986228414747557,0.10901034655674716
10412,X021721_135_3,cd,Positive,low,0.001021240513352921,-0.6989005295123303
10412,X021721_135_3,cd,Positive,mid,0.0014612152996476885,0.4268347069815951
10412,X021721_135_3,cd,Positive,high,0.0018642010061008295,0.7217396132884987
10421,X021820_018_3,12m,Positive,low,0.005256027922492727,0.9287399177295396
10421,X021820_018_3,12m,Positive,mid,0.0013512063807781319,-0.36674571932905964
10421,X021820_018_3,12m,Positive,high,-0.00021320738771406453,0.17347724256584166
10429,X021820_079_1,12o,Positive,low,-0.003770507182319537,0.7580591645004606
10429,X021820_079_1,12o,Positive,mid,-0.0006995359147596988,-0.04841731561101065
10429,X021820_079_1,12o,Positive,high,0.0028446109581483988,0.70750765118295
10431,X021820_086_4,8B,Negative,low,-0.0014866120411108803,0.2714261009488425
10431,X021820_086_4,8B,Negative,mid,-0.001115670170195347,-0.84495040321299
10431,X021820_086_4,8B,Negative,high,-9.970883667215566e-05,-0.7239745884836216
10437,X021820_097_3,cd,Positive,low,-0.003409292829216179,0.18379967276335457
10437,X021820_097_3,cd,Positive,mid,-0.0013806439784604968,1.4477233553488125
10437,X021820_097_3,cd,Positive,high,0.0036568229648756704,1.7529567113136888
10439,X021820_101_3,6VaVb,Negative,low,-0.003696748880387013,0.12343634989968007
10439,X021820_101_3,6VaVb,Negative,mid,-0.0018380772282670832,-0.06194527850280238
10439,X021820_101_3,6VaVb,Negative,high,-0.0021232497059493686,0.5027940429325995
10443,X021820_104_4,45,Positive,low,-0.0027914477541270363,2.651189773332656
10443,X021820_104_4,45,Positive,mid,0.0014745791917042247,0.9237840380922531
10443,X021820_104_4,45,Positive,high,0.0009105169332838168,-0.3025816034472558
10445,X021820_107_3,pu,Negative,low,-0.0025449617056440745,-1.3370349529972563
10445,X021820_107_3,pu,Negative,mid,0.00012006587616077472,-1.3780662625680946
10445,X021820_107_3,pu,Negative,high,-0.0005248971031699008,-1.4151572112037418
10448,X021820_142_3,pu,Negative,low,0.0014277762550210919,0.2451277337937357
10448,X021820_142_3,pu,Negative,mid,-0.0012468635094963927,-0.09238241731282944
10448,X021820_142_3,pu,Negative,high,-0.0008903991251634936,-0.36334138263277516
10454,X021821_015_3,11ml,Positive,low,0.004872748043651656,1.453561742078767
10454,X021821_015_3,11ml,Positive,mid,-0.0013612926017046085,-0.25479038821195504
10454,X021821_015_3,11ml,Positive,high,0.0008551796909837588,1.4055436877363334
10456,X021821_020_6,12m,Positive,low,0.0019232903644935035,0.9562770854201348
10456,X021821_020_6,12m,Positive,mid,0.0009810304780424035,-0.4320565426746188
10456,X021821_020_6,12m,Positive,high,0.0010564831621656602,0.2805368127119255
10458,X021821_028_5,12l,Positive,low,0.008665323131397291,1.8379653565362468
10458,X021821_028_5,12l,Positive,mid,0.003663773208186395,1.0730995524840463
10458,X021821_028_5,12l,Positive,high,0.0013162615596553043,0.4344836628271194
10462,X021821_047_5,12o,Positive,low,-0.0022649768281510227,0.3200760072906085
10462,X021821_047_5,12o,Positive,mid,0.0015233355135737066,0.08203391666321112
10462,X021821_047_5,12o,Positive,high,0.0002376122929803189,0.19701277703952746
10473,X021821_064_2,13m,Positive,low,-0.0004225498401527393,-0.605138556535097
10473,X021821_064_2,13m,Positive,mid,0.00020798374840154561,-0.16680655378103817
10473,X021821_064_2,13m,Positive,high,0.002608918970488166,1.0611151918992028
10476,X021821_070_3,AI,Negative,low,-0.001124045841034901,-0.02424215833143565
10476,X021821_070_3,AI,Negative,mid,-0.0021290978236686723,-0.7325138381518463
10476,X021821_070_3,AI,Negative,high,-0.0008060680450999666,-0.33035344936060346
10483,X021821_097_1,pu,Negative,low,-0.0026734109218604068,-0.6397689849621742
10483,X021821_097_1,pu,Negative,mid,-0.0028679211008601933,-0.3758425221963632
10483,X021821_097_1,pu,Negative,high,0.0005989006961928771,-0.4654506105749857
10484,X021821_098_1,pu,Positive,low,-0.00242905803707833,0.75563343609536
10484,X021821_098_1,pu,Positive,mid,-0.001064811427669241,1.9565645439454205
10484,X021821_098_1,pu,Positive,high,0.0012133326651694806,1.7346896046211637
10487,X021821_110_3,pu,Positive,low,0.0016970273336991027,1.0406449566379858
10487,X021821_110_3,pu,Positive,mid,0.001327318628051962,0.038997065519004406
10487,X021821_110_3,pu,Positive,high,0.0018389746129825735,-0.28482974774892617
10489,X021821_128_4,AMG,Negative,low,-0.003347296854103478,-0.9788205895678275
10489,X021821_128_4,AMG,Negative,mid,-0.0017106896964326813,-0.43048316953446525
10489,X021821_128_4,AMG,Negative,high,-0.0014481853955777562,-0.6878778736871015
10490,X021821_128_6,AMG,Negative,low,-0.003505039469393106,-0.16580219506716104
10490,X021821_128_6,AMG,Negative,mid,0.0003757605462888815,-0.5648711366644215
10490,X021821_128_6,AMG,Negative,high,-6.670150475433652e-05,-0.42639046421463594
10491,X021821_128_8,AMG,Positive,low,0.005897023515970527,1.9903794189778694
10491,X021821_128_8,AMG,Positive,mid,0.0012922844152795107,-0.28244745694869855
10491,X021821_128_8,AMG,Positive,high,0.0017720519169091274,0.05858108274384515
10496,X021920_011_3,12m,Positive,low,0.0015375297532592193,0.34702864791564536
10496,X021920_011_3,12m,Positive,mid,0.0008448866300576961,0.6318494915972291
10496,X021920_011_3,12m,Positive,high,0.0023571056248495037,0.38566890710785817
10498,X021920_014_3,46v,Positive,low,-0.0006784043889662325,1.851613629652736
10498,X021920_014_3,46v,Positive,mid,0.003662124678016143,0.9765397421155627
10498,X021920_014_3,46v,Positive,high,0.0022001762703934154,1.0401107726398602
10502,X021920_019_2,12m,Positive,low,0.0007149890514958542,-0.3456275511868418
10502,X021920_019_2,12m,Positive,mid,-0.001475448534774426,1.6158209453009924
10502,X021920_019_2,12m,Positive,high,0.0011435163645960964,1.271356771769817
10504,X021920_025_3,11ml,Positive,low,0.0012730160123756902,-1.436463020109694
10504,X021920_025_3,11ml,Positive,mid,-0.0018324043907743226,-0.09275602872778635
10504,X021920_025_3,11ml,Positive,high,0.0007133390362321438,0.14201727952884075
10515,X021920_086_3,8B,Negative,low,0.0005563035195356382,0.02967049988252444
10515,X021920_086_3,8B,Negative,mid,-0.0024799661031390083,-1.203965219601248
10515,X021920_086_3,8B,Negative,high,-0.0013221261455361895,-1.1565069553756873
10516,X021920_086_5,8B,Negative,low,-0.0011080740337653181,-0.7388109640154783
10516,X021920_086_5,8B,Negative,mid,-0.0015404148935150247,-0.6517868528619855
10516,X021920_086_5,8B,Negative,high,-0.0011571367120638818,-0.6643135966407677
10517,X021920_091_3,6VaVb,Negative,low,-0.00390888269651635,0.7099813243750787
10517,X021920_091_3,6VaVb,Negative,mid,0.0003947519604680918,0.05814785504180585
10517,X021920_091_3,6VaVb,Negative,high,-0.001634400726189558,-0.09965948142597883
10521,X021920_101_3,6VaVb,Negative,low,-0.0007706159799752913,-0.3271952071939959
10521,X021920_101_3,6VaVb,Negative,mid,-0.0022533910106329645,0.31424901974086983
10521,X021920_101_3,6VaVb,Negative,high,-0.002269411406650741,0.4938643631014834
10522,X021920_101_4,6VaVb,Negative,low,-0.00575690742494913,0.8420597809845715
10522,X021920_101_4,6VaVb,Negative,mid,-0.0016789967610169483,-0.09492355616400623
10522,X021920_101_4,6VaVb,Negative,high,-0.0030039713637940602,-0.04744437779106212
10525,X021920_103_4,44,Positive,low,0.0006234132301047743,-0.19446457810498488
10525,X021920_103_4,44,Positive,mid,0.0039805215082931835,-0.12828793481380496
10525,X021920_103_4,44,Positive,high,4.0055052300906446e-05,-0.1993640992743875
10531,X021920_113_3,cd,Negative,low,-0.0030668695000273375,-0.042111520298265426
10531,X021920_113_3,cd,Negative,mid,-0.002777900646998737,-0.4527280580185291
10531,X021920_113_3,cd,Negative,high,-0.0025005708201126645,-0.08148548542618746
10551,X021921_070_6,AI,Negative,low,-0.00458369161799191,1.2321508193358364
10551,X021921_070_6,AI,Negative,mid,0.0003862366993681552,-1.1304702359110663
10551,X021921_070_6,AI,Negative,high,-0.0021618665604587846,-0.5080843696931684
10556,X021921_099_2,cd,Negative,low,0.00043388303794508184,-0.8206497755726047
10556,X021921_099_2,cd,Negative,mid,-1.29981557848201e-06,-0.7027552414580114
10556,X021921_099_2,cd,Negative,high,-0.00015297596783093098,-0.706758617164688
10564,X021921_119_5,AMG,Positive,low,0.0033969487424730894,1.5601218179203011
10564,X021921_119_5,AMG,Positive,mid,0.0021195409576934493,-0.0803857344411315
10564,X021921_119_5,AMG,Positive,high,0.0033557270036430865,0.05151261201718776
10565,X021921_120_2,AMG,Positive,low,0.004794592203677688,1.1821676061756772
10565,X021921_120_2,AMG,Positive,mid,0.002959431396906567,0.2885316224736216
10565,X021921_120_2,AMG,Positive,high,0.002282559189620423,0.15333020130905342
10566,X021921_128_1,AMG,Positive,low,0.0009276364590538988,2.2166881898476953
10566,X021921_128_1,AMG,Positive,mid,0.001066146810928184,-0.26658778103052394
10566,X021921_128_1,AMG,Positive,high,0.0025819130314261,0.3837487907279163
10567,X021921_128_5,AMG,Negative,low,-0.003310733000948379,-0.8772223798493032
10567,X021921_128_5,AMG,Negative,mid,-0.0009845820341300455,-0.9513362619356437
10567,X021921_128_5,AMG,Negative,high,-0.0010994270872242023,-0.6524238867837062
10568,X021921_128_6,AMG,Negative,low,-0.0016074372149152535,-0.21273031419750532
10568,X021921_128_6,AMG,Negative,mid,-0.001844813624912229,-0.6336760190431766
10568,X021921_128_6,AMG,Negative,high,-0.0013295206027653468,-0.5077373052827321
10574,X021921_143_1,AMG,Positive,low,0.0061399679635134015,3.4866137363748027
10574,X021921_143_1,AMG,Positive,mid,-8.939567992845205e-06,-0.22609376833431682
10574,X021921_143_1,AMG,Positive,high,0.00024182969497918476,-0.27217321370584197
10583,X022321_038_4,13l,Positive,low,-0.001096424769442311,0.15008160968473067
10583,X022321_038_4,13l,Positive,mid,0.0032012459246543745,2.15612350381948
10583,X022321_038_4,13l,Positive,high,0.0028177474889909534,1.1538582348032722
10590,X022321_060_3,AI,Positive,low,0.004582905219843887,-0.003375474190007827
10590,X022321_060_3,AI,Positive,mid,-0.0006082122589440376,-0.993397026175568
10590,X022321_060_3,AI,Positive,high,0.0017618642686140407,0.13066827096726852
10594,X022321_092_4,AI,Negative,low,-0.001752762325475554,-0.38878070466381537
10594,X022321_092_4,AI,Negative,mid,-0.0002534174777395184,-0.6372681484494154
10594,X022321_092_4,AI,Negative,high,-0.0021016556837642484,0.7767775439899012
10595,X022321_093_6,AI,Negative,low,-0.0005591073410147092,0.43770586851110277
10595,X022321_093_6,AI,Negative,mid,-0.0013667438591677499,-0.26655545808741365
10595,X022321_093_6,AI,Negative,high,-0.000277164820512379,-0.690828358224545
10599,X022321_128_4,AMG,Negative,low,-0.0005787988347116367,-1.0584086805284518
10599,X022321_128_4,AMG,Negative,mid,0.0003587001716681205,-1.2930474450901621
10599,X022321_128_4,AMG,Negative,high,-0.0002888966072601451,-0.691701374365367
10600,X022321_128_5,AMG,Negative,low,-0.0027897201080373728,-0.7995637762801917
10600,X022321_128_5,AMG,Negative,mid,-0.0006545181136170925,-0.8406769630813757
10600,X022321_128_5,AMG,Negative,high,-0.0009977613322943763,-0.804689737058519
10601,X022321_128_7,AMG,Positive,low,-0.004210036971175118,1.9835785288183938
10601,X022321_128_7,AMG,Positive,mid,0.0007109894856102829,0.7492796865581672
10601,X022321_128_7,AMG,Positive,high,0.002279045328575378,0.42638341752973424
10602,X022321_138_4,AMG,Negative,low,0.0008257222006468026,-0.8726028540356088
10602,X022321_138_4,AMG,Negative,mid,-0.004943590024407804,-0.01058048042491971
10602,X022321_138_4,AMG,Negative,high,-0.0021935878551867473,0.07363662606208064
10617,X022421_064_2,13m,Positive,low,0.0008549011350070102,2.902450485951492
10617,X022421_064_2,13m,Positive,mid,0.002290820343596092,0.30014013301953246
10617,X022421_064_2,13m,Positive,high,0.0013999228976310971,-0.24694408659992534
10626,X022421_093_6,AI,Negative,low,-0.0012214210608889767,-0.21735518799370082
10626,X022421_093_6,AI,Negative,mid,0.00026880582947872144,-0.3974676420307794
10626,X022421_093_6,AI,Negative,high,-0.0005289083318440061,-0.43532275562228856
10630,X022421_109_5,cd,Negative,low,4.596695688017e-05,0.8936760891197921
10630,X022421_109_5,cd,Negative,mid,-0.0010119999792965156,1.1015530460190257
10630,X022421_109_5,cd,Negative,high,-0.0025920815151755415,0.6798995884674633
10637,X022421_145_4,cd,Negative,low,0.0006694426828969226,-0.9270117153257083
10637,X022421_145_4,cd,Negative,mid,-0.0008212648559333658,-0.9132439864306601
10637,X022421_145_4,cd,Negative,high,-0.00035170181988766964,-1.0388198429455178
10639,X022521_004_2,12r,Positive,low,-0.0030385917378549657,2.3274732139860332
10639,X022521_004_2,12r,Positive,mid,-0.0006946202935090768,0.8797055035085726
10639,X022521_004_2,12r,Positive,high,0.0014910868712913687,1.0687819201616995
10644,X022521_029_2,12m,Negative,low,0.00221248057818682,-1.2979388320276175
10644,X022521_029_2,12m,Negative,mid,-0.00014737548303855066,-0.25751958701398514
10644,X022521_029_2,12m,Negative,high,-0.0010270365294673268,-0.360996041478643
10647,X022521_042_3,13l,Positive,low,5.743266485578737e-05,2.1140269797330973
10647,X022521_042_3,13l,Positive,mid,0.0008429419106071386,0.17198806917511808
10647,X022521_042_3,13l,Positive,high,0.001415948838163759,0.030295376223860658
10669,X022521_093_3,AI,Negative,low,-0.0015871222621101646,0.7100321119953374
10669,X022521_093_3,AI,Negative,mid,-0.002504365016710171,0.26681618990698913
10669,X022521_093_3,AI,Negative,high,-0.0005137732771069502,-0.5091485267074255
10673,X022521_109_2,cd,Negative,low,-0.001029765273762314,-0.11531695640725727
10673,X022521_109_2,cd,Negative,mid,-0.003781144687304149,-0.8572789203588554
10673,X022521_109_2,cd,Negative,high,-0.001547377161428521,-0.7966321729958064
10674,X022521_109_5,cd,Negative,low,-0.0032805092386151637,1.5911880647492427
10674,X022521_109_5,cd,Negative,mid,-0.0017195160665940208,-1.429378649656864
10674,X022521_109_5,cd,Negative,high,-0.001817104554446802,-0.6056328857086674
10681,X022521_138_5,AMG,Positive,low,0.0011417115378822215,-0.791391159237336
10681,X022521_138_5,AMG,Positive,mid,0.00063582018918835,1.699683458257634
10681,X022521_138_5,AMG,Positive,high,0.0003782035785616491,1.6298685330717813
10686,X022620_014_3,46v,Positive,low,0.0002718974243960374,0.7112477153211137
10686,X022620_014_3,46v,Positive,mid,0.0013803267336066727,0.8943367138560768
10686,X022620_014_3,46v,Positive,high,0.0021222133339484314,1.022406640643883
10688,X022620_016_4,46df,Negative,low,-0.0047612008468365784,0.4061420403898209
10688,X022620_016_4,46df,Negative,mid,1.1366247509387478e-05,0.341832722405308
10688,X022620_016_4,46df,Negative,high,-0.0018329949124184642,-0.16698992309182226
10690,X022620_024_3,46v,Negative,low,-0.0013815448702552973,-0.6691820975245842
10690,X022620_024_3,46v,Negative,mid,-0.0029138736736884284,-0.9457945065389227
10690,X022620_024_3,46v,Negative,high,0.0008753680472378885,-0.7482299861961514
10696,X022620_063_1,AI,Positive,low,0.005506073072348277,-0.09159797958459413
10696,X022620_063_1,AI,Positive,mid,0.0050942233362667256,0.32279031449299733
10696,X022620_063_1,AI,Positive,high,0.0038203146392862108,0.3417078710584196
10701,X022620_080_5,AI,Positive,low,0.0029815120654891063,0.2902127698378811
10701,X022620_080_5,AI,Positive,mid,0.003260570624681123,0.11094554621236594
10701,X022620_080_5,AI,Positive,high,0.0016557480157490094,-0.12794594968618367
10705,X022620_085_7,cd,Positive,low,-0.0016079037675173816,-0.5818635531516743
10705,X022620_085_7,cd,Positive,mid,-0.0006856411560117883,0.1646418707776883
10705,X022620_085_7,cd,Positive,high,0.0012188280638781568,0.609287126463979
10709,X022620_101_3,6VaVb,Negative,low,-0.004084353328871383,0.10156965380094438
10709,X022620_101_3,6VaVb,Negative,mid,-0.001230340723634717,-0.7294865163080332
10709,X022620_101_3,6VaVb,Negative,high,-0.0020285813465375693,-0.6848736839867142
10710,X022620_101_4,6VaVb,Negative,low,-0.004713244407916077,0.5395016746772546
10710,X022620_101_4,6VaVb,Negative,mid,-0.0028425354893472157,-0.32005699086134726
10710,X022620_101_4,6VaVb,Negative,high,-0.002144554809883639,-0.09909144813038359
10712,X022620_103_5,44,Negative,low,-0.0006163222144036157,-0.44855174159758204
10712,X022620_103_5,44,Negative,mid,-0.0021447109529884444,0.5737120268580514
10712,X022620_103_5,44,Negative,high,-0.0016661052926550055,-0.09632074628765722
10713,X022620_103_6,44,Negative,low,-0.000356646425595653,-0.883836534698672
10713,X022620_103_6,44,Negative,mid,-0.001085024779937787,-0.7856781674105792
10713,X022620_103_6,44,Negative,high,-0.0007856770868706689,-0.8369997587061166
10725,X022621_012_4,12m,Negative,low,-0.005719686079053055,-0.2183602601351734
10725,X022621_012_4,12m,Negative,mid,0.001656083540318272,-0.7679609255198879
10725,X022621_012_4,12m,Negative,high,-0.001317525302533527,-0.5871287607300225
10730,X022621_015_2,11ml,Negative,low,-0.0040981086314686365,-1.0102740153360386
10730,X022621_015_2,11ml,Negative,mid,-0.00222399717668041,-0.7375799534825326
10730,X022621_015_2,11ml,Negative,high,-0.0034055471249079855,-0.4798121945563504
10735,X022621_031_3,13l,Positive,low,0.0009546556219026706,1.535361339665094
10735,X022621_031_3,13l,Positive,mid,0.0011371937564339,1.0274560630023974
10735,X022621_031_3,13l,Positive,high,0.0024576371506134687,0.8251341223320032
10750,X022621_057_4,12o,Positive,low,0.0007718562171634241,-0.57076501152083
10750,X022621_057_4,12o,Positive,mid,0.001020864111514774,0.17354826632362771
10750,X022621_057_4,12o,Positive,high,0.006093681731934306,2.0729401704797925
10757,X022621_065_2,13m,Positive,low,0.005135698569066326,0.281607936826781
10757,X022621_065_2,13m,Positive,mid,0.004138569412679341,0.12275490869447192
10757,X022621_065_2,13m,Positive,high,0.0033927452462863654,0.618736091608068
10762,X022621_073_6,AI,Negative,low,-0.0014296933770570409,-0.5487165282447102
10762,X022621_073_6,AI,Negative,mid,8.780064266009225e-05,-0.70843485781238
10762,X022621_073_6,AI,Negative,high,-0.0006739714771690221,-0.7241258938578322
10763,X022621_079_2,12o,Positive,low,0.002060298061721351,0.2173178253653529
10763,X022621_079_2,12o,Positive,mid,0.0011095070588385812,1.3930266224802432
10763,X022621_079_2,12o,Positive,high,0.0006181747711369842,0.43810778780655935
10765,X022621_098_3,pu,Negative,low,0.0016372972606490445,-0.6765438717930964
10765,X022621_098_3,pu,Negative,mid,0.0006432107298346048,-1.1473851099783887
10765,X022621_098_3,pu,Negative,high,-0.0013819161994255051,1.0133412545810325
10768,X022621_109_6,cd,Negative,low,-0.0036408032678136477,-0.16145721948612637
10768,X022621_109_6,cd,Negative,mid,-0.0016888496343746495,-0.396717547732692
10768,X022621_109_6,cd,Negative,high,-0.002664289039418535,-0.7282529518865076
10770,X022621_118_2,AMG,Negative,low,-0.0032955634073049338,1.3373861155409161
10770,X022621_118_2,AMG,Negative,mid,-0.003659656367695531,0.8674058140388778
10770,X022621_118_2,AMG,Negative,high,-0.0009646621453886667,-0.27904827905835866
10772,X022621_122_5,pu,Negative,low,-0.0037918516694960265,-0.21341706622126955
10772,X022621_122_5,pu,Negative,mid,-0.004365739559747326,0.3119271497634207
10772,X022621_122_5,pu,Negative,high,-0.0034002926865045794,0.8305492574022075
10778,X022720_014_2,46v,Positive,low,0.0013430373917769909,-0.21412024700304436
10778,X022720_014_2,46v,Positive,mid,0.002221309831115146,0.9513385953563157
10778,X022720_014_2,46v,Positive,high,0.0024140313892498768,2.074829904192101
10782,X022720_016_5,46df,Negative,low,0.0005670421926982818,0.8543408575208978
10782,X022720_016_5,46df,Negative,mid,0.0003966037747830025,0.0053582202589694105
10782,X022720_016_5,46df,Negative,high,-0.0016752980350907506,0.045146213033724306
10790,X022720_055_3,12l,Negative,low,-0.0022717634898169544,-1.413569517791606
10790,X022720_055_3,12l,Negative,mid,-0.0011886056550847734,-0.9521997002838257
10790,X022720_055_3,12l,Negative,high,-0.0009192802004149606,-0.9324099367946238
10793,X022720_066_2,12l,Positive,low,0.0030229961223998646,1.5819637924184815
10793,X022720_066_2,12l,Positive,mid,0.002427012423927114,0.19258206769802333
10793,X022720_066_2,12l,Positive,high,0.0020018366878339603,-0.08883526959552773
10796,X022720_079_3,12o,Negative,low,-0.002519867856839368,-0.4542779488478959
10796,X022720_079_3,12o,Negative,mid,-0.002665221453378146,-1.181731945535977
10796,X022720_079_3,12o,Negative,high,-0.002225183344208051,-1.2257723332740702
10797,X022720_079_4,12o,Negative,low,-0.00037517705837677995,0.18458155784256192
10797,X022720_079_4,12o,Negative,mid,-0.001235047926881572,-0.7961237939840149
10797,X022720_079_4,12o,Negative,high,-0.0005874468027023457,-1.3302338653911965
10802,X022720_097_3,cd,Positive,low,0.00027449329851658315,0.2671052906177969
10802,X022720_097_3,cd,Positive,mid,0.001583649798500846,0.9457627885625116
10802,X022720_097_3,cd,Positive,high,0.00195851154578093,1.415535120916446
10809,X030121_029_3,12m,Positive,low,0.001219707716273334,0.7417451739940752
10809,X030121_029_3,12m,Positive,mid,0.003978484304700043,0.24375017219951017
10809,X030121_029_3,12m,Positive,high,0.0012200619732593168,-0.2536775461625085
10812,X030121_044_3,13m,Negative,low,-0.004006520427152513,0.7768167341798203
10812,X030121_044_3,13m,Negative,mid,-0.001969054911310702,0.33723042215439125
10812,X030121_044_3,13m,Negative,high,-0.0005030793183753408,-0.09649369456909307
10816,X030121_048_5,12o,Negative,low,-0.00034087140134073823,-0.8702999211587445
10816,X030121_048_5,12o,Negative,mid,0.00033389700828138734,-0.38042808506430936
10816,X030121_048_5,12o,Negative,high,-0.0010360147705279026,0.341215441726534
10826,X030121_073_3,AI,Negative,low,-0.00042201718816004696,-0.7101834893548945
10826,X030121_073_3,AI,Negative,mid,-0.0008212758461801894,-0.6172131881700479
10826,X030121_073_3,AI,Negative,high,-0.0010425149448974897,-0.6795304561910931
10828,X030121_080_5,12o,Negative,low,0.0003002807239775229,-0.9946635198870832
10828,X030121_080_5,12o,Negative,mid,-0.0009752547392305405,-0.821262318114076
10828,X030121_080_5,12o,Negative,high,-0.0014809840022882111,-0.09242992121811504
10831,X030121_093_4,AI,Negative,low,-0.0023134358655141967,-0.46979122121021083
10831,X030121_093_4,AI,Negative,mid,-0.0016051732718836331,-0.42764427178400743
10831,X030121_093_4,AI,Negative,high,-0.0012876815397063518,-0.6430551562700018
10834,X030121_100_1,cd,Positive,low,0.00481224630959515,-0.784203937129209
10834,X030121_100_1,cd,Positive,mid,0.0038668221380499025,0.23082213618168096
10834,X030121_100_1,cd,Positive,high,0.0030161335174380527,-0.017399142920206178
10836,X030121_109_1,cd,Negative,low,-0.0016354089507837517,-0.25365891475803815
10836,X030121_109_1,cd,Negative,mid,-0.003101583543980372,-0.7708778360582726
10836,X030121_109_1,cd,Negative,high,-0.0012055801556906409,-0.5938129625897219
10842,X030121_130_3,AMG,Positive,low,0.004088148488010264,0.5520265549111386
10842,X030121_130_3,AMG,Positive,mid,0.004658263066180125,0.43964110003188084
10842,X030121_130_3,AMG,Positive,high,0.002235678387360896,-0.025884052849030503
10849,X030220_018_5,12m,Positive,low,0.0012641845394011726,-0.6952760894217229
10849,X030220_018_5,12m,Positive,mid,0.0009070238895346929,-0.06089776189852128
10849,X030220_018_5,12m,Positive,high,0.0019168526207341966,0.6497876691762141
10854,X030220_029_4,12m,Positive,low,0.004247423102796935,0.27621706978599236
10854,X030220_029_4,12m,Positive,mid,0.0027418187494698478,-0.46516315058337065
10854,X030220_029_4,12m,Positive,high,0.0019237277143810164,0.7677576615290713
10855,X030220_036_2,12o,Negative,low,-0.0017787797381163641,0.28093443823646685
10855,X030220_036_2,12o,Negative,mid,-0.002076393780379307,0.18674804648975632
10855,X030220_036_2,12o,Negative,high,-0.0014425277234245471,0.10638595316056418
10859,X030220_046_3,12o,Positive,low,-0.00028439021229929325,-0.7023958794657565
10859,X030220_046_3,12o,Positive,mid,0.0071512394819607085,0.043093159921634275
10859,X030220_046_3,12o,Positive,high,0.001212848347491999,0.5329223014396878
10863,X030220_057_5,12o,Negative,low,-0.0005007394560068202,-0.8714553690104809
10863,X030220_057_5,12o,Negative,mid,-0.0014332962709392414,-0.7470054977764058
10863,X030220_057_5,12o,Negative,high,-0.00025974582610246565,-1.2760403773153879
10864,X030220_077_3,12l,Negative,low,-0.00033359904447541317,-1.056178488122445
10864,X030220_077_3,12l,Negative,mid,-5.2147365711084145e-05,-1.0261736825579613
10864,X030220_077_3,12l,Negative,high,-0.000826465474978167,0.29527021268887843
10865,X030220_078_2,12o,Negative,low,-0.003045327772436378,-0.16764577424321045
10865,X030220_078_2,12o,Negative,mid,0.0012150853489406041,0.6392597015152559
10865,X030220_078_2,12o,Negative,high,-0.0039169892813064105,0.8405133984969796
10869,X030220_089_3,6VaVb,Negative,low,-0.0008937775836269404,-0.6302100076075153
10869,X030220_089_3,6VaVb,Negative,mid,-0.0009420725450662442,-0.737959262454718
10869,X030220_089_3,6VaVb,Negative,high,-0.0006151538970426262,-1.00095257792814
10870,X030220_091_3,6VaVb,Positive,low,-0.007578443333064619,-0.22724839551265844
10870,X030220_091_3,6VaVb,Positive,mid,-0.001316231450303515,0.8756874240987148
10870,X030220_091_3,6VaVb,Positive,high,0.002364140516466596,0.5136095938298343
10876,X030220_104_4,45,Positive,low,-0.001270390497063525,0.05592495155851581
10876,X030220_104_4,45,Positive,mid,-0.00012336064612798227,1.6517837017359283
10876,X030220_104_4,45,Positive,high,0.002975590891555108,-0.08292396207295123
10877,X030220_107_3,pu,Positive,low,-0.001547773935716203,1.5327766346009122
10877,X030220_107_3,pu,Positive,mid,-0.00019944390816556575,2.25913109914237
10877,X030220_107_3,pu,Positive,high,0.0013014441908591032,1.363254838100884
10884,X030221_024_4,11ml,Negative,low,-0.0022984376392576784,-0.32130261723373627
10884,X030221_024_4,11ml,Negative,mid,-0.0011240208582476588,-0.4780413703783764
10884,X030221_024_4,11ml,Negative,high,-0.0017779477456969586,0.08785978381798219
10886,X030221_029_4,12m,Positive,low,0.0024161497273132815,-0.34591955688709203
10886,X030221_029_4,12m,Positive,mid,0.0006435850893345498,-0.4143653302449584
10886,X030221_029_4,12m,Positive,high,0.0019246448712235311,-0.39994225102111064
10888,X030221_031_6,13l,Positive,low,0.0024272520487212588,1.230405006303565
10888,X030221_031_6,13l,Positive,mid,0.0018933965746209779,0.9234794600186451
10888,X030221_031_6,13l,Positive,high,0.0025540391786331527,1.1129965237690487
10896,X030221_049_4,13l,Negative,low,0.00109029181330424,-0.6443927273550962
10896,X030221_049_4,13l,Negative,mid,-0.0014088613036304062,0.13508070213487758
10896,X030221_049_4,13l,Negative,high,-0.0004380743338948645,-0.7002889829844285
10908,X030221_080_2,12o,Negative,low,-0.0026188824216504783,0.1169093809061112
10908,X030221_080_2,12o,Negative,mid,-0.0027610096015429396,-0.49922497993483894
10908,X030221_080_2,12o,Negative,high,-0.0025654964259033764,-0.16815990013397375
10910,X030221_086_2,pu,Positive,low,0.0002551176910690973,-0.7668397223790752
10910,X030221_086_2,pu,Positive,mid,0.0009038553502045523,-0.6524536667667491
10910,X030221_086_2,pu,Positive,high,0.0014531102739352975,-0.5597245533657749
10923,X030221_123_3,cd,Negative,low,-0.0043749536847522245,-0.3996386175817142
10923,X030221_123_3,cd,Negative,mid,0.00011472744736162184,-0.7430358536777004
10923,X030221_123_3,cd,Negative,high,-0.0005083646094893047,-0.4415713936542184
10925,X030221_128_6,AMG,Negative,low,0.002751326803752771,-0.24478586798164986
10925,X030221_128_6,AMG,Negative,mid,0.0001510681522545591,-0.20963295337011087
10925,X030221_128_6,AMG,Negative,high,-0.0018482792255589814,-0.5434064497053933
10926,X030221_130_2,AMG,Negative,low,-0.0012688802327418332,-0.2727135910269821
10926,X030221_130_2,AMG,Negative,mid,-0.0005927623691457017,-0.9466663092721916
10926,X030221_130_2,AMG,Negative,high,-0.00034023013563875865,-0.8367257728156154
10929,X030221_155_2,AMG,Negative,low,-0.0008823566223873539,0.09596483647843092
10929,X030221_155_2,AMG,Negative,mid,-0.0019211367282855206,0.4412608716917087
10929,X030221_155_2,AMG,Negative,high,-0.001503853604605362,0.1854082686522861
10931,X030320_011_3,12m,Negative,low,-0.0008623428985186494,0.4572931863917673
10931,X030320_011_3,12m,Negative,mid,-0.0005079240970931074,-0.1443553816814002
10931,X030320_011_3,12m,Negative,high,-0.0015914585845471661,-0.7784106404878534
10932,X030320_014_3,46v,Positive,low,0.0010449445220177577,0.7431658765505659
10932,X030320_014_3,46v,Positive,mid,0.002654065555925881,0.026789883252375832
10932,X030320_014_3,46v,Positive,high,0.0008343916765527916,0.6470346468285395
10941,X030320_086_2,8B,Negative,low,-0.002940490606827947,-0.6025475660887564
10941,X030320_086_2,8B,Negative,mid,-0.0023645564107789966,-0.7512071976025966
10941,X030320_086_2,8B,Negative,high,-0.001958323523197355,-1.236098854147059
10945,X030320_098_2,cd,Positive,low,0.0008913365469689951,2.363207700248566
10945,X030320_098_2,cd,Positive,mid,0.0015356228369859815,1.4498806451005666
10945,X030320_098_2,cd,Positive,high,0.0004836370114505218,-0.16513220810556292
10946,X030320_098_4,cd,Negative,low,0.00106180783805449,-2.1770023349517595
10946,X030320_098_4,cd,Negative,mid,-0.004385049613259425,-0.7562738060230659
10946,X030320_098_4,cd,Negative,high,-0.00565007217124547,0.07480750754537578
10947,X030320_101_3,6VaVb,Positive,low,0.004312195251978308,0.5936859033237137
10947,X030320_101_3,6VaVb,Positive,mid,0.003339144801192639,0.6992987819944203
10947,X030320_101_3,6VaVb,Positive,high,0.0029632098428913297,0.32329303378835106
10948,X030320_101_4,6VaVb,Positive,low,0.0036087821175321217,0.1787457724160727
10948,X030320_101_4,6VaVb,Positive,mid,0.004284906342584591,0.8662795907731196
10948,X030320_101_4,6VaVb,Positive,high,0.004692306956890536,0.8510822710796522
10951,X030320_106_5,pu,Positive,low,-0.0016448090708715071,-0.4680358911673178
10951,X030320_106_5,pu,Positive,mid,0.001920934966844095,-0.557650869134031
10951,X030320_106_5,pu,Positive,high,0.0009801780752042033,-0.4529423607256071
10953,X030320_107_3,pu,Negative,low,-0.0005682596651439302,-0.14234962436477475
10953,X030320_107_3,pu,Negative,mid,-0.0009917289561947873,-0.5905573194824816
10953,X030320_107_3,pu,Negative,high,-0.0027274376130700063,-0.04505838073879952
10956,X030320_112_2,cd,Positive,low,0.0040436762703625175,1.5158886245348042
10956,X030320_112_2,cd,Positive,mid,0.0008672395729938436,0.007104116717637044
10956,X030320_112_2,cd,Positive,high,0.0002844965249054047,-0.5951293966734469
10959,X030321_015_5,11ml,Negative,low,-0.00237078806439403,-0.9910257646191041
10959,X030321_015_5,11ml,Negative,mid,-0.0021859816762685273,-0.4175632637228116
10959,X030321_015_5,11ml,Negative,high,-0.001435987808529793,-0.5441392710595218
10961,X030321_029_4,12m,Positive,low,0.0038593423484315835,-0.6216505811101882
10961,X030321_029_4,12m,Positive,mid,0.00241224282580196,-0.3167824386161893
10961,X030321_029_4,12m,Positive,high,0.00020226318049784372,0.9324230513041111
10968,X030321_051_3,13l,Positive,low,0.004696424025471181,1.7120589528158432
10968,X030321_051_3,13l,Positive,mid,0.0015772509681368705,0.7686943747893521
10968,X030321_051_3,13l,Positive,high,0.0005020436137242,0.8102116159809608
10971,X030321_056_2,12l,Positive,low,-0.0002640686569312158,0.3872149996955363
10971,X030321_056_2,12l,Positive,mid,0.0018420947345911692,-0.9427902695107678
10971,X030321_056_2,12l,Positive,high,0.0019007370783935991,-0.1445723730864851
10979,X030321_073_6,AI,Negative,low,-0.00016380514060706784,-0.4794110490763467
10979,X030321_073_6,AI,Negative,mid,-0.0023246344975219615,-0.3758094275570529
10979,X030321_073_6,AI,Negative,high,-0.000687163595387503,-0.8435176668468609
10980,X030321_073_9,AI,Negative,low,-0.0009484581197255141,-0.09878965247943129
10980,X030321_073_9,AI,Negative,mid,-0.000971429877762073,-0.4958610719454532
10980,X030321_073_9,AI,Negative,high,-0.0011020070367971262,-0.18008923958128895
10985,X030321_080_6,12o,Negative,low,-0.0006295132077379122,-0.05537667722610165
10985,X030321_080_6,12o,Negative,mid,-0.0024368757272495625,0.156822675510692
10985,X030321_080_6,12o,Negative,high,-0.0018038035501407998,0.12314938850278195
10986,X030321_080_7,12o,Negative,low,-0.002514226482641326,-0.32268980549595716
10986,X030321_080_7,12o,Negative,mid,-0.0020100538106541267,-0.09144740815455724
10986,X030321_080_7,12o,Negative,high,-0.0012438688932895853,-0.3560012880344325
10993,X030321_104_2,AI,Negative,low,-0.004971913381304318,0.5832140694469982
10993,X030321_104_2,AI,Negative,mid,-0.003538673808763935,0.43545211593972244
10993,X030321_104_2,AI,Negative,high,-0.003526405209354019,0.8167897098792248
10994,X030321_105_3,AMG,Negative,low,-0.0029148797320649373,-0.986464548049442
10994,X030321_105_3,AMG,Negative,mid,-0.0036462102597344865,-0.8450838575099352
10994,X030321_105_3,AMG,Negative,high,-0.0014359227640437548,-0.1398324029154395
11000,X030321_128_7,AMG,Negative,low,-0.0011973020398608548,-1.0046154894818011
11000,X030321_128_7,AMG,Negative,mid,-0.0015099038342296235,-1.001673807469065
11000,X030321_128_7,AMG,Negative,high,-0.0012248716742750394,-0.8578064722348371
11001,X030321_128_9,AMG,Negative,low,2.0908432388000962e-18,-1.1340662240982056
11001,X030321_128_9,AMG,Negative,mid,-0.0029763149279268103,0.0144072941716717
11001,X030321_128_9,AMG,Negative,high,-0.00196532597442511,-0.2120173181889086
11003,X030321_130_5,AMG,Positive,low,0.005226700915016405,2.4260405381388357
11003,X030321_130_5,AMG,Positive,mid,0.0010184718647343971,0.3486936114468502
11003,X030321_130_5,AMG,Positive,high,0.0010236121455411136,-0.31229497240315857
11007,X030321_155_4,AMG,Negative,low,-0.001953780348769055,0.18809502317005314
11007,X030321_155_4,AMG,Negative,mid,-0.0012342210607867148,0.6744434614100194
11007,X030321_155_4,AMG,Negative,high,-0.0015644142029832562,0.3659428291426115
11008,X030420_004_2,12r,Negative,low,-0.0006158556598397753,-0.3482972325016427
11008,X030420_004_2,12r,Negative,mid,-0.0017276012604122099,0.39152289856536726
11008,X030420_004_2,12r,Negative,high,-0.0015171251299893275,0.747963614055202
11010,X030420_005_3,11ml,Negative,low,-0.0018632201859610014,-0.026474341922346656
11010,X030420_005_3,11ml,Negative,mid,-0.001859022798664063,-0.4153529194499304
11010,X030420_005_3,11ml,Negative,high,-0.0005577002571729356,-0.5896621963347056
11011,X030420_014_1,46v,Positive,low,-0.001984072266659209,0.2801902030545059
11011,X030420_014_1,46v,Positive,mid,0.001510309820520106,1.2739684785462098
11011,X030420_014_1,46v,Positive,high,0.0019611349186603915,0.8786135523916283
11018,X030420_053_4,13m,Positive,low,0.004845176779984487,1.5602546327231381
11018,X030420_053_4,13m,Positive,mid,0.0015520747972908617,1.1297185070165348
11018,X030420_053_4,13m,Positive,high,0.00237883737447597,1.4475331870767718
11022,X030420_078_4,12o,Negative,low,7.147510256317536e-05,-0.8216604639312327
11022,X030420_078_4,12o,Negative,mid,-0.0006647670818894382,-1.2888225200965677
11022,X030420_078_4,12o,Negative,high,-0.0012811416660683422,-0.4971010413512079
11023,X030420_086_2,8B,Negative,low,-0.00229747203667545,-1.4682251588044728
11023,X030420_086_2,8B,Negative,mid,-0.0032677278968074007,-0.8040671139744772
11023,X030420_086_2,8B,Negative,high,-0.0024514599849290515,-1.189970727817786
11024,X030420_089_3,6VaVb,Positive,low,0.002346213523462948,-0.06197821951398437
11024,X030420_089_3,6VaVb,Positive,mid,-6.604001361250374e-05,-0.24322694591936128
11024,X030420_089_3,6VaVb,Positive,high,0.00017207115475088606,-0.468799132376463
11028,X030420_095_2,pu,Positive,low,-0.00088589541663834,-0.6613149875356582
11028,X030420_095_2,pu,Positive,mid,0.0023063079308922067,2.283344971062538
11028,X030420_095_2,pu,Positive,high,0.0034440764306061214,0.6742615383343086
11030,X030420_101_3,6VaVb,Positive,low,0.006725617136602633,0.7675548413806764
11030,X030420_101_3,6VaVb,Positive,mid,0.0035863187343241542,0.8061374934090335
11030,X030420_101_3,6VaVb,Positive,high,0.00303592413714465,0.22743862451514393
11031,X030420_101_5,6VaVb,Positive,low,0.005459890495472957,0.31390138203278184
11031,X030420_101_5,6VaVb,Positive,mid,0.0038789095115628887,0.9579353892862698
11031,X030420_101_5,6VaVb,Positive,high,0.0049980672537856445,0.7370378316704342
11032,X030420_106_3,pu,Positive,low,0.005728855676771597,-0.3253326444342708
11032,X030420_106_3,pu,Positive,mid,-0.0015702136961508837,0.11753787884152433
11032,X030420_106_3,pu,Positive,high,0.0016231502414533418,-0.3066645556469173
11040,X030420_143_2,AMG,Negative,low,-0.0007998568406570889,-0.5629785168019531
11040,X030420_143_2,AMG,Negative,mid,-0.003464205142385456,0.7298357792486501
11040,X030420_143_2,AMG,Negative,high,-0.0027508404599264433,-0.20922189430095808
11045,X030421_046_2,12o,Positive,low,-0.001145730307473836,1.1507362015111473
11045,X030421_046_2,12o,Positive,mid,-0.0020697811723226845,0.5647059533608587
11045,X030421_046_2,12o,Positive,high,0.002357435441122566,0.36536491172060453
11064,X030421_093_2,AI,Positive,low,-0.0064522077395778085,1.8447501984720867
11064,X030421_093_2,AI,Positive,mid,-0.0007038399032563629,-0.22671220051945992
11064,X030421_093_2,AI,Positive,high,0.0009978441541255525,0.42443162463520173
11066,X030421_103_2,AI,Negative,low,-0.0004861822125124917,-0.2319073320225814
11066,X030421_103_2,AI,Negative,mid,-0.0012124884702503533,-0.6837211959776833
11066,X030421_103_2,AI,Negative,high,-0.0011229735729606737,-0.9998587393225132
11071,X030421_118_2,AMG,Negative,low,-0.0010471439393688238,-0.1595007333601941
11071,X030421_118_2,AMG,Negative,mid,0.0007714241911573853,-0.3037175344523684
11071,X030421_118_2,AMG,Negative,high,-0.0014355182833595958,-0.37996911392051314
11076,X030421_128_3,AMG,Negative,low,0.00035929321103039124,-0.9006885039231146
11076,X030421_128_3,AMG,Negative,mid,-0.00019629661308866384,-0.727491231954435
11076,X030421_128_3,AMG,Negative,high,-0.001041141350242112,-0.6008360516930777
11078,X030421_155_5,AMG,Negative,low,-0.0011758664887933457,-0.6933635562525042
11078,X030421_155_5,AMG,Negative,mid,-0.0015057969729929703,-0.39107289488122066
11078,X030421_155_5,AMG,Negative,high,-0.0027275968818800036,-0.3822292905576301
11090,X030520_066_4,12l,Positive,low,0.0026140929491289605,0.13407487162027024
11090,X030520_066_4,12l,Positive,mid,0.0009284910977812872,-0.3193534556960303
11090,X030520_066_4,12l,Positive,high,-5.734007364872314e-05,-0.10942270343407706
11092,X030520_069_2,AI,Positive,low,0.0017518227445451335,2.329065379406172
11092,X030520_069_2,AI,Positive,mid,0.0012135096326418569,1.1101597958118865
11092,X030520_069_2,AI,Positive,high,0.002036714007064218,0.9405361771143464
11096,X030520_078_3,12o,Negative,low,0.001709622123538115,-1.1465048160157576
11096,X030520_078_3,12o,Negative,mid,-0.004061072676364801,-0.46606063951108956
11096,X030520_078_3,12o,Negative,high,-0.002570455374958823,-0.574030510568294
11100,X030520_086_2,8B,Negative,low,0.0009096374569940457,-0.2004523964729718
11100,X030520_086_2,8B,Negative,mid,-0.004099381660325066,-0.6000412101510152
11100,X030520_086_2,8B,Negative,high,-0.0008559049294026937,-1.6325676850788604
11105,X030520_098_1,cd,Positive,low,0.0007235426296737786,2.6338070716318396
11105,X030520_098_1,cd,Positive,mid,0.0008182741308219386,1.2176996759090963
11105,X030520_098_1,cd,Positive,high,0.0015344946285256755,-0.1623826736763287
11106,X030520_098_4,cd,Negative,low,-0.0005535828919817441,-2.106118551209048
11106,X030520_098_4,cd,Negative,mid,-0.004221822721282146,-0.40929378128781785
11106,X030520_098_4,cd,Negative,high,-0.00524170588887859,-0.3905755947415675
11107,X030520_101_3,6VaVb,Positive,low,0.003537014780185245,0.33151211060611485
11107,X030520_101_3,6VaVb,Positive,mid,0.003092771142093538,0.5086773314366827
11107,X030520_101_3,6VaVb,Positive,high,0.003279345717154842,0.28952898660997883
11108,X030520_101_5,6VaVb,Positive,low,0.0026504773755715817,-0.17664474271859248
11108,X030520_101_5,6VaVb,Positive,mid,0.004004240210131785,0.23728106352198441
11108,X030520_101_5,6VaVb,Positive,high,0.003947786153558485,0.3496718589106448
11109,X030520_104_3,45,Positive,low,0.002824945124654242,0.9228732266560965
11109,X030520_104_3,45,Positive,mid,0.0017986497140729644,-0.16498584816400458
11109,X030520_104_3,45,Positive,high,0.00208481149180456,1.0259485310206993
11116,X030521_012_2,12m,Positive,low,0.0015230876669421046,-0.7271227970840983
11116,X030521_012_2,12m,Positive,mid,0.0018582615305525834,-0.20036731340098016
11116,X030521_012_2,12m,Positive,high,0.004535569323583284,1.3934699674811022
11117,X030521_012_6,12m,Negative,low,-0.006849298756761555,0.2756093586035717
11117,X030521_012_6,12m,Negative,mid,-0.003810806565400767,-0.008299643434150246
11117,X030521_012_6,12m,Negative,high,-0.0028747014124469806,0.5796566171860811
11134,X030521_064_2,13m,Positive,low,0.003826927746699654,1.5339978183751395
11134,X030521_064_2,13m,Positive,mid,0.002435997060158708,0.7044350701775913
11134,X030521_064_2,13m,Positive,high,0.0031839433743854283,0.48536973347896695
11138,X030521_074_5,13m,Negative,low,-0.0013922685240350915,-0.9920009076229208
11138,X030521_074_5,13m,Negative,mid,-0.0009560533428885898,-1.0217647120579705
11138,X030521_074_5,13m,Negative,high,-0.0015660542703375814,-0.6484901858183761
11139,X030521_077_3,12o,Positive,low,0.0029313960015801095,-0.42498972437990684
11139,X030521_077_3,12o,Positive,mid,0.0015150459521862593,0.1657701696032122
11139,X030521_077_3,12o,Positive,high,0.0017827163225014307,1.2141225498151065
11141,X030521_079_4,12o,Negative,low,0.0036515051720088666,-0.5667718732667569
11141,X030521_079_4,12o,Negative,mid,0.0009811263385652298,-0.7939214745719302
11141,X030521_079_4,12o,Negative,high,-0.0016665479751808193,0.5874857409251312
11145,X030521_092_1,AI,Positive,low,0.0021750472970868415,2.3054805464435137
11145,X030521_092_1,AI,Positive,mid,0.001305549834853454,1.7308858728250132
11145,X030521_092_1,AI,Positive,high,0.0003641133075008179,0.41573975188115275
11149,X030521_104_6,AI,Negative,low,0.006906471994390237,1.1276726961676682
11149,X030521_104_6,AI,Negative,mid,-0.00029415122113217457,-0.33925498293064993
11149,X030521_104_6,AI,Negative,high,-0.0008721655566777618,-0.3313698615530543
11153,X030521_119_2,AMG,Positive,low,0.0021241576036605146,2.2316755212087203
11153,X030521_119_2,AMG,Positive,mid,0.0010597722084904268,1.386755761112429
11153,X030521_119_2,AMG,Positive,high,0.0011968590973053706,0.6327253170993284
11161,X030620_019_2,12m,Negative,low,0.0008618650558621528,-0.903064791850758
11161,X030620_019_2,12m,Negative,mid,-0.0005583806669812355,-0.777804131367044
11161,X030620_019_2,12m,Negative,high,0.00011425815543140134,-0.8873888202098364
11162,X030620_027_1,12l,Positive,low,0.0030482328795011318,1.236303501785694
11162,X030620_027_1,12l,Positive,mid,0.001268360688291893,1.295815769229673
11162,X030620_027_1,12l,Positive,high,0.0017036165978634257,1.498271610594034
11175,X030620_077_1,12l,Negative,low,-0.00424779469706697,0.47605694735968196
11175,X030620_077_1,12l,Negative,mid,-0.002089603729655348,-0.0425563398442586
11175,X030620_077_1,12l,Negative,high,-0.0009585028852544805,-0.42126946384319647
11176,X030620_077_4,12l,Positive,low,-0.0006726473673628501,1.188476646733168
11176,X030620_077_4,12l,Positive,mid,0.00039871873083917303,1.1947308117260353
11176,X030620_077_4,12l,Positive,high,0.0007173097316009171,0.005984704916402442
11179,X030620_089_4,6VaVb,Positive,low,-0.0021257151737858228,1.6971141837053807
11179,X030620_089_4,6VaVb,Positive,mid,0.0013738682152912248,0.9723145579190897
11179,X030620_089_4,6VaVb,Positive,high,0.0008009562259567803,2.342645850237118
11182,X030620_097_3,cd,Positive,low,-0.0035328805559453956,-0.1376600160086047
11182,X030620_097_3,cd,Positive,mid,-0.0030946195957008964,1.964877267744696
11182,X030620_097_3,cd,Positive,high,0.0021562802846471613,1.2655170062516572
11183,X030620_098_4,cd,Negative,low,0.0005458262063297941,-2.2040938732032966
11183,X030620_098_4,cd,Negative,mid,-0.003627390418165834,-1.2734482905977775
11183,X030620_098_4,cd,Negative,high,-0.00513953205790463,-0.3783574832723237
11192,X030821_016_3,11ml,Negative,low,-0.0003620529422480545,-0.8682387654178353
11192,X030821_016_3,11ml,Negative,mid,-0.0015454159220501546,-0.271323767842437
11192,X030821_016_3,11ml,Negative,high,-0.0005913937397262428,-1.0397474734041339
11199,X030821_056_4,12l,Positive,low,0.003079728236170353,0.6536178019911999
11199,X030821_056_4,12l,Positive,mid,0.000398739958810269,-0.7627051386303468
11199,X030821_056_4,12l,Positive,high,0.002584032856836163,0.4437511121933704
11208,X030821_092_1,AI,Positive,low,-0.0003887310372114012,1.761074767136534
11208,X030821_092_1,AI,Positive,mid,0.0007990313290359565,1.821064054470094
11208,X030821_092_1,AI,Positive,high,0.00013903748249669042,0.46392746215156233
11216,X030821_128_1,AMG,Positive,low,0.00246479423864388,2.775545512181947
11216,X030821_128_1,AMG,Positive,mid,-0.00042493035350855306,0.6387146649612563
11216,X030821_128_1,AMG,Positive,high,0.0010713104399228124,0.3404159674622597
11223,X030920_040_4,46v,Positive,low,-0.0013598006261595797,-0.966564414145645
11223,X030920_040_4,46v,Positive,mid,-0.0006161352966138455,1.16976353634279
11223,X030920_040_4,46v,Positive,high,0.0013799684000885353,1.6266996090900085
11229,X030920_066_2,12l,Positive,low,-0.0029371930399798812,2.4008216477075153
11229,X030920_066_2,12l,Positive,mid,0.0026848028434369848,0.4140717245316049
11229,X030920_066_2,12l,Positive,high,0.0006992294528770873,-0.2526703391149764
11233,X030920_097_1,cd,Positive,low,-0.0035700199060930476,0.1205356463777543
11233,X030920_097_1,cd,Positive,mid,0.0036007752955437974,2.571513383836794
11233,X030920_097_1,cd,Positive,high,0.0019302967517083513,1.1226877028652515
11235,X030920_098_4,cd,Negative,low,0.0026511754151439604,-1.6064124201205923
11235,X030920_098_4,cd,Negative,mid,-0.0031097428360175256,-1.3591042656122945
11235,X030920_098_4,cd,Negative,high,-0.0046058202622200565,-0.9592871684422205
11237,X030920_106_3,pu,Positive,low,-0.004418098337304238,-0.3278790499562531
11237,X030920_106_3,pu,Positive,mid,0.0003280444819405034,-0.5745000215858406
11237,X030920_106_3,pu,Positive,high,0.0019483196464954796,0.6007333178162853
11240,X030920_109_1,cd,Negative,low,-0.003212257604996305,1.610885764269186
11240,X030920_109_1,cd,Negative,mid,0.00042097819444482924,-1.002137385965782
11240,X030920_109_1,cd,Negative,high,-8.779383847494902e-05,-0.8947904839888587
11243,X030920_143_1,AMG,Positive,low,0.002471498939505591,0.792803834940922
11243,X030920_143_1,AMG,Positive,mid,0.004085438691459341,0.9192126955191594
11243,X030920_143_1,AMG,Positive,high,0.0018815400947650724,1.3501029060704142
11245,X030921_012_3,12m,Positive,low,0.002023510869159914,-1.3431836044332153
11245,X030921_012_3,12m,Positive,mid,0.0015504380459901565,0.21463842251215645
11245,X030921_012_3,12m,Positive,high,0.0029511957911712125,1.430610414203907
11247,X030921_015_3,11ml,Negative,low,-0.006105708723366894,0.8499459883495669
11247,X030921_015_3,11ml,Negative,mid,-0.0001624813460657557,-0.23835612165031897
11247,X030921_015_3,11ml,Negative,high,-0.0008082738723417351,0.3082321124126555
11263,X030921_080_3,12o,Negative,low,-0.0027026386768416455,-0.7143589166115455
11263,X030921_080_3,12o,Negative,mid,7.652329024662068e-05,-1.03689829967978
11263,X030921_080_3,12o,Negative,high,-0.0002686713334053122,-0.9734639576984919
11264,X030921_080_4,12o,Positive,low,0.001328618515579552,1.0890157957797244
11264,X030921_080_4,12o,Positive,mid,0.002308318469688613,1.5162309187025873
11264,X030921_080_4,12o,Positive,high,0.0007243578273149431,0.5334452265213413
11265,X030921_085_2,AI,Negative,low,-0.0006954864487407292,-0.5980283432778052
11265,X030921_085_2,AI,Negative,mid,-0.0006365343612918564,-0.7632514199678989
11265,X030921_085_2,AI,Negative,high,-0.000927145161109209,-0.253733953645456
11267,X030921_088_1,cd,Negative,low,-0.003446536640486506,-1.2654423359936466
11267,X030921_088_1,cd,Negative,mid,-0.00121361034399245,-1.2285579183633237
11267,X030921_088_1,cd,Negative,high,-0.001610827525504082,-0.7680401513275509
11278,X031020_027_3,12l,Positive,low,-0.00017826542613158798,0.14527363062816084
11278,X031020_027_3,12l,Positive,mid,0.003749375331714904,1.4780978089114791
11278,X031020_027_3,12l,Positive,high,0.002220017996810477,1.8992691418890548
11292,X031020_077_3,12l,Negative,low,-0.0013190576685715725,-1.0193367020758535
11292,X031020_077_3,12l,Negative,mid,-0.002156403613152867,0.34153688522374387
11292,X031020_077_3,12l,Negative,high,-0.0013306112669996843,0.5826724440900736
11293,X031020_085_3,cd,Positive,low,-0.002850922666074982,-0.7910858123290496
11293,X031020_085_3,cd,Positive,mid,-0.002605349209750011,-0.2954674330414095
11293,X031020_085_3,cd,Positive,high,0.00018217587384623498,0.2720551486402984
11295,X031020_089_1,6VaVb,Positive,low,0.002500645732062971,1.8794626858885
11295,X031020_089_1,6VaVb,Positive,mid,0.0029183909052965997,0.8589097185237814
11295,X031020_089_1,6VaVb,Positive,high,-3.208432113443193e-05,-0.12180963436628967
11297,X031020_097_3,cd,Positive,low,-0.003152576622927369,0.5162319108278579
11297,X031020_097_3,cd,Positive,mid,-0.0019007135551756486,1.8208847696491566
11297,X031020_097_3,cd,Positive,high,0.0018845346655862955,1.1430153940461836
11299,X031020_098_4,cd,Negative,low,0.0018579616545050554,-1.4829821352058163
11299,X031020_098_4,cd,Negative,mid,-0.0014118410287633858,-1.5960665346183713
11299,X031020_098_4,cd,Negative,high,-0.0033393439594868396,-0.23898395154599608
11302,X031020_106_2,pu,Positive,low,0.0022226154796882707,-0.4820836625438584
11302,X031020_106_2,pu,Positive,mid,0.0011439256644536731,-0.2566101976551004
11302,X031020_106_2,pu,Positive,high,0.00290913085379631,0.7283020633357669
11304,X031020_109_6,cd,Negative,low,-0.0009182536057553771,0.9296535829100727
11304,X031020_109_6,cd,Negative,mid,-0.0002650238580779311,-0.5378026248710525
11304,X031020_109_6,cd,Negative,high,-0.000870245179441651,-0.3855123906323207
11305,X031020_118_3,pu,Positive,low,0.0069404993710743,-1.037096843954808
11305,X031020_118_3,pu,Positive,mid,0.0031742400015628202,0.060425463777202836
11305,X031020_118_3,pu,Positive,high,0.004030775550414474,0.896120039595852
11307,X031021_004_3,12m,Positive,low,0.0015484566947021265,0.8416044026362972
11307,X031021_004_3,12m,Positive,mid,-0.0031444550022530666,0.8139254191315837
11307,X031021_004_3,12m,Positive,high,0.0003846897194296841,1.3667738133182938
11313,X031021_015_6,11ml,Negative,low,-0.003703769410383656,0.22032517339792507
11313,X031021_015_6,11ml,Negative,mid,-0.0018868378950940717,-0.562971006428045
11313,X031021_015_6,11ml,Negative,high,-0.002741479206859058,-0.06084224071767035
11314,X031021_020_2,12m,Negative,low,-0.001827412344771275,0.012621048977366104
11314,X031021_020_2,12m,Negative,mid,-0.00301334610351967,-0.9503938081986526
11314,X031021_020_2,12m,Negative,high,-0.002499190562486533,-0.4420111389771774
11315,X031021_024_4,11ml,Positive,low,-0.0013626820666778952,0.6500656784677912
11315,X031021_024_4,11ml,Positive,mid,0.002505410846804899,0.9845685371586715
11315,X031021_024_4,11ml,Positive,high,0.0013239364840766992,1.3430867063225604
11316,X031021_029_3,12m,Positive,low,0.0023984570462905015,0.4059045822752838
11316,X031021_029_3,12m,Positive,mid,0.001820059208378159,0.9316784149367431
11316,X031021_029_3,12m,Positive,high,0.0033568616574185268,0.28846650688905895
11322,X031021_050_3,13l,Positive,low,0.005422045666681592,1.8347245456275845
11322,X031021_050_3,13l,Positive,mid,0.0017306112231680213,-0.15201323900058766
11322,X031021_050_3,13l,Positive,high,0.00202548072010952,-0.05249230697121124
11329,X031021_065_3,13m,Positive,low,0.0011449096418463256,0.3189809235717835
11329,X031021_065_3,13m,Positive,mid,0.002073962718323985,0.15836769371865295
11329,X031021_065_3,13m,Positive,high,0.0036902819712813766,0.8586063412255988
11335,X031021_078_6,12o,Negative,low,-0.002225942377766088,0.5103562946776904
11335,X031021_078_6,12o,Negative,mid,-0.00556199992446459,0.7003422021504008
11335,X031021_078_6,12o,Negative,high,-0.0023453001224024886,0.5952923897055858
11339,X031021_080_5,12o,Positive,low,0.005748344769975054,1.2276827627653488
11339,X031021_080_5,12o,Positive,mid,0.0020611652870856866,1.7500233194990682
11339,X031021_080_5,12o,Positive,high,0.0006340653543106199,0.45591809758033214
11341,X031021_088_3,cd,Negative,low,0.0019760599543641438,-0.9991624444163716
11341,X031021_088_3,cd,Negative,mid,-0.0011335353046864388,-1.0559108628273108
11341,X031021_088_3,cd,Negative,high,-0.0016883770058352381,-0.9668619803303292
11343,X031021_095_4,AI,Negative,low,-0.0006366769797511989,-0.8193314624407922
11343,X031021_095_4,AI,Negative,mid,0.0007046220409973841,-0.22503791150025645
11343,X031021_095_4,AI,Negative,high,-0.001032411954577392,-0.48654782129901025
11344,X031021_103_3,AI,Positive,low,0.005644789377481329,0.23890589227506306
11344,X031021_103_3,AI,Positive,mid,0.001497740999343412,0.5891619969264739
11344,X031021_103_3,AI,Positive,high,0.0023249702779149003,0.4065612238031729
11346,X031021_104_3,AI,Positive,low,0.005565917063411687,1.7146610975414267
11346,X031021_104_3,AI,Positive,mid,0.0018548045281020302,1.3920227652865023
11346,X031021_104_3,AI,Positive,high,0.0017714030373966714,0.6225579115693859
11365,X031120_057_5,12o,Positive,low,0.0017725609568405632,1.7209864252257763
11365,X031120_057_5,12o,Positive,mid,0.0012769190823856559,0.942345233425109
11365,X031120_057_5,12o,Positive,high,0.0009542110488733466,0.8023528131391363
11369,X031120_066_3,12l,Negative,low,-0.0012294796528993371,-0.15526373789315662
11369,X031120_066_3,12l,Negative,mid,-2.890666223141772e-05,-0.504808127185866
11369,X031120_066_3,12l,Negative,high,-7.251084458106339e-05,-0.5085034416539101
11373,X031120_077_5,12l,Negative,low,-0.00039431706014475125,-0.7448652988662339
11373,X031120_077_5,12l,Negative,mid,-0.0011011665403245466,0.22378589055172018
11373,X031120_077_5,12l,Negative,high,-0.0010944025031245587,-0.01921901904075978
11374,X031120_080_3,12o,Positive,low,-0.002302501441977698,-0.5111377660972306
11374,X031120_080_3,12o,Positive,mid,0.0014379659209285572,0.7655963196718256
11374,X031120_080_3,12o,Positive,high,0.0038717947709793776,2.0306704188146925
11376,X031120_089_3,6VaVb,Positive,low,0.0011091802182601148,0.41495414499732697
11376,X031120_089_3,6VaVb,Positive,mid,-0.0005595531608536054,1.1455010439760476
11376,X031120_089_3,6VaVb,Positive,high,0.001953742599093535,0.5598350411781517
11380,X031120_097_4,cd,Positive,low,0.0027793620282872984,0.39323377805744947
11380,X031120_097_4,cd,Positive,mid,0.0026754445352312264,1.9184053000713546
11380,X031120_097_4,cd,Positive,high,0.004072376388798765,1.3088559495430818
11382,X031120_098_4,cd,Negative,low,0.001543518551436452,-2.1769709943138222
11382,X031120_098_4,cd,Negative,mid,-0.0015127077904093702,-1.6790172010412232
11382,X031120_098_4,cd,Negative,high,-0.0037025630406527952,-0.44648906352254036
11383,X031120_106_3,pu,Positive,low,-0.0007051461204460586,-1.1532234722363317
11383,X031120_106_3,pu,Positive,mid,0.0025124619814202104,0.025660525280253935
11383,X031120_106_3,pu,Positive,high,0.002190346303491672,0.12685210711536574
11387,X031120_109_2,cd,Negative,low,0.0012440357461641124,1.4674277180641542
11387,X031120_109_2,cd,Negative,mid,-0.0004469290548328114,-0.7448117800193301
11387,X031120_109_2,cd,Negative,high,-0.00130577227685981,-0.5062204349135977
11400,X031121_029_5,12m,Positive,low,0.004674723152999859,1.7637171493920678
11400,X031121_029_5,12m,Positive,mid,0.005107585476289065,0.8325482107905792
11400,X031121_029_5,12m,Positive,high,0.0035615401052239066,0.4430265757032498
11401,X031121_029_6,12m,Positive,low,0.004377884386578842,0.6401153006646108
11401,X031121_029_6,12m,Positive,mid,0.0032535113492535655,-0.7054485350838722
11401,X031121_029_6,12m,Positive,high,0.0024782914946722204,0.5861341899141558
11411,X031121_051_2,13l,Negative,low,-0.0040219479261182295,0.5692217460253931
11411,X031121_051_2,13l,Negative,mid,-0.0009319172380273422,-0.33258301174979404
11411,X031121_051_2,13l,Negative,high,-0.0022705398172713394,0.20386804982953194
11413,X031121_054_5,13m,Positive,low,0.0031439637991914054,1.418534029634691
11413,X031121_054_5,13m,Positive,mid,0.0012997979602045857,1.0360600391421049
11413,X031121_054_5,13m,Positive,high,0.00038165215990050355,0.47013838921430307
11426,X031121_080_6,12o,Positive,low,0.004246313218894218,1.2508129468683569
11426,X031121_080_6,12o,Positive,mid,0.0016701614087498125,1.808766783176365
11426,X031121_080_6,12o,Positive,high,0.0009004038630309465,0.5336589908689112
11431,X031121_088_5,cd,Negative,low,-0.0014360639502346343,-1.160218493639493
11431,X031121_088_5,cd,Negative,mid,-0.0002513255244619956,-1.5899660482184463
11431,X031121_088_5,cd,Negative,high,-0.001718818934372499,-0.8483866522345884
11440,X031121_118_1,AMG,Positive,low,0.005590189066778218,2.71605432122797
11440,X031121_118_1,AMG,Positive,mid,-0.0007279934603013102,0.37146651043774354
11440,X031121_118_1,AMG,Positive,high,0.00043823160766030703,-0.08496256170857999
11443,X031121_132_1,AMG,Negative,low,-0.0013660924108236557,-0.09409097920151771
11443,X031121_132_1,AMG,Negative,mid,-0.001003270360526031,-0.5645466112468187
11443,X031121_132_1,AMG,Negative,high,-0.001253724776975744,-0.3711712175473484
11448,X031121_155_1,AMG,Positive,low,0.0008532115395892128,0.3664864481871517
11448,X031121_155_1,AMG,Positive,mid,0.0036653949406740918,1.3502364914438931
11448,X031121_155_1,AMG,Positive,high,0.0013849193134709322,0.12590626610688804
11451,X031220_036_3,12o,Positive,low,0.004592992308928809,1.0797328987932096
11451,X031220_036_3,12o,Positive,mid,0.002400707831725208,0.19182280532298254
11451,X031220_036_3,12o,Positive,high,0.001305407528000929,0.06349796393363986
11460,X031220_077_6,12l,Negative,low,-2.0029908222247447e-05,-0.6072207101668772
11460,X031220_077_6,12l,Negative,mid,-0.00047384792078690696,-0.496020599926966
11460,X031220_077_6,12l,Negative,high,-0.0009277135018966381,-0.2812285982029981
11468,X031220_098_1,cd,Negative,low,0.001452380660290717,0.27863880087454296
11468,X031220_098_1,cd,Negative,mid,-0.00283021507855989,0.8403751798456042
11468,X031220_098_1,cd,Negative,high,-0.0025546609238220244,0.22476226689035195
11470,X031220_101_2,6VaVb,Positive,low,0.0030788070040941415,0.5504281922009543
11470,X031220_101_2,6VaVb,Positive,mid,0.002649680367344292,0.6294731512966375
11470,X031220_101_2,6VaVb,Positive,high,0.004924207038990703,0.8223043086130832
11471,X031220_106_3,pu,Positive,low,0.002127070891440041,-0.5927096287163591
11471,X031220_106_3,pu,Positive,mid,0.0011054877020547917,-0.32441658701340104
11471,X031220_106_3,pu,Positive,high,0.0019778008924268174,0.693323082058534
11475,X031220_112_3,cd,Positive,low,0.0006261304830395221,-0.6834725620714752
11475,X031220_112_3,cd,Positive,mid,0.001830839842988296,-0.39526842704018933
11475,X031220_112_3,cd,Positive,high,0.0012374737138989148,-0.41578311493111614
11478,X031220_119_4,pu,Negative,low,0.0017323104667148342,-0.8656351002252439
11478,X031220_119_4,pu,Negative,mid,-0.0013156383898975173,-0.39968349321508245
11478,X031220_119_4,pu,Negative,high,-0.0014300755155236514,0.15476391813005924
11484,X031221_029_1,12m,Positive,low,0.0022948788842380966,1.1240357467966673
11484,X031221_029_1,12m,Positive,mid,0.0023141262571240223,0.06957065024410844
11484,X031221_029_1,12m,Positive,high,0.0026159699395694766,0.06283128000261222
11486,X031221_029_5,12m,Positive,low,0.00485589061606267,2.1816280406516992
11486,X031221_029_5,12m,Positive,mid,0.004391975166203116,0.9855531751151668
11486,X031221_029_5,12m,Positive,high,0.0037880258497743503,0.30911539115053144
11491,X031221_043_1,13m,Negative,low,-0.002878144307293711,-0.09987463788971028
11491,X031221_043_1,13m,Negative,mid,-0.0008304237099238305,-0.7739369082768229
11491,X031221_043_1,13m,Negative,high,-0.000528717644760912,0.09325198312336501
11503,X031221_065_3,13m,Positive,low,0.0023407437241614276,2.264650243887687
11503,X031221_065_3,13m,Positive,mid,0.002741037905156909,1.4264561573598231
11503,X031221_065_3,13m,Positive,high,0.001483666095627456,-0.09531667114416767
11512,X031221_079_7,12o,Positive,low,0.0018026771699069996,1.8676229158971156
11512,X031221_079_7,12o,Positive,mid,0.003433881948828031,0.37962468450396214
11512,X031221_079_7,12o,Positive,high,0.002951999996544821,-0.3844909817607959
11524,X031221_118_3,AMG,Negative,low,-0.0010759172378507547,-0.30319122120291736
11524,X031221_118_3,AMG,Negative,mid,-0.0032954640957474405,-0.02264026429708706
11524,X031221_118_3,AMG,Negative,high,-0.0012375528247126838,0.08244042198017577
11528,X031221_131_3,AMG,Positive,low,0.0007565941597516094,1.4888634361007473
11528,X031221_131_3,AMG,Positive,mid,0.002156605028508365,0.3446840427240811
11528,X031221_131_3,AMG,Positive,high,0.0019958462852697504,-0.03176692370208137
11529,X031221_139_1,AMG,Positive,low,0.0035192656338421803,1.4053745501629773
11529,X031221_139_1,AMG,Positive,mid,0.0029582121799914774,0.04064223334500697
11529,X031221_139_1,AMG,Positive,high,0.0010827599915459879,-0.2944748097499554
11534,X031320_027_4,12l,Positive,low,0.002200616700993836,0.2924622709989957
11534,X031320_027_4,12l,Positive,mid,0.0032398291402915445,0.8373850893706529
11534,X031320_027_4,12l,Positive,high,0.003018816756924958,0.9393222650028602
11536,X031320_029_2,12m,Positive,low,0.0020024607061035677,2.043812648825558
11536,X031320_029_2,12m,Positive,mid,0.0015268335531521604,0.771731209598742
11536,X031320_029_2,12m,Positive,high,0.0002874199274344752,-0.6429175014999663
11538,X031320_037_5,12o,Positive,low,-0.0017278248265292667,0.9745712261980155
11538,X031320_037_5,12o,Positive,mid,-0.0009722094972396157,-0.30411396135594276
11538,X031320_037_5,12o,Positive,high,0.0028198114568887484,0.20555830362737923
11543,X031320_048_3,12o,Positive,low,-0.0005230607116450546,0.07015283861568085
11543,X031320_048_3,12o,Positive,mid,0.0030379322186557143,0.3661182595079086
11543,X031320_048_3,12o,Positive,high,0.0016727790963291943,0.6058411876052717
11547,X031320_077_5,12l,Negative,low,-5.2926438474110774e-05,-0.6470816017387314
11547,X031320_077_5,12l,Negative,mid,-0.0005898779042492616,-0.5295835993254244
11547,X031320_077_5,12l,Negative,high,-0.0008879625364832846,-0.37979958900543953
11549,X031320_085_5,cd,Positive,low,0.00133703734322524,-0.9568666359549156
11549,X031320_085_5,cd,Positive,mid,-0.0033421908629116385,-0.48479989183735034
11549,X031320_085_5,cd,Positive,high,0.001709241336024114,0.7853773176955204
11550,X031320_097_4,cd,Positive,low,3.7027105285106035e-05,0.42134673745772755
11550,X031320_097_4,cd,Positive,mid,0.0005549703726151625,1.9645612638524288
11550,X031320_097_4,cd,Positive,high,0.0020867244251376624,1.4734828562387412
11553,X031320_107_2,pu,Negative,low,0.0033265189936866535,0.7712449729994649
11553,X031320_107_2,pu,Negative,mid,-0.0031739838043645862,-0.16053380212318866
11553,X031320_107_2,pu,Negative,high,-0.004876886289268121,-0.07350828326942582
11558,X031320_131_1,pu,Negative,low,-0.0003631753648477412,0.1360143154035144
11558,X031320_131_1,pu,Negative,mid,-0.0006758148308148911,-0.8760421334606241
11558,X031320_131_1,pu,Negative,high,-0.00047776688479723897,-0.6610739099205829
11561,X031521_015_5,11ml,Positive,low,-0.000396320566333968,0.474747009648974
11561,X031521_015_5,11ml,Positive,mid,0.004391934325434135,2.086640972265983
11561,X031521_015_5,11ml,Positive,high,0.0021633898680831825,1.1399580211984537
11563,X031521_029_3,12m,Positive,low,0.004553667734874006,1.5896570589532601
11563,X031521_029_3,12m,Positive,mid,0.0046763029814959976,0.7459646512044534
11563,X031521_029_3,12m,Positive,high,0.003485266351616251,0.13934719595150052
11568,X031521_054_2,13m,Negative,low,-0.0017831134595021267,-0.46653797165699884
11568,X031521_054_2,13m,Negative,mid,-0.0036748520122527875,0.3502447811542652
11568,X031521_054_2,13m,Negative,high,-0.000653818726375823,-0.3092285933756748
11569,X031521_057_2,12o,Negative,low,0.0013824748439689538,-0.5492360720662693
11569,X031521_057_2,12o,Negative,mid,-0.0016473708465743898,-1.0075670223366997
11569,X031521_057_2,12o,Negative,high,-0.002270123634740038,-0.1148013988021256
11575,X031521_066_3,12l,Positive,low,0.006092859649808975,3.012611604867481
11575,X031521_066_3,12l,Positive,mid,0.0005127856148308846,-0.12286876383940294
11575,X031521_066_3,12l,Positive,high,0.00031790128507308226,-0.49995191125028743
11577,X031521_069_3,12o,Negative,low,0.0003092960219054191,-0.6074364939379117
11577,X031521_069_3,12o,Negative,mid,-0.0008705021206170357,-0.6034076591556932
11577,X031521_069_3,12o,Negative,high,-0.00038714393331920366,-0.8434221435108915
11581,X031521_092_3,AI,Negative,low,-0.0012138264218012904,-0.6153120964536205
11581,X031521_092_3,AI,Negative,mid,-8.502811761667557e-05,-0.8103370538567148
11581,X031521_092_3,AI,Negative,high,-0.00014916451433823842,-0.8058905345627948
11585,X031521_130_2,AMG,Positive,low,0.00278683811015786,2.1894360391946877
11585,X031521_130_2,AMG,Positive,mid,0.003216664545507641,0.9450251531274679
11585,X031521_130_2,AMG,Positive,high,0.0009050991890121171,0.17976505710269183
11587,X031521_132_2,AMG,Positive,low,0.0022331356418966316,1.328850558613382
11587,X031521_132_2,AMG,Positive,mid,0.003596649033087301,1.8799207657823547
11587,X031521_132_2,AMG,Positive,high,0.002326191301315538,0.964832433163128
11591,X031620_011_9,12m,Positive,low,0.0007814099905632027,1.766865054040081
11591,X031620_011_9,12m,Positive,mid,0.003339695079303783,0.8166460480948541
11591,X031620_011_9,12m,Positive,high,0.0013045624231898228,1.5506248142873984
11592,X031620_019_2,12m,Positive,low,0.0001482262604211164,0.463820669218935
11592,X031620_019_2,12m,Positive,mid,0.0029237396614693145,1.096676964926442
11592,X031620_019_2,12m,Positive,high,0.0027311585924987736,1.5335055942741687
11600,X031620_066_3,12l,Positive,low,-0.001320133722781965,-0.9897364594426608
11600,X031620_066_3,12l,Positive,mid,0.001658437525885459,0.22830223876881428
11600,X031620_066_3,12l,Positive,high,0.003848290344389601,2.4101300850485803
11603,X031620_097_4,cd,Positive,low,-0.0016731174927454627,0.6097761356270254
11603,X031620_097_4,cd,Positive,mid,0.004584048818678874,1.578897463895393
11603,X031620_097_4,cd,Positive,high,0.0035950959005098615,1.1879157945637695
11614,X031621_033_3,13m,Negative,low,0.0010803031127467446,-0.8499577101726804
11614,X031621_033_3,13m,Negative,mid,-0.004258710581044213,-1.3230837298636193
11614,X031621_033_3,13m,Negative,high,-0.0018165423319760133,-0.6866010046928591
11617,X031621_039_7,13l,Negative,low,-0.0029140052398481083,-0.23666442059384915
11617,X031621_039_7,13l,Negative,mid,-0.000387807273352099,0.26214311358394154
11617,X031621_039_7,13l,Negative,high,-0.0009373752112308906,-0.5970401784247051
11638,X031621_130_3,AMG,Positive,low,0.005093296457709712,1.287841540389964
11638,X031621_130_3,AMG,Positive,mid,0.002488959321944106,1.4694576999683944
11638,X031621_130_3,AMG,Positive,high,0.0003113658200814356,0.5322354127731974
11640,X031621_132_2,AMG,Positive,low,0.0033875847167804847,1.4751856609211984
11640,X031621_132_2,AMG,Positive,mid,0.0031963055714284557,2.0589692536090656
11640,X031621_132_2,AMG,Positive,high,0.001179854362464502,1.010089473647008
11646,X031720_004_3,12m,Negative,low,2.0908432388000964e-19,-0.8135173320770264
11646,X031720_004_3,12m,Negative,mid,-0.0009361140217698106,0.16502247536291498
11646,X031720_004_3,12m,Negative,high,-0.0010520686809165878,-0.4960521492307476
11648,X031720_011_2,12m,Positive,low,-0.0013807184231607189,1.274045473773547
11648,X031720_011_2,12m,Positive,mid,0.0006582278604494942,0.9503738324277214
11648,X031720_011_2,12m,Positive,high,0.000391516792911994,1.9115934016898943
11651,X031720_029_3,12m,Positive,low,0.00013704567152112508,-0.9323277708496309
11651,X031720_029_3,12m,Positive,mid,0.00021580621372886994,-0.8853365053948071
11651,X031720_029_3,12m,Positive,high,-2.4406337861462338e-05,-0.5460410164219766
11652,X031720_036_3,12o,Positive,low,0.004803085931442728,1.6586078499471335
11652,X031720_036_3,12o,Positive,mid,0.0016293196467634873,0.07367267451185529
11652,X031720_036_3,12o,Positive,high,0.0012593371176985784,-0.16899459676991102
11658,X031720_057_3,12o,Negative,low,-0.0028381900272387386,-0.4741639368074904
11658,X031720_057_3,12o,Negative,mid,-0.0013264178830529084,-1.2366186238564985
11658,X031720_057_3,12o,Negative,high,-0.0012093570852622195,-0.9015303331484612
11660,X031720_066_2,12l,Positive,low,-0.0013930720469695296,0.5054237206097298
11660,X031720_066_2,12l,Positive,mid,0.0020240503548967915,1.1175056826668062
11660,X031720_066_2,12l,Positive,high,0.0029740990018925803,1.5332500840383838
11665,X031720_101_3,6VaVb,Positive,low,0.003081822292338916,-0.6821747427641999
11665,X031720_101_3,6VaVb,Positive,mid,0.00018082808851474212,-0.6268389364843956
11665,X031720_101_3,6VaVb,Positive,high,0.002804382213306969,0.31942355528337485
11673,X031721_007_6,11ml,Negative,low,-0.0022853898914685293,-0.36968899637107394
11673,X031721_007_6,11ml,Negative,mid,0.0007220226913177734,-0.99740407951858
11673,X031721_007_6,11ml,Negative,high,-0.0011116950441799785,-0.7486476565443115
11674,X031721_007_8,11ml,Positive,low,-0.0004847678794565866,-0.6215937993490755
11674,X031721_007_8,11ml,Positive,mid,0.0005434562239766734,-0.367877785796718
11674,X031721_007_8,11ml,Positive,high,0.0008946748909191398,-0.019875046674192366
11675,X031721_015_2,11ml,Positive,low,-0.0013149802197304676,-0.024250609493588163
11675,X031721_015_2,11ml,Positive,mid,-0.00031551919688856334,0.9296674949555548
11675,X031721_015_2,11ml,Positive,high,0.0025139176976241816,1.0990842617738266
11678,X031721_032_7,13m,Positive,low,0.005101727207122299,1.4015606759498036
11678,X031721_032_7,13m,Positive,mid,0.0013849827559245555,-0.26824072362206075
11678,X031721_032_7,13m,Positive,high,0.002490320227823046,-0.12367656959000721
11681,X031721_039_6,13l,Negative,low,-0.0022104032560766804,-0.07944749732549843
11681,X031721_039_6,13l,Negative,mid,-0.0006089599372941657,-0.16868249475862987
11681,X031721_039_6,13l,Negative,high,-0.0008307698004110378,-0.6051832892732096
11690,X031721_066_6,12l,Negative,low,-0.0026014523284774234,0.7461306957214972
11690,X031721_066_6,12l,Negative,mid,-0.0008976715929436918,-0.4761183723643075
11690,X031721_066_6,12l,Negative,high,-0.0013237811663912202,0.49828185346876325
11700,X031721_097_3,pu,Positive,low,0.0038085012008270214,-0.31530985243179943
11700,X031721_097_3,pu,Positive,mid,0.005988283751448015,0.8584405462754993
11700,X031721_097_3,pu,Positive,high,0.002981752930000547,0.7013970178678073
11701,X031721_099_2,cd,Negative,low,0.0005861910736039892,-0.12908173626607994
11701,X031721_099_2,cd,Negative,mid,0.0005699114686554391,0.019088535628106428
11701,X031721_099_2,cd,Negative,high,-0.00044439364353810883,-0.38530307942490016
11705,X031721_111_5,cd,Negative,low,-0.004769982639982763,0.904380179148248
11705,X031721_111_5,cd,Negative,mid,-0.00014673604036305167,-0.7465019142766562
11705,X031721_111_5,cd,Negative,high,-0.0012005147812292679,0.029608295995570848
11707,X031721_112_8,cd,Negative,low,-0.000847519914259665,0.5156713243505721
11707,X031721_112_8,cd,Negative,mid,-0.0031109824296632563,0.45764280202649976
11707,X031721_112_8,cd,Negative,high,-0.0004554081581727746,0.0033037580396498116
11709,X031721_123_5,cd,Positive,low,-0.00036548100843232344,-0.7377664072938053
11709,X031721_123_5,cd,Positive,mid,0.0009731403838175279,-0.25755358349896823
11709,X031721_123_5,cd,Positive,high,0.0007041293656531257,0.6743803965966039
11710,X031721_130_2,AMG,Positive,low,0.0024333984577898657,0.8665384126551288
11710,X031721_130_2,AMG,Positive,mid,0.0028386251822047005,1.6106050671039525
11710,X031721_130_2,AMG,Positive,high,0.0018437263856588035,0.6413857788227176
11729,X031821_057_3,12o,Positive,low,-0.001288694569516538,0.20227686619868784
11729,X031821_057_3,12o,Positive,mid,0.000865204473936544,-0.44928576638798123
11729,X031821_057_3,12o,Positive,high,0.0008781020637182073,-0.19509238844987337
11736,X031821_066_4,12l,Negative,low,0.004391165739672245,1.2706231751569086
11736,X031821_066_4,12l,Negative,mid,-0.0018814321017818626,-0.24313741980760534
11736,X031821_066_4,12l,Negative,high,-0.0014060841199816409,0.31377543131508995
11742,X031821_078_1,12o,Positive,low,0.0021424252021533807,0.7863947689822601
11742,X031821_078_1,12o,Positive,mid,0.003086018407498477,0.9123679876525866
11742,X031821_078_1,12o,Positive,high,0.00228274930619245,0.9799901289670122
11743,X031821_078_2,12o,Positive,low,0.002072823474180344,-0.8150997835834404
11743,X031821_078_2,12o,Positive,mid,0.0029420555118373887,-0.4743557446903569
11743,X031821_078_2,12o,Positive,high,0.0018540320474764234,-0.06779465164582747
11747,X031821_082_3,AI,Positive,low,0.0004635084766215507,1.1243658891481254
11747,X031821_082_3,AI,Positive,mid,-0.0019772394035761968,0.7646523275119741
11747,X031821_082_3,AI,Positive,high,0.0015451455972922811,-0.1511148023490752
11750,X031821_092_3,AI,Positive,low,0.0003866925668023776,0.5653829040833301
11750,X031821_092_3,AI,Positive,mid,0.0007321968115272083,-0.48577130247471534
11750,X031821_092_3,AI,Positive,high,0.00039537320969586606,-0.739013880342493
11755,X031821_119_2,AMG,Positive,low,0.001694776941356038,1.6757548760852083
11755,X031821_119_2,AMG,Positive,mid,0.002234518592801428,2.1558009407881293
11755,X031821_119_2,AMG,Positive,high,0.0012361249495319397,1.2923411970924021
11757,X031821_123_5,cd,Positive,low,-0.000665971194819821,-0.2966869846734059
11757,X031821_123_5,cd,Positive,mid,0.00044448432259111325,-0.2602762395516571
11757,X031821_123_5,cd,Positive,high,0.0004571318857144007,1.0314856329297464
11762,X031921_020_3,12m,Positive,low,0.0017522862318009506,1.439446516558156
11762,X031921_020_3,12m,Positive,mid,0.0031237338807389332,-0.0902507931595287
11762,X031921_020_3,12m,Positive,high,0.002634523516757754,-0.478225584762243
11766,X031921_029_8,12m,Positive,low,0.00042826065737610355,-0.5518080702891415
11766,X031921_029_8,12m,Positive,mid,0.001238811903294434,-0.4497838345179629
11766,X031921_029_8,12m,Positive,high,0.0013239339757610536,0.3890037813552273
11768,X031921_039_2,13l,Negative,low,-0.0007754436046387825,-0.09590186290557229
11768,X031921_039_2,13l,Negative,mid,-0.002087040652182526,0.5424639933964178
11768,X031921_039_2,13l,Negative,high,-0.000887601874684375,-0.46070086251314385
11775,X031921_051_2,13l,Negative,low,-0.0012199380014107442,0.39658833410398736
11775,X031921_051_2,13l,Negative,mid,0.0006545369453552949,-0.1768196516705831
11775,X031921_051_2,13l,Negative,high,-0.0012931836033942938,-0.0006883084630096229
11777,X031921_056_4,12o,Positive,low,0.000528556376196379,0.703694396557367
11777,X031921_056_4,12o,Positive,mid,0.0018545358705864315,-0.21350231826249796
11777,X031921_056_4,12o,Positive,high,0.001631962545971035,0.3460191093910541
11778,X031921_057_5,12o,Positive,low,0.0004918415717548589,0.10490342749347802
11778,X031921_057_5,12o,Positive,mid,0.0003764484712110205,-0.14400215828155916
11778,X031921_057_5,12o,Positive,high,0.0004192171640914366,-0.334472811584068
11779,X031921_057_6,12o,Negative,low,-0.007578725580216723,-0.010606164087893166
11779,X031921_057_6,12o,Negative,mid,-0.0013933507071062523,-0.430257902459742
11779,X031921_057_6,12o,Negative,high,-0.0006538664408220681,-0.4729704400261061
11781,X031921_059_3,12o,Negative,low,-0.0016899221655761428,0.4303025221909255
11781,X031921_059_3,12o,Negative,mid,-0.00043086745942851154,-0.42312868033830836
11781,X031921_059_3,12o,Negative,high,-0.0019948315606870136,-0.09063412773480232
11785,X031921_066_6,12l,Negative,low,0.0007566324240621277,0.7862386172342916
11785,X031921_066_6,12l,Negative,mid,-0.0017731173304808953,-0.2881822837537004
11785,X031921_066_6,12l,Negative,high,-0.0007273812519402263,0.6148918540822884
11787,X031921_074_1,13m,Positive,low,0.004017386477728671,0.5083594959687919
11787,X031921_074_1,13m,Positive,mid,0.0043819994743984035,0.029679777760821056
11787,X031921_074_1,13m,Positive,high,0.0015505356787443002,0.11799601096399466
11799,X031921_123_2,cd,Positive,low,0.00024886157163592535,-0.8149836145700908
11799,X031921_123_2,cd,Positive,mid,0.0003462287759619577,-0.47792675642423743
11799,X031921_123_2,cd,Positive,high,0.001250851236511495,1.5949689337298796
11800,X031921_124_3,cd,Negative,low,0.004114311390567943,0.6935071395942554
11800,X031921_124_3,cd,Negative,mid,-0.00010789823519821782,0.0006975014407355059
11800,X031921_124_3,cd,Negative,high,-0.0021776494457173418,0.25750457922517
11801,X031921_128_1,AMG,Negative,low,-0.001341477165223845,-0.5008521332977318
11801,X031921_128_1,AMG,Negative,mid,-0.0030324145887322667,-0.3263445294279289
11801,X031921_128_1,AMG,Negative,high,-0.0035174978032793303,0.19844059391185986
11805,X031921_147_2,cd,Negative,low,-0.004420136072051004,0.31136041195805925
11805,X031921_147_2,cd,Negative,mid,-0.0024129250046171077,-0.3472408837484414
11805,X031921_147_2,cd,Negative,high,-0.0011005963173934437,-0.39521935990331275
11808,X032221_021_3,11ml,Negative,low,4.181686477600193e-19,-0.6933485865592957
11808,X032221_021_3,11ml,Negative,mid,-0.00018736843290295026,-0.5006110718266142
11808,X032221_021_3,11ml,Negative,high,-0.0011326909744626113,0.42185314267718027
11811,X032221_029_4,12m,Positive,low,-0.0005359924966096332,-0.5957879414871515
11811,X032221_029_4,12m,Positive,mid,0.001903163217345227,-0.23647068958642728
11811,X032221_029_4,12m,Positive,high,0.0011191719411185604,0.08458190628663698
11816,X032221_037_1,12o,Positive,low,-0.0014828523177252253,0.671197629065335
11816,X032221_037_1,12o,Positive,mid,0.0033527077019265953,0.9152192212920172
11816,X032221_037_1,12o,Positive,high,0.002006824779948059,0.4154843373705539
11826,X032221_057_2,12o,Negative,low,-0.0035096006610925274,0.4385582247978315
11826,X032221_057_2,12o,Negative,mid,-0.001224477264816947,-0.417981885776494
11826,X032221_057_2,12o,Negative,high,-0.000756414029633557,-0.4291784468610504
11834,X032221_066_6,12l,Negative,low,0.0028452051652185398,1.0166458429554834
11834,X032221_066_6,12l,Negative,mid,-0.00282310842282216,0.02246243722997172
11834,X032221_066_6,12l,Negative,high,-0.000735553008389875,0.959757790985996
11843,X032221_091_5,AI,Negative,low,-0.002075582653787621,-0.868977213449646
11843,X032221_091_5,AI,Negative,mid,0.00021249446997376967,-1.1844424833473866
11843,X032221_091_5,AI,Negative,high,-0.0007319496805208433,-0.6271106646196318
11846,X032221_097_4,pu,Negative,low,-0.0006325090071470857,-0.8059177670423282
11846,X032221_097_4,pu,Negative,mid,-0.0035767347486165,0.6286640202821451
11846,X032221_097_4,pu,Negative,high,-0.0028649905898174067,-0.025914217411372314
11852,X032221_111_4,cd,Positive,low,0.0033576963969385136,1.0381113493864653
11852,X032221_111_4,cd,Positive,mid,-0.0023857730579450015,1.2431389221552753
11852,X032221_111_4,cd,Positive,high,0.0003801847077045092,0.16456436537558444
11856,X032221_128_5,AMG,Positive,low,0.0027508966369745274,-0.105991456981519
11856,X032221_128_5,AMG,Positive,mid,0.0014698420506812748,1.6861784397663173
11856,X032221_128_5,AMG,Positive,high,0.001250326100652077,1.961094581941995
11857,X032221_139_3,AMG,Negative,low,-0.00199427378311257,-0.8189696175730132
11857,X032221_139_3,AMG,Negative,mid,-0.0010749261898145234,-0.5432721632749723
11857,X032221_139_3,AMG,Negative,high,-0.0006373513796776403,-0.5405779772510941
11861,X032321_013_6,11ml,Negative,low,0.003663327033755109,1.9349411526949032
11861,X032321_013_6,11ml,Negative,mid,0.00025042039295988285,-0.5133793635941584
11861,X032321_013_6,11ml,Negative,high,-0.0005418356819633641,-0.7544944267007158
11867,X032321_047_6,12o,Negative,low,-0.0018569006442140002,-0.021719239069499113
11867,X032321_047_6,12o,Negative,mid,0.00014191903622263566,-0.8624153998750146
11867,X032321_047_6,12o,Negative,high,-0.0019937177441472762,-0.22149423232618579
11872,X032321_059_2,12o,Positive,low,0.006541992893534293,0.9053540150224295
11872,X032321_059_2,12o,Positive,mid,0.003409996395076119,0.5478220280614711
11872,X032321_059_2,12o,Positive,high,0.0018920178201097446,-0.028503544982127572
11880,X032321_066_4,12l,Negative,low,-0.001770864733264855,1.1219108748728543
11880,X032321_066_4,12l,Negative,mid,-0.0010427144384547338,-0.4095256747207225
11880,X032321_066_4,12l,Negative,high,-0.0014184008351730525,0.60780671796763
11882,X032321_070_2,12o,Positive,low,-0.0005556903535129325,1.475081494556873
11882,X032321_070_2,12o,Positive,mid,0.0017725752911194165,-0.14839102528160655
11882,X032321_070_2,12o,Positive,high,0.0026749307681529825,0.8910492304185662
11895,X032321_107_5,AMG,Negative,low,-0.0005450327507299474,-1.1317988547873055
11895,X032321_107_5,AMG,Negative,mid,-0.0026688288634316992,-0.25496894299503037
11895,X032321_107_5,AMG,Negative,high,-0.00088473983901104,-0.22867760827837313
11898,X032321_119_7,AMG,Negative,low,-0.00029659855617877114,-0.9945566800985479
11898,X032321_119_7,AMG,Negative,mid,-0.0002658188410296521,-0.9187116492012772
11898,X032321_119_7,AMG,Negative,high,-0.00044154270509538253,-0.8333435378931525
11899,X032321_124_3,cd,Negative,low,-0.0010736862293663357,-0.2706351345428227
11899,X032321_124_3,cd,Negative,mid,-0.0010360765075464401,-0.36721640582484644
11899,X032321_124_3,cd,Negative,high,-0.00022746283931150067,-0.5355678167993733
11901,X032321_145_4,cd,Positive,low,0.0005636579912687127,-0.6339175084986632
11901,X032321_145_4,cd,Positive,mid,0.0029070782512427215,1.3264274654953359
11901,X032321_145_4,cd,Positive,high,0.0008455500318213758,-0.035217760405820885
11905,X032421_020_4,12m,Positive,low,0.0008167258407559742,1.6735783209774362
11905,X032421_020_4,12m,Positive,mid,0.002885064484339407,0.44813494543473664
11905,X032421_020_4,12m,Positive,high,0.003361921245118568,0.6012229476386128
11923,X032421_059_3,12o,Positive,low,0.004448060215266677,0.2122644797407599
11923,X032421_059_3,12o,Positive,mid,0.000411877656980799,1.2313554225940437
11923,X032421_059_3,12o,Positive,high,0.0009113345500344205,0.11259171465785048
11927,X032421_062_8,13l,Negative,low,-0.0031330628574350802,-0.8641047055705973
11927,X032421_062_8,13l,Negative,mid,-0.00016948348743843697,0.07165446162794077
11927,X032421_062_8,13l,Negative,high,-0.0006943985966565113,-0.41240642026074337
11929,X032421_066_4,12l,Negative,low,-0.003942417670410044,1.21053481199306
11929,X032421_066_4,12l,Negative,mid,-0.000981174013296938,-0.1876055873537625
11929,X032421_066_4,12l,Negative,high,-0.001490941122034643,0.5849044713968048
11945,X032421_119_3,AMG,Positive,low,-0.0008473697207839827,2.6048914693952994
11945,X032421_119_3,AMG,Positive,mid,0.0019565258977928446,0.551245642405142
11945,X032421_119_3,AMG,Positive,high,0.0014741816169699259,0.7300679128300925
11948,X032421_145_5,cd,Negative,low,0.00010805688888089479,-0.891233565605024
11948,X032421_145_5,cd,Negative,mid,-0.001150524061736964,-0.6783140295707372
11948,X032421_145_5,cd,Negative,high,-0.00033988055078102396,-0.631211610086349
11975,X032521_077_5,12l,Negative,low,-0.000607573240445279,0.05012115596417034
11975,X032521_077_5,12l,Negative,mid,-0.0006893799333209609,-0.2455025920656267
11975,X032521_077_5,12l,Negative,high,-0.00011846613803511256,-0.6200413370687831
11979,X032521_119_1,AMG,Positive,low,0.0032865720214645035,0.9078830829104827
11979,X032521_119_1,AMG,Positive,mid,0.0028218854888734882,0.3814989450036474
11979,X032521_119_1,AMG,Positive,high,0.0023916182821962285,0.6639200874407483
11980,X032521_121_1,AMG,Positive,low,0.007169200130161845,2.105060035010301
11980,X032521_121_1,AMG,Positive,mid,0.002541104591864583,0.9891349955922157
11980,X032521_121_1,AMG,Positive,high,4.260583751736776e-05,-0.26476031261652755
11982,X032521_128_3,AMG,Negative,low,-0.0007258075502315352,-0.5393340855142638
11982,X032521_128_3,AMG,Negative,mid,5.206079676929637e-06,-0.603578774583915
11982,X032521_128_3,AMG,Negative,high,1.336690142004728e-05,-0.5918979269890936
11983,X032521_128_5,AMG,Positive,low,-0.00012182044520622548,0.669842959631129
11983,X032521_128_5,AMG,Positive,mid,0.0018674322209431056,0.5083270920680746
11983,X032521_128_5,AMG,Positive,high,0.002145280131787484,0.19535571692306888
11988,X032621_014_2,11ml,Negative,low,-0.0005738063068929526,0.6690028025718334
11988,X032621_014_2,11ml,Negative,mid,-0.0019220356198733205,0.8354669857720617
11988,X032621_014_2,11ml,Negative,high,-0.0026901068008751386,0.7451560734554245
11989,X032621_014_3,11ml,Positive,low,0.0010576871921696247,1.5040297535017206
11989,X032621_014_3,11ml,Positive,mid,0.0028780532273569364,0.02691273838254513
11989,X032621_014_3,11ml,Positive,high,0.0029756708604022765,-0.0274305936125744
11993,X032621_030_4,13l,Positive,low,0.004229970985496434,0.2563453929521261
11993,X032621_030_4,13l,Positive,mid,0.0038872909842197945,0.19421945819197325
11993,X032621_030_4,13l,Positive,high,0.003583600370387694,0.2131508134232645
11995,X032621_032_2,13m,Negative,low,-0.0004941459140628844,-1.5228600239198338
11995,X032621_032_2,13m,Negative,mid,-0.0015852782199293764,-0.5805848478316368
11995,X032621_032_2,13m,Negative,high,-0.0011779385474503094,0.1411697549973816
12010,X032621_066_4,12l,Negative,low,0.00011433027369739672,-0.9304332333971775
12010,X032621_066_4,12l,Negative,mid,-0.0007998064596044955,-1.0102671605973395
12010,X032621_066_4,12l,Negative,high,-0.0009578060054106105,-0.8792456565006402
12011,X032621_066_5,12l,Negative,low,-0.0011240839776181944,-0.39362569832662975
12011,X032621_066_5,12l,Negative,mid,-0.0031872243374044848,0.13496256948211627
12011,X032621_066_5,12l,Negative,high,-0.0008930735609880049,-0.5057149302220583
12017,X032621_076_6,cd,Positive,low,-0.00024181233880256372,0.8255666603908383
12017,X032621_076_6,cd,Positive,mid,0.00520245172042326,0.07703067111889654
12017,X032621_076_6,cd,Positive,high,0.0015069129764324525,0.4789739760693036
12019,X032621_077_3,12l,Negative,low,-0.000804642637523563,-0.10008235253624544
12019,X032621_077_3,12l,Negative,mid,5.16815422046521e-05,-0.43830456278486774
12019,X032621_077_3,12l,Negative,high,-9.462244621318934e-05,-0.6208012145688252
12024,X032621_100_3,cd,Positive,low,0.0035620826472346615,0.4853318718613781
12024,X032621_100_3,cd,Positive,mid,0.0011637965894922124,-0.5663616702761718
12024,X032621_100_3,cd,Positive,high,0.0026745535761572,0.17273247153258042
12025,X032621_103_2,AI,Positive,low,0.0025934478443719387,0.1876820943360147
12025,X032621_103_2,AI,Positive,mid,0.001844272279224625,-0.7755851569033837
12025,X032621_103_2,AI,Positive,high,0.0009782689619948414,-1.0203785937955099
12027,X032621_119_3,AMG,Positive,low,0.0034903489582381792,2.152860990677419
12027,X032621_119_3,AMG,Positive,mid,0.002598331839156142,0.4418236551583185
12027,X032621_119_3,AMG,Positive,high,0.002050507362229767,0.6420227775904978
12028,X032621_128_5,AMG,Negative,low,2.1811007718390927e-05,-0.4919902069067395
12028,X032621_128_5,AMG,Negative,mid,-3.7584523969925666e-05,-0.550755703359991
12028,X032621_128_5,AMG,Negative,high,-0.0003651643149927586,-0.42778192133256876
12031,X032921_014_1,11ml,Negative,low,-0.002005582165530205,0.7272782639821932
12031,X032921_014_1,11ml,Negative,mid,-0.0030867332149908003,0.9861676162465192
12031,X032921_014_1,11ml,Negative,high,-0.002995272422799133,0.5221261030365985
12033,X032921_016_3,11ml,Positive,low,0.007594336930207015,1.747810695142016
12033,X032921_016_3,11ml,Positive,mid,0.001233840415639282,1.2743235284031775
12033,X032921_016_3,11ml,Positive,high,0.001749899766977904,0.5433800234736336
12034,X032921_021_3,11ml,Negative,low,-0.0038356729756955435,-0.4954571489635204
12034,X032921_021_3,11ml,Negative,mid,-0.0012273730169958957,-0.6214571902977796
12034,X032921_021_3,11ml,Negative,high,-0.0002256294113739047,-0.7241092271693733
12047,X032921_054_1,13m,Positive,low,0.00025416937506081004,-0.22264309735238838
12047,X032921_054_1,13m,Positive,mid,0.0035485629963689902,-0.30087169543677283
12047,X032921_054_1,13m,Positive,high,0.0005863633962888146,0.559632017319602
12054,X032921_076_3,cd,Positive,low,-0.00411940486190735,0.9511859572872972
12054,X032921_076_3,cd,Positive,mid,-0.0022374362914476414,0.147145754524612
12054,X032921_076_3,cd,Positive,high,0.0009127104530044111,0.10974933875988545
12057,X032921_077_6,12l,Negative,low,0.0017702457404176627,0.03560849416364889
12057,X032921_077_6,12l,Negative,mid,-0.00015461397587159258,-0.4567897955324507
12057,X032921_077_6,12l,Negative,high,-3.737865746060444e-05,-0.5502886372477361
12058,X032921_078_2,12o,Negative,low,-0.0023125457060088586,-0.40544309196552064
12058,X032921_078_2,12o,Negative,mid,-0.0019499378098026,0.5863559821123929
12058,X032921_078_2,12o,Negative,high,-0.0016521339736113526,0.833800898861766
12059,X032921_079_2,12o,Positive,low,0.0007055435077236331,0.616114154135531
12059,X032921_079_2,12o,Positive,mid,0.00246894952237923,-0.274729507971721
12059,X032921_079_2,12o,Positive,high,0.0016906022959934362,-0.6409545677610226
12067,X032921_118_2,AMG,Negative,low,3.979837853133324e-05,-0.6551972703478252
12067,X032921_118_2,AMG,Negative,mid,-0.0011064365403763317,0.5405862964751716
12067,X032921_118_2,AMG,Negative,high,-0.001409706926843083,0.1521733245666014
12068,X032921_119_2,AMG,Positive,low,0.005612896009315519,1.5725229049133238
12068,X032921_119_2,AMG,Positive,mid,0.0014550590927476098,0.41849144390116316
12068,X032921_119_2,AMG,Positive,high,0.0014647819929824212,0.6875781734186258
12071,X032921_132_5,AMG,Positive,low,0.0050800440704523815,2.2894025462836076
12071,X032921_132_5,AMG,Positive,mid,0.0024483519350478565,0.47575820454727735
12071,X032921_132_5,AMG,Positive,high,0.0002962154150462713,0.18633931994704706
12073,X032921_138_3,AMG,Positive,low,-7.623997816985155e-05,-0.49791254395132456
12073,X032921_138_3,AMG,Positive,mid,0.0024257483534221363,2.1608519174542877
12073,X032921_138_3,AMG,Positive,high,0.0004434161720513774,0.7210420007862386
12077,X080421_007_2,11ml,Positive,low,0.0012776008946090056,-0.6482504967161564
12077,X080421_007_2,11ml,Positive,mid,0.000857056864834758,1.0301076689992292
12077,X080421_007_2,11ml,Positive,high,0.0012536601062317874,1.5792263219638196
12080,X080421_028_3,46v,Positive,low,0.002025835283842664,0.20745280749643355
12080,X080421_028_3,46v,Positive,mid,-0.001241276333300014,0.7761123776311882
12080,X080421_028_3,46v,Positive,high,0.0032274779398458156,-0.2770615811606934
12090,X080421_053_3,13m,Positive,low,0.0012149807736236793,1.654344760538536
12090,X080421_053_3,13m,Positive,mid,0.0013140511319511825,1.3556166760338324
12090,X080421_053_3,13m,Positive,high,0.0011428523443295325,1.2268522422444603
12102,X080421_067_3,12o,Negative,low,0.0010911303601180723,-0.9055661797591682
12102,X080421_067_3,12o,Negative,mid,-0.0037676022065557054,-0.5679907429120357
12102,X080421_067_3,12o,Negative,high,1.6142196964459153e-05,-0.5198594738609977
12107,X080421_119_1,AMG,Positive,low,0.0023776640609908303,2.1218783405180184
12107,X080421_119_1,AMG,Positive,mid,0.0010280453424849226,1.3719578170141642
12107,X080421_119_1,AMG,Positive,high,0.0008682124165268053,1.3713303247029691
12111,X080421_138_3,AMG,Negative,low,-0.0017859724035036307,-0.6287377016718023
12111,X080421_138_3,AMG,Negative,mid,-0.0014382566478970554,-1.123455454079363
12111,X080421_138_3,AMG,Negative,high,-0.0014645598083285584,-0.9996506495404363
12119,X081821_028_3,46v,Positive,low,0.005294982121133625,1.2177812447418892
12119,X081821_028_3,46v,Positive,mid,0.0025414335949241473,0.7892654020294312
12119,X081821_028_3,46v,Positive,high,0.0019132509733006799,0.15771617438274585
12122,X081821_032_3,13m,Negative,low,-0.005508490930316615,-0.130952831220576
12122,X081821_032_3,13m,Negative,mid,-0.00043820857544225704,0.1636218983087667
12122,X081821_032_3,13m,Negative,high,-0.0012676181756249732,-0.324955724833685
12123,X081821_046_2,12o,Positive,low,0.0008510294844570388,-0.9448266644309742
12123,X081821_046_2,12o,Positive,mid,0.0025058922928933598,-0.654272558196729
12123,X081821_046_2,12o,Positive,high,0.002247812525403767,0.5339762418753252
12125,X081821_054_2,13m,Positive,low,0.004008431821302402,-0.09238357331784684
12125,X081821_054_2,13m,Positive,mid,0.00199454895892189,0.025002322663721967
12125,X081821_054_2,13m,Positive,high,0.000505130152941316,-0.7090066406076244
12127,X081821_055_4,12l,Positive,low,0.0034695055421454096,-0.5439432988674713
12127,X081821_055_4,12l,Positive,mid,0.003508470253005191,-0.07397544942830128
12127,X081821_055_4,12l,Positive,high,0.001980451172260971,-0.30936926092561984
12129,X081821_057_3,12o,Positive,low,-0.002624369578789507,0.5910589377405107
12129,X081821_057_3,12o,Positive,mid,0.0013450382490006428,2.074542547521893
12129,X081821_057_3,12o,Positive,high,0.0011749791608457805,1.8289336212066167
12136,X081821_078_3,12o,Positive,low,0.0068415932190991,1.734948612385367
12136,X081821_078_3,12o,Positive,mid,0.0015938069130834018,0.019473289713800454
12136,X081821_078_3,12o,Positive,high,0.0020568029279971088,-0.23626815105018248
12148,X081821_129_2,AMG,Positive,low,0.005998320144002155,1.4238254547184224
12148,X081821_129_2,AMG,Positive,mid,0.004359648507488234,1.5391581631614246
12148,X081821_129_2,AMG,Positive,high,0.000603591467322525,1.2681155191880098
12150,X081821_141_3,pu,Negative,low,-0.004127885098300333,0.5742410847323695
12150,X081821_141_3,pu,Negative,mid,-0.004805919526968851,-0.035365471695418066
12150,X081821_141_3,pu,Negative,high,-0.001849951592726802,0.20476487178057928
12153,X082321_004_3,12r,Negative,low,-0.001124945792676032,0.22510457157699051
12153,X082321_004_3,12r,Negative,mid,-0.0004972578735451881,-0.46433554438505314
12153,X082321_004_3,12r,Negative,high,-5.0519024220804706e-05,-0.521176200490228
12154,X082321_011_3,12r,Positive,low,-7.381095395544475e-05,1.6377107797565555
12154,X082321_011_3,12r,Positive,mid,0.0015087076352897466,-0.6743115416407188
12154,X082321_011_3,12r,Positive,high,0.0008239781630106271,-0.26084362038298076
12157,X082321_021_2,11ml,Negative,low,-0.0010515414602568663,-0.4143673143061552
12157,X082321_021_2,11ml,Negative,mid,-0.0010136468500970895,-0.7914796889125805
12157,X082321_021_2,11ml,Negative,high,-0.0007022528229406545,-0.8673708027293797
12158,X082321_021_5,11ml,Negative,low,-0.0011346068499902319,-0.922155569746049
12158,X082321_021_5,11ml,Negative,mid,-0.00264302686795217,-0.5132746648786438
12158,X082321_021_5,11ml,Negative,high,-0.0010218475650746108,-0.48518528404472067
12159,X082321_021_6,11ml,Negative,low,0.0006446129869239555,1.2453369342701854
12159,X082321_021_6,11ml,Negative,mid,-0.0014936781162661465,-0.5326839788148983
12159,X082321_021_6,11ml,Negative,high,-0.0014005391617081513,-0.2243707775039385
12166,X082321_039_3,13l,Positive,low,0.002556250773044549,-0.21209001111892514
12166,X082321_039_3,13l,Positive,mid,-0.0014276952315396192,0.0643663432258499
12166,X082321_039_3,13l,Positive,high,0.004771623786772324,0.7701556781049625
12172,X082321_057_3,12o,Positive,low,0.0018882048598241599,0.5022806964350551
12172,X082321_057_3,12o,Positive,mid,-0.00057127429848145,2.616713710315216
12172,X082321_057_3,12o,Positive,high,0.0018978585591478434,0.7440287676754527
12173,X082321_057_4,12o,Positive,low,0.000696515028598136,0.4267765402754369
12173,X082321_057_4,12o,Positive,mid,-0.002618771038917084,0.11243583373500719
12173,X082321_057_4,12o,Positive,high,0.0013318131668507622,0.2786091373483348
12179,X082321_072_2,AI,Negative,low,-0.00154068771367179,-0.2761175527240552
12179,X082321_072_2,AI,Negative,mid,-0.001643567048867948,-0.8089835966969011
12179,X082321_072_2,AI,Negative,high,-0.0024694782243301614,0.27345030901553774
12186,X082321_092_3,AI,Positive,low,0.005231832468236625,1.3412054942613978
12186,X082321_092_3,AI,Positive,mid,9.115561709805258e-05,-0.6056291735583851
12186,X082321_092_3,AI,Positive,high,0.0009289209184050909,-0.8792990583449156
12187,X082321_096_2,pu,Negative,low,0.0023222394998173696,-0.4992144458714916
12187,X082321_096_2,pu,Negative,mid,-0.002289361582356195,-0.529440485109527
12187,X082321_096_2,pu,Negative,high,-0.0018727107949046032,-0.3645965703635224
12189,X082321_098_3,pu,Positive,low,0.0029065647600016505,-0.012375992149449327
12189,X082321_098_3,pu,Positive,mid,0.005408131368098668,1.2285908253277698
12189,X082321_098_3,pu,Positive,high,0.0032861378308377473,0.3604773517524492
12192,X082321_119_3,AMG,Positive,low,0.002118118820486652,2.4840665415003773
12192,X082321_119_3,AMG,Positive,mid,-0.0004341410024060124,1.0165708116108487
12192,X082321_119_3,AMG,Positive,high,-2.962847112216899e-05,0.7118194172664014
12200,X082321_152_5,AMG,Negative,low,-0.0020241550276673135,0.24717059374450645
12200,X082321_152_5,AMG,Negative,mid,-0.003685852598843189,0.297657630882635
12200,X082321_152_5,AMG,Negative,high,-0.0027316804273563844,0.6690808882151952
12202,X082321_154_3,AMG,Positive,low,0.004159345984480011,1.8684903393203576
12202,X082321_154_3,AMG,Positive,mid,0.0018746907026314164,1.449864557003618
12202,X082321_154_3,AMG,Positive,high,0.0014178037708338599,0.7867443036147007
12210,X082621_038_4,13l,Negative,low,-0.0009371739254833477,-0.7216397335430523
12210,X082621_038_4,13l,Negative,mid,0.00014935138383089148,-0.29989891351882864
12210,X082621_038_4,13l,Negative,high,-0.0003272212325119072,-0.28485528827499995
12221,X082621_056_1,12o,Negative,low,-0.004450417765910443,-1.0022328681771189
12221,X082621_056_1,12o,Negative,mid,-0.0008934828752160038,-0.9587130110196385
12221,X082621_056_1,12o,Negative,high,-0.0013338379273195784,-0.8415989561902109
12223,X082621_057_4,12o,Positive,low,0.0063686329980630965,1.419918068760569
12223,X082621_057_4,12o,Positive,mid,0.003502646628123349,0.9739111025407817
12223,X082621_057_4,12o,Positive,high,0.004152835379624208,0.6770243597262037
12224,X082621_058_4,12o,Negative,low,-5.9911969069082266e-05,1.0343874195116431
12224,X082621_058_4,12o,Negative,mid,2.6774103777079535e-05,-0.17375537945478578
12224,X082621_058_4,12o,Negative,high,-0.0011231875279293128,-0.1902982707818375
12226,X082621_066_3,12o,Negative,low,-0.0014991918102509692,-0.7875445432830819
12226,X082621_066_3,12o,Negative,mid,-0.002112530825757182,-0.36059585390937904
12226,X082621_066_3,12o,Negative,high,-0.0013617053864844614,-0.4148323512438548
12227,X082621_066_4,12o,Positive,low,0.0019570985417189215,-0.6023391657966048
12227,X082621_066_4,12o,Positive,mid,0.0036676057006701478,-0.4534801380645279
12227,X082621_066_4,12o,Positive,high,0.000828470704144095,0.33293956912900574
12233,X082621_092_3,AI,Positive,low,0.0009719665187459792,-0.9648059792754654
12233,X082621_092_3,AI,Positive,mid,-0.0005986918107877816,-0.2910632425262523
12233,X082621_092_3,AI,Positive,high,0.0035061018136825924,1.8943012077578292
12235,X082621_096_3,pu,Negative,low,-0.000809445020376608,0.1352552014609145
12235,X082621_096_3,pu,Negative,mid,-0.0015791466233675464,-0.6176134516762418
12235,X082621_096_3,pu,Negative,high,-0.001095074383264728,-1.1157510138291884
12245,X082621_139_1,AMG,Positive,low,0.007199783459592914,1.7616533660136175
12245,X082621_139_1,AMG,Positive,mid,0.0013537546632423764,0.1953330122955421
12245,X082621_139_1,AMG,Positive,high,0.00024533466048712907,-0.6002071975868276
12246,X082621_142_1,AMG,Negative,low,-0.0031280563829586857,-0.593771690784794
12246,X082621_142_1,AMG,Negative,mid,-0.0018733271877027467,-0.7969606037944332
12246,X082621_142_1,AMG,Negative,high,-0.001263884986911042,-0.8302930538943921
12250,X090221_038_4,13l,Negative,low,-0.002132544890466361,-0.5640667688721185
12250,X090221_038_4,13l,Negative,mid,-0.0010587128027754336,-1.0178756146233052
12250,X090221_038_4,13l,Negative,high,-0.0014802680492724683,-0.6345836638834036
12254,X090221_054_1,13m,Positive,low,-0.0022591278937666125,2.5843614879344745
12254,X090221_054_1,13m,Positive,mid,0.002198961316042641,1.230511440853658
12254,X090221_054_1,13m,Positive,high,0.0016274961988941954,0.2568829632596657
12255,X090221_054_4,13m,Positive,low,-0.004488171876473869,1.9178934894167445
12255,X090221_054_4,13m,Positive,mid,0.001120471470508745,0.8387155161423612
12255,X090221_054_4,13m,Positive,high,0.00173718454665778,0.5854567099461787
12258,X090221_057_5,12o,Positive,low,-0.00022099687340868386,0.0964952361353126
12258,X090221_057_5,12o,Positive,mid,0.0003391392710442109,0.48356605839672284
12258,X090221_057_5,12o,Positive,high,0.004431599413923365,1.8912737183086883
12262,X090221_066_2,12o,Positive,low,-0.0004089506966829146,0.6233059957921009
12262,X090221_066_2,12o,Positive,mid,-1.9412629657847427e-05,-0.21426165680545917
12262,X090221_066_2,12o,Positive,high,0.0025133884942512928,1.520029479473482
12263,X090221_069_4,12o,Positive,low,0.0037745826121894405,0.34027974667669136
12263,X090221_069_4,12o,Positive,mid,-0.00027377520178917546,-0.11325648554388477
12263,X090221_069_4,12o,Positive,high,0.0005719918527785303,0.5571061183703124
12264,X090221_074_2,13m,Negative,low,-0.004133008773565285,0.4514522006651526
12264,X090221_074_2,13m,Negative,mid,-0.0022005957809459894,-0.2894738713018255
12264,X090221_074_2,13m,Negative,high,-0.0016047592554257388,-0.2851849332817531
12270,X090221_092_5,AI,Positive,low,0.002486754613994917,-0.29928765913642813
12270,X090221_092_5,AI,Positive,mid,0.0018286757932373656,-0.3460511530804899
12270,X090221_092_5,AI,Positive,high,0.0010543781198254073,-0.45981012604597604
12276,X090221_141_3,pu,Positive,low,-0.0011081355251828513,-0.01386788739945225
12276,X090221_141_3,pu,Positive,mid,-8.750478968400328e-05,-0.5180276538475499
12276,X090221_141_3,pu,Positive,high,0.002037108813145239,0.5745618068006823
12277,X090221_141_5,pu,Positive,low,0.004260120976055413,-0.7316933173047822
12277,X090221_141_5,pu,Positive,mid,0.0022396651875400244,-0.36950350839825974
12277,X090221_141_5,pu,Positive,high,3.76039496670128e-06,1.4563786573894013
12278,X090221_141_8,pu,Positive,low,0.0022830871325194117,-0.3840040628629397
12278,X090221_141_8,pu,Positive,mid,0.0008473144295902305,0.7646649296290107
12278,X090221_141_8,pu,Positive,high,0.0014224433775631502,2.844398286497335
12282,X090921_004_1,12r,Positive,low,0.00017352657702452594,1.2609882752679151
12282,X090921_004_1,12r,Positive,mid,0.0017663779063658114,1.943278701650521
12282,X090921_004_1,12r,Positive,high,0.0027310538862026063,0.36454037303807557
12289,X090921_050_3,13l,Positive,low,0.00358445497211028,0.7034841828457329
12289,X090921_050_3,13l,Positive,mid,9.20685011288055e-05,0.26444822883298513
12289,X090921_050_3,13l,Positive,high,0.00106974600119584,0.6924384227719859
12293,X090921_067_2,12o,Positive,low,0.004184516820333192,0.935688139066594
12293,X090921_067_2,12o,Positive,mid,0.0032316792203421654,-0.1327999418587786
12293,X090921_067_2,12o,Positive,high,0.001369442808039025,-0.7237005789644905
12297,X090921_079_1,12o,Positive,low,0.002882617328128847,-0.7356941542214716
12297,X090921_079_1,12o,Positive,mid,0.0011938710038218146,0.23202826690690798
12297,X090921_079_1,12o,Positive,high,0.002497578971271186,-0.59356006149965
12303,X090921_119_3,AMG,Positive,low,0.0006085294406511168,0.02140169943831613
12303,X090921_119_3,AMG,Positive,mid,0.0012639788265529426,1.7631928655946512
12303,X090921_119_3,AMG,Positive,high,0.0025041025868527272,0.4639710554921459
12306,X090921_142_3,AMG,Negative,low,-0.0027831991381710576,0.719378523950073
12306,X090921_142_3,AMG,Negative,mid,0.000330732327403263,-0.4531382841310664
12306,X090921_142_3,AMG,Negative,high,-0.002361015495152262,-0.17068833708391212
12313,X091020_028_7,12o,Positive,low,0.003482158596282518,0.7043232769083957
12313,X091020_028_7,12o,Positive,mid,0.0020746438410278204,0.20747737660880097
12313,X091020_028_7,12o,Positive,high,0.0026015480296561373,0.19256303786995904
12331,X091020_078_3,8A,Positive,low,0.002342001828509925,2.0737519689685295
12331,X091020_078_3,8A,Positive,mid,0.0037707628344246223,1.2012071282340961
12331,X091020_078_3,8A,Positive,high,0.0003313750988708406,-0.21868922919834563
12334,X091020_091_2,45,Positive,low,0.0018382240137267297,-0.11745565103215108
12334,X091020_091_2,45,Positive,mid,0.005161832627995712,0.10087953903053742
12334,X091020_091_2,45,Positive,high,0.003966912747704719,0.5595654542602447
12337,X091020_108_3,6DR,Negative,low,-0.0021715572249475347,1.0912064243165758
12337,X091020_108_3,6DR,Negative,mid,-0.0033971191278330437,-0.6380482095273555
12337,X091020_108_3,6DR,Negative,high,-0.001176637919813531,-1.3631938981533844
12339,X091020_122_3,6DC,Positive,low,-0.0016216471251565606,-0.2625173305761001
12339,X091020_122_3,6DC,Positive,mid,0.0062509935921117735,0.49637163458965383
12339,X091020_122_3,6DC,Positive,high,0.00251786599657605,1.0203753838186989
12342,X091020_135_3,6DC,Negative,low,-0.0022354746625218133,0.48466099124603645
12342,X091020_135_3,6DC,Negative,mid,-0.0011006603471368556,-0.34283790257782637
12342,X091020_135_3,6DC,Negative,high,-0.00013276037089154466,-0.8051023267073163
12346,X091020_147_8,6DC,Negative,low,-0.0017459995105620683,-1.4113110152139838
12346,X091020_147_8,6DC,Negative,mid,-0.0004884832412607516,-0.10214011067719804
12346,X091020_147_8,6DC,Negative,high,3.2869805411026423e-06,0.3486960738585075
12351,X091120_028_2,12o,Positive,low,0.0029083138594776185,0.08559856935095866
12351,X091120_028_2,12o,Positive,mid,0.0019585980055192055,-0.19015425672760844
12351,X091120_028_2,12o,Positive,high,0.003302771009760494,0.692907371429243
12360,X091120_047_2,12o,Positive,low,0.00046907314002661484,1.2045544362231817
12360,X091120_047_2,12o,Positive,mid,0.0002898824997863827,1.2956606088680356
12360,X091120_047_2,12o,Positive,high,0.001988350847325034,2.1329194741717195
12367,X091120_065_1,6DR,Positive,low,-4.810138732706415e-05,0.6961820841003318
12367,X091120_065_1,6DR,Positive,mid,0.00039724727882636606,1.0073354894329427
12367,X091120_065_1,6DR,Positive,high,0.0011427662310740975,0.7687052500723999
12368,X091120_074_2,8B,Negative,low,-0.00021637373019776067,-0.94583221751586
12368,X091120_074_2,8B,Negative,mid,0.0019685982380769572,-0.40179406629004416
12368,X091120_074_2,8B,Negative,high,-0.0014876987560453019,-0.3575230935159815
12369,X091120_078_2,8A,Positive,low,0.004879500658370798,2.184265008022677
12369,X091120_078_2,8A,Positive,mid,0.0009973450244863816,1.1084429598390164
12369,X091120_078_2,8A,Positive,high,0.0017792492692350254,0.6888531292486508
12380,X091120_121_6,6DC,Positive,low,0.0007885910362766273,-0.4620860467932982
12380,X091120_121_6,6DC,Positive,mid,-0.0002092811616790614,0.16647239170500547
12380,X091120_121_6,6DC,Positive,high,0.002151554606292713,0.7732565315092019
12382,X091120_129_2,6DC,Positive,low,0.0021020226771242944,-0.03229892007795824
12382,X091120_129_2,6DC,Positive,mid,-0.000838400787305976,0.2163293624897069
12382,X091120_129_2,6DC,Positive,high,0.0012415602234500248,-0.25402920318557454
12384,X091120_133_3,6DC,Positive,low,0.0009540514942794457,-1.1881043724529754
12384,X091120_133_3,6DC,Positive,mid,0.001277559010941813,0.36265729162175697
12384,X091120_133_3,6DC,Positive,high,0.0032263665652806045,1.0055355378139932
12386,X091120_135_3,6DC,Positive,low,1.1792654037189389e-05,-1.1854376641726632
12386,X091120_135_3,6DC,Positive,mid,0.0018369947099225957,0.45425359241063157
12386,X091120_135_3,6DC,Positive,high,0.002017816385737112,0.7781700663440574
12388,X091120_139_3,6DC,Negative,low,-0.00254880485609197,0.33514864459175137
12388,X091120_139_3,6DC,Negative,mid,0.0005123716130928809,-0.5061599785632868
12388,X091120_139_3,6DC,Negative,high,-0.0021238990227191224,-0.00582363340663127
12389,X091120_139_4,6DC,Negative,low,-0.00013973836020363372,-0.05904961316637112
12389,X091120_139_4,6DC,Negative,mid,-0.0014946517065348155,-0.07133096485660596
12389,X091120_139_4,6DC,Negative,high,-0.001465682121830187,-0.08957863220566893
12393,X091120_147_3,6DC,Negative,low,0.004521895646259005,0.34573702462104317
12393,X091120_147_3,6DC,Negative,mid,0.002130065070294216,-1.1154162058492072
12393,X091120_147_3,6DC,Negative,high,-0.002529052418569143,-0.32373417823260864
12394,X091520_003_6,12r,Positive,low,-0.002926767483671493,2.313206827085149
12394,X091520_003_6,12r,Positive,mid,0.0024797501930238198,1.7100699210722317
12394,X091520_003_6,12r,Positive,high,0.002093044830003021,0.11506962839641086
12401,X091520_022_2,46df,Negative,low,-0.0035895856444354943,-0.427685292837475
12401,X091520_022_2,46df,Negative,mid,-0.0011738628410036226,-0.7070060887570786
12401,X091520_022_2,46df,Negative,high,-0.0009663472072811178,-0.6917115976528796
12402,X091520_022_7,46df,Positive,low,-0.0013734742114460186,0.4268046924704918
12402,X091520_022_7,46df,Positive,mid,0.004224752676104096,1.4036857401068863
12402,X091520_022_7,46df,Positive,high,0.0017550997120160431,0.0849666115938269
12405,X091520_038_3,13l,Positive,low,0.0011348684256207375,-0.31454727933168747
12405,X091520_038_3,13l,Positive,mid,0.004230683982250548,0.5599834644100079
12405,X091520_038_3,13l,Positive,high,0.004925120808951315,0.78527066434622
12407,X091520_045_5,12o,Positive,low,0.002594793309102676,0.6710053967287184
12407,X091520_045_5,12o,Positive,mid,0.0007585284114170332,1.0506587031188137
12407,X091520_045_5,12o,Positive,high,0.0011901588853219798,0.6595139479111204
12417,X091520_066_2,45,Negative,low,0.0022439533604461663,0.885353552438472
12417,X091520_066_2,45,Negative,mid,-0.00015604785468132775,-0.9988698885960507
12417,X091520_066_2,45,Negative,high,-0.0014952264852266146,-0.7819560170266623
12421,X091520_073_7,8B,Positive,low,-0.0011873015515886543,-0.6302376254624416
12421,X091520_073_7,8B,Positive,mid,0.0006147058087573753,-0.09551545231062268
12421,X091520_073_7,8B,Positive,high,0.0038194529974694157,0.09992488388594095
12427,X091520_104_1,8A,Positive,low,0.002889483559392984,0.6023011175302433
12427,X091520_104_1,8A,Positive,mid,0.002722474042671742,0.1514924114677333
12427,X091520_104_1,8A,Positive,high,0.0023583623871634997,0.8650275148488519
12439,X091520_139_2,6DC,Positive,low,0.0014095459756355354,-0.9140337932461287
12439,X091520_139_2,6DC,Positive,mid,0.003146958931370672,1.1857270278275236
12439,X091520_139_2,6DC,Positive,high,0.002879511046161857,1.3943041083271215
12445,X091521_031_3,13l,Positive,low,0.0025125447208756506,1.4083748894477086
12445,X091521_031_3,13l,Positive,mid,-9.72982573441563e-05,0.611040473801134
12445,X091521_031_3,13l,Positive,high,0.0029962390475531814,0.4411171543603773
12462,X091521_093_2,AI,Positive,low,0.0044136284033483575,1.8559628882245494
12462,X091521_093_2,AI,Positive,mid,0.003197893869699471,-0.06724888273048371
12462,X091521_093_2,AI,Positive,high,0.0005826820116296256,-0.6511243140935501
12466,X091521_110_1,cd,Positive,low,-0.00125087400429322,0.9736671494614463
12466,X091521_110_1,cd,Positive,mid,0.00010887714045976011,2.0544581889312794
12466,X091521_110_1,cd,Positive,high,0.001821379542278941,1.0467678406175083
12467,X091521_110_3,cd,Positive,low,0.0014412022973750783,0.16182020857361473
12467,X091521_110_3,cd,Positive,mid,0.0024146483525438905,-0.7435517316225438
12467,X091521_110_3,cd,Positive,high,0.0009425308499701788,-0.4005094321627486
12472,X091620_003_3,12r,Positive,low,-0.001857160232588029,0.9851222208533715
12472,X091620_003_3,12r,Positive,mid,0.006399467326408781,1.7442315150642715
12472,X091620_003_3,12r,Positive,high,0.0008644953550450544,0.026959418318608812
12473,X091620_003_5,12r,Positive,low,0.0007738780746724738,0.59635744990158
12473,X091620_003_5,12r,Positive,mid,0.0018808191590888633,1.29574987721225
12473,X091620_003_5,12r,Positive,high,0.001900953100204496,0.1485863367219971
12484,X091620_038_2,13l,Negative,low,-1.0138735742756487e-05,-1.0072835870768981
12484,X091620_038_2,13l,Negative,mid,0.002496995262558159,0.48360749158641003
12484,X091620_038_2,13l,Negative,high,-0.0008055360073246272,-0.7549421917926056
12490,X091620_053_3,8B,Positive,low,-0.0008086090333977734,-0.2376798089287532
12490,X091620_053_3,8B,Positive,mid,0.0029865026503191625,1.404678736725038
12490,X091620_053_3,8B,Positive,high,-1.66318165308425e-05,0.9268903499732597
12494,X091620_055_6,12l,Negative,low,-0.0027876346225429436,0.8174035121817893
12494,X091620_055_6,12l,Negative,mid,-0.0014932810274802036,0.8106375927610723
12494,X091620_055_6,12l,Negative,high,-0.0009338352385482098,0.35841183673095317
12495,X091620_056_3,45,Positive,low,0.006280206394527985,1.0438061025736605
12495,X091620_056_3,45,Positive,mid,0.00611692807234843,1.0274161815247382
12495,X091620_056_3,45,Positive,high,0.001985336318236419,0.36856727967112696
12500,X091620_065_7,6DR,Negative,low,-0.0013608476476276398,-0.6218958763503888
12500,X091620_065_7,6DR,Negative,mid,-0.0010853387631498666,-0.40800466766687865
12500,X091620_065_7,6DR,Negative,high,-0.002561275007747567,-0.30942582304036625
12501,X091620_065_8,6DR,Positive,low,0.003797262360821521,0.6728214086482794
12501,X091620_065_8,6DR,Positive,mid,0.0020850198159221857,1.1889427204263054
12501,X091620_065_8,6DR,Positive,high,0.0014515351711800587,1.1121526735644174
12505,X091620_085_3,8B,Positive,low,-0.0005311538108405761,-0.4118764403089416
12505,X091620_085_3,8B,Positive,mid,0.0017139373489718788,-0.5882209635644378
12505,X091620_085_3,8B,Positive,high,0.0006790036105594825,-0.6123613035321831
12506,X091620_085_4,8B,Negative,low,0.0017966459162932498,-0.07377673026225444
12506,X091620_085_4,8B,Negative,mid,0.00014697509050989183,0.8024224216740627
12506,X091620_085_4,8B,Negative,high,-0.0015005907834792999,-0.81699558943758
12513,X091620_111_2,6DR,Positive,low,0.0034314628931711865,-0.8549054091243838
12513,X091620_111_2,6DR,Positive,mid,0.0075920058997158875,0.5898032631115296
12513,X091620_111_2,6DR,Positive,high,0.0008351214297498468,-0.9688507108739925
12519,X091620_129_1,6DC,Negative,low,-0.0015124490624998227,0.25573175992915864
12519,X091620_129_1,6DC,Negative,mid,-0.0017783360876250866,-0.4133653219536678
12519,X091620_129_1,6DC,Negative,high,-0.0006418087123363583,-1.6253838570859784
12520,X091620_129_4,6DC,Negative,low,-0.0011402905668740364,-0.5568382728553553
12520,X091620_129_4,6DC,Negative,mid,-0.00038360765536132077,-0.8076326724036462
12520,X091620_129_4,6DC,Negative,high,-0.0012744232470011008,-0.6854782959883304
12523,X091620_138_2,6VaVb,Positive,low,0.0009045261426784256,-0.12855147479563803
12523,X091620_138_2,6VaVb,Positive,mid,0.0009862239831152533,-0.10184841323179036
12523,X091620_138_2,6VaVb,Positive,high,0.0013800415905369865,1.0744052872483227
12526,X091620_143_3,6DC,Negative,low,-0.0035126796485162315,-0.058415301218117506
12526,X091620_143_3,6DC,Negative,mid,-0.002089539089368135,0.22152654571567315
12526,X091620_143_3,6DC,Negative,high,-0.0020272055348604656,-0.1950152935702338
12531,X091620_145_4,6DC,Positive,low,-0.0017329253429328709,-1.5656608060783337
12531,X091620_145_4,6DC,Positive,mid,0.0015147666756247674,0.3125910847436796
12531,X091620_145_4,6DC,Positive,high,0.0008647312438399492,1.1986496934478177
12533,X091720_006_4,46d,Positive,low,0.0027420591781427794,0.5950728371103946
12533,X091720_006_4,46d,Positive,mid,0.0009215402425791899,-0.2589638184659867
12533,X091720_006_4,46d,Positive,high,0.0015059668370770779,0.6285875754275153
12536,X091720_011_4,12r,Positive,low,-0.0060238389857586744,1.8027799875508783
12536,X091720_011_4,12r,Positive,mid,0.0028384031324036434,0.9860033584550312
12536,X091720_011_4,12r,Positive,high,0.0005541155829393633,0.6625693564407044
12543,X091720_038_1,13l,Positive,low,0.0005088744654124715,0.49200092250645505
12543,X091720_038_1,13l,Positive,mid,0.002785463091659816,0.8476390718511878
12543,X091720_038_1,13l,Positive,high,0.002030396732131262,1.6564331302626953
12551,X091720_065_4,6DR,Positive,low,6.987184869063349e-05,1.1758476087510488
12551,X091720_065_4,6DR,Positive,mid,0.0020422114217691985,0.6775827242914563
12551,X091720_065_4,6DR,Positive,high,0.0018720283359040391,0.02675497216407284
12552,X091720_065_5,6DR,Positive,low,0.0010315065824971434,-0.06542351255782208
12552,X091720_065_5,6DR,Positive,mid,0.0015259530427305641,-0.36327776496952163
12552,X091720_065_5,6DR,Positive,high,0.0013448410275087041,1.1315407509576163
12553,X091720_067_3,45,Negative,low,7.317951335800338e-19,-0.6460363864898682
12553,X091720_067_3,45,Negative,mid,-0.0013700913365443771,-0.4878016390935355
12553,X091720_067_3,45,Negative,high,-0.00044859867346113254,-0.21908420473709084
12571,X091720_139_3,6DC,Negative,low,-0.0011563693425867424,-0.9331277669368687
12571,X091720_139_3,6DC,Negative,mid,-0.0008464158562749494,-0.9055648339221164
12571,X091720_139_3,6DC,Negative,high,-0.0017011113417186854,-0.5551764469255945
12574,X091720_143_4,6DC,Negative,low,-0.0004425331903449886,1.4151904290904618
12574,X091720_143_4,6DC,Negative,mid,-0.0009198154094669649,0.7769143508472937
12574,X091720_143_4,6DC,Negative,high,-0.0014437379070084608,0.32045436136737565
12576,X091720_144_2,6DC,Positive,low,0.0034769493653916696,1.4299897836238848
12576,X091720_144_2,6DC,Positive,mid,0.002216919782228598,0.7803792128155247
12576,X091720_144_2,6DC,Positive,high,0.0006359771754985365,-0.7190312752112771
12583,X091820_011_6,12r,Positive,low,-0.002890772903305282,1.0795221940154045
12583,X091820_011_6,12r,Positive,mid,0.0016226546441756244,0.47423043129204895
12583,X091820_011_6,12r,Positive,high,0.0020768543895510055,0.7460745441325988
12586,X091820_015_3,46df,Positive,low,0.0007678516638528241,-0.41892629017907745
12586,X091820_015_3,46df,Positive,mid,0.004672210033075917,-0.15347491840703317
12586,X091820_015_3,46df,Positive,high,0.002629657212892113,0.13388624883485253
12599,X091820_058_3,46v,Positive,low,0.0009403345918637078,-0.901368074577779
12599,X091820_058_3,46v,Positive,mid,0.0036249665857572603,1.0657867975052626
12599,X091820_058_3,46v,Positive,high,0.0020374798275545427,2.4441361030604
12600,X091820_058_4,46v,Negative,low,-0.002543281046993258,-1.2230374891699884
12600,X091820_058_4,46v,Negative,mid,-0.003067473586920562,0.074956657244094
12600,X091820_058_4,46v,Negative,high,-0.000899491590737668,-0.6506559784321142
12601,X091820_062_2,46d,Negative,low,0.0015580440561408927,-0.31828960236697534
12601,X091820_062_2,46d,Negative,mid,-0.0012876741607629602,-1.2183907211521103
12601,X091820_062_2,46d,Negative,high,-0.0008440034528447373,-1.1992756165997955
12604,X091820_067_2,45,Negative,low,-0.0018428809989559651,-0.4323586534130342
12604,X091820_067_2,45,Negative,mid,-0.0014713690308938506,-0.3975913832860979
12604,X091820_067_2,45,Negative,high,-0.0007917106772352007,-0.7197489257957693
12605,X091820_073_2,8B,Positive,low,0.002149451392332824,-0.6081311923700435
12605,X091820_073_2,8B,Positive,mid,0.00125908135935675,-0.7215497358864833
12605,X091820_073_2,8B,Positive,high,0.0013732587787059264,-0.5770058198812605
12606,X091820_073_3,8B,Positive,low,0.0016181079817249532,-0.46830657152974275
12606,X091820_073_3,8B,Positive,mid,0.0006191220986138535,-0.3110933050274723
12606,X091820_073_3,8B,Positive,high,0.0010646642813739505,0.11277399170175341
12614,X091820_101_2,6VaVb,Positive,low,0.0005138152858025016,0.6686447864265093
12614,X091820_101_2,6VaVb,Positive,mid,0.0033447671899627454,1.2683028797688778
12614,X091820_101_2,6VaVb,Positive,high,0.003220335185552842,1.2276813443161287
12615,X091820_101_3,6VaVb,Positive,low,0.0037924766846821126,1.1099167581083573
12615,X091820_101_3,6VaVb,Positive,mid,0.0007155286449043597,1.4673928685374744
12615,X091820_101_3,6VaVb,Positive,high,0.002296915633763748,-0.07584172731711716
12620,X091820_111_4,6DR,Negative,low,-0.001983632696020299,-0.22086034227974602
12620,X091820_111_4,6DR,Negative,mid,-0.0011204898517849524,0.05546363566679796
12620,X091820_111_4,6DR,Negative,high,-0.0027900354846081585,0.5525089493066647
12629,X091820_140_3,6DC,Positive,low,0.0038445238207065885,0.28464594355996653
12629,X091820_140_3,6DC,Positive,mid,0.003123980577078237,1.0151706707476718
12629,X091820_140_3,6DC,Positive,high,0.004045280795794167,0.7422041685299905
12630,X091820_144_2,6DC,Positive,low,0.0037548689746382,0.7072802371374128
12630,X091820_144_2,6DC,Positive,mid,0.001723835246581647,1.3327980737717893
12630,X091820_144_2,6DC,Positive,high,0.0016338306349649616,0.07665992005783971
12632,X091820_144_6,6DC,Positive,low,0.0032635551120263006,1.0447640189635234
12632,X091820_144_6,6DC,Positive,mid,0.0017000021095300718,0.38082241756162033
12632,X091820_144_6,6DC,Positive,high,0.0019932984009614686,-1.0276074855280002
12636,X092120_003_5,12r,Positive,low,-0.00021526343166388908,1.5878193137513321
12636,X092120_003_5,12r,Positive,mid,0.001313875997712138,1.3153024951023935
12636,X092120_003_5,12r,Positive,high,0.0010053132631098565,0.1047046558959363
12637,X092120_011_2,12r,Positive,low,0.0012580235928070164,-0.15441280188730078
12637,X092120_011_2,12r,Positive,mid,0.0007365243707730442,1.3811799318416542
12637,X092120_011_2,12r,Positive,high,0.002792976880588732,2.1553453288340134
12641,X092120_013_2,46v,Positive,low,0.0031686040818312,0.8667482365691375
12641,X092120_013_2,46v,Positive,mid,0.002577595372686666,0.7038122157871525
12641,X092120_013_2,46v,Positive,high,0.004104955881040089,0.10265456699919631
12646,X092120_038_3,13l,Negative,low,-0.00296425951309463,1.188745410603079
12646,X092120_038_3,13l,Negative,mid,-0.0012049109506804135,-0.20959614826314102
12646,X092120_038_3,13l,Negative,high,-0.002602830633506662,-0.47526802082129227
12659,X092120_056_2,45,Negative,low,0.0006032574838160516,0.09429319108799161
12659,X092120_056_2,45,Negative,mid,-0.0014370353271033914,-0.8207893256414155
12659,X092120_056_2,45,Negative,high,-0.0018513913361592987,-0.614244962743361
12660,X092120_064_2,8B,Negative,low,-0.0003574854462826328,-1.0996839497331374
12660,X092120_064_2,8B,Negative,mid,-0.001765322011539853,-0.8509144670749935
12660,X092120_064_2,8B,Negative,high,-0.002151181377741428,-0.2441700034462591
12661,X092120_066_3,12l,Positive,low,0.0015426420741648402,0.724117012871135
12661,X092120_066_3,12l,Positive,mid,-0.0031247058626912376,0.5308546005962157
12661,X092120_066_3,12l,Positive,high,0.0017787957250165185,1.187730962208634
12666,X092120_077_2,12l,Positive,low,-0.0005027518703316516,0.6264585026442236
12666,X092120_077_2,12l,Positive,mid,0.003926791677351448,0.6423518479229904
12666,X092120_077_2,12l,Positive,high,0.0010285254840899961,0.2747701305773454
12668,X092120_081_3,46v,Positive,low,0.0002614234909066413,-0.924659516569382
12668,X092120_081_3,46v,Positive,mid,0.0011077910690235134,0.6803883257726464
12668,X092120_081_3,46v,Positive,high,0.004644403084411176,2.197691673347835
12670,X092120_086_2,6DR,Positive,low,0.008348734321487531,1.1422707416007167
12670,X092120_086_2,6DR,Positive,mid,-0.00019824269462581529,0.06518509019333396
12670,X092120_086_2,6DR,Positive,high,0.0017791983065559578,-0.4471755329133654
12672,X092120_091_1,45,Negative,low,-0.001515628613310462,-1.3158684508772738
12672,X092120_091_1,45,Negative,mid,-0.0011267210262310698,-0.184752217642715
12672,X092120_091_1,45,Negative,high,-0.0016763565331742983,0.3584442642375162
12676,X092120_101_2,6VaVb,Negative,low,6.221995394963887e-05,-0.8835264732952721
12676,X092120_101_2,6VaVb,Negative,mid,0.0007968094094002664,-1.0350196508321905
12676,X092120_101_2,6VaVb,Negative,high,-0.00019282530021255033,-1.044542448096188
12680,X092120_116_1,6DC,Negative,low,-0.001029941747500738,-0.5572653977421598
12680,X092120_116_1,6DC,Negative,mid,-0.002261547276914685,-0.25635711609067463
12680,X092120_116_1,6DC,Negative,high,-0.002219404945341628,-0.2034694770937584
12687,X092120_138_2,6VaVb,Negative,low,-0.00030544698044012396,-0.13365758178750217
12687,X092120_138_2,6VaVb,Negative,mid,0.0006340293558091417,-0.5749283507377697
12687,X092120_138_2,6VaVb,Negative,high,-0.0016696985750548799,-0.2732547399814174
12691,X092120_144_3,6DC,Negative,low,-0.00351141991507509,-0.19164261561659585
12691,X092120_144_3,6DC,Negative,mid,0.0004974680621853022,-0.18360760490725378
12691,X092120_144_3,6DC,Negative,high,-0.0003224636409340159,-0.6227566217027369
12693,X092320_003_3,12r,Positive,low,0.005663672351027049,1.0193642066933444
12693,X092320_003_3,12r,Positive,mid,0.0007886294678623591,1.2584222052649234
12693,X092320_003_3,12r,Positive,high,0.0012135693413038674,0.37257353710370933
12694,X092320_007_3,46d,Negative,low,0.0024164750111675642,0.11813115039700875
12694,X092320_007_3,46d,Negative,mid,-0.001352875047217332,-0.348719695087107
12694,X092320_007_3,46d,Negative,high,-0.0019344477278106318,-0.6879998123251316
12696,X092320_011_6,12r,Positive,low,0.003467788587927163,2.9725839990546024
12696,X092320_011_6,12r,Positive,mid,-0.00166939099313427,0.09012855367658322
12696,X092320_011_6,12r,Positive,high,0.0008027574358857901,-0.24423827103551435
12697,X092320_011_7,12r,Positive,low,0.004754150582587841,1.2318307918600255
12697,X092320_011_7,12r,Positive,mid,-0.0002924214983794882,1.6301155533151896
12697,X092320_011_7,12r,Positive,high,0.002834457160371697,0.894091479881328
12700,X092320_012_4,46v,Negative,low,-0.00345723741996101,-0.12772375473616251
12700,X092320_012_4,46v,Negative,mid,-0.0017256431751189476,-0.4765332283796169
12700,X092320_012_4,46v,Negative,high,-0.00036617615534668133,-0.418867566691655
12707,X092320_041_3,46df,Positive,low,0.004419948444109146,0.7622328465355067
12707,X092320_041_3,46df,Positive,mid,0.00185658156902716,0.39788317987183963
12707,X092320_041_3,46df,Positive,high,0.001977003751520418,0.5241821738388645
12709,X092320_042_3,46df,Negative,low,-0.000831188398519013,-0.11273494270284809
12709,X092320_042_3,46df,Negative,mid,-0.0016921192336857782,0.6931054162360517
12709,X092320_042_3,46df,Negative,high,0.00021399412166828256,1.0937648106137052
12711,X092320_058_5,46v,Negative,low,-0.004689168950234727,-0.24141211652223288
12711,X092320_058_5,46v,Negative,mid,-0.0019958462737776697,-0.8168509676587611
12711,X092320_058_5,46v,Negative,high,-0.002766757853064258,-0.9179132504213583
12715,X092320_073_2,8B,Negative,low,-0.0009413039313720905,0.7845281111866781
12715,X092320_073_2,8B,Negative,mid,-0.0012178717460949232,0.18389728815975087
12715,X092320_073_2,8B,Negative,high,6.645153511593333e-05,-0.37461292277556685
12716,X092320_077_3,12l,Positive,low,-0.0023070098892354384,-0.15843650252370786
12716,X092320_077_3,12l,Positive,mid,0.0013616384097125819,0.4210899538374483
12716,X092320_077_3,12l,Positive,high,0.0013375254462024055,-0.30235428600680525
12717,X092320_078_1,45,Negative,low,-0.0022111230198230887,-1.221275086410827
12717,X092320_078_1,45,Negative,mid,-0.00302363105189247,-0.9248375394279404
12717,X092320_078_1,45,Negative,high,-0.0006391822214930559,-0.8548725542926947
12721,X092320_084_4,8B,Positive,low,0.004922604830101637,-0.2633391382295124
12721,X092320_084_4,8B,Positive,mid,0.005853534124805586,-0.24319490019275425
12721,X092320_084_4,8B,Positive,high,0.002396483503237957,1.3245705093897122
12723,X092320_088_3,24c,Negative,low,0.002281275046141253,-0.34285683387862564
12723,X092320_088_3,24c,Negative,mid,-0.006110577211824727,-0.1926160694352551
12723,X092320_088_3,24c,Negative,high,-0.00222196865027817,-1.1481744326688288
12725,X092320_091_3,45,Negative,low,0.000784711337957213,-0.7555710150179966
12725,X092320_091_3,45,Negative,mid,-0.002087093035813469,-0.6040114491555408
12725,X092320_091_3,45,Negative,high,-0.001420508686724441,0.011850128989328955
12729,X092320_099_2,24c,Negative,low,-0.00021641373935489967,-0.9731645753697032
12729,X092320_099_2,24c,Negative,mid,0.00020420550633701295,-0.48643489361751496
12729,X092320_099_2,24c,Negative,high,-0.004235245805999156,0.7323726450826061
12735,X092320_114_3,6VaVb,Positive,low,0.0019134990740311596,-0.32163478052508476
12735,X092320_114_3,6VaVb,Positive,mid,0.002252016795553658,-0.12252220013465565
12735,X092320_114_3,6VaVb,Positive,high,0.0029176328207040215,-0.9508639281211164
12764,X092520_057_2,46v,Negative,low,-0.0014697562008806613,-0.09153227383168584
12764,X092520_057_2,46v,Negative,mid,-0.0016420729179107757,-0.6747890335016461
12764,X092520_057_2,46v,Negative,high,-0.0005665965131440534,-0.7954219937721227
12766,X092520_063_3,8B,Negative,low,0.0011637342993355926,-0.5769471382279067
12766,X092520_063_3,8B,Negative,mid,0.0014498005421196987,0.5477244193152758
12766,X092520_063_3,8B,Negative,high,-0.002540021816814855,0.36145553392545626
12771,X092520_079_2,45,Positive,low,0.0005804727660720053,-0.11440839292868947
12771,X092520_079_2,45,Positive,mid,0.005027960729323095,0.394996900080057
12771,X092520_079_2,45,Positive,high,0.0013561522922410812,-0.27685962282482923
12775,X092520_091_2,45,Positive,low,-0.0009015437657134137,-0.6943218893512538
12775,X092520_091_2,45,Positive,mid,0.0036701461970113096,0.5702303779069737
12775,X092520_091_2,45,Positive,high,0.002317432939978974,0.4360515644023049
12783,X092520_109_3,6DR,Positive,low,-0.0023564360894350084,-1.8896479898205216
12783,X092520_109_3,6DR,Positive,mid,-0.0019005973016615063,0.2758824358940839
12783,X092520_109_3,6DR,Positive,high,0.0016290782278656503,1.9766652072328894
12789,X092520_128_2,6VaVb,Positive,low,0.0014858808120417463,1.4214118323544545
12789,X092520_128_2,6VaVb,Positive,mid,0.0017109113697548084,0.6485149841093165
12789,X092520_128_2,6VaVb,Positive,high,0.002697627163476069,-0.6078020580307217
12792,X092520_132_4,6DC,Positive,low,0.0012324390650951345,-0.5512398244687565
12792,X092520_132_4,6DC,Positive,mid,0.001711922658597411,0.004928523144467204
12792,X092520_132_4,6DC,Positive,high,0.003697473346312145,0.6681109347416339
12793,X092520_138_2,6VaVb,Negative,low,-0.002372743459108645,-1.2392480054284492
12793,X092520_138_2,6VaVb,Negative,mid,-0.0022352648812835195,-0.9922064235108515
12793,X092520_138_2,6VaVb,Negative,high,-0.002143247110880484,-0.605598406798639
12794,X092520_139_1,6VaVb,Negative,low,-0.00271988478619669,-0.3409866911263055
12794,X092520_139_1,6VaVb,Negative,mid,-0.002392568046092227,-0.4185217451409765
12794,X092520_139_1,6VaVb,Negative,high,-0.0027818005736136185,0.3008886293218333
12795,X092520_140_2,6DC,Positive,low,7.965382383568899e-05,-0.06888967629649154
12795,X092520_140_2,6DC,Positive,mid,-0.0003003965684895945,0.9067148029635321
12795,X092520_140_2,6DC,Positive,high,0.0009329376230081991,0.7079367620402486
12798,X092820_004_3,12r,Negative,low,-0.0023025286828612075,-0.9585645995783567
12798,X092820_004_3,12r,Negative,mid,-0.0020907294250814864,-0.9658161265196002
12798,X092820_004_3,12r,Negative,high,-0.001344097446597679,-0.28193606163918705
12801,X092820_012_3,46v,Negative,low,-0.0002546466763134574,-1.191879089184093
12801,X092820_012_3,46v,Negative,mid,-0.001802601785862418,-0.653138214024946
12801,X092820_012_3,46v,Negative,high,-0.0015227138353250114,-0.24754552579734368
12807,X092820_029_3,12m,Positive,low,-0.004942015602516884,0.9039350175957339
12807,X092820_029_3,12m,Positive,mid,0.0018387617398632355,1.3947597761869357
12807,X092820_029_3,12m,Positive,high,-0.00017244872152658708,-0.33725534773706
12808,X092820_038_3,13l,Positive,low,0.0022362441199172333,0.41061142422295266
12808,X092820_038_3,13l,Positive,mid,0.00034817772606328244,-0.41254295546448355
12808,X092820_038_3,13l,Positive,high,0.0010750078477574615,0.3210594276161539
12814,X092820_060_5,46v,Positive,low,0.0019526204903555647,1.0238901254180168
12814,X092820_060_5,46v,Positive,mid,0.0016029466522819336,1.3506482234937502
12814,X092820_060_5,46v,Positive,high,0.0017519874498217198,1.4447343735250577
12817,X092820_067_4,45,Positive,low,0.001172229725248053,-0.11538451455359947
12817,X092820_067_4,45,Positive,mid,0.0006719831393995385,0.5968116773939389
12817,X092820_067_4,45,Positive,high,0.0027354352222984882,2.6690117463891
12827,X092820_091_5,45,Negative,low,0.0011308505692388337,0.27804582958309576
12827,X092820_091_5,45,Negative,mid,-0.0009077172342795508,-0.3835971835817051
12827,X092820_091_5,45,Negative,high,-0.0001306938859526939,-0.7988339918425397
12831,X092820_101_2,6VaVb,Negative,low,-0.0024065456317194124,-0.18614357716896682
12831,X092820_101_2,6VaVb,Negative,mid,-0.0012327061124597506,-0.6453473396388544
12831,X092820_101_2,6VaVb,Negative,high,-0.0022717474618551684,-0.9679433182005874
12834,X092820_114_2,6VaVb,Positive,low,0.00019062297838261458,-0.4861300709855335
12834,X092820_114_2,6VaVb,Positive,mid,0.003507587611653447,0.5323221881764657
12834,X092820_114_2,6VaVb,Positive,high,0.004792527049543866,2.147545747892054
12840,X092820_132_3,6DC,Positive,low,-0.0005824217155468925,0.39544461372722184
12840,X092820_132_3,6DC,Positive,mid,0.0026631320485272806,0.4400457158543715
12840,X092820_132_3,6DC,Positive,high,0.002119279264563728,0.7833421705518124
12841,X092820_139_3,6VaVb,Negative,low,-0.00013255029057029032,0.42337343751399786
12841,X092820_139_3,6VaVb,Negative,mid,0.0001642100565213462,-1.3183498788197305
12841,X092820_139_3,6VaVb,Negative,high,-0.00040913700403730457,-1.5714410864771304
12849,X092920_011_2,12r,Positive,low,7.265118544880854e-05,0.9767114221553834
12849,X092920_011_2,12r,Positive,mid,-7.404862728620702e-05,0.9097444753777763
12849,X092920_011_2,12r,Positive,high,0.0015675986131557724,1.394023095410993
12851,X092920_011_9,12r,Positive,low,-0.0007767502227953526,-0.37455701891537413
12851,X092920_011_9,12r,Positive,mid,0.0019820686468573247,-0.38233655495584606
12851,X092920_011_9,12r,Positive,high,0.002155778685559507,-0.2824416293537154
12859,X092920_042_3,46df,Positive,low,0.0013274422318725755,-0.19482543495713817
12859,X092920_042_3,46df,Positive,mid,0.0016510727447494142,0.5108343154988476
12859,X092920_042_3,46df,Positive,high,0.0008340236058536544,0.4777570526532445
12860,X092920_042_4,46df,Positive,low,-0.003882874413129463,0.7969595881584975
12860,X092920_042_4,46df,Positive,mid,0.0026250784955035786,2.2052940435114063
12860,X092920_042_4,46df,Positive,high,0.001330381244942089,0.8753504703029024
12868,X092920_059_3,46v,Positive,low,-0.0028650621326168683,1.3548745588986777
12868,X092920_059_3,46v,Positive,mid,0.001181350871596349,0.5504155202385986
12868,X092920_059_3,46v,Positive,high,0.0007654631372708494,0.4019093375669299
12878,X092920_069_5,46v,Negative,low,-0.0026783451858480374,-0.5533242512365707
12878,X092920_069_5,46v,Negative,mid,-0.0036325796654855104,0.5342007041684106
12878,X092920_069_5,46v,Negative,high,-0.002786074032851195,0.12186074044056447
12880,X092920_075_4,8B,Positive,low,0.0012365902403285228,0.4009273147310042
12880,X092920_075_4,8B,Positive,mid,0.0011894445791556774,1.0574546718904858
12880,X092920_075_4,8B,Positive,high,0.0012167144304531033,0.8296093243033239
12884,X092920_091_7,45,Negative,low,-0.0010035940990148382,0.2277823806200494
12884,X092920_091_7,45,Negative,mid,-0.00040568873118496817,-0.36105215880468167
12884,X092920_091_7,45,Negative,high,-5.8332333476402006e-05,-0.8168408898466241
12888,X092920_096_2,8B,Positive,low,0.0016395697243423838,-1.5151496584621722
12888,X092920_096_2,8B,Positive,mid,0.0006943772866654916,0.5111598242574004
12888,X092920_096_2,8B,Positive,high,0.0006813749891623767,2.099703783996887
12891,X092920_104_3,45,Negative,low,-0.0020795802271639397,0.3031420443771088
12891,X092920_104_3,45,Negative,mid,-0.004787038910700671,0.25014932089781206
12891,X092920_104_3,45,Negative,high,-0.0029377808422538405,0.03493193192980849
12892,X092920_109_3,6DR,Positive,low,0.00029463650487653416,0.10827963244793286
12892,X092920_109_3,6DR,Positive,mid,0.0015391292412383906,0.3837851313060574
12892,X092920_109_3,6DR,Positive,high,0.0029770200088454716,-1.1708038313664533
12894,X092920_114_2,6VaVb,Negative,low,-0.0016023095007743555,-0.6296934917191053
12894,X092920_114_2,6VaVb,Negative,mid,0.0002392142296244988,-0.5701264348036041
12894,X092920_114_2,6VaVb,Negative,high,-0.0027309495935343314,0.9615055612240377
12895,X092920_116_2,6DC,Negative,low,-0.0007502510602078715,-0.13590318901212917
12895,X092920_116_2,6DC,Negative,mid,-0.0032508639422656237,0.7161299969223073
12895,X092920_116_2,6DC,Negative,high,-0.0007884768088941956,-0.38514047535911156
12900,X092920_130_4,6DC,Negative,low,0.00031691370868071393,-0.8569501785982939
12900,X092920_130_4,6DC,Negative,mid,-0.0016152007067598041,-0.6338687508759057
12900,X092920_130_4,6DC,Negative,high,-0.002290764435077011,-0.7183239979664803
12901,X092920_130_5,6DC,Negative,low,0.002038522105213833,-0.43053606865980265
12901,X092920_130_5,6DC,Negative,mid,0.001484537997840611,0.6973024429428002
12901,X092920_130_5,6DC,Negative,high,-0.0016413005511154092,0.013241970386494032
12903,X092920_147_7,6DC,Positive,low,-0.0012715846909215995,1.248317215932586
12903,X092920_147_7,6DC,Positive,mid,0.00244969768039907,0.6251827223064105
12903,X092920_147_7,6DC,Positive,high,0.00015574731346178406,-0.9895281883920488
12912,X093020_054_3,24c,Positive,low,0.008147889529185727,2.068309568301054
12912,X093020_054_3,24c,Positive,mid,0.0022539318463980565,0.419115016588278
12912,X093020_054_3,24c,Positive,high,4.959158517540101e-05,0.6764372380422474
12922,X093020_067_3,45,Negative,low,-0.0002485489624502673,-0.9624386829960961
12922,X093020_067_3,45,Negative,mid,-0.00028703050089755056,-0.9020752924650957
12922,X093020_067_3,45,Negative,high,-0.00027582717114419075,-0.8111128628551464
12925,X093020_077_2,12l,Positive,low,0.0028440857943729243,1.243806794156962
12925,X093020_077_2,12l,Positive,mid,0.0033466772232104637,0.8555469108685795
12925,X093020_077_2,12l,Positive,high,0.0016642313356345529,0.7385045408508345
12932,X093020_091_4,45,Negative,low,8.405367265958866e-05,0.3785539906533081
12932,X093020_091_4,45,Negative,mid,-0.0003974080586186812,0.024727416931962037
12932,X093020_091_4,45,Negative,high,-0.00013262814701787276,-0.9723024558703633
12935,X093020_096_3,8B,Positive,low,0.0034698191238874973,-0.17298708705637547
12935,X093020_096_3,8B,Positive,mid,0.0005663706161649209,0.39251836301284704
12935,X093020_096_3,8B,Positive,high,0.0007416465425029234,2.0242206320389733
12937,X093020_102_3,6VaVb,Positive,low,-0.0032773959801073753,1.221289573835454
12937,X093020_102_3,6VaVb,Positive,mid,0.0036303366486479813,1.8726671250093847
12937,X093020_102_3,6VaVb,Positive,high,0.0008535576346861567,1.0517835046308806
12947,X093020_144_3,6DC,Positive,low,0.004109082746411069,1.594436237820968
12947,X093020_144_3,6DC,Positive,mid,0.0032229155844096095,0.7724678912153545
12947,X093020_144_3,6DC,Positive,high,0.0009393476858169925,1.0931812722651217
12953,X100120_011_3,12r,Positive,low,-0.002185079227479672,0.09885988454218216
12953,X100120_011_3,12r,Positive,mid,-0.0032856807678257284,0.8864963639902568
12953,X100120_011_3,12r,Positive,high,0.0017171163144523813,1.246498938804855
12954,X100120_011_6,12r,Positive,low,0.0023166442235724337,-0.6221014873404366
12954,X100120_011_6,12r,Positive,mid,0.002243524729246178,-0.028258870370215745
12954,X100120_011_6,12r,Positive,high,0.0029492736462386326,0.7097718023939892
12965,X100120_040_3,46v,Positive,low,0.0004382105656201104,-0.7276374520263255
12965,X100120_040_3,46v,Positive,mid,0.001353491377720745,-0.10815748765519564
12965,X100120_040_3,46v,Positive,high,0.0014291127727901554,0.3166017976526354
12967,X100120_047_4,12o,Negative,low,-3.624236565812274e-05,-0.8986618216777106
12967,X100120_047_4,12o,Negative,mid,0.0007224505607476198,-0.8320710157073675
12967,X100120_047_4,12o,Negative,high,-0.0011284277150038142,-0.8114203546884254
12971,X100120_058_3,46v,Positive,low,0.00035508308272172825,0.8623872790524361
12971,X100120_058_3,46v,Positive,mid,0.002994568426873676,1.5364341163843522
12971,X100120_058_3,46v,Positive,high,0.0010905360277594469,0.5030391219532282
12982,X100120_083_2,pu,Positive,low,0.0005684674323855764,0.8762729415397303
12982,X100120_083_2,pu,Positive,mid,0.0035163551296531624,1.965271281769589
12982,X100120_083_2,pu,Positive,high,0.00042356273308076227,1.1271545960383487
12991,X100120_102_3,6VaVb,Negative,low,-0.0030136278706308444,-0.04450585565432138
12991,X100120_102_3,6VaVb,Negative,mid,0.0034330788506110035,0.14449125500035606
12991,X100120_102_3,6VaVb,Negative,high,-0.0019120383869988234,0.4153950741419068
12995,X100120_116_1,6DC,Negative,low,-0.0016498013918579114,-0.5520535981310292
12995,X100120_116_1,6DC,Negative,mid,-0.000987368419651682,-1.1181619624528234
12995,X100120_116_1,6DC,Negative,high,-0.0008947195069006914,-1.2719203432070436
12996,X100120_116_2,6DC,Negative,low,-0.0027666026756182,-0.03602401799303069
12996,X100120_116_2,6DC,Negative,mid,-0.0035618830111149666,-0.16701562898837885
12996,X100120_116_2,6DC,Negative,high,-0.0023369372557426977,-1.0813743420775837
12997,X100120_119_5,6DC,Negative,low,-0.0011753874037585793,1.0830667875040811
12997,X100120_119_5,6DC,Negative,mid,-0.003901334792681778,-0.4100248554664139
12997,X100120_119_5,6DC,Negative,high,-0.0017197183392492958,-0.5316603159293309
12999,X100120_131_2,6DC,Negative,low,0.000891427440943568,-1.1778507333825312
12999,X100120_131_2,6DC,Negative,mid,-0.000990105462366473,-0.07482414124994546
12999,X100120_131_2,6DC,Negative,high,-0.0004704413363075847,-0.48984024722048525
13000,X100120_132_3,6DC,Negative,low,0.0009050933416406894,1.5171771433681696
13000,X100120_132_3,6DC,Negative,mid,-0.003222447331777085,0.08835160304660895
13000,X100120_132_3,6DC,Negative,high,-0.0016526697249325136,-0.4335857111952514
13008,X100220_011_7,12r,Positive,low,0.0006547802249060648,-0.3070316330456917
13008,X100220_011_7,12r,Positive,mid,0.0031454124522882283,0.6743822969053542
13008,X100220_011_7,12r,Positive,high,0.003138041166503309,0.84454227753518
13016,X100220_040_4,46v,Positive,low,0.0016681186564884002,1.1385222543681819
13016,X100220_040_4,46v,Positive,mid,0.0008997562756218538,-0.1564419543147459
13016,X100220_040_4,46v,Positive,high,0.002242599292023904,0.040845268743597715
13020,X100220_058_3,46v,Positive,low,-0.0005933078018524154,0.5309927388126907
13020,X100220_058_3,46v,Positive,mid,0.0015965705952604337,2.1721064463232995
13020,X100220_058_3,46v,Positive,high,0.0016553531587214473,0.9273325164683052
13025,X100220_070_1,46v,Negative,low,-0.00336313879628189,1.3702365930553235
13025,X100220_070_1,46v,Negative,mid,-0.0013249557294082194,0.6865867854168828
13025,X100220_070_1,46v,Negative,high,-9.002160283795015e-06,0.1005195639012521
13028,X100220_078_2,45,Negative,low,-0.0009840454399386972,-0.7967275819941091
13028,X100220_078_2,45,Negative,mid,-0.00203919077096427,-1.015879517890468
13028,X100220_078_2,45,Negative,high,-0.00020557844902282791,-1.155145603983652
13032,X100220_087_3,24c,Positive,low,-0.0035146713087008904,-0.9541844756671959
13032,X100220_087_3,24c,Positive,mid,-0.0003062090433563748,0.4652728585622424
13032,X100220_087_3,24c,Positive,high,0.001292236646499686,1.6393442588320588
13035,X100220_096_2,8B,Positive,low,0.0005295762550726082,0.6072549746597856
13035,X100220_096_2,8B,Positive,mid,0.0008778115784762495,0.502811729099087
13035,X100220_096_2,8B,Positive,high,-0.0003223897064069091,1.1363784124371217
13037,X100220_104_2,45,Positive,low,-0.0011352530700548347,2.1253789324133647
13037,X100220_104_2,45,Positive,mid,0.002858451340512061,0.7877949531216828
13037,X100220_104_2,45,Positive,high,0.0008153745460969627,-0.13167805419356493
13041,X100220_116_1,6DC,Negative,low,-0.0023566263057365764,-0.7701134398523811
13041,X100220_116_1,6DC,Negative,mid,-0.0007686268877234095,-0.942533215101864
13041,X100220_116_1,6DC,Negative,high,-0.0014359075956472804,-1.3518089878182245
13056,X100520_012_8,46v,Positive,low,0.0032741732870473256,1.6928947711248763
13056,X100520_012_8,46v,Positive,mid,0.003169376439837209,1.0674984936281642
13056,X100520_012_8,46v,Positive,high,0.0030697975063707656,0.18683556488292066
13068,X100520_033_3,46d,Positive,low,0.002031156635523661,-0.0986473807761331
13068,X100520_033_3,46d,Positive,mid,0.003335421566225116,1.5000679209803582
13068,X100520_033_3,46d,Positive,high,0.003961198902892833,0.8614164161438335
13076,X100520_066_2,12l,Negative,low,0.00432132659590296,-0.20109212527733594
13076,X100520_066_2,12l,Negative,mid,0.000700428430346751,-0.8909947749431836
13076,X100520_066_2,12l,Negative,high,-0.0015450559682746337,-0.44771261427655334
13077,X100520_070_4,46v,Negative,low,-0.004290910352869022,0.23165144126385004
13077,X100520_070_4,46v,Negative,mid,-0.0022185928297614116,1.1145106658413881
13077,X100520_070_4,46v,Negative,high,-4.126669037494474e-05,0.6005023750112378
13085,X100520_104_5,45,Positive,low,3.8754735170717694e-05,1.9728764103176986
13085,X100520_104_5,45,Positive,mid,0.0008207088586102203,1.3010039021835946
13085,X100520_104_5,45,Positive,high,0.0004245223300562334,0.705946330941854
13094,X100520_130_4,6DC,Positive,low,0.003949133309627617,0.513967104956582
13094,X100520_130_4,6DC,Positive,mid,0.004771022876710465,0.8022535418395802
13094,X100520_130_4,6DC,Positive,high,0.002504073911254707,0.6987224176693428
13118,X100620_030_2,13l,Negative,low,-0.00011627989112083675,-0.7177405987127053
13118,X100620_030_2,13l,Negative,mid,-0.001675664147623449,0.012824167521475208
13118,X100620_030_2,13l,Negative,high,-0.00120009931633055,-0.4180585209400058
13119,X100620_037_2,12o,Positive,low,0.0019372074207821921,-0.7985100222833047
13119,X100620_037_2,12o,Positive,mid,0.00023001879750636733,0.6055778380553218
13119,X100620_037_2,12o,Positive,high,0.0027298074493383707,0.20195176195405667
13121,X100620_040_3,46v,Positive,low,0.00027996087839877353,-0.7613271717818922
13121,X100620_040_3,46v,Positive,mid,0.004527258618006471,0.6129124961954583
13121,X100620_040_3,46v,Positive,high,0.0025109397438699177,2.1190349493367897
13122,X100620_041_4,46v,Positive,low,-0.0035348872345497603,0.6479688481909661
13122,X100620_041_4,46v,Positive,mid,-0.0012616749210040696,0.4341275969735415
13122,X100620_041_4,46v,Positive,high,7.09949826323752e-05,0.2741896533954239
13127,X100620_067_3,45,Negative,low,-0.0009541011797162403,-0.3507269387504699
13127,X100620_067_3,45,Negative,mid,-0.001327026213113661,-0.37272452960370384
13127,X100620_067_3,45,Negative,high,-0.002396011047765287,-0.10899193082415436
13135,X100620_084_1,8B,Positive,low,6.788183193258479e-05,-0.8683214208417992
13135,X100620_084_1,8B,Positive,mid,0.001294182202575362,0.17665997042776038
13135,X100620_084_1,8B,Positive,high,0.001746837939593848,0.8676837360402708
13136,X100620_084_3,8B,Positive,low,0.005101457178425439,1.1146482807140916
13136,X100620_084_3,8B,Positive,mid,-0.0005093354549690532,0.2724650156555504
13136,X100620_084_3,8B,Positive,high,0.0028302269901981296,0.44015725708439535
13137,X100620_084_4,8B,Positive,low,0.00225272754395245,0.703568984218263
13137,X100620_084_4,8B,Positive,mid,-0.0015283272171192838,0.4588158623202659
13137,X100620_084_4,8B,Positive,high,0.002123133598964819,0.19788802090668395
13138,X100620_085_1,8B,Positive,low,-0.0015258007600321955,0.2637202585381014
13138,X100620_085_1,8B,Positive,mid,0.0030068155343947744,1.3719348875610484
13138,X100620_085_1,8B,Positive,high,0.0012407456460027727,1.7533290517111983
13139,X100620_085_4,8B,Positive,low,0.003523483071387981,1.9126866366497293
13139,X100620_085_4,8B,Positive,mid,0.002488809093364188,1.4910164417919025
13139,X100620_085_4,8B,Positive,high,0.00046707477984177725,0.5541383088279683
13140,X100620_085_5,8B,Positive,low,0.002038596584096867,0.728961357574607
13140,X100620_085_5,8B,Positive,mid,0.0033496656798837404,0.06464633527171168
13140,X100620_085_5,8B,Positive,high,0.00034459888089623714,0.6857341554716304
13141,X100620_086_3,8B,Negative,low,-9.077029025812458e-05,-2.0028112750878546
13141,X100620_086_3,8B,Negative,mid,-0.0006225866855109075,-1.7241063859815804
13141,X100620_086_3,8B,Negative,high,-0.0005483327275594956,-0.8261621023176514
13142,X100620_091_3,45,Negative,low,-0.0011339071337660629,0.5803990999682994
13142,X100620_091_3,45,Negative,mid,-0.0011504997218356565,-0.3889515832114574
13142,X100620_091_3,45,Negative,high,-0.00019277422692551461,-0.9410818162654679
13146,X100620_100_4,24c,Positive,low,0.00128259209525069,-0.2987554092800135
13146,X100620_100_4,24c,Positive,mid,0.0026529863230837056,0.09452274154651656
13146,X100620_100_4,24c,Positive,high,0.0011617023672765231,-0.18501487620308152
13152,X100620_132_3,6DC,Negative,low,-0.00460270618567921,0.03914526055474764
13152,X100620_132_3,6DC,Negative,mid,-0.0013873979286372438,-0.08623818196542252
13152,X100620_132_3,6DC,Negative,high,-0.001678364865029773,-0.2702030169272202
13172,X100720_042_3,46df,Positive,low,0.0007006343755176192,1.392306260082378
13172,X100720_042_3,46df,Positive,mid,-0.0011630510385880815,1.2057790699452293
13172,X100720_042_3,46df,Positive,high,0.0013678373616420234,1.1662997173985308
13183,X100720_080_5,44,Positive,low,0.006506390406367305,2.573823198886858
13183,X100720_080_5,44,Positive,mid,0.0004904346768694645,-0.7768096163258353
13183,X100720_080_5,44,Positive,high,0.0003430603988187638,-0.3325605685179573
13185,X100720_084_2,8B,Positive,low,0.0036627462457742327,0.016135763116227386
13185,X100720_084_2,8B,Positive,mid,-0.0006574407109541372,0.9417362438635699
13185,X100720_084_2,8B,Positive,high,0.003166610601013889,1.2003793637585918
13186,X100720_084_9,8B,Positive,low,0.001136637783404536,0.24423188083249606
13186,X100720_084_9,8B,Positive,mid,0.00044693092888984244,0.7057815760566997
13186,X100720_084_9,8B,Positive,high,0.0014862299791141911,0.6273027986982301
13187,X100720_084_11,8B,Positive,low,0.0008766161720271724,-0.4789516787242668
13187,X100720_084_11,8B,Positive,mid,0.0006298361921429891,0.09297153512188334
13187,X100720_084_11,8B,Positive,high,0.0026211758366096404,0.8283627450159331
13188,X100720_085_5,8B,Positive,low,0.0011908740934013292,1.9708886187207482
13188,X100720_085_5,8B,Positive,mid,-0.0011109922779855565,1.275506437924255
13188,X100720_085_5,8B,Positive,high,0.0008466494483254281,1.2445638100438428
13189,X100720_085_6,8B,Positive,low,0.007115415137251024,1.3915327561789885
13189,X100720_085_6,8B,Positive,mid,0.0046605187008135224,1.1613882033529377
13189,X100720_085_6,8B,Positive,high,0.0012555357873651055,0.43195559417274154
13190,X100720_085_7,8B,Positive,low,0.0024890386944278493,0.8603119940610103
13190,X100720_085_7,8B,Positive,mid,0.002011767095752053,1.801282317983529
13190,X100720_085_7,8B,Positive,high,0.0022216627539667455,1.4625980608078486
13194,X100720_095_5,pu,Positive,low,-9.236232730773851e-05,1.010047852720278
13194,X100720_095_5,pu,Positive,mid,2.197832051167897e-05,0.2971759136789827
13194,X100720_095_5,pu,Positive,high,0.001056171057964314,1.60378817889139
13203,X100720_109_4,6DR,Negative,low,0.0011635812803034312,-0.12907850783869945
13203,X100720_109_4,6DR,Negative,mid,-0.0017174660763108803,1.6807716871656713
13203,X100720_109_4,6DR,Negative,high,-0.003292752336144076,0.8556240499639471
13218,X100820_037_2,12o,Positive,low,0.00011852939551503026,-1.2154247337292117
13218,X100820_037_2,12o,Positive,mid,-0.0015434766030835221,0.28839467087150017
13218,X100820_037_2,12o,Positive,high,0.0018512187822033238,-0.03297315269999962
13219,X100820_039_3,13l,Negative,low,-0.003468826670937474,-1.111402377095337
13219,X100820_039_3,13l,Negative,mid,-0.002205775378422393,0.034508510744942975
13219,X100820_039_3,13l,Negative,high,-0.0012670872673631766,0.36206530959782396
13225,X100820_067_4,45,Negative,low,0.0006104367298723903,-0.5023436071583613
13225,X100820_067_4,45,Negative,mid,-0.0016883597301557641,-0.4746905489113436
13225,X100820_067_4,45,Negative,high,-0.002138464397590657,0.11701580407098904
13231,X100820_084_1,8B,Positive,low,-0.0003390129299978086,0.406379260746588
13231,X100820_084_1,8B,Positive,mid,-0.0006258646759534625,-0.9493837139372421
13231,X100820_084_1,8B,Positive,high,0.004890611653049738,0.6811485995874534
13232,X100820_084_2,8B,Positive,low,0.0009805830599566743,-0.6344239672761374
13232,X100820_084_2,8B,Positive,mid,6.895836788224159e-06,0.1632681070325645
13232,X100820_084_2,8B,Positive,high,0.0032466236784122367,0.46900524867476956
13233,X100820_084_5,8B,Positive,low,-0.002190084747644841,0.49954036913173716
13233,X100820_084_5,8B,Positive,mid,-0.0005646217536372,0.4851219209620788
13233,X100820_084_5,8B,Positive,high,0.0019234481104933407,0.35628938137111216
13237,X100820_091_4,45,Positive,low,0.0031536371852694768,1.400694235142773
13237,X100820_091_4,45,Positive,mid,0.000535944180296403,2.3265584128073566
13237,X100820_091_4,45,Positive,high,0.002751551994750512,0.12738739908944052
13240,X100820_093_3,45,Negative,low,-0.0035631813104682695,-0.4788631189096573
13240,X100820_093_3,45,Negative,mid,-0.0038562426622436507,0.2563212235363668
13240,X100820_093_3,45,Negative,high,-0.0032011634114577432,0.06483366316476505
13243,X100820_100_3,24c,Positive,low,0.0006304759223235132,0.8237647149160182
13243,X100820_100_3,24c,Positive,mid,0.0008292213982080338,0.34802860272668623
13243,X100820_100_3,24c,Positive,high,0.0019713153744085376,0.3594307847799092
13248,X100820_109_6,6DR,Negative,low,-5.3297921474623564e-11,-0.6426811760753245
13248,X100820_109_6,6DR,Negative,mid,0.001686463065930502,1.174465421421855
13248,X100820_109_6,6DR,Negative,high,-0.004513232698601019,1.2741362913347045
13250,X100820_114_2,6VaVb,Positive,low,0.0038745100739016455,1.0329717829662333
13250,X100820_114_2,6VaVb,Positive,mid,0.003867655105455439,1.3558670071025773
13250,X100820_114_2,6VaVb,Positive,high,0.0042091146570190485,1.0708353432122395
13252,X100820_121_2,cd,Negative,low,0.0025156759052441372,-0.643231943829261
13252,X100820_121_2,cd,Negative,mid,-0.000915823507656038,-0.7484371219165066
13252,X100820_121_2,cd,Negative,high,-0.0030347070142264093,-0.14271242085134553
13257,X100920_004_3,12r,Positive,low,0.0031203375041721506,-1.3058045247721544
13257,X100920_004_3,12r,Positive,mid,0.001388318907403004,0.17889272589848598
13257,X100920_004_3,12r,Positive,high,0.0013291899785831023,0.02188956759871602
13259,X100920_011_5,12m,Negative,low,-0.003610833302040691,-0.27266981565206005
13259,X100920_011_5,12m,Negative,mid,-0.0023048675342160225,0.20021260522008438
13259,X100920_011_5,12m,Negative,high,-0.001338704407876033,-0.4704637095103964
13268,X100920_022_5,46v,Positive,low,0.0027148468449831845,0.5397564832612364
13268,X100920_022_5,46v,Positive,mid,0.006060262808962954,0.5441876295799026
13268,X100920_022_5,46v,Positive,high,-0.00012403048660182146,0.24078535016870378
13282,X100920_077_4,12l,Positive,low,0.004896099442291013,1.7941049492597183
13282,X100920_077_4,12l,Positive,mid,0.0036972811651196703,0.6190794319946461
13282,X100920_077_4,12l,Positive,high,0.000742199316512828,-0.3406569092362475
13285,X100920_079_3,45,Positive,low,-0.0011062866902603274,-0.5085571320567082
13285,X100920_079_3,45,Positive,mid,0.0019061292565544859,0.11546324709772804
13285,X100920_079_3,45,Positive,high,0.0014624869411695093,1.5601497420455375
13286,X100920_079_7,45,Positive,low,0.0012420354825291907,-0.09232810305310615
13286,X100920_079_7,45,Positive,mid,0.0015354474510487009,-0.6354870474316217
13286,X100920_079_7,45,Positive,high,-0.00013464735019112163,-0.4149547900861988
13289,X100920_084_3,8B,Positive,low,0.0027734233032529177,0.20931153070838648
13289,X100920_084_3,8B,Positive,mid,0.0015689385824020853,-0.3528095361918634
13289,X100920_084_3,8B,Positive,high,0.0036683431486121717,1.1166682651889404
13290,X100920_086_5,8B,Positive,low,-0.0017324464704663856,0.6491932433343395
13290,X100920_086_5,8B,Positive,mid,0.0017054919351382621,0.5533626766103674
13290,X100920_086_5,8B,Positive,high,0.000277648823249861,-0.2277213292420701
13293,X100920_091_3,45,Positive,low,0.0035501425010095794,1.9134205894144918
13293,X100920_091_3,45,Positive,mid,0.0061210819299006335,1.2154871050242069
13293,X100920_091_3,45,Positive,high,0.00225039594977828,0.021922744987410585
13296,X100920_104_2,45,Negative,low,-0.0003637778934152688,0.07919606907936681
13296,X100920_104_2,45,Negative,mid,-0.000871597293271216,-0.17343567979834684
13296,X100920_104_2,45,Negative,high,-0.0008057498927700275,-0.4038453991718578
13302,X100920_114_6,6VaVb,Positive,low,0.0022062291185160738,0.23428670470289012
13302,X100920_114_6,6VaVb,Positive,mid,0.0020458738520722332,0.7299624327639933
13302,X100920_114_6,6VaVb,Positive,high,0.003384553357391349,1.517440978953686
13306,X100920_135_2,24c,Positive,low,0.0003444843969392282,0.6418586678348928
13306,X100920_135_2,24c,Positive,mid,0.001794741732078058,1.414566962336641
13306,X100920_135_2,24c,Positive,high,0.0010168773493302741,0.7085501703862938
13309,X101220_004_5,12r,Positive,low,0.0021319536143770295,-0.5954591980002149
13309,X101220_004_5,12r,Positive,mid,0.0012304874965423916,-0.10876625488681127
13309,X101220_004_5,12r,Positive,high,0.0014110793500288522,-0.20410928252134117
13318,X101220_029_2,12m,Negative,low,-0.0036105677507206023,0.03609073559711757
13318,X101220_029_2,12m,Negative,mid,-0.0027750547820201104,0.23062634481250396
13318,X101220_029_2,12m,Negative,high,-0.0014215642140335378,-0.5616345303861452
13319,X101220_037_4,12o,Negative,low,-0.0028095890362902164,-0.9392698780600968
13319,X101220_037_4,12o,Negative,mid,-0.0023294536491314894,-0.4545008893219286
13319,X101220_037_4,12o,Negative,high,-0.00010051923854237112,-0.5995755281900605
13324,X101220_050_5,46v,Positive,low,-0.0029787413781160767,-0.06179772626249098
13324,X101220_050_5,46v,Positive,mid,0.0008497481952044151,-0.18334452582278388
13324,X101220_050_5,46v,Positive,high,0.0009386746517358745,0.11686692021271143
13332,X101220_066_4,12l,Positive,low,0.004147366064888624,2.4180969342514995
13332,X101220_066_4,12l,Positive,mid,0.000723628719885967,0.016041068589940866
13332,X101220_066_4,12l,Positive,high,0.000389558338738598,-0.8625107111034298
13336,X101220_079_2,45,Positive,low,0.0016638172612346534,-0.6226075034734434
13336,X101220_079_2,45,Positive,mid,0.00048309076550535717,0.279649763159646
13336,X101220_079_2,45,Positive,high,0.00024036443982567804,0.35931611691366033
13338,X101220_086_3,8B,Negative,low,0.0007873717676637463,-0.8542627290638161
13338,X101220_086_3,8B,Negative,mid,-0.0012893416963681134,-0.948547899698259
13338,X101220_086_3,8B,Negative,high,-0.0016372402373952626,-0.7623737338130764
13339,X101220_086_5,8B,Negative,low,0.0011589782874010842,-1.7232478143842564
13339,X101220_086_5,8B,Negative,mid,-0.002879737413336337,-1.6446933590012065
13339,X101220_086_5,8B,Negative,high,-0.0006372610539160527,-0.8889534878056379
13340,X101220_091_1,45,Positive,low,0.0006380355263330161,1.9313659526147382
13340,X101220_091_1,45,Positive,mid,0.004232245573948238,1.1284652573975444
13340,X101220_091_1,45,Positive,high,0.0029114930071142513,-0.018006686452456972
13350,X101220_117_1,pu,Positive,low,0.000625839978080056,2.3549954877320225
13350,X101220_117_1,pu,Positive,mid,0.002709512941375669,1.416468519447845
13350,X101220_117_1,pu,Positive,high,0.001623014488504496,0.16832054500931412
13358,X101320_004_3,12r,Positive,low,0.0006185673065298861,-1.3914245487548746
13358,X101320_004_3,12r,Positive,mid,0.0020659859744737137,0.07636553001456031
13358,X101320_004_3,12r,Positive,high,0.00036606901970437757,-0.41625181619022134
13365,X101320_016_2,46df,Positive,low,-0.00048688638895614373,-1.0492947302888862
13365,X101320_016_2,46df,Positive,mid,0.0009614923254929757,-0.00760739537824903
13365,X101320_016_2,46df,Positive,high,0.0017782274926892861,-0.15707973695792857
13372,X101320_037_1,12o,Positive,low,0.0028874596620263567,1.812750094543876
13372,X101320_037_1,12o,Positive,mid,0.0011648681975945229,1.5223142397086356
13372,X101320_037_1,12o,Positive,high,0.0010949161293957999,0.537014919811993
13381,X101320_048_4,13l,Negative,low,-0.00041718589288535494,0.19141009363179992
13381,X101320_048_4,13l,Negative,mid,-0.0008121857859861119,-0.7423537774708823
13381,X101320_048_4,13l,Negative,high,-0.0011568170898201937,0.013032626160447959
13385,X101320_066_4,12l,Positive,low,-0.0023148716670884414,2.3642029794376227
13385,X101320_066_4,12l,Positive,mid,-0.001646869658317306,0.6582105422559846
13385,X101320_066_4,12l,Positive,high,0.001015888260936091,-0.21246454447282
13390,X101320_084_1,8B,Positive,low,0.0028353919710127806,0.4970757665450432
13390,X101320_084_1,8B,Positive,mid,-0.0008246073843016694,1.1470776516665238
13390,X101320_084_1,8B,Positive,high,0.0012906497211634376,1.1087333870906004
13391,X101320_084_2,8B,Positive,low,0.0005833036988752374,-0.873813786591944
13391,X101320_084_2,8B,Positive,mid,-0.0024297351988999106,0.5060949858801809
13391,X101320_084_2,8B,Positive,high,0.004324804692570023,2.0709755043320963
13392,X101320_085_2,8B,Positive,low,0.0012221693009750788,0.1639395421525826
13392,X101320_085_2,8B,Positive,mid,0.002364725341748464,0.5573563073895803
13392,X101320_085_2,8B,Positive,high,0.0015242948851951418,-0.04583453320959713
13401,X101320_105_3,6DC,Positive,low,0.00697217555384243,0.06027076857012639
13401,X101320_105_3,6DC,Positive,mid,0.002912682867892684,0.6471162045346619
13401,X101320_105_3,6DC,Positive,high,0.001623028941130644,-0.5452612504518409
13408,X101320_129_3,pu,Positive,low,-4.890443343020751e-05,1.0800742426137138
13408,X101320_129_3,pu,Positive,mid,-0.000881085046938291,1.6690470209335924
13408,X101320_129_3,pu,Positive,high,0.002243187390805941,1.7763265532979156
13410,X101320_130_5,6VaVb,Negative,low,-0.00037160083725821527,-0.17624433961280075
13410,X101320_130_5,6VaVb,Negative,mid,-1.6408283166143233e-05,-0.7975249351211475
13410,X101320_130_5,6VaVb,Negative,high,-0.0009773236677420355,-1.1889531805789015
13412,X101320_131_4,6DC,Negative,low,-0.004328676005225065,0.12251750145652975
13412,X101320_131_4,6DC,Negative,mid,0.0002458074976817748,-0.39553824197032184
13412,X101320_131_4,6DC,Negative,high,-0.001538450766366788,-0.28519458785935337
13414,X101320_135_3,24c,Positive,low,-0.002348117706213604,-0.41319127152976076
13414,X101320_135_3,24c,Positive,mid,0.002274161910376823,-0.21389369633337002
13414,X101320_135_3,24c,Positive,high,0.0013191365678135994,-0.91190837420362
13417,X101320_154_3,cd,Positive,low,0.0012342618907622452,0.9903976889943144
13417,X101320_154_3,cd,Positive,mid,0.0027422305797843573,0.47251346731072635
13417,X101320_154_3,cd,Positive,high,0.0034802142653997093,0.7474912260548628
13430,X101420_029_3,12m,Negative,low,-0.0011464838681252455,-0.9169472222837826
13430,X101420_029_3,12m,Negative,mid,-0.001862170688821701,-0.5979027030253458
13430,X101420_029_3,12m,Negative,high,-0.0025893634488384876,-0.49202142695287326
13435,X101420_037_4,12o,Positive,low,-0.0022227243047946415,-0.06523328012757362
13435,X101420_037_4,12o,Positive,mid,-0.0001986429221231382,0.9386418470725442
13435,X101420_037_4,12o,Positive,high,0.0032208860620058927,0.5359822333094824
13440,X101420_066_2,12l,Positive,low,0.004149414537344911,1.4589717323564848
13440,X101420_066_2,12l,Positive,mid,0.000942394289622822,0.47053218783811507
13440,X101420_066_2,12l,Positive,high,0.0008514029212024414,-0.43755082624767616
13441,X101420_066_4,12l,Positive,low,-0.005106969105813907,2.6263951151422575
13441,X101420_066_4,12l,Positive,mid,-0.00044573717179926034,0.4363467688114381
13441,X101420_066_4,12l,Positive,high,0.0013465203210804896,0.004191924940280232
13442,X101420_067_1,12o,Positive,low,-0.0019991597043798885,-0.6075683899034751
13442,X101420_067_1,12o,Positive,mid,0.0023525359860057504,0.07174972639598895
13442,X101420_067_1,12o,Positive,high,0.0031736762374959247,-0.45759339917206304
13445,X101420_079_3,45,Positive,low,-0.0023801854965818936,-0.5070341568559665
13445,X101420_079_3,45,Positive,mid,0.003332030508316401,-0.46265304524074935
13445,X101420_079_3,45,Positive,high,0.000506543995862401,0.6998276240417048
13447,X101420_084_3,8B,Positive,low,-0.0005542908871885106,-0.39481416446375295
13447,X101420_084_3,8B,Positive,mid,-0.00014950892734823498,-0.26443140692745465
13447,X101420_084_3,8B,Positive,high,0.005780197309537053,1.9723665861044073
13448,X101420_085_2,8B,Positive,low,0.0008262975874230866,0.6834169550742272
13448,X101420_085_2,8B,Positive,mid,0.0010173963404487107,0.10460009720655292
13448,X101420_085_2,8B,Positive,high,0.002718633664032762,0.17852800298376031
13449,X101420_086_2,8B,Positive,low,-0.00013952483416747509,-0.8712126747046454
13449,X101420_086_2,8B,Positive,mid,-0.0013372727266534644,-0.2214724401774719
13449,X101420_086_2,8B,Positive,high,3.5541696972282282e-06,-0.41549885146530613
13453,X101420_100_3,24c,Negative,low,-0.0027404450032089025,-1.2960352796608716
13453,X101420_100_3,24c,Negative,mid,0.0006815558359567666,-0.8070191061806039
13453,X101420_100_3,24c,Negative,high,-0.0007961616446966999,-0.8668865998850488
13455,X101420_105_2,6DC,Positive,low,-0.0016203123358285488,1.0251614832557185
13455,X101420_105_2,6DC,Positive,mid,0.004689399697749313,0.4389105028892788
13455,X101420_105_2,6DC,Positive,high,0.0013334293255919862,0.28615232899679666
13458,X101420_114_3,6VaVb,Negative,low,-0.0025436436931563352,-0.19302549938161465
13458,X101420_114_3,6VaVb,Negative,mid,-0.002850758081604214,0.7633702367801412
13458,X101420_114_3,6VaVb,Negative,high,-0.0053221937309547275,1.4685807644688647
13459,X101420_114_4,6VaVb,Negative,low,-0.0007559543233028435,-0.7553205899832253
13459,X101420_114_4,6VaVb,Negative,mid,-0.0036252852795204482,0.15909844326992797
13459,X101420_114_4,6VaVb,Negative,high,-0.0014038731452500524,-0.2193980126246489
13460,X101420_117_1,pu,Positive,low,0.00033811506110393056,1.8806264650405147
13460,X101420_117_1,pu,Positive,mid,0.003647729273567307,1.7078283058724268
13460,X101420_117_1,pu,Positive,high,0.0014981939441327235,0.18270243429241798
13464,X101420_130_5,6VaVb,Negative,low,-0.0004009604285908117,-0.6016549305182985
13464,X101420_130_5,6VaVb,Negative,mid,-0.0006477572201553012,-0.8959249866484802
13464,X101420_130_5,6VaVb,Negative,high,-0.0008615465768524207,-1.095384185107893
13465,X101420_131_2,6DC,Negative,low,-0.00201635427606708,0.16147553766674724
13465,X101420_131_2,6DC,Negative,mid,-0.0015090592862187925,0.29075979348213976
13465,X101420_131_2,6DC,Negative,high,-0.0023022466017663893,0.36859810631852963
13470,X101420_146_3,24c,Positive,low,0.0017878208006405127,0.7025536735845844
13470,X101420_146_3,24c,Positive,mid,0.0033211065954932705,1.2754567219099393
13470,X101420_146_3,24c,Positive,high,0.003459082656450703,1.2355707372955593
13478,X101520_014_3,46v,Negative,low,0.0016838275616479319,0.7784195930676492
13478,X101520_014_3,46v,Negative,mid,0.0008385336051882304,-0.09137292962686737
13478,X101520_014_3,46v,Negative,high,-0.0011406008675198635,-0.1782275151361412
13491,X101520_037_3,12o,Positive,low,0.0007081422961103294,1.392041485837216
13491,X101520_037_3,12o,Positive,mid,-0.00010130594547321944,1.5675933392789716
13491,X101520_037_3,12o,Positive,high,0.0007897119480083404,0.6420316041110954
13496,X101520_060_1,46v,Positive,low,0.0009387176345862492,0.6675078499796467
13496,X101520_060_1,46v,Positive,mid,0.0005335143324055044,0.5431060492744462
13496,X101520_060_1,46v,Positive,high,0.002218554439881894,-0.2166291986532163
13497,X101520_066_3,12l,Positive,low,0.0023097078273004094,0.7771239067875655
13497,X101520_066_3,12l,Positive,mid,0.0008715752769990913,-0.05727407566799368
13497,X101520_066_3,12l,Positive,high,0.0012977802430150067,-0.6792205554648565
13498,X101520_066_4,12l,Positive,low,-0.0009086565888663242,2.6373297201218504
13498,X101520_066_4,12l,Positive,mid,8.131385456073375e-06,-0.00016252047227526675
13498,X101520_066_4,12l,Positive,high,0.0009914624754902462,-0.2635082841887427
13507,X101520_084_4,8B,Positive,low,-0.00030446892237653893,-1.20867356753671
13507,X101520_084_4,8B,Positive,mid,-0.002807784021672573,0.2200113091472158
13507,X101520_084_4,8B,Positive,high,0.0008275672559929875,2.0545830222810566
13509,X101520_085_4,8B,Positive,low,-5.3062748645328614e-06,1.521763710357782
13509,X101520_085_4,8B,Positive,mid,0.0011359634719370452,0.612861902677313
13509,X101520_085_4,8B,Positive,high,0.0024185139868924325,0.35603370815329566
13513,X101520_104_3,45,Negative,low,-0.00046278346845390455,2.172227169382394
13513,X101520_104_3,45,Negative,mid,0.0006706757356379848,0.6757567821358696
13513,X101520_104_3,45,Negative,high,-0.0005813454746315009,-0.45678616937454447
13514,X101520_105_1,6DC,Positive,low,0.0003146477334752719,0.10081869109278814
13514,X101520_105_1,6DC,Positive,mid,0.004381660314753245,0.3269422683274426
13514,X101520_105_1,6DC,Positive,high,0.0018940739651505051,0.518317098209705
13516,X101520_109_3,6DR,Negative,low,-0.001028826899234466,-0.4074244869833654
13516,X101520_109_3,6DR,Negative,mid,-0.001631406429244231,-1.6989189700755025
13516,X101520_109_3,6DR,Negative,high,0.0004918820548639185,-1.4101316385380243
13517,X101520_114_3,6VaVb,Negative,low,0.00020067531348241314,0.5694280626198445
13517,X101520_114_3,6VaVb,Negative,mid,-0.004061173780026979,0.22552903764532528
13517,X101520_114_3,6VaVb,Negative,high,-0.004562881844332275,1.1496528939945145
13518,X101520_114_4,6VaVb,Negative,low,-0.0035240772424109945,-0.13561559374290774
13518,X101520_114_4,6VaVb,Negative,mid,7.317951335800338e-19,-0.5378081798553467
13518,X101520_114_4,6VaVb,Negative,high,-0.0008040192410389416,-0.29220630709870643
13519,X101520_117_3,pu,Positive,low,0.0015718238943353978,0.8704748438383002
13519,X101520_117_3,pu,Positive,mid,0.003288133933046883,1.4087735791372975
13519,X101520_117_3,pu,Positive,high,0.0024016863429087857,0.44321975655917284
13521,X101520_119_2,pu,Negative,low,-0.002599781272401126,0.04949443542074835
13521,X101520_119_2,pu,Negative,mid,-0.004261963117228752,-0.0906095039746422
13521,X101520_119_2,pu,Negative,high,-0.000706293623465268,-0.4497406656507902
13523,X101520_128_1,pu,Negative,low,-0.0008566167238604423,-0.29683052245628233
13523,X101520_128_1,pu,Negative,mid,-0.0029691578601695663,-0.9792690676932971
13523,X101520_128_1,pu,Negative,high,-0.0028081897756492714,-0.9768217971103696
13524,X101520_130_1,6VaVb,Positive,low,0.0011396660775393978,0.9611559901371003
13524,X101520_130_1,6VaVb,Positive,mid,0.0015741746189254129,-0.11706789062527348
13524,X101520_130_1,6VaVb,Positive,high,0.0016746085323968913,0.8923567637875552
13525,X101520_130_2,6VaVb,Negative,low,-0.0011483841937615852,0.2245540718002533
13525,X101520_130_2,6VaVb,Negative,mid,-0.0015216568353685473,-0.8410746058535928
13525,X101520_130_2,6VaVb,Negative,high,-0.0006247671979595782,-1.271338975568381
13527,X101520_146_4,24c,Positive,low,-0.00033688259733906254,0.06884958852836381
13527,X101520_146_4,24c,Positive,mid,0.0034391936330504438,0.8404355702538991
13527,X101520_146_4,24c,Positive,high,0.003302206764570396,1.7635844877476303
13528,X101620_004_5,12r,Negative,low,-0.003563082198633141,-0.519877051432462
13528,X101620_004_5,12r,Negative,mid,-0.0024965350106582185,0.5119040268845236
13528,X101620_004_5,12r,Negative,high,-0.0009736813458392131,-0.3742406069478888
13541,X101620_029_3,12m,Negative,low,-0.00028582091959352107,-0.6268993637674859
13541,X101620_029_3,12m,Negative,mid,-0.0024091588004363017,-0.914190079286108
13541,X101620_029_3,12m,Negative,high,-0.0008654767439169991,-0.5671933809862458
13549,X101620_066_4,12l,Positive,low,-0.0035441492075023607,1.0929540687902348
13549,X101620_066_4,12l,Positive,mid,0.003775240927026083,2.2773536372303766
13549,X101620_066_4,12l,Positive,high,0.002426249503698525,0.27795945357348456
13554,X101620_084_4,8B,Positive,low,-7.094478274442159e-06,0.19359687907321413
13554,X101620_084_4,8B,Positive,mid,0.0004422483630801225,0.26431064703579243
13554,X101620_084_4,8B,Positive,high,0.00104997867246667,1.126412684032802
13555,X101620_085_1,8B,Positive,low,0.0006796094382782993,0.6046372444869185
13555,X101620_085_1,8B,Positive,mid,0.0034198228550808684,0.8508077797545012
13555,X101620_085_1,8B,Positive,high,0.0023979711481790485,0.04492063828400753
13565,X101620_100_3,24c,Negative,low,-0.001101650227749188,-1.0542682688962204
13565,X101620_100_3,24c,Negative,mid,-0.0036185114887277606,-0.7669941934790058
13565,X101620_100_3,24c,Negative,high,-0.000728394945406751,-0.9561259706881201
13566,X101620_101_4,6VaVb,Negative,low,-0.00139004533285072,-0.18194270625550876
13566,X101620_101_4,6VaVb,Negative,mid,-2.199725420503646e-10,-0.46225852542828005
13566,X101620_101_4,6VaVb,Negative,high,-0.0001135887198887426,-0.4301010016196976
13568,X101620_105_4,6DC,Positive,low,-0.0023652340445780916,1.8280506557513791
13568,X101620_105_4,6DC,Positive,mid,0.0009149241713422875,0.07121456101166392
13568,X101620_105_4,6DC,Positive,high,0.001732543430845927,0.09350360727256099
13577,X101620_131_2,6DC,Negative,low,-0.0009234076102617954,0.7616913524670751
13577,X101620_131_2,6DC,Negative,mid,-0.0005270669842282246,-0.8525277608633661
13577,X101620_131_2,6DC,Negative,high,-0.00040994928308595914,-1.603680627516621
13578,X101620_131_3,6DC,Negative,low,-0.001268929403800401,0.05062382290420276
13578,X101620_131_3,6DC,Negative,mid,-0.0012821848312596933,0.22380896880579632
13578,X101620_131_3,6DC,Negative,high,-0.0019190308038817031,0.2975109910327355
13579,X101620_135_3,24c,Negative,low,-0.002874869076189526,0.3712223091421528
13579,X101620_135_3,24c,Negative,mid,-0.0005371174563278855,-0.37624185686828737
13579,X101620_135_3,24c,Negative,high,-0.0008824122405208969,-0.3576519845217039
13583,X101920_004_1,12r,Negative,low,-0.00021895945501496355,-1.4423797211908858
13583,X101920_004_1,12r,Negative,mid,-0.0017915453369210892,-0.8503568121627246
13583,X101920_004_1,12r,Negative,high,-0.0009719635945138717,-0.3332753488654503
13590,X101920_014_2,46v,Negative,low,0.0007189061127532502,-0.3401170516891805
13590,X101920_014_2,46v,Negative,mid,-9.417476109580516e-05,0.2558056830785728
13590,X101920_014_2,46v,Negative,high,-0.0032807103494863635,0.18735084759612675
13599,X101920_040_4,13l,Negative,low,-0.00031493953220993235,-1.2864183502863726
13599,X101920_040_4,13l,Negative,mid,-0.0009820120851153147,-1.1924005419809292
13599,X101920_040_4,13l,Negative,high,-0.0002743939500521356,-1.0641224657041262
13600,X101920_050_3,46v,Positive,low,0.0035601847962012604,0.45245711883520723
13600,X101920_050_3,46v,Positive,mid,-0.0030348166256355395,0.164784561256923
13600,X101920_050_3,46v,Positive,high,0.001390925766595895,0.39902597248802946
13604,X101920_067_3,12o,Positive,low,8.363372955200386e-19,-1.0959306955337524
13604,X101920_067_3,12o,Positive,mid,0.0013374041201701281,-0.18555205640617056
13604,X101920_067_3,12o,Positive,high,0.004647774704608111,0.989947283563507
13608,X101920_077_5,12l,Negative,low,-0.004520114087022926,-0.2213540041630161
13608,X101920_077_5,12l,Negative,mid,-0.0005139568558001668,-0.8145758280509846
13608,X101920_077_5,12l,Negative,high,-0.0015458417232268738,-0.7762274831074744
13609,X101920_079_2,45,Negative,low,-0.004760926373455593,-0.5910738094550203
13609,X101920_079_2,45,Negative,mid,-0.002363535753154937,-0.8651918180731626
13609,X101920_079_2,45,Negative,high,-0.00028478161484129383,-0.6428708264018453
13612,X101920_085_2,8B,Positive,low,-0.001284882014674282,0.6420022001500263
13612,X101920_085_2,8B,Positive,mid,0.0013796066417399843,0.4416564077219481
13612,X101920_085_2,8B,Positive,high,0.003274788952967453,0.03809604538566748
13617,X101920_092_4,45,Negative,low,0.0009020920307485286,-0.43884710809305005
13617,X101920_092_4,45,Negative,mid,-0.00022354628202559944,-0.5780497073897466
13617,X101920_092_4,45,Negative,high,-0.0011577347242876196,-0.308696538697937
13620,X101920_100_5,24c,Negative,low,-0.0012027835505660403,-0.7006715035148139
13620,X101920_100_5,24c,Negative,mid,0.0009031581939353746,-1.3143024976162268
13620,X101920_100_5,24c,Negative,high,-0.00032424852187509237,-0.9486583596259702
13628,X101920_117_3,pu,Positive,low,0.0028809000598726702,2.3683604648624996
13628,X101920_117_3,pu,Positive,mid,0.0005579943401224716,0.9607477351566374
13628,X101920_117_3,pu,Positive,high,-0.0002376141776433187,-0.3795722672551523
13632,X101920_130_2,6VaVb,Positive,low,0.0039054327561771226,1.824278311652074
13632,X101920_130_2,6VaVb,Positive,mid,0.0009651077942187694,0.24224111921473185
13632,X101920_130_2,6VaVb,Positive,high,0.0017576660240269685,0.926068505039826
13635,X102020_004_3,12r,Negative,low,-0.0006664517852538742,-1.1122786515205827
13635,X102020_004_3,12r,Negative,mid,-0.002277663439363726,-0.9438002829051758
13635,X102020_004_3,12r,Negative,high,-0.0019072595713032498,-0.7443527501950447
13637,X102020_011_3,12m,Positive,low,0.00463492436894939,1.71660383685977
13637,X102020_011_3,12m,Positive,mid,0.003264640239404776,0.8077947011430137
13637,X102020_011_3,12m,Positive,high,0.0018391621720872965,0.18486329921248223
13638,X102020_015_3,46v,Positive,low,0.00041811477133298796,0.09868908466882818
13638,X102020_015_3,46v,Positive,mid,0.0007274383940355157,1.1203960683599685
13638,X102020_015_3,46v,Positive,high,0.002312802046386736,0.5517743157541556
13642,X102020_025_4,11ml,Negative,low,-0.0015352159236779103,-0.4769586188522649
13642,X102020_025_4,11ml,Negative,mid,-0.002611605195985698,-0.7864415685490499
13642,X102020_025_4,11ml,Negative,high,-0.0002727818855102533,-0.7697263131919201
13644,X102020_037_3,12o,Positive,low,0.005409272919944028,1.29700054485543
13644,X102020_037_3,12o,Positive,mid,0.002866051075394147,0.7595001704643749
13644,X102020_037_3,12o,Positive,high,0.0018031423393998762,0.7497416053179609
13653,X102020_079_3,45,Negative,low,0.0006940572929427478,-1.0042245445107443
13653,X102020_079_3,45,Negative,mid,-0.004503616920584588,-1.074571974928252
13653,X102020_079_3,45,Negative,high,-0.0017530602744444477,-1.1370029300699218
13654,X102020_085_3,8B,Positive,low,0.0011296532909212365,0.6226384887031993
13654,X102020_085_3,8B,Positive,mid,0.001489198796390179,1.2976341301609395
13654,X102020_085_3,8B,Positive,high,0.003408468821687478,0.4541631523316754
13656,X102020_086_1,8B,Positive,low,-0.0018902147147063448,0.2683657129234541
13656,X102020_086_1,8B,Positive,mid,-0.001278570195533894,-0.6341577593745438
13656,X102020_086_1,8B,Positive,high,0.0013653268300150524,0.22377447323583471
13663,X102020_100_3,24c,Negative,low,-0.0024474249449339533,-1.0956600990251772
13663,X102020_100_3,24c,Negative,mid,-0.0011541376173047808,-0.9791562482838623
13663,X102020_100_3,24c,Negative,high,-0.00015024840779367983,-0.9724892151732611
13673,X102020_117_4,pu,Positive,low,0.0026809317730514823,2.096804795665868
13673,X102020_117_4,pu,Positive,mid,0.004001372862653184,1.2725345073345298
13673,X102020_117_4,pu,Positive,high,0.0013887119617019422,0.29590540217006533
13676,X102020_129_2,pu,Positive,low,-0.004562034379122645,1.491716133095882
13676,X102020_129_2,pu,Positive,mid,0.002649558205691584,1.4437214107188348
13676,X102020_129_2,pu,Positive,high,0.000629838899397975,0.8489372686617783
13677,X102020_130_2,6VaVb,Positive,low,0.00035519176127916203,0.06658759703308603
13677,X102020_130_2,6VaVb,Positive,mid,0.0012447326273847918,0.017401056856570916
13677,X102020_130_2,6VaVb,Positive,high,0.002694840582179586,0.26164809690855023
13684,X102020_154_6,cd,Negative,low,-0.0026627435408955475,-0.7815474068154016
13684,X102020_154_6,cd,Negative,mid,-0.001461431630752592,-1.2416502972212489
13684,X102020_154_6,cd,Negative,high,0.0001277731268766553,-1.3418334629293687
13687,X102120_011_3,12m,Positive,low,0.0013373003321439398,0.7232382420261395
13687,X102120_011_3,12m,Positive,mid,0.0005348087229524055,0.21447525230839154
13687,X102120_011_3,12m,Positive,high,5.254813545991272e-05,-0.8179054926715159
13688,X102120_011_5,12m,Positive,low,0.007340881267545263,2.2715867364654856
13688,X102120_011_5,12m,Positive,mid,0.0007060998518142304,0.178140361343949
13688,X102120_011_5,12m,Positive,high,0.0009967762905923442,0.5032045014089085
13689,X102120_015_6,46v,Positive,low,-0.0006130969603949369,-0.46234308432833954
13689,X102120_015_6,46v,Positive,mid,0.000192833953438895,0.31496130375097636
13689,X102120_015_6,46v,Positive,high,0.0019596428385771454,0.4700549094398861
13690,X102120_015_7,46v,Positive,low,0.0010502622327720184,0.19057330632343666
13690,X102120_015_7,46v,Positive,mid,0.0008813112007830319,0.40910809753639327
13690,X102120_015_7,46v,Positive,high,0.0029415666549935274,1.2691585339494236
13698,X102120_050_7,46v,Negative,low,-0.002093648332722422,-0.7759253704198288
13698,X102120_050_7,46v,Negative,mid,-0.0005287702360068556,-0.5929490262317082
13698,X102120_050_7,46v,Negative,high,-0.0009876725361700988,-0.44296273386443713
13701,X102120_077_3,12l,Positive,low,0.00280137478970178,2.8648125415237096
13701,X102120_077_3,12l,Positive,mid,0.0008170526518490828,1.3652084006644327
13701,X102120_077_3,12l,Positive,high,0.0011209815485719282,0.06241140413164042
13702,X102120_077_4,12l,Negative,low,0.00011625341502587254,-0.5397234423343285
13702,X102120_077_4,12l,Negative,mid,-0.002031021244289926,-0.49072537504867986
13702,X102120_077_4,12l,Negative,high,-0.0014634391192516229,-0.6350377494478583
13703,X102120_079_4,45,Negative,low,-0.00020500865900505236,-0.5782608517760197
13703,X102120_079_4,45,Negative,mid,0.0007678431365319535,-0.20337703360582934
13703,X102120_079_4,45,Negative,high,-0.0014226241943580762,-0.30287688441370025
13709,X102120_084_3,8B,Positive,low,-0.0018168296143444304,-0.2640780544965319
13709,X102120_084_3,8B,Positive,mid,-0.0004438882246593355,1.7799721301692892
13709,X102120_084_3,8B,Positive,high,0.0015122923894617581,1.2581115322382794
13713,X102120_101_4,6VaVb,Positive,low,0.0016722158237088664,0.41754442987384
13713,X102120_101_4,6VaVb,Positive,mid,0.002854768977705712,0.7330913300085162
13713,X102120_101_4,6VaVb,Positive,high,0.0024257356691544255,-0.38501666647405003
13727,X102220_015_3,46v,Positive,low,0.0016238684549721306,-0.29562866623116696
13727,X102220_015_3,46v,Positive,mid,-0.0012937692706337,-0.1197049648556378
13727,X102220_015_3,46v,Positive,high,0.0020221389495045355,0.42215736733261183
13728,X102220_015_4,46v,Positive,low,0.0027354729518896995,1.066889860000951
13728,X102220_015_4,46v,Positive,mid,3.971212921544126e-05,0.7394272336389981
13728,X102220_015_4,46v,Positive,high,0.0022631327456463664,0.751266904618667
13740,X102220_069_2,AI,Negative,low,-0.0015230959830822698,-0.5507792319223818
13740,X102220_069_2,AI,Negative,mid,-0.0020991057966265863,-0.22966252550263477
13740,X102220_069_2,AI,Negative,high,-0.0012718833412697834,-0.5942099095926932
13744,X102220_075_1,8B,Negative,low,0.00026480490311767043,-0.12973260673920559
13744,X102220_075_1,8B,Negative,mid,-0.0015692542135346788,-1.1893020840532174
13744,X102220_075_1,8B,Negative,high,-0.0008678067714151667,-1.1702078404323433
13747,X102220_079_1,45,Negative,low,0.00031734157710557173,-1.2002595270892447
13747,X102220_079_1,45,Negative,mid,0.0008111112199643369,-0.9959312158570115
13747,X102220_079_1,45,Negative,high,-0.0017861738954922637,-1.806377710994587
13748,X102220_079_5,45,Negative,low,-0.0004994481815023275,-0.21129266406807404
13748,X102220_079_5,45,Negative,mid,-0.001227105174079702,0.565689225377594
13748,X102220_079_5,45,Negative,high,-0.0018440421684929459,-0.46347432440724423
13750,X102220_080_1,AI,Negative,low,-0.0020753491270110967,-0.8021662911673707
13750,X102220_080_1,AI,Negative,mid,-0.0010707383830141617,0.2685592573769693
13750,X102220_080_1,AI,Negative,high,-0.0018587411363585058,1.4596578989568447
13759,X102220_108_2,6DC,Positive,low,0.0007146712603963754,-0.6550616965863153
13759,X102220_108_2,6DC,Positive,mid,0.0024618923847886396,-0.43387604074648733
13759,X102220_108_2,6DC,Positive,high,0.0022182051472512013,1.1302826389199288
13761,X102220_110_6,6DR,Negative,low,0.007223597573034908,-0.6979650880819103
13761,X102220_110_6,6DR,Negative,mid,-0.0026061070590768093,-0.9351347180288913
13761,X102220_110_6,6DR,Negative,high,-0.001286453908760141,-0.5006686576879188
13770,X102220_130_2,6VaVb,Negative,low,0.00048583709632177573,0.32476414652667573
13770,X102220_130_2,6VaVb,Negative,mid,0.0006260545227593998,0.6854415855520776
13770,X102220_130_2,6VaVb,Negative,high,-0.0010914765702343117,0.47028475541144166
13774,X102220_136_1,24c,Negative,low,-1.4343364343688308e-05,0.1783946737719792
13774,X102220_136_1,24c,Negative,mid,-9.592054047571878e-05,0.5722460975241344
13774,X102220_136_1,24c,Negative,high,-0.00168301646633469,0.9531234981811384
13779,X102320_006_1,46v,Positive,low,0.0003708934929719413,0.3606728023683618
13779,X102320_006_1,46v,Positive,mid,0.00022214770727619224,1.172962927778628
13779,X102320_006_1,46v,Positive,high,0.0019219596002094138,-0.08141409367431492
13780,X102320_006_6,46v,Positive,low,0.003577529446849812,0.4645730435669836
13780,X102320_006_6,46v,Positive,mid,0.00174385243507003,1.479372217036325
13780,X102320_006_6,46v,Positive,high,0.0030481924051097985,0.5376266635718644
13783,X102320_022_1,46v,Positive,low,0.007214052173905141,0.8350668334763981
13783,X102320_022_1,46v,Positive,mid,0.0018649966303926678,0.7566127700618036
13783,X102320_022_1,46v,Positive,high,0.0006048489576749054,-0.2910508993688038
13787,X102320_028_2,12l,Negative,low,0.001757069035178236,-0.21638927681870548
13787,X102320_028_2,12l,Negative,mid,-0.0007526969705564797,-0.4338896960522143
13787,X102320_028_2,12l,Negative,high,-0.0005644909549937417,-0.16849372190010337
13793,X102320_050_1,46v,Positive,low,0.00036938819727409523,0.5186596008485644
13793,X102320_050_1,46v,Positive,mid,0.004561894532959545,0.9231177645509973
13793,X102320_050_1,46v,Positive,high,0.00047830235485687197,-0.06334578584204195
13796,X102320_068_3,12o,Negative,low,-0.0010776066946811076,-0.5967608055040959
13796,X102320_068_3,12o,Negative,mid,-0.0012982091262389067,-0.40546369402608934
13796,X102320_068_3,12o,Negative,high,-0.0021712366424616937,0.1973111377931169
13801,X102320_079_1,45,Negative,low,-0.0026163545799568395,-0.41745263455944975
13801,X102320_079_1,45,Negative,mid,-0.000532392070710647,-0.9247685580959113
13801,X102320_079_1,45,Negative,high,-0.0011307615928087468,-1.6409588252843517
13802,X102320_079_2,45,Negative,low,-0.0034247531467855347,-0.8287841851471268
13802,X102320_079_2,45,Negative,mid,-0.002630670790330454,-0.5396868144154251
13802,X102320_079_2,45,Negative,high,-0.0012645236616385686,-0.4442209704700058
13803,X102320_080_2,AI,Negative,low,-0.003774363581422863,-0.9429526378930594
13803,X102320_080_2,AI,Negative,mid,-0.0017604855493096566,0.5165370964023289
13803,X102320_080_2,AI,Negative,high,-0.0030178511585069578,0.859162485932454
13810,X102320_105_3,6DC,Positive,low,0.001771872143189539,-0.5889857192051143
13810,X102320_105_3,6DC,Positive,mid,-0.002128463025797704,-0.24529899409026862
13810,X102320_105_3,6DC,Positive,high,0.001228274178929929,-0.41187231525288315
13813,X102320_118_4,pu,Positive,low,0.0037874451603095577,0.6554613703679365
13813,X102320_118_4,pu,Positive,mid,0.004599079799353539,0.43514100519514887
13813,X102320_118_4,pu,Positive,high,0.0009167272999899332,-0.21064444581265973
13816,X102320_121_4,cd,Negative,low,-0.0014869590806007946,0.5241579865911253
13816,X102320_121_4,cd,Negative,mid,0.001888857538620019,-0.19510968151066868
13816,X102320_121_4,cd,Negative,high,-0.0011448506313913856,-0.6024088167311149
13817,X102320_124_2,cd,Negative,low,-0.004727157092583363,0.6432262729863464
13817,X102320_124_2,cd,Negative,mid,-0.0023631398787108586,-0.6536769588189559
13817,X102320_124_2,cd,Negative,high,-0.0007100611277187659,-0.978235626081857
13820,X102320_130_3,6VaVb,Negative,low,-0.000792090885806935,-0.2527857502180438
13820,X102320_130_3,6VaVb,Negative,mid,-0.001538753139569461,1.109987427807489
13820,X102320_130_3,6VaVb,Negative,high,-0.0006743993905278112,0.5118327360730401
13828,X102620_006_2,46v,Positive,low,-0.0009689581154478238,0.3179955544475522
13828,X102620_006_2,46v,Positive,mid,0.0010214380462513846,0.748510332303912
13828,X102620_006_2,46v,Positive,high,0.00109091307430857,-0.622318896323988
13831,X102620_011_4,12m,Positive,low,-0.0010004389041536842,-0.902509853699804
13831,X102620_011_4,12m,Positive,mid,6.350116699948008e-05,0.3099381310860852
13831,X102620_011_4,12m,Positive,high,0.0008246112966348319,-0.0015784270391983914
13833,X102620_013_2,46v,Negative,low,0.0011114863570608222,-0.16443708721864442
13833,X102620_013_2,46v,Negative,mid,-0.0019495338963705943,0.12836243286952342
13833,X102620_013_2,46v,Negative,high,-0.002160735634644568,0.17795068439168463
13834,X102620_015_2,46v,Positive,low,0.003504899696009392,-0.5035854783219079
13834,X102620_015_2,46v,Positive,mid,0.0005983969480204287,0.40411165069035965
13834,X102620_015_2,46v,Positive,high,0.0016726271850000592,1.592323321966879
13850,X102620_079_1,45,Negative,low,-0.004924240151683185,-1.1586127644536972
13850,X102620_079_1,45,Negative,mid,-0.0022552683059478434,-0.5160543061454355
13850,X102620_079_1,45,Negative,high,0.0002085702787609159,-0.19584023486454807
13862,X102620_108_2,6DC,Negative,low,-0.00143550026178038,-0.6039550446981902
13862,X102620_108_2,6DC,Negative,mid,-0.0003329590026228635,-0.1781419678172794
13862,X102620_108_2,6DC,Negative,high,-0.00013022050163604177,-0.3217628273083943
13866,X102620_110_3,6DR,Negative,low,0.00015952002401640523,-0.6259310341512974
13866,X102620_110_3,6DR,Negative,mid,-0.0036910046687297546,0.7807012221329658
13866,X102620_110_3,6DR,Negative,high,-0.003637583390558234,0.47103851475382097
13868,X102620_121_5,cd,Negative,low,-0.001988069842624545,0.012949490234389058
13868,X102620_121_5,cd,Negative,mid,-0.0013740482656761333,-1.0314716200488379
13868,X102620_121_5,cd,Negative,high,-0.0014185447679834816,-0.36437894898883616
13870,X102620_130_3,6VaVb,Positive,low,0.002330893396065167,-0.06649224774465709
13870,X102620_130_3,6VaVb,Positive,mid,0.003769587803307406,-0.6620174902220087
13870,X102620_130_3,6VaVb,Positive,high,0.0016123257598778303,1.4132156442485118
13873,X102720_003_5,12r,Positive,low,-0.0019262375251573127,2.3006358217950074
13873,X102720_003_5,12r,Positive,mid,0.0048205405955477725,0.34976024374275927
13873,X102720_003_5,12r,Positive,high,0.0009308535250262699,0.3088730162050468
13874,X102720_006_2,46v,Positive,low,0.0009564089973041626,1.2236365306000543
13874,X102720_006_2,46v,Positive,mid,-0.001266041093901176,0.1268331693578986
13874,X102720_006_2,46v,Positive,high,0.0011483073156815496,-0.6922551849717506
13883,X102720_024_4,46v,Positive,low,0.004426033798566262,0.5970033493370264
13883,X102720_024_4,46v,Positive,mid,0.0016617543844709467,0.1277149510578587
13883,X102720_024_4,46v,Positive,high,0.0012121542939379415,0.1250105402006236
13888,X102720_042_3,13l,Positive,low,0.004184977051797352,0.21442052376624693
13888,X102720_042_3,13l,Positive,mid,-0.000686662671243383,0.39662919521039347
13888,X102720_042_3,13l,Positive,high,0.001691633896293876,-0.19143061952837068
13890,X102720_047_3,12o,Positive,low,0.0016918532291896036,-0.9508061355329313
13890,X102720_047_3,12o,Positive,mid,-0.0010985169228519926,-0.4778905460171668
13890,X102720_047_3,12o,Positive,high,0.0015361969891764286,0.5066421434683059
13895,X102720_067_2,12o,Positive,low,0.00023919959029776723,0.011625315818142226
13895,X102720_067_2,12o,Positive,mid,-0.0002176191909186852,-0.19603667252181026
13895,X102720_067_2,12o,Positive,high,0.003467605843921287,0.5821524514153658
13896,X102720_067_4,12o,Positive,low,0.0027100111561142027,2.002170083889375
13896,X102720_067_4,12o,Positive,mid,-0.0007785385144451053,2.3898688817827556
13896,X102720_067_4,12o,Positive,high,0.0010839319657677043,0.2580784638003584
13897,X102720_068_3,12o,Negative,low,-0.002147697955601002,-0.9310312578687057
13897,X102720_068_3,12o,Negative,mid,-0.0027706213511511494,-0.9113834030204104
13897,X102720_068_3,12o,Negative,high,-0.0019679165027404076,-0.2550530630524523
13899,X102720_079_3,45,Negative,low,-0.0021434482243218897,0.08007280984090544
13899,X102720_079_3,45,Negative,mid,-0.0006417008054926388,-0.6184176973843681
13899,X102720_079_3,45,Negative,high,-0.0011283287612414373,-0.36737077758212056
13900,X102720_080_2,AI,Negative,low,-0.0030942765546577693,-0.6579711500054749
13900,X102720_080_2,AI,Negative,mid,-0.0038543646821668077,0.4345656863174335
13900,X102720_080_2,AI,Negative,high,-0.0034287652058727362,1.1924879269770496
13902,X102720_098_1,cd,Negative,low,-0.0012344794887964017,0.7460020917921812
13902,X102720_098_1,cd,Negative,mid,-0.0012635078019937107,0.6016814259784342
13902,X102720_098_1,cd,Negative,high,-0.002384780940479339,0.07557505394445234
13904,X102720_100_4,24c,Negative,low,1.8556367820488243e-05,-0.488869143255557
13904,X102720_100_4,24c,Negative,mid,0.0016219008794214592,-0.7696967376225602
13904,X102720_100_4,24c,Negative,high,-0.0011707291071492635,-0.3196107127015192
13907,X102720_107_3,pu,Negative,low,-0.001640645523476921,-0.31356859871756965
13907,X102720_107_3,pu,Negative,mid,0.00010771290980736527,-0.9503290789099581
13907,X102720_107_3,pu,Negative,high,-0.0001568006785589211,-0.971828684334747
13911,X102720_110_5,6DR,Negative,low,0.0011306133061696655,-0.09806195630369624
13911,X102720_110_5,6DR,Negative,mid,-0.0007348300309201127,-1.52911346883028
13911,X102720_110_5,6DR,Negative,high,-0.0008418691831668578,-0.8310918622524687
13913,X102720_129_3,pu,Positive,low,0.00032905080127879766,1.215384557870714
13913,X102720_129_3,pu,Positive,mid,0.0017419486561924605,1.2923254822435077
13913,X102720_129_3,pu,Positive,high,0.0013287564361919998,0.8634327626763881
13916,X102720_147_3,24c,Positive,low,0.0015238737117799102,-0.6901135467778295
13916,X102720_147_3,24c,Positive,mid,0.00344404127425033,0.5822364054077899
13916,X102720_147_3,24c,Positive,high,0.0005470330099920566,0.9032416688324806
13918,X102720_155_1,cd,Positive,low,0.0013676395670605972,0.652893950614711
13918,X102720_155_1,cd,Positive,mid,0.00224336661675165,0.9459083140773479
13918,X102720_155_1,cd,Positive,high,0.002183820901822972,0.7202245084671133
13919,X102720_157_3,24c,Positive,low,0.0030868902497309288,-0.517084411460869
13919,X102720_157_3,24c,Positive,mid,0.003130086657211159,1.3802269018218758
13919,X102720_157_3,24c,Positive,high,0.0019771630118445164,0.27074683887533557
13920,X102720_157_5,24c,Positive,low,0.0016373962272761113,1.045239594407045
13920,X102720_157_5,24c,Positive,mid,0.0024477514309840577,0.3747034598271817
13920,X102720_157_5,24c,Positive,high,0.0020209903779650853,0.15888261702589648
13921,X102820_006_3,46v,Positive,low,-0.0011553581335091683,-0.06368282174440906
13921,X102820_006_3,46v,Positive,mid,0.00043369133333952264,1.2139984983176042
13921,X102820_006_3,46v,Positive,high,0.0008316535905318464,-0.47621633293426374
13927,X102820_015_4,46v,Positive,low,-4.368352887114413e-06,-0.8985646621954818
13927,X102820_015_4,46v,Positive,mid,0.002071935469734869,-0.530510680419943
13927,X102820_015_4,46v,Positive,high,0.0017232322793295774,0.49817661262724006
13929,X102820_022_4,46v,Positive,low,0.003188760029858401,0.20527020746312444
13929,X102820_022_4,46v,Positive,mid,0.0038782547411079257,1.0107818596299811
13929,X102820_022_4,46v,Positive,high,0.0006566846523859343,1.0348481580044784
13930,X102820_023_4,46v,Negative,low,-0.003986557776451426,1.1480622941952745
13930,X102820_023_4,46v,Negative,mid,-0.0008683024340563569,-0.44976992872442906
13930,X102820_023_4,46v,Negative,high,-0.001305565198241002,0.254591653182771
13945,X102820_066_4,12l,Positive,low,0.0012729594143835322,0.11698509062239017
13945,X102820_066_4,12l,Positive,mid,0.0016923775400621132,-0.1929429170556255
13945,X102820_066_4,12l,Positive,high,0.0012511601119692582,-0.3480586656622051
13948,X102820_079_1,45,Positive,low,-0.0025840334021669195,0.5596553406022651
13948,X102820_079_1,45,Positive,mid,-0.00042676948511186866,1.2513744265907218
13948,X102820_079_1,45,Positive,high,0.0009926750750897714,-0.3760346636149378
13949,X102820_079_3,45,Negative,low,-0.0034714064849526594,0.9773687722461458
13949,X102820_079_3,45,Negative,mid,-0.0005311852069114033,-0.7003134767797632
13949,X102820_079_3,45,Negative,high,-0.0013997341048389918,-1.03158392688994
13950,X102820_080_1,AI,Negative,low,-0.0033819737248620306,-0.565234014134749
13950,X102820_080_1,AI,Negative,mid,-0.002492582247943176,0.32459922234633143
13950,X102820_080_1,AI,Negative,high,-0.002549435330014784,1.0300640367132654
13957,X102820_098_3,cd,Negative,low,-0.002247461031109881,1.054652536061659
13957,X102820_098_3,cd,Negative,mid,-0.0005641899545331,0.38793291854431944
13957,X102820_098_3,cd,Negative,high,-0.0023651512930385763,0.1737473185023854
13960,X102820_106_4,pu,Positive,low,0.0009116389827755194,-0.9101476969814142
13960,X102820_106_4,pu,Positive,mid,0.004070707267949364,-0.11061007169829976
13960,X102820_106_4,pu,Positive,high,0.0022532807618435447,1.7718328124473177
13962,X102820_117_3,pu,Negative,low,-0.002517577144944102,-0.6694209203743895
13962,X102820_117_3,pu,Negative,mid,0.0011375637318545846,-0.9014724882043736
13962,X102820_117_3,pu,Negative,high,-0.00093977653183587,-0.7993224811137417
13966,X102820_146_4,24c,Negative,low,-0.0025846797875839944,-0.7382964879811312
13966,X102820_146_4,24c,Negative,mid,-0.0011388536416423191,-0.7157472114724893
13966,X102820_146_4,24c,Negative,high,-0.0016900695770559705,-0.5909647651081796
13968,X102820_157_2,24c,Positive,low,0.0007842217157722882,0.9510324717934759
13968,X102820_157_2,24c,Positive,mid,0.0009208718464832159,0.7357117304901519
13968,X102820_157_2,24c,Positive,high,0.0021722538674736895,0.06085340306482444
13970,X102920_011_3,12m,Positive,low,0.004698358965130378,0.04804553477381807
13970,X102920_011_3,12m,Positive,mid,-0.002174410375190147,0.8397072112891272
13970,X102920_011_3,12m,Positive,high,0.0006985013622390717,1.033685172556244
13988,X102920_050_4,46v,Positive,low,-0.0009622329059381008,-0.3709714470769026
13988,X102920_050_4,46v,Positive,mid,0.0023703658618549625,0.5437173828817347
13988,X102920_050_4,46v,Positive,high,0.001352527928469248,0.12782206484883676
13994,X102920_067_6,12o,Positive,low,-0.0011098937107837132,-0.4641791727895943
13994,X102920_067_6,12o,Positive,mid,0.001720311361001972,-0.3216945178056765
13994,X102920_067_6,12o,Positive,high,0.0025519870898764088,0.08703374184672713
13997,X102920_075_9,8B,Negative,low,-0.0004489595595035673,-0.09382255965946072
13997,X102920_075_9,8B,Negative,mid,-0.00233556069016424,-0.9064906882315862
13997,X102920_075_9,8B,Negative,high,-0.0016632158066368261,-1.1677420121956983
14001,X102920_078_3,12o,Positive,low,0.0013092041785242223,2.0027686990239655
14001,X102920_078_3,12o,Positive,mid,0.003219947927237386,2.192564281766704
14001,X102920_078_3,12o,Positive,high,0.00033967711235513364,-0.2588549847412427
14003,X102920_080_3,AI,Negative,low,-0.0007392287308760737,-1.0983078984943484
14003,X102920_080_3,AI,Negative,mid,-0.002645333983017194,0.04474302541595123
14003,X102920_080_3,AI,Negative,high,-0.0031760824171989566,1.2413279575337586
14009,X102920_098_3,cd,Negative,low,-3.96294359365755e-05,0.6022599891274424
14009,X102920_098_3,cd,Negative,mid,-0.00019804195221875457,0.37259631837406715
14009,X102920_098_3,cd,Negative,high,-0.0020892330062367804,0.2249318939117111
14010,X102920_100_2,24c,Negative,low,0.0010327140977067746,-1.2550563572002529
14010,X102920_100_2,24c,Negative,mid,-0.0004254541754181904,-0.7687177698991065
14010,X102920_100_2,24c,Negative,high,-0.0005705774563194331,-1.3001071582618053
14013,X102920_110_4,6DR,Negative,low,-0.002162391905182779,0.04335181984591171
14013,X102920_110_4,6DR,Negative,mid,-0.0011428819945576885,-0.07441975482965753
14013,X102920_110_4,6DR,Negative,high,-0.0018651516623684032,0.42219842939853386
14020,X102920_146_2,24c,Negative,low,-0.0005248933705228558,-1.0062690204780085
14020,X102920_146_2,24c,Negative,mid,-0.002094199775628485,-0.9592165312506631
14020,X102920_146_2,24c,Negative,high,-0.001929603546763508,-0.3182559845217127
14030,X103020_012_6,12m,Positive,low,0.00044820258762199406,0.785275640651063
14030,X103020_012_6,12m,Positive,mid,-0.0009074145461629316,0.843226633990763
14030,X103020_012_6,12m,Positive,high,0.0009303376524702451,0.5297907099279633
14039,X103020_024_3,46v,Positive,low,-0.004312180417356697,0.6690232152144073
14039,X103020_024_3,46v,Positive,mid,0.00282189958232603,1.8375584188199443
14039,X103020_024_3,46v,Positive,high,0.0012997202281449063,0.2693399106470125
14041,X103020_029_3,12m,Positive,low,0.005691811673369087,2.187500500589758
14041,X103020_029_3,12m,Positive,mid,0.002188136276573334,0.18068729625523697
14041,X103020_029_3,12m,Positive,high,0.0018027959451589757,-0.5588362579901831
14043,X103020_037_3,12o,Positive,low,-0.0019975394552316267,1.596775761968185
14043,X103020_037_3,12o,Positive,mid,0.002361524604272161,2.07386073415569
14043,X103020_037_3,12o,Positive,high,0.0007610829956318618,1.15380110092052
14050,X103020_057_2,12o,Negative,low,-0.002098173045067671,1.2617295553234442
14050,X103020_057_2,12o,Negative,mid,-0.00198487846920737,0.6470040267921712
14050,X103020_057_2,12o,Negative,high,-0.0026724519045943514,0.45220528448216724
14057,X103020_078_5,12o,Positive,low,0.0022068006395203014,2.4513999951659344
14057,X103020_078_5,12o,Positive,mid,0.003270501064656914,2.218792085639649
14057,X103020_078_5,12o,Positive,high,0.00017982823204997766,-0.3647759018741709
14058,X103020_079_3,45,Negative,low,0.0030216182642380214,0.41201085080826555
14058,X103020_079_3,45,Negative,mid,0.0014742033345638722,-0.33211620494985983
14058,X103020_079_3,45,Negative,high,-0.0006396418373352556,-1.40057152658453
14060,X103020_086_2,8B,Positive,low,0.0024995711403699907,1.2620914276478543
14060,X103020_086_2,8B,Positive,mid,0.001955848831844798,-0.3418048695252802
14060,X103020_086_2,8B,Positive,high,0.003304985738674868,0.5080643740207377
14066,X103020_100_5,24c,Negative,low,-0.004307921438918816,-0.8564494033646266
14066,X103020_100_5,24c,Negative,mid,-0.00168433528661607,-0.8716424125775124
14066,X103020_100_5,24c,Negative,high,-0.002396551616912989,-0.21645491248281043
14067,X103020_102_3,6VaVb,Negative,low,0.000793033449195165,-0.7333277902889768
14067,X103020_102_3,6VaVb,Negative,mid,-0.00011486441261051218,-0.7499884447011594
14067,X103020_102_3,6VaVb,Negative,high,-0.0008553142155233555,-0.3812334672772572
14069,X103020_103_8,44,Positive,low,-0.004250197733670214,-0.7466462403373133
14069,X103020_103_8,44,Positive,mid,0.002131960255247584,-0.18255290528991805
14069,X103020_103_8,44,Positive,high,0.0023549022467969022,0.28817022923763086
14070,X103020_104_2,45,Positive,low,-0.002911453412295192,2.476346727615585
14070,X103020_104_2,45,Positive,mid,0.0028104134097183594,1.6104648604170853
14070,X103020_104_2,45,Positive,high,0.0016053834897258974,0.1935144397254821
14078,X103020_114_2,6VaVb,Negative,low,-0.0012727469598258095,-0.32908998412574436
14078,X103020_114_2,6VaVb,Negative,mid,-0.0022865536916261133,0.38011594419077055
14078,X103020_114_2,6VaVb,Negative,high,-0.0019513793111225702,0.21523248197099415
14080,X103020_127_2,pu,Positive,low,0.001858449033105845,-0.4760724074841042
14080,X103020_127_2,pu,Positive,mid,0.0032339307971124154,0.07978162520445772
14080,X103020_127_2,pu,Positive,high,0.0019659215031880566,0.29746098739699434
14083,X103020_140_2,pu,Negative,low,-0.0021790289570161638,0.446396396116471
14083,X103020_140_2,pu,Negative,mid,-0.0007346151479325745,0.38075418398733374
14083,X103020_140_2,pu,Negative,high,-0.00013789904122625389,-0.5425129631989808
14084,X103020_146_3,24c,Negative,low,0.0008006251236525632,-0.21160495167302926
14084,X103020_146_3,24c,Negative,mid,-0.001804268249815589,-1.7578263015001268
14084,X103020_146_3,24c,Negative,high,-0.0015297526990883032,-0.5412834204168535
14085,X103020_146_4,24c,Negative,low,-0.0019697940966619714,0.045303489799423766
14085,X103020_146_4,24c,Negative,mid,-0.004134583319119938,-0.2809083795097911
14085,X103020_146_4,24c,Negative,high,-0.0012535094719671187,0.33910175998650255
14086,X103020_152_2,pu,Positive,low,-0.0007171567456776582,-0.7295671718486797
14086,X103020_152_2,pu,Positive,mid,0.0013012739702788331,0.009600499911797846
14086,X103020_152_2,pu,Positive,high,0.0016552745280448036,1.3240468211459637
14102,X110220_057_2,12o,Negative,low,-0.00020091446823389904,1.107527539124728
14102,X110220_057_2,12o,Negative,mid,0.00027162734767203334,0.580777177765358
14102,X110220_057_2,12o,Negative,high,-0.0021347595654998717,0.3726653694891884
14104,X110220_065_3,cd,Negative,low,-0.0002715595817558871,-0.5644777694193277
14104,X110220_065_3,cd,Negative,mid,-0.0015539415043723168,-0.4751614705232722
14104,X110220_065_3,cd,Negative,high,-0.0008606988938668425,-0.6086015197976853
14106,X110220_067_4,12o,Positive,low,0.0001309317855533297,1.2444124555570877
14106,X110220_067_4,12o,Positive,mid,-0.001707982539632482,1.2634747873096046
14106,X110220_067_4,12o,Positive,high,0.001644492802716838,0.24676393366383137
14112,X110220_078_3,12o,Positive,low,0.0033102424629513445,2.8823975062806673
14112,X110220_078_3,12o,Positive,mid,0.0014205237813934546,1.7024437398363073
14112,X110220_078_3,12o,Positive,high,0.00025806573636311667,-0.45641823318754376
14131,X110220_109_3,6DR,Positive,low,-0.0019419117356125472,-1.5195449405189405
14131,X110220_109_3,6DR,Positive,mid,-0.0022796291264981627,0.5904547431290819
14131,X110220_109_3,6DR,Positive,high,0.0012745409302883854,1.2066676310215536
14134,X110220_129_3,pu,Negative,low,0.00203536567008042,-0.6395283254582478
14134,X110220_129_3,pu,Negative,mid,-0.0006782457167104929,-0.7721977359344082
14134,X110220_129_3,pu,Negative,high,-0.0012593309686155672,-0.8623110493288659
14139,X110320_024_2,46v,Positive,low,0.008433111063128076,0.5217406162434256
14139,X110320_024_2,46v,Positive,mid,-0.0005696252328587372,-0.5357708978511628
14139,X110320_024_2,46v,Positive,high,0.0003130378948284083,0.03813147968416003
14149,X110320_037_4,12o,Positive,low,0.005337666883664315,1.6887832234215345
14149,X110320_037_4,12o,Positive,mid,0.0026730214632444313,1.1250483348747535
14149,X110320_037_4,12o,Positive,high,0.0024477974661512355,0.8908624413009492
14152,X110320_044_3,13m,Negative,low,-0.0056702855699571056,-1.1053119845337354
14152,X110320_044_3,13m,Negative,mid,-0.0018560021886781409,-0.8633307084891931
14152,X110320_044_3,13m,Negative,high,-0.001583220975413917,-0.6705075955257043
14155,X110320_058_3,12o,Negative,low,0.0001400040211922166,0.40595955718362925
14155,X110320_058_3,12o,Negative,mid,-0.0007087793068696679,-0.8172762765573918
14155,X110320_058_3,12o,Negative,high,-0.0010823233162916722,-0.7404706151582635
14156,X110320_065_3,cd,Positive,low,0.005907344412043515,0.1408995450846231
14156,X110320_065_3,cd,Positive,mid,0.0007087477973477361,-0.2921617191703341
14156,X110320_065_3,cd,Positive,high,0.0005514637502052915,-0.16357614456469846
14175,X110320_104_1,45,Positive,low,-0.0014421379431036826,2.2304693113349243
14175,X110320_104_1,45,Positive,mid,0.0028816774737247058,1.5764626811526579
14175,X110320_104_1,45,Positive,high,0.0023621525938632456,0.49544293181691784
14178,X110320_112_3,cd,Negative,low,-0.002286233374173542,-1.0284081390700899
14178,X110320_112_3,cd,Negative,mid,-0.0007963719739596889,-1.248494341052114
14178,X110320_112_3,cd,Negative,high,-0.0004296856308264635,-1.3518421726298213
14180,X110320_145_4,24c,Positive,low,0.0005707019644501186,0.08699133569158121
14180,X110320_145_4,24c,Positive,mid,-0.00028130195733041006,0.3406246195403168
14180,X110320_145_4,24c,Positive,high,0.00020158215311519875,-0.9329349931186923
14187,X110420_028_5,12l,Negative,low,0.00015267580892084704,-1.2172810877619091
14187,X110420_028_5,12l,Negative,mid,-0.0004352849666587586,-0.9805405268851611
14187,X110420_028_5,12l,Negative,high,-0.0007432497649143224,-1.0596186478998815
14191,X110420_038_3,13l,Negative,low,0.0002623699927022225,-0.16698844545519292
14191,X110420_038_3,13l,Negative,mid,3.9315203621460126e-05,-1.2669314061742456
14191,X110420_038_3,13l,Negative,high,-0.0006506389932678134,-1.1719089638373619
14201,X110420_068_3,12o,Positive,low,0.003036754786093421,1.01966642956877
14201,X110420_068_3,12o,Positive,mid,0.0016486306847235375,1.020092436433235
14201,X110420_068_3,12o,Positive,high,0.001808215966025053,1.3255845303840923
14209,X110420_104_1,45,Positive,low,-0.0012154607894513554,2.758585138844571
14209,X110420_104_1,45,Positive,mid,0.0014987834435646762,1.5543116059358821
14209,X110420_104_1,45,Positive,high,0.0008601257976280454,0.31837649026013193
14210,X110420_104_3,45,Positive,low,-0.0037666456835785843,2.0721329052416535
14210,X110420_104_3,45,Positive,mid,0.0015280925921706196,1.5316161538122497
14210,X110420_104_3,45,Positive,high,0.001713884279030922,0.4807746294210239
14215,X110420_128_3,pu,Positive,low,0.005653592091977544,0.7303476994392305
14215,X110420_128_3,pu,Positive,mid,0.0033398067454859107,1.2748848187772808
14215,X110420_128_3,pu,Positive,high,0.001630637929236598,0.4970052172701043
14223,X110520_029_4,12m,Positive,low,0.003945272285585826,1.3213253853549738
14223,X110520_029_4,12m,Positive,mid,0.002720981234123884,0.26902229817872386
14223,X110520_029_4,12m,Positive,high,0.0016467845230095863,-0.33657045361582816
14226,X110520_031_2,13l,Negative,low,0.004331825509745154,0.8661365611474813
14226,X110520_031_2,13l,Negative,mid,-0.0015843190129120597,-0.028368876944799688
14226,X110520_031_2,13l,Negative,high,-0.0030073957895743564,-0.14773432324215663
14231,X110520_040_4,13l,Positive,low,-0.0006871254529560982,0.4371261739224535
14231,X110520_040_4,13l,Positive,mid,0.00047226317315972,1.2403945400195193
14231,X110520_040_4,13l,Positive,high,0.0007631948441663211,1.9341389039986938
14232,X110520_040_6,13l,Negative,low,-0.0030397905424426647,-0.49022650726746997
14232,X110520_040_6,13l,Negative,mid,-0.001781662263108542,-0.36491266241957265
14232,X110520_040_6,13l,Negative,high,-0.0011387777230562335,-0.16756747385290158
14236,X110520_066_4,12l,Positive,low,0.001099559394466075,-0.4247850823237835
14236,X110520_066_4,12l,Positive,mid,0.002534964245782377,1.0061492522680255
14236,X110520_066_4,12l,Positive,high,0.0028040587128629786,1.3165539185239155
14239,X110520_075_4,8B,Negative,low,-0.00032169472813838734,-0.8577977631631588
14239,X110520_075_4,8B,Negative,mid,-0.0033248323769923802,-0.25619928876423087
14239,X110520_075_4,8B,Negative,high,-0.0018363183201812315,-0.4924474822499862
14241,X110520_086_4,8B,Positive,low,0.004087540633958719,0.9275899615476587
14241,X110520_086_4,8B,Positive,mid,0.0027539434738137946,0.5188017246428065
14241,X110520_086_4,8B,Positive,high,0.001912362044401939,0.5464248358044996
14262,X110620_014_1,46v,Positive,low,0.0031595952633220992,0.8029263226891451
14262,X110620_014_1,46v,Positive,mid,0.004320623507076768,0.9608866427443958
14262,X110620_014_1,46v,Positive,high,0.002783824221771624,1.3075091292378114
14265,X110620_023_4,46v,Negative,low,0.0014084054070452885,0.5611830972632496
14265,X110620_023_4,46v,Negative,mid,-0.001496152614037766,-0.11044356391419163
14265,X110620_023_4,46v,Negative,high,-0.0004756677700335782,0.03596177763219794
14267,X110620_028_4,12l,Negative,low,-0.003190267771376333,0.5720561391514372
14267,X110620_028_4,12l,Negative,mid,-0.000128286196428933,-0.6997083841316315
14267,X110620_028_4,12l,Negative,high,-0.0021643819666665068,-0.7601217159328474
14268,X110620_029_5,12m,Positive,low,0.007949988527796253,1.7400230313349088
14268,X110620_029_5,12m,Positive,mid,0.0030160178532863003,0.4391939664939837
14268,X110620_029_5,12m,Positive,high,0.0017735579677720448,-0.4121984449187776
14270,X110620_031_3,13l,Negative,low,0.0021548515223650754,1.0863828326927707
14270,X110620_031_3,13l,Negative,mid,-0.00042903473428786143,0.8147180338836463
14270,X110620_031_3,13l,Negative,high,-0.0028836348024561813,0.05606319309799574
14273,X110620_039_7,13l,Positive,low,0.004031380591117007,-0.34307611184799036
14273,X110620_039_7,13l,Positive,mid,0.001999639208309283,0.441041515268986
14273,X110620_039_7,13l,Positive,high,0.0024633290542171635,0.9473020107843316
14274,X110620_040_5,13l,Positive,low,0.001314608437885736,-0.3324743436180972
14274,X110620_040_5,13l,Positive,mid,0.0015308699060126918,0.9166403778591589
14274,X110620_040_5,13l,Positive,high,0.0015467177924302928,1.9898116763141904
14276,X110620_048_6,12o,Positive,low,-0.0006687168386753339,-0.014131603101593832
14276,X110620_048_6,12o,Positive,mid,0.0023274845487749355,-0.1770182417741684
14276,X110620_048_6,12o,Positive,high,0.001329287319756614,-0.054499006654176944
14278,X110620_066_2,12l,Positive,low,-0.0012188738762190534,0.7743355211756888
14278,X110620_066_2,12l,Positive,mid,0.00155210712090669,0.2148726643411793
14278,X110620_066_2,12l,Positive,high,0.0019594774898048562,0.04482136265907015
14283,X110620_077_4,12l,Negative,low,0.002025738045484357,-1.250225114296756
14283,X110620_077_4,12l,Negative,mid,0.0025873503220816777,-0.98446521679972
14283,X110620_077_4,12l,Negative,high,-0.002626684683508874,-0.5622721206909743
14285,X110620_091_3,45,Negative,low,-0.00376703886091528,-0.19265259488896597
14285,X110620_091_3,45,Negative,mid,-0.005844986794855191,0.4904164338000925
14285,X110620_091_3,45,Negative,high,-0.0035650785585294486,0.34342438837395844
14289,X110620_101_2,6VaVb,Negative,low,-0.00016251506051631596,-0.46442611293926117
14289,X110620_101_2,6VaVb,Negative,mid,-0.0006848857250414298,-0.6246588128632843
14289,X110620_101_2,6VaVb,Negative,high,-0.0010678298646215336,0.11835440836126546
14294,X110620_104_2,45,Positive,low,-0.0014228093428399352,2.3754147703754724
14294,X110620_104_2,45,Positive,mid,0.00023345184539943416,1.8788461667329024
14294,X110620_104_2,45,Positive,high,0.0019679742738261123,0.16644951096661706
14302,X110620_117_7,pu,Negative,low,-0.0010916394750270972,-0.32931365754560704
14302,X110620_117_7,pu,Negative,mid,-2.0907881087912633e-05,-0.9902373180413206
14302,X110620_117_7,pu,Negative,high,-0.00032162319652020733,-0.9264247868699758
14309,X110920_023_2,46v,Negative,low,-0.0013099043206596746,-0.4293902919235672
14309,X110920_023_2,46v,Negative,mid,-0.002004240760555767,-0.3175388827343501
14309,X110920_023_2,46v,Negative,high,-0.0016758138987497213,-0.016732741489552408
14317,X110920_056_2,12l,Positive,low,0.0009955229272005448,0.23361664456598144
14317,X110920_056_2,12l,Positive,mid,0.0005831756527467702,1.9031321768356044
14317,X110920_056_2,12l,Positive,high,0.0013235159047167168,1.5166853599857768
14319,X110920_064_3,cd,Positive,low,0.0008277330132222138,0.44233199390900413
14319,X110920_064_3,cd,Positive,mid,0.0012477623455419645,0.2511143553010289
14319,X110920_064_3,cd,Positive,high,0.0007278214012651109,0.9254837322750822
14331,X110920_105_3,6DC,Negative,low,-0.006352474079494514,0.281154286847783
14331,X110920_105_3,6DC,Negative,mid,-0.004269534176293867,0.15252381903483547
14331,X110920_105_3,6DC,Negative,high,0.00015406129293655683,-0.6675578482734185
14337,X110920_135_2,24c,Negative,low,0.0014425406789296993,0.32688747151434605
14337,X110920_135_2,24c,Negative,mid,-0.001596558167938724,-0.9725310818358834
14337,X110920_135_2,24c,Negative,high,-0.00144976644104962,-1.4941143972703106
14341,X110920_143_2,pu,Positive,low,0.0016898809966611231,-0.6702881613800522
14341,X110920_143_2,pu,Positive,mid,0.0025239985556476576,-0.023908778246005565
14341,X110920_143_2,pu,Positive,high,0.0013476843576389207,1.0824330621670168
14345,X110920_147_4,24c,Negative,low,-0.0010785007710586367,-0.07430852421973143
14345,X110920_147_4,24c,Negative,mid,-0.002310189972422011,-0.26145199233431293
14345,X110920_147_4,24c,Negative,high,-0.0007613882541672311,-1.118515875097519
14349,X111020_012_3,12m,Positive,low,-0.0007534485725909152,-0.6651298726557099
14349,X111020_012_3,12m,Positive,mid,0.0006321582306000784,1.883531319371079
14349,X111020_012_3,12m,Positive,high,0.002852892316262317,1.4760772948356318
14350,X111020_015_3,46v,Positive,low,-0.0002294371861833036,-0.5889055119012289
14350,X111020_015_3,46v,Positive,mid,0.00023419170263674666,-0.22155414391409747
14350,X111020_015_3,46v,Positive,high,0.0020205115916982633,1.5378848076263403
14351,X111020_023_3,46v,Negative,low,0.0009605569142775492,1.4080345800546263
14351,X111020_023_3,46v,Negative,mid,-0.002500235948873699,-0.16832473587140925
14351,X111020_023_3,46v,Negative,high,-0.0012987718866793634,-0.23608170326524291
14354,X111020_034_2,13m,Negative,low,-0.00544173299194484,0.8070435505515328
14354,X111020_034_2,13m,Negative,mid,-0.0009873162378909776,-0.6357230341337783
14354,X111020_034_2,13m,Negative,high,-0.0008636701616917739,-0.2116044843399908
14361,X111020_056_6,12l,Positive,low,0.001732205824601374,0.040519987795495746
14361,X111020_056_6,12l,Positive,mid,-0.00048684639341776113,1.0797878214206156
14361,X111020_056_6,12l,Positive,high,0.002588752703836281,1.5229171352854585
14379,X111020_141_1,pu,Negative,low,-0.0005037767110540758,1.2679237238055532
14379,X111020_141_1,pu,Negative,mid,-0.0012521517653791094,-0.7265922489065442
14379,X111020_141_1,pu,Negative,high,-0.0012691020393322014,-1.834756926569883
14381,X111020_144_10,cd,Negative,low,-0.004617861268301956,0.08048668433098546
14381,X111020_144_10,cd,Negative,mid,-0.0011657430568669828,-0.11051792078016143
14381,X111020_144_10,cd,Negative,high,-0.0006826473741194604,-0.6067474969258275
14382,X111020_147_1,24c,Negative,low,-0.003121871619359292,-0.19768521037153602
14382,X111020_147_1,24c,Negative,mid,-0.0018076488427526652,-0.6226407207963917
14382,X111020_147_1,24c,Negative,high,-0.0009491211902933069,-1.4424270413282905
14389,X111120_015_3,46v,Positive,low,-0.0012488136463008974,-0.24239299948886656
14389,X111120_015_3,46v,Positive,mid,-0.0012826844723808223,0.041834851922432484
14389,X111120_015_3,46v,Positive,high,0.00026576391089366504,0.5809125767868886
14393,X111120_024_4,46v,Positive,low,0.003567445308791129,0.36761614775127066
14393,X111120_024_4,46v,Positive,mid,-0.00037219828384565647,-0.25685489050257165
14393,X111120_024_4,46v,Positive,high,0.0007146963325415259,-0.3484963330312634
14399,X111120_043_3,13m,Positive,low,0.0039679113414477,0.2223827554921801
14399,X111120_043_3,13m,Positive,mid,3.197709334888352e-05,0.15680572160207432
14399,X111120_043_3,13m,Positive,high,0.0008406125795775406,0.2793439250814608
14402,X111120_047_2,12o,Positive,low,-0.0025064147277370236,0.7431933779137545
14402,X111120_047_2,12o,Positive,mid,0.0030411628880414173,1.1884220249934614
14402,X111120_047_2,12o,Positive,high,0.0012184911900071105,0.4805645409614288
14413,X111120_077_2,12l,Negative,low,0.00021353112323506412,-0.6907589233258798
14413,X111120_077_2,12l,Negative,mid,-0.0007303877440437793,-0.5004835307052647
14413,X111120_077_2,12l,Negative,high,-0.0001761338109153643,-0.6014873600640829
14414,X111120_078_5,12o,Positive,low,0.004318519291286307,0.8653578505239808
14414,X111120_078_5,12o,Positive,mid,0.0031228631512051058,0.06554066985541453
14414,X111120_078_5,12o,Positive,high,0.002776677149124631,-0.5278843809743397
14422,X111120_103_5,44,Positive,low,0.0002945270498613646,-1.2490327207498662
14422,X111120_103_5,44,Positive,mid,0.0005943282530828779,-1.1341196424552487
14422,X111120_103_5,44,Positive,high,0.0011472537383342358,-0.5557694944883147
14429,X111120_139_3,pu,Negative,low,-0.0005574556486535146,-0.042445984173925616
14429,X111120_139_3,pu,Negative,mid,0.0013941905344979932,-0.04743941027915939
14429,X111120_139_3,pu,Negative,high,-0.000939661842360372,-0.194574613142885
14438,X111220_012_4,12m,Positive,low,-0.001623456689373197,2.37860178094537
14438,X111220_012_4,12m,Positive,mid,0.00027927587640169953,1.459822315939651
14438,X111220_012_4,12m,Positive,high,0.0005936952003095154,-0.029764499858923616
14441,X111220_030_3,13l,Positive,low,-3.600315396989982e-05,0.15418930811477832
14441,X111220_030_3,13l,Positive,mid,0.003543467710131364,0.7505014771785425
14441,X111220_030_3,13l,Positive,high,0.004245172616693864,1.0445674184079818
14443,X111220_033_2,13m,Positive,low,0.0009347598689062089,0.2606541377756363
14443,X111220_033_2,13m,Positive,mid,0.0036964162924573146,-0.05855305263642923
14443,X111220_033_2,13m,Positive,high,0.00151001167206606,-0.19912912424951296
14451,X111220_047_1,12o,Negative,low,-0.0024903006716081822,-0.8742282527525825
14451,X111220_047_1,12o,Negative,mid,-0.0006833728774592561,-0.30290096545492773
14451,X111220_047_1,12o,Negative,high,0.00033150784915498194,-0.5636300145835924
14456,X111220_067_2,12o,Positive,low,0.0015733099274570415,2.1006338874036183
14456,X111220_067_2,12o,Positive,mid,0.0030410375507979536,1.6665863741356601
14456,X111220_067_2,12o,Positive,high,0.0005765748817054767,0.1810818903239505
14458,X111220_069_6,AI,Positive,low,0.0008783068631094381,0.4267921872594529
14458,X111220_069_6,AI,Positive,mid,0.0032972168587302435,2.170963481936399
14458,X111220_069_6,AI,Positive,high,0.0003628755491660692,1.0203834022341076
14462,X111220_076_3,cd,Negative,low,-0.0024089330466351795,2.0416558952552704
14462,X111220_076_3,cd,Negative,mid,-0.0018605604884338912,0.3270368755222864
14462,X111220_076_3,cd,Negative,high,-0.0012890906739944376,-0.7549378981259024
14464,X111220_078_2,12o,Negative,low,-0.0034362615013385014,0.14041173557720663
14464,X111220_078_2,12o,Negative,mid,-0.0026693233345925884,0.6587768977935257
14464,X111220_078_2,12o,Negative,high,-0.0024181270276775087,0.30436622414419495
14465,X111220_078_3,12o,Positive,low,0.0023208770872573214,1.2939595322181996
14465,X111220_078_3,12o,Positive,mid,0.0012163733661364527,0.38264033631902006
14465,X111220_078_3,12o,Positive,high,0.0029065070948896352,-0.4556539848093048
14467,X111220_080_4,AI,Positive,low,-0.001751898639180249,1.3430531821934237
14467,X111220_080_4,AI,Positive,mid,0.00351114878773043,1.5192686016865062
14467,X111220_080_4,AI,Positive,high,0.0018943534127708471,0.7938882703590711
14475,X111220_094_4,AI,Positive,low,-0.004445188316277773,0.43949078386006396
14475,X111220_094_4,AI,Positive,mid,-0.0009685034124038629,0.8681781585500676
14475,X111220_094_4,AI,Positive,high,0.002014137165406659,0.6040023942756934
14478,X111220_101_2,6VaVb,Negative,low,0.0014619590456484645,-0.7602482187715104
14478,X111220_101_2,6VaVb,Negative,mid,0.0004998747255659339,-0.20524717823210206
14478,X111220_101_2,6VaVb,Negative,high,-0.0014777838767961406,-0.15475590194547595
14482,X111220_108_4,6DC,Positive,low,-0.0031004480076282505,1.5321061652333487
14482,X111220_108_4,6DC,Positive,mid,0.004361998731472549,0.4911022139533993
14482,X111220_108_4,6DC,Positive,high,0.0006056438757706957,0.9095453268378825
14483,X111220_112_3,cd,Positive,low,-0.0009990550871868883,-0.22134074864648717
14483,X111220_112_3,cd,Positive,mid,0.0004171240978635314,3.5416263923073767
14483,X111220_112_3,cd,Positive,high,0.0006523676762935801,0.27321855406546225
14495,X111320_020_2,12m,Positive,low,0.0037051353844979973,1.6265461295595185
14495,X111320_020_2,12m,Positive,mid,0.0017088411873927587,1.0805355918635544
14495,X111320_020_2,12m,Positive,high,0.0023370166532333814,0.13342715336210148
14499,X111320_032_4,13m,Positive,low,0.0018428192959414067,1.1512836178085966
14499,X111320_032_4,13m,Positive,mid,0.0015291976740598198,1.160905484785752
14499,X111320_032_4,13m,Positive,high,0.0010468980352487198,-0.3678522006324142
14501,X111320_034_3,13m,Positive,low,0.006460173418195441,1.0649889906157062
14501,X111320_034_3,13m,Positive,mid,0.001769535747296642,-0.016321399032383128
14501,X111320_034_3,13m,Positive,high,0.0028668935733251696,0.6017394461909219
14503,X111320_037_5,12o,Negative,low,0.0006805965381598629,-0.02299488028790337
14503,X111320_037_5,12o,Negative,mid,0.0010268143918743488,-0.9181544192859007
14503,X111320_037_5,12o,Negative,high,-0.0010686719849382056,-0.7412004536281211
14507,X111320_040_3,13l,Negative,low,-0.0017389393756567827,-1.3846480112504245
14507,X111320_040_3,13l,Negative,mid,-0.0019234655621559837,-1.174833342730503
14507,X111320_040_3,13l,Negative,high,-0.0016809964528899308,-0.5363202439123275
14508,X111320_042_6,13l,Positive,low,-0.0010699916752131332,-0.37607470315070624
14508,X111320_042_6,13l,Positive,mid,0.0050554676346277,1.476261655125959
14508,X111320_042_6,13l,Positive,high,0.0025360895279255115,0.16662588788695423
14513,X111320_066_3,12l,Negative,low,-0.004509171785884061,0.06327295489299317
14513,X111320_066_3,12l,Negative,mid,-0.001687193054173798,-0.3277364944335625
14513,X111320_066_3,12l,Negative,high,-0.0006275907211635547,-0.5368957296633681
14514,X111320_069_3,AI,Positive,low,0.0020394694333863636,0.45649684805069707
14514,X111320_069_3,AI,Positive,mid,0.0024102385693577357,1.580211570774656
14514,X111320_069_3,AI,Positive,high,0.0012745941876271213,1.0351430343312154
14515,X111320_076_3,cd,Negative,low,-0.004137175995753045,1.5512548833062714
14515,X111320_076_3,cd,Negative,mid,0.00011319167795203004,0.23070264037097254
14515,X111320_076_3,cd,Negative,high,-0.000249497652239663,-1.0440573453308144
14518,X111320_079_3,6VaVb,Positive,low,0.004052736393449665,0.16819684518332254
14518,X111320_079_3,6VaVb,Positive,mid,-0.00013629384320802072,-0.3733222676423059
14518,X111320_079_3,6VaVb,Positive,high,0.000785225417647776,-0.43763890752131845
14527,X111320_100_7,24c,Negative,low,-0.00313495679229121,0.32100315186847467
14527,X111320_100_7,24c,Negative,mid,-0.003033651037047778,-0.38314151677321223
14527,X111320_100_7,24c,Negative,high,-0.00140743693519436,-0.3593124814471772
14530,X111320_106_3,AMG,Negative,low,-0.0007865923191615256,-0.8408145472630486
14530,X111320_106_3,AMG,Negative,mid,-0.0004775988063313533,-0.584214770710855
14530,X111320_106_3,AMG,Negative,high,-0.002228420119029348,0.24751473815891636
14546,X111620_003_3,12r,Positive,low,0.0024129566592299002,-0.04138940856164436
14546,X111620_003_3,12r,Positive,mid,0.00012690688651172545,1.6305947571298645
14546,X111620_003_3,12r,Positive,high,0.001923743665326579,0.24457898113923845
14551,X111620_024_3,46v,Positive,low,0.0014390283967213643,0.3418039141375666
14551,X111620_024_3,46v,Positive,mid,-0.002454500334547576,-0.5720324167282864
14551,X111620_024_3,46v,Positive,high,0.0005695540270272737,0.13432750497335846
14558,X111620_043_4,13m,Positive,low,0.0029038008552228346,0.4101197535064406
14558,X111620_043_4,13m,Positive,mid,0.000605550597242135,1.9071734299675598
14558,X111620_043_4,13m,Positive,high,-0.00011298094906953883,1.1054440885534302
14568,X111620_069_3,AI,Positive,low,0.0015643225564105788,0.2610111663725456
14568,X111620_069_3,AI,Positive,mid,0.0021323934205811283,2.094935177269077
14568,X111620_069_3,AI,Positive,high,0.0007583860277845555,0.9185381842135589
14570,X111620_074_3,13m,Positive,low,0.005427198670284246,1.4073991415917195
14570,X111620_074_3,13m,Positive,mid,0.0014848845412748968,1.1156581653353328
14570,X111620_074_3,13m,Positive,high,0.001109018670751055,0.8363718567942944
14578,X111620_102_3,6VaVb,Positive,low,-0.0016356770845114066,-0.030286146575017846
14578,X111620_102_3,6VaVb,Positive,mid,0.0030186542520098626,2.35053068101902
14578,X111620_102_3,6VaVb,Positive,high,0.0031801586745953676,1.4976966696451983
14579,X111620_102_4,6VaVb,Negative,low,-0.002547007732973902,0.7435295809565512
14579,X111620_102_4,6VaVb,Negative,mid,-0.00220548466974701,-0.11479669330895766
14579,X111620_102_4,6VaVb,Negative,high,-0.0008669953480014537,-0.8689094106488537
14580,X111620_106_2,AMG,Negative,low,-0.0007373266458903775,0.06125760528440285
14580,X111620_106_2,AMG,Negative,mid,-0.0015196247303523231,-0.06502623894411107
14580,X111620_106_2,AMG,Negative,high,-0.0005230564547558941,0.22158404356066275
14581,X111620_117_1,pu,Negative,low,-0.0008289331661367143,-0.8819335272958728
14581,X111620_117_1,pu,Negative,mid,-0.0011192555873372348,-0.1522978436319582
14581,X111620_117_1,pu,Negative,high,-0.0022934993005172682,0.0670894541037823
14590,X111620_139_1,pu,Negative,low,-0.00250270587281441,0.11800494577101092
14590,X111620_139_1,pu,Negative,mid,-7.844392096345278e-05,-0.9031618297558756
14590,X111620_139_1,pu,Negative,high,-0.001118556769574086,-0.9281008362571729
14599,X111720_011_4,12m,Positive,low,0.003544117899970332,0.7491149397678487
14599,X111720_011_4,12m,Positive,mid,0.0004201194456083971,1.1704416930576331
14599,X111720_011_4,12m,Positive,high,0.0008715301138106709,-0.6104434231751771
14618,X111720_056_3,12l,Negative,low,0.0002482152815736292,-0.541352882868178
14618,X111720_056_3,12l,Negative,mid,-0.0012372244023660462,-1.1655062860538083
14618,X111720_056_3,12l,Negative,high,-0.0002730357367602506,-1.2648777541225642
14624,X111720_069_3,AI,Positive,low,0.0025353871436464477,-0.4824937735893415
14624,X111720_069_3,AI,Positive,mid,0.0027498695739290487,1.4703327072985755
14624,X111720_069_3,AI,Positive,high,0.0012032101959443635,0.8556647528824513
14625,X111720_073_2,AI,Negative,low,-0.0023022607900491363,-0.3996165858700983
14625,X111720_073_2,AI,Negative,mid,-0.004592374982858335,-0.2864340808257668
14625,X111720_073_2,AI,Negative,high,-0.002288312387876094,-0.2806987312557284
14631,X111720_103_3,44,Negative,low,0.0002581656140699719,-0.5455656565225978
14631,X111720_103_3,44,Negative,mid,-0.0016570913106546661,0.1775310928824849
14631,X111720_103_3,44,Negative,high,-0.00034712538835894894,-1.29748524623782
14636,X111720_116_2,pu,Negative,low,-0.0015636837401804091,-1.2811658242918835
14636,X111720_116_2,pu,Negative,mid,0.0003723946459118788,1.1822129057727762
14636,X111720_116_2,pu,Negative,high,-0.002396039612167264,0.21414974646123874
14637,X111720_117_3,pu,Negative,low,-0.0034265051272703933,1.6935678698694312
14637,X111720_117_3,pu,Negative,mid,-0.0008220568809093288,1.2093905069665385
14637,X111720_117_3,pu,Negative,high,-0.0012056289371137079,-0.1701600815149368
14651,X111820_014_3,11ml,Negative,low,-0.0022541118629666045,-0.6786166776301721
14651,X111820_014_3,11ml,Negative,mid,-0.0007676710919439541,-0.7961052189799592
14651,X111820_014_3,11ml,Negative,high,-0.0007242780856248993,-0.7229732354845659
14652,X111820_020_3,12m,Positive,low,0.004285343045662379,1.4472920374031304
14652,X111820_020_3,12m,Positive,mid,0.0020633305889943524,0.6830085213106287
14652,X111820_020_3,12m,Positive,high,0.0018498171166836427,0.09827750703585668
14653,X111820_023_2,11ml,Positive,low,0.0016075829587480453,1.6862641308152932
14653,X111820_023_2,11ml,Positive,mid,-0.0013535529407135473,1.5147173640731963
14653,X111820_023_2,11ml,Positive,high,0.0007602283301885563,0.9842015066480081
14656,X111820_031_2,13l,Negative,low,0.00020357133744819424,-0.6244275418176826
14656,X111820_031_2,13l,Negative,mid,-0.0025330116200832442,0.3804960717027155
14656,X111820_031_2,13l,Negative,high,-0.0014194705652002255,-0.2648925269993519
14662,X111820_047_1,12o,Negative,low,-0.0020840217993839108,1.597373302800491
14662,X111820_047_1,12o,Negative,mid,-0.0010439047277932012,-0.6454985459395584
14662,X111820_047_1,12o,Negative,high,-0.0008369634337912505,-0.9916354635491744
14668,X111820_066_7,12l,Positive,low,0.0018750841777629877,-0.08536951193166044
14668,X111820_066_7,12l,Positive,mid,0.0011777732442983997,-0.09830230872310755
14668,X111820_066_7,12l,Positive,high,0.0005936095497911202,-0.48313159251371757
14682,X111820_129_2,AMG,Positive,low,0.004935178685371558,1.8183362632741944
14682,X111820_129_2,AMG,Positive,mid,-0.0003941074058998125,1.586369504051875
14682,X111820_129_2,AMG,Positive,high,0.0020009103544677107,0.46891045938098735
14689,X111820_157_2,24c,Negative,low,0.0005543637970909592,0.001665778965619509
14689,X111820_157_2,24c,Negative,mid,-9.653771409476826e-05,-1.003277938124939
14689,X111820_157_2,24c,Negative,high,-0.0004785131464806406,-0.0006312953740956506
14696,X111920_012_4,12m,Negative,low,0.0008431951935103879,-0.48916302496523206
14696,X111920_012_4,12m,Negative,mid,-0.001847962164042816,0.12937147576373903
14696,X111920_012_4,12m,Negative,high,-0.0024553879992023535,0.1576063173943929
14699,X111920_022_1,11ml,Positive,low,0.0027312393246095314,0.46640996080156905
14699,X111920_022_1,11ml,Positive,mid,0.0013359606597246527,0.2644591248000913
14699,X111920_022_1,11ml,Positive,high,0.0020623515157497194,-0.27239764709160824
14702,X111920_032_3,13m,Positive,low,-0.0005313022891702588,2.642444924586228
14702,X111920_032_3,13m,Positive,mid,0.0007188431860695597,0.25812058881906985
14702,X111920_032_3,13m,Positive,high,0.0006500694907419131,-0.5803425329397998
14710,X111920_066_6,12l,Positive,low,0.002058202879559461,-0.12625719846723898
14710,X111920_066_6,12l,Positive,mid,0.0007026898691325833,-0.18960166327711878
14710,X111920_066_6,12l,Positive,high,0.0006693388087035906,-0.4849291955571801
14712,X111920_082_4,AI,Negative,low,-0.00020359950123276073,-0.6760343672970289
14712,X111920_082_4,AI,Negative,mid,-0.0032586624837167015,-0.11187824677790635
14712,X111920_082_4,AI,Negative,high,-0.0017247661512092406,-0.23711231503473515
14713,X111920_085_1,cd,Positive,low,-0.0035450538900114376,0.31560466716625996
14713,X111920_085_1,cd,Positive,mid,0.0010959320991639255,0.5182508472159517
14713,X111920_085_1,cd,Positive,high,0.0014285786329811994,0.19315924275489818
14722,X111920_129_5,AMG,Positive,low,0.0005742391548958235,2.425427227171011
14722,X111920_129_5,AMG,Positive,mid,0.0030992789054548548,0.6840039652765662
14722,X111920_129_5,AMG,Positive,high,0.0023830292316352566,0.43581783675399616
14728,X111920_157_3,24c,Negative,low,-0.0030208624693814235,-0.05890189257584832
14728,X111920_157_3,24c,Negative,mid,-0.0025356748940422204,0.06002143087576821
14728,X111920_157_3,24c,Negative,high,-0.0018964804201874123,-0.8035045087263112
14729,X112020_003_5,12r,Negative,low,-0.00039263105956495605,-0.49749107129744774
14729,X112020_003_5,12r,Negative,mid,-0.0016073579324180885,-0.5146814641572176
14729,X112020_003_5,12r,Negative,high,-0.0004151194313771926,-0.9606696507101646
14731,X112020_004_5,12m,Positive,low,-0.0003024409287704685,-0.33090045817580677
14731,X112020_004_5,12m,Positive,mid,-0.0032622005949367715,0.3978824751779356
14731,X112020_004_5,12m,Positive,high,0.0017379817901309062,1.8589568185726935
14738,X112020_032_2,13m,Positive,low,0.0008665439889088029,3.126064989213737
14738,X112020_032_2,13m,Positive,mid,0.0009604971690510531,0.35973995736414277
14738,X112020_032_2,13m,Positive,high,0.00033611467011353794,-0.5990665850048256
14742,X112020_047_1,12o,Negative,low,-0.003010456431323426,-0.6497350793437477
14742,X112020_047_1,12o,Negative,mid,-0.0009541953575431166,-1.4060453478984547
14742,X112020_047_1,12o,Negative,high,-0.0024911022152355015,-0.5790689980030872
14747,X112020_066_4,12l,Positive,low,0.0026267841158414407,0.039409405011807674
14747,X112020_066_4,12l,Positive,mid,0.002109069544933675,0.588624819912506
14747,X112020_066_4,12l,Positive,high,0.0008571240066692553,-0.5540407953315885
14752,X112020_085_3,cd,Positive,low,-0.0049931447786934965,0.8118926357441487
14752,X112020_085_3,cd,Positive,mid,0.00036147504914220603,0.1490970369158762
14752,X112020_085_3,cd,Positive,high,0.0022367130321927853,0.39708303108372833
14759,X112020_101_1,6VaVb,Positive,low,0.0007308227791242201,2.011330587392713
14759,X112020_101_1,6VaVb,Positive,mid,-0.001991331305736511,1.140295445390616
14759,X112020_101_1,6VaVb,Positive,high,0.0006809570248079388,-0.20773537629750305
14760,X112020_102_3,6VaVb,Negative,low,-0.00010902993574805104,-0.16505638396641228
14760,X112020_102_3,6VaVb,Negative,mid,-0.0026342059245146503,-0.08697902151970766
14760,X112020_102_3,6VaVb,Negative,high,-0.002189313137433154,-0.1475065046855126
14764,X112020_104_4,45,Positive,low,0.0011719655830634344,-0.6645804720616182
14764,X112020_104_4,45,Positive,mid,0.00232025398474715,0.13048700476297723
14764,X112020_104_4,45,Positive,high,0.001556097859124473,2.0487769848098374
14765,X112020_105_1,AMG,Positive,low,0.003477363616404525,-0.14396982705422032
14765,X112020_105_1,AMG,Positive,mid,0.004042536543333056,-0.013903264260034196
14765,X112020_105_1,AMG,Positive,high,0.002345783289352997,-0.10921137542839622
14778,X112020_153_3,pu,Positive,low,-0.0003240214350153661,-1.4334300126192376
14778,X112020_153_3,pu,Positive,mid,0.0028296577090508434,1.020580001329591
14778,X112020_153_3,pu,Positive,high,0.000905159586615986,1.2780756183749626
14781,X112320_003_5,12r,Positive,low,0.000312367339074917,-0.18828588719797412
14781,X112320_003_5,12r,Positive,mid,0.0020286432885958977,-0.12140929441396983
14781,X112320_003_5,12r,Positive,high,0.002066978957734233,-0.21201804158122461
14787,X112320_016_4,11ml,Positive,low,0.007836928160095189,2.4017260211044165
14787,X112320_016_4,11ml,Positive,mid,0.0003057561033879137,-0.024522664643337518
14787,X112320_016_4,11ml,Positive,high,0.000945016553040586,-0.005146004261543034
14792,X112320_023_3,11ml,Positive,low,0.0008547119832579454,0.10447829771173278
14792,X112320_023_3,11ml,Positive,mid,0.0004382369559786014,-0.5643886094277542
14792,X112320_023_3,11ml,Positive,high,0.001289208942628058,0.6126689584104471
14793,X112320_034_2,13m,Positive,low,0.004516404677507466,0.09923370276731183
14793,X112320_034_2,13m,Positive,mid,0.0023983013698358475,0.40312156584071224
14793,X112320_034_2,13m,Positive,high,0.001920909143083617,0.4856467296604916
14795,X112320_039_3,13l,Positive,low,0.0007996340668646397,-0.8103323596934113
14795,X112320_039_3,13l,Positive,mid,0.0016255541470363098,-0.4800413235306845
14795,X112320_039_3,13l,Positive,high,0.0015567404772598543,-0.40599505788415746
14796,X112320_040_1,13l,Negative,low,-0.0021392601010127433,-1.1099402832236147
14796,X112320_040_1,13l,Negative,mid,-0.0035288960138178675,-0.6974779716034276
14796,X112320_040_1,13l,Negative,high,-0.0019170379259748826,-0.3882713210644059
14797,X112320_041_3,13l,Negative,low,-0.003021632554924247,0.8025244637555171
14797,X112320_041_3,13l,Negative,mid,-0.00399361711164298,0.812165405946974
14797,X112320_041_3,13l,Negative,high,-0.0006357323295363562,0.0024053187079941885
14799,X112320_044_2,13m,Positive,low,-0.004924382804341977,0.9362552038686297
14799,X112320_044_2,13m,Positive,mid,-0.0006239698156490985,0.36352697643063986
14799,X112320_044_2,13m,Positive,high,0.002685300726014067,0.3793717270961865
14800,X112320_047_2,12o,Negative,low,0.0009418556386303662,0.1923821910678451
14800,X112320_047_2,12o,Negative,mid,-0.003806218604929566,-0.42995832851559496
14800,X112320_047_2,12o,Negative,high,-0.0024903669945331463,-0.919687654060651
14812,X112320_068_2,12o,Positive,low,0.004122463790998902,0.8304903740264761
14812,X112320_068_2,12o,Positive,mid,0.0018274483635981505,0.05882551814735512
14812,X112320_068_2,12o,Positive,high,0.0008652316472780729,0.2621576516410977
14813,X112320_068_5,12o,Negative,low,-0.0012647902504392178,-0.5549599339956179
14813,X112320_068_5,12o,Negative,mid,0.0002665065234350902,-1.0277143436144671
14813,X112320_068_5,12o,Negative,high,-0.001653561569732459,-0.15194427097598232
14814,X112320_068_6,12o,Positive,low,1.2545059432800578e-18,-0.8193269371986389
14814,X112320_068_6,12o,Positive,mid,0.0013178105987050564,0.8776181925106763
14814,X112320_068_6,12o,Positive,high,0.0027981910455201916,1.6568396876933373
14818,X112320_080_3,AI,Positive,low,-0.0018998717967660297,-0.3067705779146177
14818,X112320_080_3,AI,Positive,mid,0.0023827355353021737,0.30473952454690295
14818,X112320_080_3,AI,Positive,high,0.001519655435924189,0.032438598129604465
14819,X112320_085_2,cd,Positive,low,-0.0003090653625197433,-0.465517628508884
14819,X112320_085_2,cd,Positive,mid,-0.0007462559592455705,0.4715572816856611
14819,X112320_085_2,cd,Positive,high,0.0021025822242431943,0.29317538408363414
14826,X112320_099_3,cd,Positive,low,-0.0029984908034119194,1.8740973938266823
14826,X112320_099_3,cd,Positive,mid,0.0025764172679998616,1.3902136033025885
14826,X112320_099_3,cd,Positive,high,0.00043431359850234927,0.4919459647227841
14828,X112320_103_1,44,Negative,low,0.0005357357718502258,-0.7739582457850857
14828,X112320_103_1,44,Negative,mid,-0.002524522661417068,0.44556835602144534
14828,X112320_103_1,44,Negative,high,-0.0037254638683392512,0.25955278144997485
14829,X112320_104_2,45,Negative,low,0.00021589643948409653,0.09521993950471133
14829,X112320_104_2,45,Negative,mid,-0.0039600277758781504,0.8727792197007054
14829,X112320_104_2,45,Negative,high,-0.0033145097457532497,1.3540762916777573
14834,X112320_116_2,pu,Positive,low,0.005436196544900803,1.0373836132711707
14834,X112320_116_2,pu,Positive,mid,0.0011188280378943264,0.6406112323771193
14834,X112320_116_2,pu,Positive,high,0.00042685481043157396,-0.6693015525027638
14836,X112320_127_3,AMG,Negative,low,-0.0022743783866009636,-0.49426309233252425
14836,X112320_127_3,AMG,Negative,mid,-0.0018950006708441961,-0.7054497357292261
14836,X112320_127_3,AMG,Negative,high,-0.0026011188863083482,-0.2865831502158305
14837,X112320_129_3,AMG,Positive,low,0.0024054282773138557,1.9844971283923172
14837,X112320_129_3,AMG,Positive,mid,0.0010004045892088376,0.9276970952699665
14837,X112320_129_3,AMG,Positive,high,0.0015776119042621732,0.43402354102023877
14838,X112320_129_4,AMG,Negative,low,-0.004861022080086311,-0.05622445975434959
14838,X112320_129_4,AMG,Negative,mid,-0.00013982391690789138,-0.6233622846805712
14838,X112320_129_4,AMG,Negative,high,-0.0010670355856682665,-0.4412698838177963
14840,X112320_130_3,AMG,Positive,low,-0.0001348000662430727,-0.9668575292189734
14840,X112320_130_3,AMG,Positive,mid,0.00014792748724319692,-0.2633232622627326
14840,X112320_130_3,AMG,Positive,high,0.0019454942485388578,0.0029520059205077787
14841,X112320_151_3,pu,Negative,low,-0.0007736716075749243,-0.5647426507933168
14841,X112320_151_3,pu,Negative,mid,-0.0007001990874903853,-0.11385202939047194
14841,X112320_151_3,pu,Negative,high,-0.0013600908562130605,-0.17583436052006562
14845,X112420_006_3,11ml,Positive,low,0.003025838944530686,-0.5911111789906611
14845,X112420_006_3,11ml,Positive,mid,0.0009609454571658757,0.9794577571397614
14845,X112420_006_3,11ml,Positive,high,0.0008410620279114059,1.1344113861661584
14848,X112420_032_1,13m,Positive,low,-0.0005180354679639906,0.642099818964791
14848,X112420_032_1,13m,Positive,mid,0.002158177363506183,0.947707027844626
14848,X112420_032_1,13m,Positive,high,0.0013496599062673372,1.2655133377890817
14849,X112420_034_3,13m,Positive,low,0.002945894515961292,0.08717207064365537
14849,X112420_034_3,13m,Positive,mid,0.002728491747307128,0.6649468620669967
14849,X112420_034_3,13m,Positive,high,0.002067584552326904,0.31447888042168776
14852,X112420_047_1,12o,Negative,low,-0.002318071595472974,-0.4871082102940705
14852,X112420_047_1,12o,Negative,mid,-0.0025462981718691394,-0.572872527180582
14852,X112420_047_1,12o,Negative,high,-0.0021748392491279535,-0.6934209840121166
14856,X112420_066_2,12l,Positive,low,0.004874327875725131,2.5198830573412025
14856,X112420_066_2,12l,Positive,mid,0.0023817166572241465,0.6608221432944325
14856,X112420_066_2,12l,Positive,high,0.00039862555358276323,-0.4858203721224964
14858,X112420_066_5,12l,Positive,low,0.004270786848717514,2.704707323215567
14858,X112420_066_5,12l,Positive,mid,-0.0001509159177918026,0.10608536131294931
14858,X112420_066_5,12l,Positive,high,9.85815331616042e-05,-0.5547490362914748
14864,X112420_077_1,12l,Positive,low,0.003912934972815901,-0.2780309021409009
14864,X112420_077_1,12l,Positive,mid,0.002315641062501986,-0.32666321239568225
14864,X112420_077_1,12l,Positive,high,0.0008615060844713757,0.7062703670558834
14871,X112420_091_2,44,Negative,low,-0.0033661275609400553,-1.0199125410486074
14871,X112420_091_2,44,Negative,mid,-0.0013299017490854628,-0.9984354605888963
14871,X112420_091_2,44,Negative,high,-0.0011578913563809053,-0.5587164156275264
14874,X112420_093_1,44,Positive,low,0.0008051876541362034,-0.6352356131137822
14874,X112420_093_1,44,Positive,mid,0.001144991238667271,-0.425763281264471
14874,X112420_093_1,44,Positive,high,0.002361805357168934,-0.1468645748437044
14878,X112420_103_2,44,Positive,low,0.002699100111837607,0.35695681105423627
14878,X112420_103_2,44,Positive,mid,0.0030260629468358696,0.9136515567970219
14878,X112420_103_2,44,Positive,high,0.0027897522539852095,1.5128317061755898
14886,X112420_109_7,cd,Positive,low,-0.003313602532680021,-0.8403720293515989
14886,X112420_109_7,cd,Positive,mid,6.407516290568136e-05,-0.1833678348137712
14886,X112420_109_7,cd,Positive,high,0.0018212979752306288,0.9392571289358838
14889,X112420_150_6,AMG,Positive,low,0.00312622046256813,-0.4605335808636469
14889,X112420_150_6,AMG,Positive,mid,0.005640298571375223,0.5908402787419207
14889,X112420_150_6,AMG,Positive,high,0.0021055099586357023,0.1656377593872018
14891,X112420_153_9,pu,Positive,low,0.0003400331897075681,-0.5212082926254834
14891,X112420_153_9,pu,Positive,mid,0.001784121590304084,0.39656056148738456
14891,X112420_153_9,pu,Positive,high,0.0006695387983971106,1.5923190683176038
14892,X112420_153_15,pu,Positive,low,0.002180389314370168,-0.45924500576538385
14892,X112420_153_15,pu,Positive,mid,0.0021787889399466627,0.36527250948764567
14892,X112420_153_15,pu,Positive,high,0.001045739357541621,1.5296857341157022
14896,X112520_011_3,12m,Positive,low,-0.0032172559450044,-0.15551111743492563
14896,X112520_011_3,12m,Positive,mid,-0.0007010386234059271,1.556575071295962
14896,X112520_011_3,12m,Positive,high,0.001575587366019917,0.5855849460870478
14897,X112520_013_2,11ml,Negative,low,-0.0009705572492588537,-0.611869595555539
14897,X112520_013_2,11ml,Negative,mid,-0.003449470686943648,-0.3721354382845593
14897,X112520_013_2,11ml,Negative,high,-0.0006952927296964951,-0.519287486264786
14898,X112520_014_3,11ml,Positive,low,0.0032543638083847156,0.6936840111817452
14898,X112520_014_3,11ml,Positive,mid,0.002789120545884354,1.4496162367640637
14898,X112520_014_3,11ml,Positive,high,0.0012666008302176575,1.7320164719754567
14899,X112520_016_3,11ml,Positive,low,-0.0010547454808478038,1.8747450344993992
14899,X112520_016_3,11ml,Positive,mid,0.002286742397639967,1.9948047667295485
14899,X112520_016_3,11ml,Positive,high,0.00033854596603293604,0.8456984651391201
14910,X112520_047_3,12o,Negative,low,-0.00458024984117734,-0.15192309207516952
14910,X112520_047_3,12o,Negative,mid,-0.000842571824801606,-0.3094158893146594
14910,X112520_047_3,12o,Negative,high,-0.001567862513243217,-0.552045983394078
14923,X112520_072_3,AI,Negative,low,0.000649533263101065,0.026807546485432373
14923,X112520_072_3,AI,Negative,mid,-0.0024819419614811253,-0.31321527677874456
14923,X112520_072_3,AI,Negative,high,-0.0007274513539153247,0.14059590675055317
14928,X112520_085_2,cd,Negative,low,-0.0028701726224073876,1.1784889550186917
14928,X112520_085_2,cd,Negative,mid,-0.0021883539604973796,0.12301227005731087
14928,X112520_085_2,cd,Negative,high,-0.0020050971542109985,-0.6798697366393148
14934,X112520_091_4,44,Positive,low,0.0031196953040003193,-1.4102931706600523
14934,X112520_091_4,44,Positive,mid,0.0013112705435686467,0.8825660323566864
14934,X112520_091_4,44,Positive,high,0.0008372797483945677,0.8173361379721399
14935,X112520_091_6,44,Negative,low,-0.0019794450663619305,-1.647785027392097
14935,X112520_091_6,44,Negative,mid,-0.0033038476101433793,-0.7829825269885845
14935,X112520_091_6,44,Negative,high,-0.0008136530848882698,-0.5537400076075917
14940,X112520_103_3,44,Negative,low,-0.0005280720891563384,-1.0291981140210507
14940,X112520_103_3,44,Negative,mid,-0.0012628879780018974,-0.5236459720698488
14940,X112520_103_3,44,Negative,high,-0.0006408920425971575,-0.6284243722079003
14942,X112520_104_3,45,Negative,low,-0.00347178692007395,0.1615866450193848
14942,X112520_104_3,45,Negative,mid,-0.0018448615230010016,0.5871388059854817
14942,X112520_104_3,45,Negative,high,-0.0019355331813441588,-0.16852431127858875
14949,X112520_127_2,AMG,Negative,low,0.00023640493055760684,-0.52645570290168
14949,X112520_127_2,AMG,Negative,mid,-0.0021494670505591276,-0.011451424948697579
14949,X112520_127_2,AMG,Negative,high,-0.0024037613971135195,0.30613626829650764
14953,X112520_146_2,24c,Positive,low,0.002840180160510574,1.0580486694332243
14953,X112520_146_2,24c,Positive,mid,0.0017474234029189824,1.5141261372709036
14953,X112520_146_2,24c,Positive,high,0.0003403685738553778,1.4228426810112254
14963,X113020_014_1,11ml,Positive,low,-0.0002870556360846722,-1.1306689610385559
14963,X113020_014_1,11ml,Positive,mid,0.001847621998249239,0.6993032732355515
14963,X113020_014_1,11ml,Positive,high,0.0008929057887493767,1.2103526045796082
14981,X113020_066_1,12l,Positive,low,0.0015810332738289753,3.2037434968694476
14981,X113020_066_1,12l,Positive,mid,-0.0005221135991532913,0.3520789037748378
14981,X113020_066_1,12l,Positive,high,0.00036136648897486874,-0.49649546854507903
14984,X113020_066_6,12l,Positive,low,0.001977205041011027,2.502636565741604
14984,X113020_066_6,12l,Positive,mid,0.003111351401151115,0.7404419783183305
14984,X113020_066_6,12l,Positive,high,0.000601123976505055,-0.37201433153993474
14987,X113020_077_7,12l,Positive,low,0.001698622493775699,1.507416072110963
14987,X113020_077_7,12l,Positive,mid,0.0011522443889111968,1.416564338615849
14987,X113020_077_7,12l,Positive,high,0.0008124593161707259,0.044495547107791224
14990,X113020_085_1,cd,Positive,low,0.0003310772674940277,1.9824456617161756
14990,X113020_085_1,cd,Positive,mid,0.002153169592013562,0.9428436718695176
14990,X113020_085_1,cd,Positive,high,0.0018739630013004103,0.515417654584222
14996,X113020_103_3,44,Positive,low,0.001144813547384033,-0.46724836091017397
14996,X113020_103_3,44,Positive,mid,0.002643713878254813,0.008578559624425565
14996,X113020_103_3,44,Positive,high,0.0019823704423766785,0.2316582132867997
15002,X113020_122_3,cd,Positive,low,0.002405404656167036,-0.35328695384112224
15002,X113020_122_3,cd,Positive,mid,0.0030079834408325693,0.15442076727001
15002,X113020_122_3,cd,Positive,high,0.001995247345412313,-0.36250919221180605
15004,X113020_142_1,AMG,Negative,low,-0.004731999547743803,-0.4610675810007208
15004,X113020_142_1,AMG,Negative,mid,0.000362485017204323,-0.40741983942103305
15004,X113020_142_1,AMG,Negative,high,-0.0016754758953018306,-0.5631493980842898
15009,X113020_153_1,pu,Positive,low,0.007060250865666569,0.25563480117328824
15009,X113020_153_1,pu,Positive,mid,0.0008359186655391675,0.805640540360016
15009,X113020_153_1,pu,Positive,high,0.0005015427249348348,0.7844277966439029
15015,X120120_004_4,12m,Positive,low,-0.00020322500658720037,-0.696614605082918
15015,X120120_004_4,12m,Positive,mid,-0.0012863849512544836,0.18661477320251085
15015,X120120_004_4,12m,Positive,high,0.0005370027351040414,1.8263666407637509
15017,X120120_014_1,11ml,Positive,low,0.001701688233933141,-1.0689665651361082
15017,X120120_014_1,11ml,Positive,mid,0.002238871608493078,0.18487345972121655
15017,X120120_014_1,11ml,Positive,high,0.003221902247110136,0.6407977327982974
15031,X120120_047_1,12o,Negative,low,-0.0035550981977242597,-0.8458019359534709
15031,X120120_047_1,12o,Negative,mid,-0.0036612186675945386,-0.6464947116986992
15031,X120120_047_1,12o,Negative,high,-0.001265413419484757,-0.4532729793443018
15040,X120120_067_2,12o,Positive,low,0.0008904210822476653,2.7622892215922352
15040,X120120_067_2,12o,Positive,mid,0.0016577179897820685,0.9592479650867164
15040,X120120_067_2,12o,Positive,high,0.0019098180046646564,0.5591995022165707
15044,X120120_086_1,8B,Positive,low,0.0005591419095700997,-1.3007137031912706
15044,X120120_086_1,8B,Positive,mid,0.0003948031297732479,-0.19738530215788663
15044,X120120_086_1,8B,Positive,high,0.00317428357952777,0.64896055329192
15054,X120120_132_2,AMG,Positive,low,0.003948056580677246,0.3755111222542023
15054,X120120_132_2,AMG,Positive,mid,0.003680029325103652,-0.13220905360398494
15054,X120120_132_2,AMG,Positive,high,0.002559026043543676,-0.2107528764924992
15059,X120120_156_3,24c,Positive,low,0.002559118603339003,0.6801583004151526
15059,X120120_156_3,24c,Positive,mid,0.001851384420683424,1.3618926361773454
15059,X120120_156_3,24c,Positive,high,0.0021068480799199102,-0.7385640380882383
15062,X120219_006_4,46d,Negative,low,2.219662121458876e-05,0.31149937099887187
15062,X120219_006_4,46d,Negative,mid,-0.0014008952199599913,1.0983689396135423
15062,X120219_006_4,46d,Negative,high,-0.001350610908954115,0.3964295376575677
15063,X120219_014_2,46d,Negative,low,-0.0024829105495291315,-0.8779797613211658
15063,X120219_014_2,46d,Negative,mid,-0.0035198102092606,-0.4330308344571568
15063,X120219_014_2,46d,Negative,high,-0.002540259872698511,-0.6056761597682212
15069,X120219_090_3,8A,Positive,low,0.004113070983067838,1.4844641444050923
15069,X120219_090_3,8A,Positive,mid,0.005033459656333488,1.704915035584207
15069,X120219_090_3,8A,Positive,high,0.0019620663971659973,0.29849981962333777
15071,X120219_113_1,6DR,Positive,low,0.0009690237384545054,-1.2412085238590018
15071,X120219_113_1,6DR,Positive,mid,0.0017969037591641839,-0.26744626834557605
15071,X120219_113_1,6DR,Positive,high,0.002914100470211742,0.22332453542426167
15073,X120219_113_10,6DR,Positive,low,0.0013828935547784572,-0.8130706757749276
15073,X120219_113_10,6DR,Positive,mid,0.001601659611610768,0.2697123272008202
15073,X120219_113_10,6DR,Positive,high,0.0029750015337665792,0.06454820652665128
15079,X120219_141_5,6DC,Negative,low,-0.0018477602320771025,-0.23687446639313675
15079,X120219_141_5,6DC,Negative,mid,-0.00025819549583671556,-0.0969653174888572
15079,X120219_141_5,6DC,Negative,high,-0.004926888569825393,1.326630106112128
15080,X120219_142_3,6DC,Positive,low,0.0012663618929755793,-0.2616102335375645
15080,X120219_142_3,6DC,Positive,mid,0.0011988048206313497,-0.3295131336768606
15080,X120219_142_3,6DC,Positive,high,0.002155204980982826,0.46482710209818473
15082,X120219_144_1,6DC,Positive,low,0.00442013117352378,0.6735253809762773
15082,X120219_144_1,6DC,Positive,mid,0.0036200696011592904,0.7672422272017607
15082,X120219_144_1,6DC,Positive,high,0.003515434426446624,0.08382765050604495
15102,X120220_042_7,13l,Positive,low,0.005851235560219935,1.1523500293837674
15102,X120220_042_7,13l,Positive,mid,0.005449569913811036,0.6942785654539326
15102,X120220_042_7,13l,Positive,high,0.004349142304158212,0.5257046579308932
15103,X120220_047_3,12o,Negative,low,-0.0056696378153732125,-0.5806285608319656
15103,X120220_047_3,12o,Negative,mid,-0.004363618522035207,-0.23334487232096035
15103,X120220_047_3,12o,Negative,high,-0.0019376294621676082,-0.6802783480127917
15104,X120220_048_5,12o,Positive,low,0.003948861297796948,2.0818209420771843
15104,X120220_048_5,12o,Positive,mid,-5.8599661220418506e-05,-0.3006097414709408
15104,X120220_048_5,12o,Positive,high,0.0008142154496819428,0.10348103905078054
15114,X120220_066_4,12l,Negative,low,-0.00295083595752944,-0.5732098214108243
15114,X120220_066_4,12l,Negative,mid,-0.0017731514162701825,-0.47834613983102525
15114,X120220_066_4,12l,Negative,high,-0.0025962231389915313,-0.29384100725878176
15124,X120220_102_5,6VaVb,Positive,low,0.004202313950437597,-0.16258590109103951
15124,X120220_102_5,6VaVb,Positive,mid,0.00477524114121984,0.13333199950676572
15124,X120220_102_5,6VaVb,Positive,high,0.0032188736142347535,-0.0873865490909691
15129,X120220_107_4,AMG,Positive,low,0.002985448155711653,-0.31994363873539966
15129,X120220_107_4,AMG,Positive,mid,0.0008059983941554656,-0.6952730752961608
15129,X120220_107_4,AMG,Positive,high,0.0009160964229995989,-0.7778426460339106
15132,X120220_109_3,cd,Positive,low,0.00024546616349997827,-0.11302624341834976
15132,X120220_109_3,cd,Positive,mid,0.0005523877123471167,2.009469688533745
15132,X120220_109_3,cd,Positive,high,0.0019711058872258643,1.6973426527469209
15133,X120220_118_2,AMG,Positive,low,0.0022780902785425983,0.18633831198367534
15133,X120220_118_2,AMG,Positive,mid,-0.0008119208554981662,1.4228644164336923
15133,X120220_118_2,AMG,Positive,high,0.0014971593835933876,1.609013249096577
15134,X120220_126_2,pu,Positive,low,0.0031065760570507654,1.846025639204324
15134,X120220_126_2,pu,Positive,mid,0.0030924257382289604,1.0068612663933818
15134,X120220_126_2,pu,Positive,high,0.003111933004856014,1.3101332971028916
15135,X120220_127_1,AMG,Positive,low,0.002839799738234583,0.5679683379899437
15135,X120220_127_1,AMG,Positive,mid,0.003657086727829891,1.4689585445030358
15135,X120220_127_1,AMG,Positive,high,0.0027703322436446057,0.9196565927214002
15137,X120220_139_6,AMG,Positive,low,0.0028762174857010704,1.0786881608680858
15137,X120220_139_6,AMG,Positive,mid,0.005340307756077091,1.1186451040221512
15137,X120220_139_6,AMG,Positive,high,0.0017730473858173824,0.309916528253648
15139,X120220_147_2,24c,Negative,low,-0.00017739304689412533,-1.3354331222726978
15139,X120220_147_2,24c,Negative,mid,-0.0008630561207166631,-1.2917449188708465
15139,X120220_147_2,24c,Negative,high,-0.0010069264065659775,-1.0718202412425977
15140,X120220_147_6,24c,Positive,low,-0.003273134376126898,1.5800705414882144
15140,X120220_147_6,24c,Positive,mid,0.00159579906410985,0.8980724574674683
15140,X120220_147_6,24c,Positive,high,0.0016008906454892196,0.4306954889371914
15149,X120319_086_6,6DR,Negative,low,0.00017574665909690556,-0.7536604273971325
15149,X120319_086_6,6DR,Negative,mid,-0.002524340083568152,-0.3152496876154783
15149,X120319_086_6,6DR,Negative,high,-0.0009498939926062245,-0.4062984083420225
15151,X120319_090_4,8A,Positive,low,0.005320007709469876,2.151222346775147
15151,X120319_090_4,8A,Positive,mid,0.0010767542099583806,1.628872967202731
15151,X120319_090_4,8A,Positive,high,0.0009051543099059134,0.24016887304194298
15152,X120319_113_2,6DR,Positive,low,0.0006479135348768886,-0.8713555745191611
15152,X120319_113_2,6DR,Positive,mid,0.004245290842046259,0.26732856425117335
15152,X120319_113_2,6DR,Positive,high,0.003352481127474133,0.741115148845292
15155,X120319_142_2,6DC,Positive,low,0.0011704202579667854,-0.7200244953747399
15155,X120319_142_2,6DC,Positive,mid,0.00023595450729426955,-0.032535464865095086
15155,X120319_142_2,6DC,Positive,high,0.0014212828136742355,-0.24367312549202477
15171,X120320_047_3,12o,Negative,low,-0.005107549913641633,-0.9228218807342978
15171,X120320_047_3,12o,Negative,mid,-0.005791685716451687,-0.2692832107823838
15171,X120320_047_3,12o,Negative,high,-0.002308903631007482,-0.5937085458268868
15178,X120320_056_4,12l,Negative,low,-0.0027785399564439635,-1.0946160959515305
15178,X120320_056_4,12l,Negative,mid,-0.00025344221090758327,0.2505333970439157
15178,X120320_056_4,12l,Negative,high,-0.0009896985944701608,-0.869613219368676
15185,X120320_066_3,12l,Negative,low,0.0005123892404431586,-0.7949358106849594
15185,X120320_066_3,12l,Negative,mid,-7.821465364797435e-05,-0.9733904846099372
15185,X120320_066_3,12l,Negative,high,-0.0005334383714651195,-0.6860477926826318
15186,X120320_066_4,12l,Negative,low,-0.0016114413486085595,-0.6693952210935549
15186,X120320_066_4,12l,Negative,mid,-0.0022513720946032295,-0.7318486563021476
15186,X120320_066_4,12l,Negative,high,-0.00361520820020522,-0.004313356021187499
15199,X120320_093_3,44,Positive,low,0.006382014584750646,-0.2813673821493314
15199,X120320_093_3,44,Positive,mid,0.0023060827230505948,0.6099188619815495
15199,X120320_093_3,44,Positive,high,0.0010045602239803562,-0.06831978527337433
15201,X120320_102_4,6VaVb,Positive,low,0.0029882284346562397,-0.12145752002199967
15201,X120320_102_4,6VaVb,Positive,mid,0.002345316653777801,-0.1464960835160286
15201,X120320_102_4,6VaVb,Positive,high,0.00019119819745620428,0.4484500795751562
15205,X120320_107_4,AMG,Positive,low,0.0033830143246245175,-0.0691839934430533
15205,X120320_107_4,AMG,Positive,mid,0.001744482029447176,-0.5359861377989656
15205,X120320_107_4,AMG,Positive,high,0.0005872130747637517,-0.7506721910343392
15207,X120320_108_3,6DC,Negative,low,-0.003942848434895246,-0.6589484379910391
15207,X120320_108_3,6DC,Negative,mid,-0.0011350005138100387,1.0710809881979648
15207,X120320_108_3,6DC,Negative,high,-0.0028724807743020194,0.45484549472377345
15210,X120320_133_3,pu,Positive,low,-0.004297368379550908,2.1439661479829355
15210,X120320_133_3,pu,Positive,mid,-0.0005707614704022363,0.20561462086966314
15210,X120320_133_3,pu,Positive,high,0.0012945196984545733,-0.8852634151743574
15211,X120320_147_3,24c,Positive,low,0.00014724984138529356,1.8821517579283058
15211,X120320_147_3,24c,Positive,mid,0.001339856827547579,1.0143028281729036
15211,X120320_147_3,24c,Positive,high,0.0023046408453765515,0.08008816341010268
15214,X120320_154_3,pu,Positive,low,0.002122537031416807,0.22521084271248945
15214,X120320_154_3,pu,Positive,mid,0.001472264766180262,0.07812965059905803
15214,X120320_154_3,pu,Positive,high,0.0019240486956207622,0.3253981627402181
15215,X120320_156_2,24c,Negative,low,-0.006227953840561479,-0.18298273637368592
15215,X120320_156_2,24c,Negative,mid,-0.0006305100303786276,-1.3215552485128013
15215,X120320_156_2,24c,Negative,high,-0.0013184798959172685,-1.3344558767986774
15222,X120419_065_4,6DR,Negative,low,-0.000863449001976956,-0.4562312969199913
15222,X120419_065_4,6DR,Negative,mid,-0.0005030147588034701,-0.778369642880911
15222,X120419_065_4,6DR,Negative,high,-0.0010055083880701852,-0.9421217576437901
15226,X120419_088_2,6DR,Positive,low,-0.0010322058765571316,-0.3766836380189325
15226,X120419_088_2,6DR,Positive,mid,0.0013886444352727363,2.098042356194355
15226,X120419_088_2,6DR,Positive,high,0.0012617696913245992,1.8424603562188426
15227,X120419_090_1,8A,Positive,low,0.001594998683371473,2.2035079736281156
15227,X120419_090_1,8A,Positive,mid,0.0007697847567675321,0.7600866142852533
15227,X120419_090_1,8A,Positive,high,0.0008335521207840527,0.2838212932086551
15228,X120419_090_4,8A,Positive,low,0.0024689809953782694,1.738757622122963
15228,X120419_090_4,8A,Positive,mid,0.003345869596221974,1.3838078060780905
15228,X120419_090_4,8A,Positive,high,0.001274365442999654,0.18763799610208354
15252,X120420_056_3,12l,Negative,low,-0.00027016247311265236,-0.8878994122080345
15252,X120420_056_3,12l,Negative,mid,-0.003244441297499177,-0.019384074731483535
15252,X120420_056_3,12l,Negative,high,-0.0002137951271427785,-1.3103608031836207
15254,X120420_070_2,AI,Negative,low,-0.001310236231462625,0.6595414586352826
15254,X120420_070_2,AI,Negative,mid,-0.0019408139677048117,0.21036220708367617
15254,X120420_070_2,AI,Negative,high,-0.0017315653528777698,-0.003307180445077217
15255,X120420_077_2,12l,Positive,low,-0.00029122276503773726,0.5957815199854091
15255,X120420_077_2,12l,Positive,mid,0.002574252984820462,0.8660419726335195
15255,X120420_077_2,12l,Positive,high,0.000655169582807931,-1.1396613262854083
15257,X120420_085_6,cd,Negative,low,-0.0001363207650548151,-0.3752165494018704
15257,X120420_085_6,cd,Negative,mid,3.111157674113186e-05,-0.557245573639473
15257,X120420_085_6,cd,Negative,high,-0.0005488570192165827,-0.4912152219929433
15262,X120420_093_6,44,Negative,low,0.0008437877438009458,-0.11021969445706803
15262,X120420_093_6,44,Negative,mid,-0.004132979675064961,0.4095152149816817
15262,X120420_093_6,44,Negative,high,-0.0010479261104533717,1.986834791258052
15266,X120420_102_5,6VaVb,Positive,low,0.0015754527054061898,-0.4601359234300968
15266,X120420_102_5,6VaVb,Positive,mid,0.0035213587009493962,-0.321091327218094
15266,X120420_102_5,6VaVb,Positive,high,0.0025650191955581044,-0.02243617792635499
15274,X120420_133_3,pu,Positive,low,0.0006345946028093061,2.6047784948904384
15274,X120420_133_3,pu,Positive,mid,7.874225008082057e-05,0.10861132908320967
15274,X120420_133_3,pu,Positive,high,0.001688693616287575,-0.9375176902817014
15275,X120420_141_3,AMG,Positive,low,0.0003222922689246476,-1.0636980190451648
15275,X120420_141_3,AMG,Positive,mid,0.002087500635245374,-0.29516279857416644
15275,X120420_141_3,AMG,Positive,high,0.005275120628928205,1.0763035821162796
15277,X120420_147_5,24c,Negative,low,-0.0018383557694463821,-0.6343180768429778
15277,X120420_147_5,24c,Negative,mid,-0.001945219283045696,-0.8674688443338914
15277,X120420_147_5,24c,Negative,high,-0.000609227459943812,-0.9951181708278751
15280,X120420_154_6,pu,Positive,low,0.0022726333572929986,-0.176204551547493
15280,X120420_154_6,pu,Positive,mid,0.002603657896694731,0.5032175187337811
15280,X120420_154_6,pu,Positive,high,0.0022308671903848343,0.5959688017917479
15281,X120420_157_3,24c,Positive,low,0.0009202948713139646,-1.0505264885442238
15281,X120420_157_3,24c,Positive,mid,0.0023405336250565956,0.7660479955558244
15281,X120420_157_3,24c,Positive,high,0.0007323426434334373,0.7641439709111973
15283,X120519_014_2,46d,Positive,low,0.007293003480296183,0.6886917895063802
15283,X120519_014_2,46d,Positive,mid,0.0015358690847547863,0.9278851356016419
15283,X120519_014_2,46d,Positive,high,0.001206645933846512,1.2247633601782129
15287,X120519_057_4,46v,Positive,low,-0.0038617806388975065,-2.0388839451995944
15287,X120519_057_4,46v,Positive,mid,0.003064247289356121,0.022647221343534765
15287,X120519_057_4,46v,Positive,high,0.002778301507663071,1.0021993953257353
15288,X120519_065_4,6DR,Negative,low,-0.0020875497247605382,0.5692594982057999
15288,X120519_065_4,6DR,Negative,mid,-0.0005643365844386423,0.4109869998028988
15288,X120519_065_4,6DR,Negative,high,-0.0007491716502852446,-0.09404450654697809
15302,X120519_132_3,6DC,Negative,low,8.363372955200386e-19,-0.6249372363090515
15302,X120519_132_3,6DC,Negative,mid,0.0037737026622545683,0.031038117934384084
15302,X120519_132_3,6DC,Negative,high,-0.0031663261425373167,1.0836756870796758
15315,X120619_019_3,46v,Positive,low,0.0004483281005159909,-0.8206310876817156
15315,X120619_019_3,46v,Positive,mid,0.0019173342784050292,-0.3725956745223745
15315,X120619_019_3,46v,Positive,high,0.0005207221835829999,0.4844840628942251
15329,X120619_057_3,46v,Positive,low,-0.0031186409855047553,1.3081672410035161
15329,X120619_057_3,46v,Positive,mid,-0.00045897958749567595,0.5281258837836903
15329,X120619_057_3,46v,Positive,high,0.0018755233727811662,0.5656262642294075
15333,X120619_069_5,46v,Positive,low,0.0010780321556878988,-0.699135457125249
15333,X120619_069_5,46v,Positive,mid,0.0011739277877121851,0.743844675294456
15333,X120619_069_5,46v,Positive,high,0.0010887619402130996,0.43559510718384903
15334,X120619_074_1,6DR,Positive,low,0.002386000721347771,-0.011520607676860658
15334,X120619_074_1,6DR,Positive,mid,0.0021979563691099406,-0.1418582300385377
15334,X120619_074_1,6DR,Positive,high,0.0018518635041430173,-0.7528794425572214
15335,X120619_080_3,46v,Negative,low,-0.001737857657697753,-0.7321858192613301
15335,X120619_080_3,46v,Negative,mid,-0.0023777625329217105,-0.20617599447549145
15335,X120619_080_3,46v,Negative,high,-0.0029917628114682587,0.501019242679235
15336,X120619_088_3,6DR,Positive,low,0.001349774416052755,0.6110299181893543
15336,X120619_088_3,6DR,Positive,mid,0.001246334863888876,1.7093216752053895
15336,X120619_088_3,6DR,Positive,high,-0.00032509555404843735,2.1850639613416547
15345,X120619_129_5,6DC,Positive,low,0.009262359050548315,1.326615542897059
15345,X120619_129_5,6DC,Positive,mid,0.0009710966968548343,0.18844338605151714
15345,X120619_129_5,6DC,Positive,high,0.0026025378750356085,0.5280786610856194
15346,X120619_133_3,6DC,Negative,low,-0.0011210595081643023,0.20111283875971617
15346,X120619_133_3,6DC,Negative,mid,-0.000646322992666378,-0.06869013931755459
15346,X120619_133_3,6DC,Negative,high,-0.001571114210644467,0.025031336653172215
15348,X120619_140_2,6DC,Negative,low,-0.004326192110326391,-0.020207970308607905
15348,X120619_140_2,6DC,Negative,mid,-0.005262608829677339,-1.0425896555900662
15348,X120619_140_2,6DC,Negative,high,-0.003627237537152059,-1.10083702835758
15354,X120720_004_1,12m,Positive,low,0.0009992588018498672,1.3591027071144735
15354,X120720_004_1,12m,Positive,mid,-0.0012068528858862587,0.22913300010225365
15354,X120720_004_1,12m,Positive,high,0.0027440379896540683,1.2507520462827952
15355,X120720_004_4,12m,Positive,low,-0.0014588168368366889,0.32155947924937167
15355,X120720_004_4,12m,Positive,mid,0.0020979611218079654,-0.3197872659498072
15355,X120720_004_4,12m,Positive,high,0.0018004565671683591,0.9106235098769383
15356,X120720_016_3,11ml,Positive,low,0.003413367212155103,1.723076546053323
15356,X120720_016_3,11ml,Positive,mid,0.001896214793845664,0.9772241133917587
15356,X120720_016_3,11ml,Positive,high,0.0013151029335883308,0.4901337988214403
15363,X120720_033_1,13m,Positive,low,-0.0009928986248290974,1.4821995657414644
15363,X120720_033_1,13m,Positive,mid,0.0035873242735759707,1.3618446866320773
15363,X120720_033_1,13m,Positive,high,0.0017701395545058338,1.1987060403169292
15364,X120720_033_2,13m,Positive,low,0.0018979338945656103,-0.03316542397434521
15364,X120720_033_2,13m,Positive,mid,-0.000757094512715037,0.09613471891197954
15364,X120720_033_2,13m,Positive,high,0.0014119704484473906,0.2858663352049559
15366,X120720_037_2,12o,Positive,low,-0.001110438445265664,0.552413609951189
15366,X120720_037_2,12o,Positive,mid,0.002679374942166754,1.1103951151827745
15366,X120720_037_2,12o,Positive,high,0.00036313451409482263,0.5923623336237327
15368,X120720_037_7,12o,Negative,low,-0.0042177425065212625,-0.8145141942479249
15368,X120720_037_7,12o,Negative,mid,0.0007933863637780417,-0.1310472265722698
15368,X120720_037_7,12o,Negative,high,-0.003513014197746199,-0.13268091372669846
15369,X120720_037_8,12o,Negative,low,0.00082508473890506,-0.6763238694074063
15369,X120720_037_8,12o,Negative,mid,0.002956153066864702,0.4452060893179536
15369,X120720_037_8,12o,Negative,high,-0.0011761654197652144,-0.3405911523741073
15371,X120720_041_4,13l,Positive,low,0.0033980608291774034,2.3169782644202823
15371,X120720_041_4,13l,Positive,mid,0.00027765300202972214,0.10448867579791912
15371,X120720_041_4,13l,Positive,high,0.0015110822512367861,0.05754311017047737
15372,X120720_047_3,12o,Negative,low,-0.006546395488713447,0.6676542756940701
15372,X120720_047_3,12o,Negative,mid,-0.003518372568524395,-1.2447611302197035
15372,X120720_047_3,12o,Negative,high,-0.0018126375811684083,-0.337166525487715
15377,X120720_068_1,12o,Negative,low,0.0016504116260121252,1.504883876705725
15377,X120720_068_1,12o,Negative,mid,-0.0026507122841837277,0.5529177192088756
15377,X120720_068_1,12o,Negative,high,-0.000866740269300635,0.00019130009742863958
15379,X120720_077_2,12l,Positive,low,-0.0002839889801228065,1.0613684896472686
15379,X120720_077_2,12l,Positive,mid,0.0006182856153459942,0.6805126512869739
15379,X120720_077_2,12l,Positive,high,0.0006126119249124745,-0.8330800568997959
15382,X120720_085_6,cd,Negative,low,-0.0007129049542504501,-0.3040785139223976
15382,X120720_085_6,cd,Negative,mid,-0.0008332424267562854,-0.5284995205061953
15382,X120720_085_6,cd,Negative,high,-0.0007973040551095948,-0.46256174326885163
15394,X120720_122_5,cd,Negative,low,-0.0007413281902503883,-0.8210269455455504
15394,X120720_122_5,cd,Negative,mid,-0.0012807202139101803,-0.5501665014931668
15394,X120720_122_5,cd,Negative,high,-0.00021200705529835474,-0.8816482290848717
15395,X120720_122_6,cd,Positive,low,0.0014370808667343656,-0.4274373648939236
15395,X120720_122_6,cd,Positive,mid,0.0007716692636585258,1.6744755259567807
15395,X120720_122_6,cd,Positive,high,0.0011253493324082512,2.437236830716125
15396,X120720_138_4,AMG,Positive,low,0.004809171560069768,2.048834353759761
15396,X120720_138_4,AMG,Positive,mid,0.0031707430987986023,0.4508544614285962
15396,X120720_138_4,AMG,Positive,high,0.0017961624470753147,0.36404371385958656
15404,X120820_004_5,12m,Positive,low,-0.0011982316464422102,0.37649874938667416
15404,X120820_004_5,12m,Positive,mid,0.0008247518607241841,-0.22216280021285562
15404,X120820_004_5,12m,Positive,high,0.0020481930381567024,0.9823698282440173
15408,X120820_031_3,13l,Positive,low,-0.004071782897802013,2.0046373154478343
15408,X120820_031_3,13l,Positive,mid,0.002433044820577195,0.7172466068311258
15408,X120820_031_3,13l,Positive,high,0.0006757114079678576,-0.15209320083627798
15409,X120820_031_4,13l,Positive,low,-0.0015685100593996353,2.4597185463357882
15409,X120820_031_4,13l,Positive,mid,0.002523616535939478,1.1029216488466882
15409,X120820_031_4,13l,Positive,high,0.0006366139129869689,0.45283958247665956
15410,X120820_033_2,13m,Positive,low,-9.30724744960089e-06,0.07956992616619722
15410,X120820_033_2,13m,Positive,mid,-0.002272404468592756,1.719959542118075
15410,X120820_033_2,13m,Positive,high,0.001689147426601919,1.0041491127946411
15412,X120820_037_4,12o,Negative,low,-0.00044809319214382954,0.429617545587598
15412,X120820_037_4,12o,Negative,mid,-0.00039577684406589956,-0.0453141634716182
15412,X120820_037_4,12o,Negative,high,-0.0020543525694562887,0.640813182301807
15413,X120820_039_3,13l,Negative,low,-0.00012538151849027942,-0.5569632016246311
15413,X120820_039_3,13l,Negative,mid,-0.0030163207665398744,-0.052038067539599095
15413,X120820_039_3,13l,Negative,high,-0.0009833921653091037,-0.386115269729257
15414,X120820_041_3,13l,Positive,low,-0.00023812504285693477,2.2685736594303276
15414,X120820_041_3,13l,Positive,mid,0.0022322187415054736,0.8436283298586797
15414,X120820_041_3,13l,Positive,high,0.0009956097903850508,0.3708750083009145
15415,X120820_047_3,12o,Negative,low,-0.0040052759193468235,-0.17045614665460163
15415,X120820_047_3,12o,Negative,mid,-0.0010967155800039223,-0.9478765020019171
15415,X120820_047_3,12o,Negative,high,-0.00158348936876677,-0.8273391890000186
15423,X120820_068_3,12o,Negative,low,0.0017639196645868073,0.8093107135016502
15423,X120820_068_3,12o,Negative,mid,-0.0009623322727982404,0.7744317416941588
15423,X120820_068_3,12o,Negative,high,-0.0007768031803157749,0.07558441506915917
15424,X120820_077_2,12l,Positive,low,-0.0008647161739852016,0.8197867325917754
15424,X120820_077_2,12l,Positive,mid,0.0004213969362168604,0.5152875396662071
15424,X120820_077_2,12l,Positive,high,0.0005032515943278725,-0.7786826768056326
15438,X120820_138_4,AMG,Positive,low,0.0016864767189329244,-0.3486364610313427
15438,X120820_138_4,AMG,Positive,mid,0.002911587165755463,0.8510691554877541
15438,X120820_138_4,AMG,Positive,high,0.0019181321695500417,0.31852296541116437
15439,X120820_138_5,AMG,Positive,low,0.0018620326396001565,2.328405108408206
15439,X120820_138_5,AMG,Positive,mid,0.001312683201855253,1.0692326609485359
15439,X120820_138_5,AMG,Positive,high,0.0019163636123908233,0.331135681042364
15443,X120820_146_2,24c,Negative,low,0.0002624091359332915,-1.060847259698414
15443,X120820_146_2,24c,Negative,mid,-0.0003527001259659355,0.09721256163955849
15443,X120820_146_2,24c,Negative,high,-0.0018349003254290802,0.13177665692952442
15450,X120919_022_5,46d,Positive,low,0.002021621323063948,0.1956344072159981
15450,X120919_022_5,46d,Positive,mid,0.0006947885390234105,0.14692906904988884
15450,X120919_022_5,46d,Positive,high,0.0002705906056224137,0.06197878584194063
15454,X120919_047_4,46v,Positive,low,-0.0019381044773828056,0.5357939760848034
15454,X120919_047_4,46v,Positive,mid,0.0007839653726500689,0.16530075783476375
15454,X120919_047_4,46v,Positive,high,0.002092318260647453,-0.37993559795284576
15457,X120919_057_2,46v,Negative,low,-0.003873575273198386,-0.8241419062582457
15457,X120919_057_2,46v,Negative,mid,-0.0029244013871628236,-0.053191715937817526
15457,X120919_057_2,46v,Negative,high,-0.0009849419910501376,-0.9386088287770847
15462,X120919_074_8,6DR,Positive,low,0.0011357737704915858,1.2272043753781057
15462,X120919_074_8,6DR,Positive,mid,0.003162964117525048,0.3042165615538541
15462,X120919_074_8,6DR,Positive,high,0.002183133820072339,-0.0736067735738417
15465,X120919_086_3,6DR,Positive,low,0.002405093775730599,-0.029598554814123577
15465,X120919_086_3,6DR,Positive,mid,-0.00026989475432932244,0.18331891714677387
15465,X120919_086_3,6DR,Positive,high,0.0017689381412736437,-0.4617880405188916
15466,X120919_086_5,6DR,Negative,low,-0.0032001940204343915,0.6144031898805038
15466,X120919_086_5,6DR,Negative,mid,-0.003478672939601625,1.1761386028542098
15466,X120919_086_5,6DR,Negative,high,-0.001180677363533814,0.005431423903196529
15467,X120919_088_3,6DR,Positive,low,0.0017561153564840714,0.5039475881099428
15467,X120919_088_3,6DR,Positive,mid,0.0020881591391662528,1.4477833862510974
15467,X120919_088_3,6DR,Positive,high,0.00034441051975092477,1.7936761720406633
15469,X120919_090_1,8A,Positive,low,0.0021783695026035546,2.4435104816011504
15469,X120919_090_1,8A,Positive,mid,0.001645074355652411,0.9641136384744216
15469,X120919_090_1,8A,Positive,high,0.0005292662657465503,0.5865129986142557
15487,X120920_004_7,12m,Positive,low,-0.00042204346917444076,1.9402540069749075
15487,X120920_004_7,12m,Positive,mid,-0.00022078668980016883,0.09706193542550744
15487,X120920_004_7,12m,Positive,high,0.0021583226635332733,0.35681616621748224
15492,X120920_020_5,12m,Positive,low,-0.0009658125185305754,0.38775380419570327
15492,X120920_020_5,12m,Positive,mid,-0.0018542249683521398,0.5811886500672572
15492,X120920_020_5,12m,Positive,high,0.0041161665991510535,0.5927311318618453
15494,X120920_030_2,13l,Negative,low,-0.0026262723542593755,-0.0524611490090593
15494,X120920_030_2,13l,Negative,mid,0.0004211496777963879,-0.11651599776354647
15494,X120920_030_2,13l,Negative,high,-0.0010558315887389353,0.2175887153385042
15495,X120920_031_2,13l,Positive,low,0.007350141709043752,2.525180339937202
15495,X120920_031_2,13l,Positive,mid,0.0010439462394036772,0.3228246414307164
15495,X120920_031_2,13l,Positive,high,0.001237315814715689,0.13804902491334456
15496,X120920_041_4,13l,Positive,low,0.0020521010938030423,2.800584576887616
15496,X120920_041_4,13l,Positive,mid,0.0007490843838835748,0.3092358031783938
15496,X120920_041_4,13l,Positive,high,0.0012154981240451045,0.13286595247021896
15498,X120920_043_3,13m,Positive,low,0.004458842925350639,1.8056932371388656
15498,X120920_043_3,13m,Positive,mid,0.003573535176354941,0.6355631061482512
15498,X120920_043_3,13m,Positive,high,0.0019477560654819269,0.5466172639381283
15502,X120920_055_2,12l,Positive,low,0.005069411700139865,-0.36641066786313986
15502,X120920_055_2,12l,Positive,mid,0.0029892177346045,0.22868922981782236
15502,X120920_055_2,12l,Positive,high,0.002503554923345959,0.5897066722116842
15506,X120920_063_4,13l,Positive,low,-0.004601215581263063,2.326801703347144
15506,X120920_063_4,13l,Positive,mid,0.0002962656390990271,0.8737679872035782
15506,X120920_063_4,13l,Positive,high,0.0008260858394113579,0.03382951170621562
15508,X120920_068_4,12o,Negative,low,-0.003202351894042899,1.6891736562560218
15508,X120920_068_4,12o,Negative,mid,-0.0012937481704768815,0.211338417086992
15508,X120920_068_4,12o,Negative,high,-0.0008550003596786887,0.051581152253728065
15520,X120920_104_2,45,Positive,low,-0.000525449261629952,0.8618508081018503
15520,X120920_104_2,45,Positive,mid,0.0007441158302341087,-0.042258774766900126
15520,X120920_104_2,45,Positive,high,0.001841325375471408,0.31934347947379155
15527,X120920_138_4,AMG,Positive,low,0.006588474894390527,1.1670003251890078
15527,X120920_138_4,AMG,Positive,mid,-0.0024170009159207354,0.10046998889359046
15527,X120920_138_4,AMG,Positive,high,0.0015336133147758164,0.17996665779042123
15529,X120920_146_2,24c,Negative,low,-0.0006671526599559117,-0.5007286208701908
15529,X120920_146_2,24c,Negative,mid,-0.0005867234879986846,-1.0124579495975063
15529,X120920_146_2,24c,Negative,high,-0.0014657570626259578,0.09617634343145881
15541,X121019_019_3,46v,Positive,low,0.0024713139856769274,2.3320590702943913
15541,X121019_019_3,46v,Positive,mid,0.002046071099528465,0.804782790905128
15541,X121019_019_3,46v,Positive,high,0.0006140467415136548,-0.2881396438867573
15545,X121019_027_1,12l,Positive,low,0.002329009830107873,1.3615212040812323
15545,X121019_027_1,12l,Positive,mid,0.0028760421151480323,1.8052368957468754
15545,X121019_027_1,12l,Positive,high,0.0022186197075432087,0.924981857719715
15548,X121019_036_6,12l,Positive,low,0.005389212147705766,1.6429577807736229
15548,X121019_036_6,12l,Positive,mid,-0.0007296001190948642,0.10194528343453507
15548,X121019_036_6,12l,Positive,high,0.0020727418631293617,0.03678688352299533
15551,X121019_047_3,46v,Positive,low,-0.004163119646324494,1.0950835891863713
15551,X121019_047_3,46v,Positive,mid,0.0022349112920215857,0.6324547008206811
15551,X121019_047_3,46v,Positive,high,0.0023442162598699442,-0.21274821956954026
15555,X121019_065_3,6DR,Negative,low,-0.0010621613593307915,-1.0535172970342557
15555,X121019_065_3,6DR,Negative,mid,-0.0025689292582662168,0.030527296457664357
15555,X121019_065_3,6DR,Negative,high,-0.003115975946701424,0.6018917103825189
15557,X121019_068_2,8A,Positive,low,0.001866020771001589,2.3247173857966597
15557,X121019_068_2,8A,Positive,mid,0.0025326067375404373,1.787312135422686
15557,X121019_068_2,8A,Positive,high,0.0011799514497989418,0.34322755076558703
15558,X121019_069_5,46v,Negative,low,0.0009517125104324559,-1.0545772549862076
15558,X121019_069_5,46v,Negative,mid,-0.0018482730465005837,-0.43261400458810484
15558,X121019_069_5,46v,Negative,high,-0.0011324684213647781,1.034907464105357
15561,X121019_074_3,6DR,Positive,low,0.0008942376583968322,1.8008098538822421
15561,X121019_074_3,6DR,Positive,mid,0.003301119965376378,0.24075156595502625
15561,X121019_074_3,6DR,Positive,high,0.0015947652110460512,-0.17511190719225259
15563,X121019_086_3,6DR,Negative,low,-0.0024122690276800426,0.11539876284185148
15563,X121019_086_3,6DR,Negative,mid,-0.005107161166737704,1.4291616797529723
15563,X121019_086_3,6DR,Negative,high,-0.0011555205774396009,-0.0027352197600783125
15564,X121019_088_2,6DR,Positive,low,0.001978170351359951,1.2012546773559838
15564,X121019_088_2,6DR,Positive,mid,0.0037395046153877176,1.3108530414295374
15564,X121019_088_2,6DR,Positive,high,0.00018249475552867842,1.5903786950420817
15568,X121019_095_3,8A,Negative,low,-0.008441922097872156,0.5538285497464426
15568,X121019_095_3,8A,Negative,mid,-0.0010682923003040175,-0.191359651876087
15568,X121019_095_3,8A,Negative,high,-0.0007555463775519572,0.12196844629882839
15570,X121019_101_1,6VaVb,Positive,low,-0.0006263838145858236,1.8731553293702605
15570,X121019_101_1,6VaVb,Positive,mid,0.0002167443127928634,0.27523046159528325
15570,X121019_101_1,6VaVb,Positive,high,-5.160846906913585e-05,0.1817924174900572
15576,X121019_104_3,8A,Negative,low,0.00015151922880506178,-0.6669419769169809
15576,X121019_104_3,8A,Negative,mid,-0.0017444488819383557,-1.1646926490568281
15576,X121019_104_3,8A,Negative,high,-0.002519285693515797,-0.24743027755306465
15577,X121019_118_1,6DC,Positive,low,0.005312975260770225,1.5783891113282813
15577,X121019_118_1,6DC,Positive,mid,0.0034487618710533695,0.5122332026003883
15577,X121019_118_1,6DC,Positive,high,0.001321671464961757,0.037344687726062344
15581,X121019_133_3,6DC,Positive,low,-0.001353050654313776,0.7297273155118954
15581,X121019_133_3,6DC,Positive,mid,0.003417526094320661,-0.2572144278101995
15581,X121019_133_3,6DC,Positive,high,0.002433462784707846,-0.001602415770242694
15583,X121019_140_2,6DC,Positive,low,0.0003420162856181745,0.29675060377057993
15583,X121019_140_2,6DC,Positive,mid,-0.0012146377715601033,1.355858796944039
15583,X121019_140_2,6DC,Positive,high,0.0009786137597176925,0.14514653234304425
15584,X121019_141_2,6DC,Positive,low,0.0035915831927359346,0.5762344879255523
15584,X121019_141_2,6DC,Positive,mid,0.0037971248682642836,-0.4582998609513559
15584,X121019_141_2,6DC,Positive,high,0.0019019598938571293,0.049430255855614946
15588,X121020_004_5,12m,Positive,low,-0.004710414288871067,1.6770828473389445
15588,X121020_004_5,12m,Positive,mid,0.0007490200914336009,0.3691461289327858
15588,X121020_004_5,12m,Positive,high,0.0015857855370226014,0.46709929226344443
15596,X121020_028_2,46v,Positive,low,0.001824290435124787,1.500529866963129
15596,X121020_028_2,46v,Positive,mid,0.0017428181881651338,0.9829324011732754
15596,X121020_028_2,46v,Positive,high,0.0005008574862544565,0.30131479810083445
15597,X121020_028_5,46v,Positive,low,-0.000672385171314035,2.1655554182319197
15597,X121020_028_5,46v,Positive,mid,0.0010208625549953788,0.6096993871656914
15597,X121020_028_5,46v,Positive,high,0.0011828955445225505,0.714711687777086
15613,X121020_066_1,12o,Negative,low,-0.0021685691089904755,-0.6263711994851687
15613,X121020_066_1,12o,Negative,mid,-0.002679347309879508,-0.0782878255931171
15613,X121020_066_1,12o,Negative,high,-0.002790233630323196,-0.027393220911831433
15615,X121020_066_4,12o,Negative,low,-0.0007594918063469665,-0.712296157467881
15615,X121020_066_4,12o,Negative,mid,5.1801058402061156e-05,-0.781853011860427
15615,X121020_066_4,12o,Negative,high,-0.0002992704904920747,-0.7258176992022852
15624,X121020_108_3,6DC,Positive,low,-0.0019274980685129923,0.43654243503007634
15624,X121020_108_3,6DC,Positive,mid,0.0014143215802643813,0.2917469881417636
15624,X121020_108_3,6DC,Positive,high,-0.00029329449961032527,0.33219842005485417
15634,X121020_153_1,pu,Positive,low,0.0003941409382203848,0.48885933430412143
15634,X121020_153_1,pu,Positive,mid,0.007455328666284109,0.35029314654862226
15634,X121020_153_1,pu,Positive,high,0.00236023812371216,1.0689687993991097
15635,X121020_153_8,pu,Negative,low,0.0020936122615217954,0.2632167755786722
15635,X121020_153_8,pu,Negative,mid,-0.004276189690762229,-1.080034656484244
15635,X121020_153_8,pu,Negative,high,-0.0011905500123833217,-1.3254846861080798
15639,X121119_011_2,46v,Positive,low,0.00016268441774568978,1.4863139685993385
15639,X121119_011_2,46v,Positive,mid,-0.004506036245570503,0.8101126343971072
15639,X121119_011_2,46v,Positive,high,0.00302566624332395,0.44676371423462513
15645,X121119_018_6,12l,Positive,low,-3.664408976040645e-05,1.6707977652549744
15645,X121119_018_6,12l,Positive,mid,-0.0005216566209124196,1.1155168307006063
15645,X121119_018_6,12l,Positive,high,0.0002542429133394845,-0.21415928749486915
15646,X121119_018_8,12l,Negative,low,-0.0007866954114013894,-0.7785038470031814
15646,X121119_018_8,12l,Negative,mid,-0.00013325269333487914,-0.9964547572338244
15646,X121119_018_8,12l,Negative,high,-0.0015261102877632759,-0.5490161650721138
15653,X121119_027_2,12l,Positive,low,0.0018656207885728155,0.956947477855185
15653,X121119_027_2,12l,Positive,mid,0.0019595927820667694,1.8084271516458763
15653,X121119_027_2,12l,Positive,high,0.0026641405211847947,1.1194671721208511
15656,X121119_036_1,12l,Positive,low,-0.0006601396815301212,1.050177744135707
15656,X121119_036_1,12l,Positive,mid,0.0008228262698338459,0.2419555261901606
15656,X121119_036_1,12l,Positive,high,0.0022723910760853627,0.7929448463195976
15657,X121119_038_3,46v,Positive,low,0.0041140338326714695,-0.6165177384685855
15657,X121119_038_3,46v,Positive,mid,0.0007996904639274043,-0.5438586584479856
15657,X121119_038_3,46v,Positive,high,0.002328666527402004,0.21700811867575825
15659,X121119_046_4,12l,Positive,low,0.0030809177594280524,0.6441846850526499
15659,X121119_046_4,12l,Positive,mid,0.0009453789523910785,-0.5097954206977554
15659,X121119_046_4,12l,Positive,high,0.003069705231290037,0.02619610434148566
15660,X121119_047_3,46v,Positive,low,0.003128408825480078,0.8768643607507877
15660,X121119_047_3,46v,Positive,mid,0.0020153233918861727,1.0006947939885786
15660,X121119_047_3,46v,Positive,high,0.0017936121449100503,0.1244576660899357
15667,X121119_065_2,6DR,Negative,low,-0.0015991595344839573,-1.194385298774167
15667,X121119_065_2,6DR,Negative,mid,-0.0015621362357022429,-0.5025733363624436
15667,X121119_065_2,6DR,Negative,high,-0.003102056435138174,0.6378402363574024
15671,X121119_074_10,6DR,Positive,low,0.0018463046874564592,1.4011706195139448
15671,X121119_074_10,6DR,Positive,mid,0.005231980627713995,0.12849348877632555
15671,X121119_074_10,6DR,Positive,high,0.0023683198196268,-0.07492720576494424
15675,X121119_086_3,6DR,Negative,low,1.664499972697126e-05,-0.999033414831574
15675,X121119_086_3,6DR,Negative,mid,-0.0016034501316171356,0.6336619634120826
15675,X121119_086_3,6DR,Negative,high,-0.0026039714861594647,1.1162771144990318
15678,X121119_088_4,6DR,Positive,low,0.0018446842496268896,0.8714104869500571
15678,X121119_088_4,6DR,Positive,mid,0.0037245095466397252,1.8100615945116256
15678,X121119_088_4,6DR,Positive,high,0.00018320122984689054,1.7026120239803677
15683,X121119_097_3,6DR,Positive,low,0.0018233382721410355,-0.2569335773029363
15683,X121119_097_3,6DR,Positive,mid,0.0004196988966831905,-0.6450749357508344
15683,X121119_097_3,6DR,Positive,high,0.0002859213090329888,-0.6631210010976045
15689,X121119_104_1,8A,Negative,low,-0.00047973043888485624,-0.3794834397393457
15689,X121119_104_1,8A,Negative,mid,-0.002008932886854925,-1.2898411308097562
15689,X121119_104_1,8A,Negative,high,-0.00294507934852385,-0.7545021872083907
15692,X121119_121_4,6DC,Negative,low,-0.001219890357031734,-0.9003078081256116
15692,X121119_121_4,6DC,Negative,mid,-0.002720012989951454,-1.4272916952702845
15692,X121119_121_4,6DC,Negative,high,-0.0013131197842712646,-0.1769663572168836
15693,X121119_127_3,6VaVb,Negative,low,-0.004913353950453115,0.3862633051942426
15693,X121119_127_3,6VaVb,Negative,mid,-0.004727958234772918,0.38593857504036927
15693,X121119_127_3,6VaVb,Negative,high,-0.0036539702958670547,0.6838580775099842
15695,X121119_133_4,6DC,Positive,low,-0.0007081659108152367,-0.29606724105862137
15695,X121119_133_4,6DC,Positive,mid,0.00267490125381361,-0.2890797457541533
15695,X121119_133_4,6DC,Positive,high,0.003052705951576166,0.4716909223880883
15697,X121119_141_2,6DC,Positive,low,0.0018964160698587637,0.4872614122418138
15697,X121119_141_2,6DC,Positive,mid,0.0037892111385747908,-0.004061274337016679
15697,X121119_141_2,6DC,Positive,high,0.0017346610970084171,0.2191488552212323
15698,X121119_142_2,6DC,Positive,low,0.0005465823706509661,0.10133822579339717
15698,X121119_142_2,6DC,Positive,mid,4.9535469315309935e-05,0.012420487979089163
15698,X121119_142_2,6DC,Positive,high,0.0021183411691443306,2.134099284642548
15703,X121120_004_3,12m,Positive,low,-0.0009675794731977012,0.6478840377650535
15703,X121120_004_3,12m,Positive,mid,0.0017184611050890522,0.0746809711814246
15703,X121120_004_3,12m,Positive,high,0.003665620483834732,1.0579796930615823
15705,X121120_020_3,12m,Positive,low,0.0034618589074122894,-0.13147962435839014
15705,X121120_020_3,12m,Positive,mid,0.005165257394171073,1.462796521773283
15705,X121120_020_3,12m,Positive,high,0.0018870642291906492,0.08916989946839579
15711,X121120_040_3,13l,Positive,low,0.0015816851989466987,1.923332057955261
15711,X121120_040_3,13l,Positive,mid,0.0011360995006294236,0.4883358633244866
15711,X121120_040_3,13l,Positive,high,0.0011898243120232739,-0.05911276813986992
15729,X121120_066_3,12o,Negative,low,-0.002243631217499498,-0.29321316227560146
15729,X121120_066_3,12o,Negative,mid,-0.0027059442341907493,-0.1503852929752599
15729,X121120_066_3,12o,Negative,high,-0.0018053244162133772,-0.24158587646082025
15730,X121120_066_4,12o,Negative,low,-0.00344348094630342,-0.09256107557856302
15730,X121120_066_4,12o,Negative,mid,-5.1222732330421706e-05,-0.8291068680076155
15730,X121120_066_4,12o,Negative,high,-0.00030574423937090254,-0.7655372022590701
15731,X121120_066_5,12o,Negative,low,0.00296368325628459,0.6194419102888933
15731,X121120_066_5,12o,Negative,mid,0.0013250309563210712,-0.7394114186919097
15731,X121120_066_5,12o,Negative,high,-0.0014519434471882168,0.03206565039600021
15732,X121120_068_3,12o,Positive,low,0.004577649724339112,1.8773434968934877
15732,X121120_068_3,12o,Positive,mid,0.00201403768723702,1.2208522646478726
15732,X121120_068_3,12o,Positive,high,0.00017857113324243085,-0.07651008080729646
15737,X121120_080_3,AI,Negative,low,-0.002740347497560332,0.19549615293456096
15737,X121120_080_3,AI,Negative,mid,-0.001284748636382894,-0.26708087660724794
15737,X121120_080_3,AI,Negative,high,-0.0001919523715259887,-0.5412266192440185
15749,X121120_106_3,AMG,Negative,low,-0.0008316773559084158,0.9380657178990561
15749,X121120_106_3,AMG,Negative,mid,-0.0028634026273119634,-0.02030764458396514
15749,X121120_106_3,AMG,Negative,high,-0.0026973359808429914,-0.013264838449123118
15753,X121120_138_3,AMG,Positive,low,0.0012935357299619734,1.819456086770636
15753,X121120_138_3,AMG,Positive,mid,0.0020354890493527174,0.5786857276290234
15753,X121120_138_3,AMG,Positive,high,0.0016768901691323213,0.31336829055367454
15759,X121120_147_4,24c,Negative,low,-0.0006358133639772398,0.6153965238547618
15759,X121120_147_4,24c,Negative,mid,-0.0032409200247045422,-0.22323839789947586
15759,X121120_147_4,24c,Negative,high,-0.0013290237110290197,-1.138821468674601
15768,X121219_005_3,46d,Negative,low,-0.002712687847227278,0.4095996049280819
15768,X121219_005_3,46d,Negative,mid,-0.00038308001396323546,-0.38668022850085165
15768,X121219_005_3,46d,Negative,high,-0.0005424047706610202,-0.8057189318483166
15775,X121219_018_9,12l,Negative,low,-0.00271356525393916,0.23334034519601682
15775,X121219_018_9,12l,Negative,mid,-0.003080837918119863,0.06948346849809867
15775,X121219_018_9,12l,Negative,high,-0.0010564367346824438,-0.4470352010128124
15779,X121219_027_1,12l,Positive,low,0.0013825512732434945,1.001929378524398
15779,X121219_027_1,12l,Positive,mid,0.0034443640242943895,1.2259031260237345
15779,X121219_027_1,12l,Positive,high,0.0024567710568116474,0.9083406198490875
15780,X121219_027_5,12l,Positive,low,0.0010430925379184201,2.2318177294612127
15780,X121219_027_5,12l,Positive,mid,0.0045428345770396564,0.7300420990536267
15780,X121219_027_5,12l,Positive,high,3.772196496911741e-05,-0.6225342629058984
15788,X121219_046_3,12l,Positive,low,0.0002919217931829568,0.47966715486754297
15788,X121219_046_3,12l,Positive,mid,0.0022455694114458685,0.19121243037131147
15788,X121219_046_3,12l,Positive,high,0.0023099055723220783,0.40678312383463705
15792,X121219_063_3,6DR,Negative,low,-0.0007159543093915765,-0.5945867460365167
15792,X121219_063_3,6DR,Negative,mid,-0.0002192810863050858,1.0908876318513987
15792,X121219_063_3,6DR,Negative,high,-0.0017606892445598292,0.3577834052605533
15795,X121219_074_2,6DR,Positive,low,0.000346534176041923,1.9794428533008213
15795,X121219_074_2,6DR,Positive,mid,0.0034020043079882067,-0.04952749462597562
15795,X121219_074_2,6DR,Positive,high,0.0019684396907552484,-0.42061961088279193
15800,X121219_086_2,6DR,Negative,low,0.00022881889207051502,-1.2211822144402045
15800,X121219_086_2,6DR,Negative,mid,8.651738398742069e-05,-0.8691420100889666
15800,X121219_086_2,6DR,Negative,high,-0.0004677951954124642,-1.0977448541392105
15802,X121219_088_3,6DR,Positive,low,-0.000568115712704737,1.2990484932893127
15802,X121219_088_3,6DR,Positive,mid,0.005045872139271158,1.4856534110329511
15802,X121219_088_3,6DR,Positive,high,0.00012538414856920062,1.3671285150055084
15812,X121219_109_3,6DR,Negative,low,-0.0013493479689988379,-1.0879234439521384
15812,X121219_109_3,6DR,Negative,mid,0.0019357859113867068,-0.23904892095301095
15812,X121219_109_3,6DR,Negative,high,-0.0005718887185993946,-0.26333228580865964
15814,X121219_112_2,6DR,Negative,low,-0.0016932323649883553,-0.3405683064483069
15814,X121219_112_2,6DR,Negative,mid,-0.0034603790904038203,0.28731129381855247
15814,X121219_112_2,6DR,Negative,high,-0.0015356763901406452,-0.4263308863909047
15815,X121219_112_4,6DR,Negative,low,0.0009901395729106574,-0.6502679174536601
15815,X121219_112_4,6DR,Negative,mid,-0.0007707550423939269,-1.1017897179142608
15815,X121219_112_4,6DR,Negative,high,-0.00038126786784041815,-0.9671351251110261
15817,X121219_116_3,6DC,Negative,low,-0.0010947216847487355,0.3617112290163752
15817,X121219_116_3,6DC,Negative,mid,-0.00029042761243556846,0.5594180064367289
15817,X121219_116_3,6DC,Negative,high,-0.0020974499807379136,0.31149037533320373
15818,X121219_118_2,6DC,Negative,low,-0.0034199658968642804,0.4470606899929516
15818,X121219_118_2,6DC,Negative,mid,-0.0032065642850533905,-0.035272215524500085
15818,X121219_118_2,6DC,Negative,high,-0.0018979744018552504,-1.2461886410903613
15826,X121219_141_2,6DC,Positive,low,0.0032435248085775715,0.2896788199560038
15826,X121219_141_2,6DC,Positive,mid,0.0026845089770340656,-0.23090849586171888
15826,X121219_141_2,6DC,Positive,high,0.0023014119530921752,0.07923337686345905
15828,X121219_142_4,6DC,Positive,low,0.0034441929904187834,-0.05518806240243989
15828,X121219_142_4,6DC,Positive,mid,0.0031012599251716024,0.2554650319393061
15828,X121219_142_4,6DC,Positive,high,0.005334844368241195,1.4741445336345205
15836,X121319_027_3,12l,Positive,low,-0.0032980752598418864,2.9572664786892604
15836,X121319_027_3,12l,Positive,mid,0.003700657884089212,1.0775465274465188
15836,X121319_027_3,12l,Positive,high,0.0008381646023030553,-0.3257445494377809
15837,X121319_027_4,12l,Positive,low,-0.0004838544844769847,1.2378270238786688
15837,X121319_027_4,12l,Positive,mid,0.0035582014566310966,1.3412733458342052
15837,X121319_027_4,12l,Positive,high,0.002693776535340559,0.9464025032240123
15839,X121319_046_3,12l,Positive,low,-0.0008539581792930888,-0.36529151031347656
15839,X121319_046_3,12l,Positive,mid,0.002038758280298162,0.9508689138883362
15839,X121319_046_3,12l,Positive,high,0.0022431564375175778,0.6814120179839791
15848,X121319_068_4,8A,Negative,low,-2.128129689421807e-05,-1.6736349480322712
15848,X121319_068_4,8A,Negative,mid,-0.0018153368743106316,-1.271764657312939
15848,X121319_068_4,8A,Negative,high,-0.001207368488915168,-0.61046764619041
15850,X121319_074_2,6DR,Positive,low,0.00038371927605037183,1.9122555023818564
15850,X121319_074_2,6DR,Positive,mid,0.002913504675841964,0.22767673138620442
15850,X121319_074_2,6DR,Positive,high,0.002217887672998325,-0.3386904437152263
15851,X121319_077_3,8A,Negative,low,-0.003000178301183093,-1.2495743290346097
15851,X121319_077_3,8A,Negative,mid,-0.005128570943792607,-0.6208817746704088
15851,X121319_077_3,8A,Negative,high,-0.0037294295322337226,0.13150550419798457
15855,X121319_088_2,6DR,Positive,low,0.002270602246087764,0.6560268923671244
15855,X121319_088_2,6DR,Positive,mid,0.0027508753107145377,1.632554443054112
15855,X121319_088_2,6DR,Positive,high,0.0010608274461910683,1.872289504267015
15858,X121319_112_3,6DR,Negative,low,-0.001309838296246315,-0.5901016022474621
15858,X121319_112_3,6DR,Negative,mid,-0.0036028695975500163,0.10727148072270308
15858,X121319_112_3,6DR,Negative,high,-0.00154201535157678,-0.824643713166432
15859,X121319_122_1,6DC,Positive,low,-0.0007386090874614465,0.32012607517362435
15859,X121319_122_1,6DC,Positive,mid,0.0012699437037662813,-1.7437404293982242
15859,X121319_122_1,6DC,Positive,high,0.001301239956824334,-0.566566923927646
15861,X121319_142_3,6DC,Positive,low,0.005763940378681269,0.6303059710127715
15861,X121319_142_3,6DC,Positive,mid,0.0030831891772670032,0.588554169813763
15861,X121319_142_3,6DC,Positive,high,0.0036229016645696653,0.7725175322085184
15863,X121319_142_5,6DC,Positive,low,0.0007928828520729702,-0.3270202200323616
15863,X121319_142_5,6DC,Positive,mid,0.0030704961622190583,0.5586977691536157
15863,X121319_142_5,6DC,Positive,high,0.002826954717822954,2.0569788896650723
15866,X121319_146_3,6DC,Negative,low,-0.001971980659127041,-0.3954800875396847
15866,X121319_146_3,6DC,Negative,mid,-1.8323517284710476e-05,-1.016072324354716
15866,X121319_146_3,6DC,Negative,high,-0.0007119874537988475,-1.176577031711572
15869,X121420_007_5,11ml,Positive,low,0.0005381830177884323,-0.890656096612827
15869,X121420_007_5,11ml,Positive,mid,0.0013100813428039856,0.25331600473809385
15869,X121420_007_5,11ml,Positive,high,0.0015212299474194348,1.1667975870126892
15871,X121420_013_2,11ml,Negative,low,-0.00080629311288912,0.6594705312348556
15871,X121420_013_2,11ml,Negative,mid,0.0015424791653109791,-0.05016474703717326
15871,X121420_013_2,11ml,Negative,high,-0.000787166029929809,-0.24914893275320518
15889,X121420_060_10,AI,Positive,low,-0.002359964107268559,1.7180000783599751
15889,X121420_060_10,AI,Positive,mid,0.0004961003567587806,0.8498411635293341
15889,X121420_060_10,AI,Positive,high,0.0017993800476060892,1.5158644995951216
15892,X121420_061_9,AI,Negative,low,-0.00018215077170229049,-1.162539166167453
15892,X121420_061_9,AI,Negative,mid,-0.001587848710678352,-0.8213228099978637
15892,X121420_061_9,AI,Negative,high,-0.0013688820096154658,-0.6954912729251405
15895,X121420_068_2,12o,Positive,low,0.0019360890847385974,2.8245099126400053
15895,X121420_068_2,12o,Positive,mid,0.001495847269148791,1.359571469504504
15895,X121420_068_2,12o,Positive,high,0.0001493308848081227,-0.18448579195459155
15902,X121420_092_5,44,Positive,low,0.003298347699100869,0.6116078283646285
15902,X121420_092_5,44,Positive,mid,-0.00022752709236991634,0.2377971736821749
15902,X121420_092_5,44,Positive,high,0.0006866095466490001,-0.2103460225595871
15915,X121420_135_3,cd,Negative,low,-0.004423618117123587,0.7417791506752818
15915,X121420_135_3,cd,Negative,mid,-0.00031093863352132516,-0.9852043926319147
15915,X121420_135_3,cd,Negative,high,-0.0011905850850204571,0.485291725140512
15917,X121420_138_2,AMG,Positive,low,-0.0028053819406754915,2.5003289416705115
15917,X121420_138_2,AMG,Positive,mid,0.0018529904139041702,0.1444758996758734
15917,X121420_138_2,AMG,Positive,high,0.002758251492522053,0.4549623415913873
15925,X121520_006_3,11ml,Positive,low,0.004296626233161605,0.9918492816004301
15925,X121520_006_3,11ml,Positive,mid,0.006836825989871442,0.8093208396023205
15925,X121520_006_3,11ml,Positive,high,0.0012015516419048727,0.20186002655810956
15926,X121520_011_3,12r,Positive,low,-0.005572833437224543,0.4287259462762147
15926,X121520_011_3,12r,Positive,mid,0.0018148781386520547,0.10448394547187151
15926,X121520_011_3,12r,Positive,high,0.0010443014289197633,0.3736982493889526
15929,X121520_012_8,12m,Positive,low,0.002760652746391165,-1.2752200639070617
15929,X121520_012_8,12m,Positive,mid,0.0009469772004405705,0.21562339451021442
15929,X121520_012_8,12m,Positive,high,-0.0005631733004413225,0.793529097083801
15931,X121520_020_3,12m,Positive,low,0.006765698242345495,1.3035436736980759
15931,X121520_020_3,12m,Positive,mid,0.0015788986417241866,0.7047643536049408
15931,X121520_020_3,12m,Positive,high,0.001973237324323204,-0.3670759464297583
15946,X121520_068_2,12o,Positive,low,0.0018670337168046338,2.97460005446004
15946,X121520_068_2,12o,Positive,mid,-0.00014331573078750623,1.190764473301797
15946,X121520_068_2,12o,Positive,high,0.0005927899329042578,-0.10325533134137654
15947,X121520_070_4,AI,Negative,low,-0.002057374137640724,-0.5425011807163176
15947,X121520_070_4,AI,Negative,mid,-0.0020901052518471014,-0.11613490711432725
15947,X121520_070_4,AI,Negative,high,-0.0011566637802844144,-0.25129573514815107
15959,X121520_109_4,cd,Negative,low,0.0010341556067554945,-0.3608935294880496
15959,X121520_109_4,cd,Negative,mid,-0.0004433524833487362,-0.940122216989514
15959,X121520_109_4,cd,Negative,high,-0.00023674155613602927,-1.1410339007560109
15964,X121520_153_1,pu,Positive,low,0.000711238591843154,-0.7667701322068255
15964,X121520_153_1,pu,Positive,mid,0.0013561422036355317,-0.09430739277382591
15964,X121520_153_1,pu,Positive,high,0.0008028651575184459,0.21821004856395176
15968,X121520_154_4,pu,Negative,low,-0.0020181881564910143,-0.09335423455269118
15968,X121520_154_4,pu,Negative,mid,-0.0015647574838016291,-0.3839967018112458
15968,X121520_154_4,pu,Negative,high,-0.002254707398782512,-0.6449786796546022
15971,X121619_022_3,46d,Positive,low,0.0024504726807981427,-0.4177389116492897
15971,X121619_022_3,46d,Positive,mid,0.00152746417734734,0.025053170573848847
15971,X121619_022_3,46d,Positive,high,0.0012382110420038248,0.33169941017295723
15974,X121619_027_3,12l,Positive,low,0.0029334889308451897,-0.11690217859813705
15974,X121619_027_3,12l,Positive,mid,0.001015452623462698,-0.5905844002416646
15974,X121619_027_3,12l,Positive,high,0.0035328026505360302,0.8242821347816055
15975,X121619_036_2,12l,Positive,low,0.000734795891659741,-0.8255348459580377
15975,X121619_036_2,12l,Positive,mid,0.0007244228788740291,-0.042352677529411215
15975,X121619_036_2,12l,Positive,high,0.00019440738841503322,-0.10071153008905333
15976,X121619_037_3,46v,Positive,low,6.272529716400289e-19,-0.8598846197128296
15976,X121619_037_3,46v,Positive,mid,0.004953883208123925,1.2904836895120968
15976,X121619_037_3,46v,Positive,high,0.0021476003429519875,0.8987527233540714
15977,X121619_040_2,8A,Negative,low,0.0036289969232719743,-1.4539917389995507
15977,X121619_040_2,8A,Negative,mid,-0.0019835167394489806,0.3619981068184525
15977,X121619_040_2,8A,Negative,high,-0.0040004041910668316,1.1097768736943547
15978,X121619_048_3,46v,Negative,low,-0.005535284550877979,0.0030474592582903767
15978,X121619_048_3,46v,Negative,mid,-0.0010587834748488425,-0.5706466877206962
15978,X121619_048_3,46v,Negative,high,-0.0008210387451377551,-0.46289561347983244
15985,X121619_094_3,8A,Positive,low,0.0013454302414909816,-0.2747714331314687
15985,X121619_094_3,8A,Positive,mid,-0.00013475580306286674,0.0888352533360748
15985,X121619_094_3,8A,Positive,high,0.00162485053036617,-0.3062728548336452
15987,X121619_097_4,6DR,Positive,low,0.00023011967328074757,0.07649069882157614
15987,X121619_097_4,6DR,Positive,mid,-0.000189430567288561,2.010936336390389
15987,X121619_097_4,6DR,Positive,high,0.00048358316521040183,0.8651154277328643
15994,X121619_125_3,6DC,Positive,low,0.002284121381416781,1.803104082528446
15994,X121619_125_3,6DC,Positive,mid,0.002002411892779217,-0.02997659608330841
15994,X121619_125_3,6DC,Positive,high,0.0022268188393254067,-0.3337462222482157
15997,X121619_132_2,6DC,Negative,low,-0.0006194871027096135,-0.08499530426841756
15997,X121619_132_2,6DC,Negative,mid,-0.0011549453223300443,-0.41093367604463643
15997,X121619_132_2,6DC,Negative,high,-0.0010311259603806929,-1.1724030079936822
15998,X121619_133_2,6DC,Negative,low,0.0018326232321219215,0.13065904801860204
15998,X121619_133_2,6DC,Negative,mid,-0.00016070960758804965,-1.6672547147198644
15998,X121619_133_2,6DC,Negative,high,-0.0013362062795092434,-0.6545944012540351
16000,X121619_134_1,6DC,Positive,low,-0.0025362432542347067,0.4101815917240064
16000,X121619_134_1,6DC,Positive,mid,0.0026901966691171664,1.4109887516686999
16000,X121619_134_1,6DC,Positive,high,0.0011726625289547482,0.8692247215999344
16003,X121619_141_1,6DC,Positive,low,0.00210798500051973,0.003867108253188766
16003,X121619_141_1,6DC,Positive,mid,0.0025657474851346835,0.9909367138134803
16003,X121619_141_1,6DC,Positive,high,0.00020500204784336298,0.5982112495370826
16004,X121619_142_2,6DC,Positive,low,0.004558929221745285,0.45751179366708794
16004,X121619_142_2,6DC,Positive,mid,0.0006379991921044017,1.3375328404212157
16004,X121619_142_2,6DC,Positive,high,0.0040448569951211,1.4846684259336176
16010,X121620_006_5,11ml,Positive,low,0.004199961874195658,2.38297115674106
16010,X121620_006_5,11ml,Positive,mid,0.0021428911775891574,0.3245097475882601
16010,X121620_006_5,11ml,Positive,high,0.0013817657137292145,-0.10210466982518632
16037,X121620_104_6,45,Positive,low,0.0022743316228010613,0.3614970401933606
16037,X121620_104_6,45,Positive,mid,0.00132651407854302,1.3342099079673184
16037,X121620_104_6,45,Positive,high,0.0051699427903864,2.0348045808416537
16048,X121620_154_9,pu,Negative,low,-0.0020095528656898717,0.31583500483356874
16048,X121620_154_9,pu,Negative,mid,-0.002345557552287841,-0.24708783394733008
16048,X121620_154_9,pu,Negative,high,-0.001376636286846577,-0.5093730431477758
16051,X121719_003_3,12r,Negative,low,-0.006468359796009428,1.4548379387338484
16051,X121719_003_3,12r,Negative,mid,-0.003878502686956779,0.006134883129791807
16051,X121719_003_3,12r,Negative,high,-0.0011293823532178113,-0.12977022282545225
16058,X121719_018_3,12l,Positive,low,0.00301306183372067,1.7157074519915014
16058,X121719_018_3,12l,Positive,mid,6.83706796949021e-05,0.0992023534460703
16058,X121719_018_3,12l,Positive,high,6.176147992216701e-05,-0.8648326884886984
16063,X121719_036_2,12l,Positive,low,-0.0005496505480228152,0.20857785113261215
16063,X121719_036_2,12l,Positive,mid,0.0022902677521878154,-0.10891811168655179
16063,X121719_036_2,12l,Positive,high,0.001443000916554317,-0.011941251750204855
16074,X121719_088_1,6DR,Positive,low,0.001189483791423362,0.17315260818712963
16074,X121719_088_1,6DR,Positive,mid,0.002449306844131935,-0.11330925198836544
16074,X121719_088_1,6DR,Positive,high,0.0016865749534559972,-1.0570074522653952
16087,X121719_144_3,6DC,Negative,low,-0.002532799924110489,-0.39362782044971545
16087,X121719_144_3,6DC,Negative,mid,-0.001733493023332827,-0.04480728138314317
16087,X121719_144_3,6DC,Negative,high,-0.0011753460549581245,-0.9861713094441545
16090,X121819_004_3,12r,Positive,low,0.005245755242848861,0.47614545097009753
16090,X121819_004_3,12r,Positive,mid,0.00042291433336827063,0.07823899233583578
16090,X121819_004_3,12r,Positive,high,0.00196113110180166,0.22538615312092564
16105,X121819_046_3,12l,Positive,low,-0.0023059234886775013,1.6271092203847084
16105,X121819_046_3,12l,Positive,mid,-4.703307211630418e-06,1.6149963734550603
16105,X121819_046_3,12l,Positive,high,0.0008389525376814845,1.108845250380416
16111,X121819_057_3,46v,Positive,low,-0.00022567919077139635,-0.5365900577490719
16111,X121819_057_3,46v,Positive,mid,0.0007349055654596217,-0.12303988032853433
16111,X121819_057_3,46v,Positive,high,0.0008324310647064762,2.660621922543759
16113,X121819_059_4,8A,Negative,low,-0.0012361981973062987,-0.474518553104357
16113,X121819_059_4,8A,Negative,mid,-0.00017282116233282134,-0.8345467919319521
16113,X121819_059_4,8A,Negative,high,-0.0004383108864684545,-0.6137962555032404
16115,X121819_074_3,6DR,Negative,low,-0.0028366390291535,-0.5067916212180403
16115,X121819_074_3,6DR,Negative,mid,-0.000198896570949877,-0.4114555148020411
16115,X121819_074_3,6DR,Negative,high,-0.0008105251502855568,-0.45418994185730144
16116,X121819_078_3,8A,Negative,low,0.00015247337922962345,-1.4545870672248167
16116,X121819_078_3,8A,Negative,mid,-0.0005909457986132385,-0.8791613365568456
16116,X121819_078_3,8A,Negative,high,-0.0018316733637219285,-0.9450621328466943
16117,X121819_086_3,6DR,Positive,low,-0.00010503055512664053,-0.6644069246202785
16117,X121819_086_3,6DR,Positive,mid,0.0028269602181111813,-0.43781663330553
16117,X121819_086_3,6DR,Positive,high,0.0024248008141361317,0.2809443685440474
16118,X121819_088_2,6DR,Positive,low,0.0009619209537488886,-0.30675343869329247
16118,X121819_088_2,6DR,Positive,mid,0.001700820075265493,0.40550542959692376
16118,X121819_088_2,6DR,Positive,high,0.0008978703568016944,-0.9995104276796744
16121,X121819_096_1,6DR,Positive,low,0.00017099271032745372,-0.1572394440384092
16121,X121819_096_1,6DR,Positive,mid,-0.00031932139992249444,1.4079652464330294
16121,X121819_096_1,6DR,Positive,high,0.0003277291559913244,1.8197810889877217
16122,X121819_097_2,6DR,Negative,low,-0.0013010840778882049,-0.3445859872924897
16122,X121819_097_2,6DR,Negative,mid,-0.0017639747093352767,-1.470775951722795
16122,X121819_097_2,6DR,Negative,high,-0.0007596872592295274,-0.5666811150094238
16124,X121819_101_4,6VaVb,Positive,low,0.0023317199011055807,2.8657239276835207
16124,X121819_101_4,6VaVb,Positive,mid,0.0004800588524720286,1.3844158328115048
16124,X121819_101_4,6VaVb,Positive,high,0.000783301470288933,-0.3638942144476435
16125,X121819_109_1,6DR,Negative,low,-0.002408519187091885,0.5874117642513998
16125,X121819_109_1,6DR,Negative,mid,-0.0005853440692304458,-0.7855435714506065
16125,X121819_109_1,6DR,Negative,high,-0.0013440005624521998,-0.12409407138079095
16128,X121819_134_1,6DC,Positive,low,0.002416657223938893,0.6250166976440872
16128,X121819_134_1,6DC,Positive,mid,0.0035389367266085107,-0.7257891095010176
16128,X121819_134_1,6DC,Positive,high,0.0022662139634798467,-0.7620451910159366
16129,X121819_142_1,6DC,Negative,low,-0.0021442560619224027,-1.0076335738812063
16129,X121819_142_1,6DC,Negative,mid,5.448413899415238e-05,-1.3513931159965211
16129,X121819_142_1,6DC,Negative,high,-0.0002860521664538449,0.6499250537890959
16134,X121820_006_2,11ml,Negative,low,0.00025834718328918767,-0.4451214626505847
16134,X121820_006_2,11ml,Negative,mid,-5.9267657688526646e-05,-0.13000264336833864
16134,X121820_006_2,11ml,Negative,high,-0.001037591479923268,-0.042252245119125106
16138,X121820_037_1,12o,Positive,low,0.00080790503053998,-0.4454760097506489
16138,X121820_037_1,12o,Positive,mid,0.002799219269715126,-0.6417772395405748
16138,X121820_037_1,12o,Positive,high,0.0012384339504731062,0.6363629678533943
16141,X121820_043_5,13m,Negative,low,-0.0006608694394082664,-0.5351022734785585
16141,X121820_043_5,13m,Negative,mid,-0.0020552003144142213,-0.36446157964054937
16141,X121820_043_5,13m,Negative,high,-0.0013126827070814172,0.44138357962966707
16148,X121820_057_3,12o,Positive,low,-0.0015017242576258521,-1.2181673984445427
16148,X121820_057_3,12o,Positive,mid,0.00029212843401257144,0.6252581427745368
16148,X121820_057_3,12o,Positive,high,0.0005545607258546403,1.0871021301793973
16149,X121820_057_4,12o,Negative,low,-0.002670465033760677,1.3305535572154847
16149,X121820_057_4,12o,Negative,mid,-0.0026620442123163495,-0.47958965969102274
16149,X121820_057_4,12o,Negative,high,-0.0025605842021729918,-0.10265020728452184
16150,X121820_057_5,12o,Negative,low,0.0014825397786010109,1.4021223420935827
16150,X121820_057_5,12o,Negative,mid,-0.001998544875312508,-0.29371187748261934
16150,X121820_057_5,12o,Negative,high,-0.0015608816032096633,-1.308199267121599
16151,X121820_058_1,12o,Positive,low,0.0021250218851990416,1.4080819039235197
16151,X121820_058_1,12o,Positive,mid,0.0010764280028137292,0.5904921696288123
16151,X121820_058_1,12o,Positive,high,0.002036473190223124,0.5669397785017533
16161,X121820_073_6,AI,Negative,low,-0.0013596469791204123,-0.3231241957884214
16161,X121820_073_6,AI,Negative,mid,-0.0015978079839123107,0.16313307739007046
16161,X121820_073_6,AI,Negative,high,-0.0008600579274564865,0.3575587796265052
16165,X121820_095_2,AI,Negative,low,-0.0031965769942226296,-0.2261800689408912
16165,X121820_095_2,AI,Negative,mid,-0.0024465396382893244,-1.3231886690827288
16165,X121820_095_2,AI,Negative,high,-0.002659082399523695,-0.7666405601455627
16167,X121820_097_3,cd,Positive,low,0.0011587481745305175,-0.47742370847060955
16167,X121820_097_3,cd,Positive,mid,-0.00028743613263281523,-0.39196154125617466
16167,X121820_097_3,cd,Positive,high,0.0007422571607313114,-0.7098696611189406
16168,X121820_097_4,cd,Positive,low,0.0005804859224520882,-0.45383466808698736
16168,X121820_097_4,cd,Positive,mid,-0.0001281556551042716,0.23358447210202318
16168,X121820_097_4,cd,Positive,high,0.0005468504429454962,-0.3541254218227653
16170,X121820_104_3,45,Negative,low,-0.001261740754404038,-0.00046767608089040894
16170,X121820_104_3,45,Negative,mid,-0.0011472352032545507,-0.8062230815334027
16170,X121820_104_3,45,Negative,high,-0.0010711639588863327,-0.8851366172515215
16171,X121820_120_2,AMG,Negative,low,-0.001866563126111669,0.33673830563279983
16171,X121820_120_2,AMG,Negative,mid,-0.001658341639756739,0.3437803339551338
16171,X121820_120_2,AMG,Negative,high,-0.0015042885813192543,-0.5600219087957244
16172,X121820_122_3,cd,Negative,low,0.0003657305084345855,-0.4797041641700139
16172,X121820_122_3,cd,Negative,mid,-0.00020869782799032822,-1.2387100343101234
16172,X121820_122_3,cd,Negative,high,-0.0012239899592254196,-0.8541468016914837
16173,X121820_123_3,cd,Negative,low,-0.0002842125720663842,-0.46117955906340463
16173,X121820_123_3,cd,Negative,mid,-0.00042697285629302294,-0.28460055840114123
16173,X121820_123_3,cd,Negative,high,-0.0005416252234094231,-0.4634465472323327
16179,X121820_142_4,AMG,Positive,low,0.0009441371412519124,0.4431654970578465
16179,X121820_142_4,AMG,Positive,mid,0.0023166397013622306,0.2621378705512574
16179,X121820_142_4,AMG,Positive,high,0.001646912680878574,1.0572530400138132
16180,X121820_142_5,AMG,Negative,low,-0.002230193206756133,-0.24105149081531607
16180,X121820_142_5,AMG,Negative,mid,-0.0006280947124975636,-1.4481663586891034
16180,X121820_142_5,AMG,Negative,high,-0.0009039298457502757,-1.245578436903073
16181,X121820_145_3,cd,Negative,low,0.0020757336684384506,0.05220922794674962
16181,X121820_145_3,cd,Negative,mid,-0.0004442992272335161,-0.8060313227668578
16181,X121820_145_3,cd,Negative,high,-0.00032315609964509616,-1.113792992967139
16188,X121919_022_5,46d,Negative,low,-0.005732237505976234,-0.15704777692684813
16188,X121919_022_5,46d,Negative,mid,-0.0007417246529407662,0.23145500001049726
16188,X121919_022_5,46d,Negative,high,-0.0015096399444555996,0.082128086952708
16201,X121919_088_4,6DR,Negative,low,-0.004467786472986614,-0.08138642666517398
16201,X121919_088_4,6DR,Negative,mid,-0.0029777566931518448,-0.28307626800933017
16201,X121919_088_4,6DR,Negative,high,-0.0038348371463101244,0.42345751147105526
16205,X121919_101_4,6VaVb,Positive,low,0.0008034554959903954,2.8408186548759855
16205,X121919_101_4,6VaVb,Positive,mid,0.0005857201793551086,1.04120725070974
16205,X121919_101_4,6VaVb,Positive,high,0.0007415176870531298,-0.45399582976112746
16211,X121919_112_4,6DR,Negative,low,-0.0002921329420490402,-0.8276659921183562
16211,X121919_112_4,6DR,Negative,mid,-0.001137935354443321,0.7802189942108414
16211,X121919_112_4,6DR,Negative,high,-0.0016419402829961044,0.23793233346896006
16212,X121919_118_2,6DC,Negative,low,-0.0025713804093011406,1.6112328741742847
16212,X121919_118_2,6DC,Negative,mid,-0.0013887790383239887,1.217430375380048
16212,X121919_118_2,6DC,Negative,high,0.00040629819797058505,-0.649938765262407
16213,X121919_118_5,6DC,Negative,low,0.0007621340095688654,0.18791053325446097
16213,X121919_118_5,6DC,Negative,mid,0.0009728978880477079,-1.5679636960120844
16213,X121919_118_5,6DC,Negative,high,-0.0010809883354101597,-1.2109196494502354
16216,X121919_141_6,6DC,Negative,low,-0.001695959635817555,-0.4403568616808282
16216,X121919_141_6,6DC,Negative,mid,0.0013423016119115077,-1.1705103079957295
16216,X121919_141_6,6DC,Negative,high,-0.0009727929106179134,-0.8096433686287748
16221,X122019_005_2,46d,Negative,low,-0.0015702357993172805,-1.070333107732571
16221,X122019_005_2,46d,Negative,mid,0.002852328659764531,-0.31032273704077606
16221,X122019_005_2,46d,Negative,high,-0.0007170053575456448,-0.3886158795695684
16231,X122019_027_4,12l,Negative,low,-0.0005958221538431698,-0.640540554896369
16231,X122019_027_4,12l,Negative,mid,-0.0008764635091548432,-0.5639849303521675
16231,X122019_027_4,12l,Negative,high,-0.0002939133300491605,-0.12504623383328894
16233,X122019_036_3,12l,Positive,low,-0.0011394393708709868,-0.5675876230488031
16233,X122019_036_3,12l,Positive,mid,-0.001112510025007849,0.025179803702273653
16233,X122019_036_3,12l,Positive,high,0.0015994369450100794,1.9647797028752612
16241,X122019_059_2,46d,Negative,low,-0.0028285709796055237,0.35164323173510414
16241,X122019_059_2,46d,Negative,mid,0.0013228943568623713,-0.9304999673049784
16241,X122019_059_2,46d,Negative,high,-0.0010234392569362031,-0.8141673776552006
16255,X122019_109_2,6DR,Negative,low,-0.0005528948291711403,-0.1995937916376208
16255,X122019_109_2,6DR,Negative,mid,-0.0010105558256480627,-0.005868785336644938
16255,X122019_109_2,6DR,Negative,high,-0.0013212999872435462,0.2106649269412439
16270,X122120_051_3,13l,Positive,low,0.0027966575681514657,-0.3787601861960182
16270,X122120_051_3,13l,Positive,mid,0.004433559174305902,0.814273296591567
16270,X122120_051_3,13l,Positive,high,0.0010939323366862255,0.10441956371138687
16273,X122120_057_3,12o,Negative,low,-0.005520691387823845,0.6537188598667611
16273,X122120_057_3,12o,Negative,mid,-0.0021812895610895423,-0.08905928710237504
16273,X122120_057_3,12o,Negative,high,-0.0023870266816497826,-0.33512224594035034
16284,X122120_074_3,13m,Positive,low,0.0049794301985858795,-1.037366988268501
16284,X122120_074_3,13m,Positive,mid,-0.001976303009121965,0.7723310131915906
16284,X122120_074_3,13m,Positive,high,0.001074935331004088,0.4498579037234733
16288,X122120_095_2,AI,Negative,low,-0.0018622636518868959,-0.8537557840241916
16288,X122120_095_2,AI,Negative,mid,-0.004118019420190594,-0.6082252017993282
16288,X122120_095_2,AI,Negative,high,-0.0004944590369082518,-0.4557489126970288
16289,X122120_097_2,cd,Positive,low,0.0011654474888497727,-0.522480807391874
16289,X122120_097_2,cd,Positive,mid,-0.0004273759338733695,-0.35078756634216657
16289,X122120_097_2,cd,Positive,high,0.00012698895578817367,-0.46796086792541225
16290,X122120_097_3,cd,Positive,low,-0.0012924848434563779,-0.4365404840456492
16290,X122120_097_3,cd,Positive,mid,0.0005032557105930386,-0.09203359407462651
16290,X122120_097_3,cd,Positive,high,0.00034240898626884653,-0.2949935752513858
16292,X122120_104_2,45,Negative,low,-0.00017310332157743753,0.18167873263008855
16292,X122120_104_2,45,Negative,mid,-0.0001223766912885776,-0.3356894676669651
16292,X122120_104_2,45,Negative,high,-0.0011315178648334363,-0.3409320736555158
16296,X122120_138_3,AMG,Negative,low,-0.0015510804589718287,-0.918206257203256
16296,X122120_138_3,AMG,Negative,mid,-0.001696796464267823,-0.673907053700556
16296,X122120_138_3,AMG,Negative,high,-0.0007906975401925858,-0.5045067452997614
16299,X122120_142_1,AMG,Negative,low,-0.0016087706573778193,-0.14715248769724093
16299,X122120_142_1,AMG,Negative,mid,-0.0034510386773995865,-1.0603933169955106
16299,X122120_142_1,AMG,Negative,high,-0.0011171487465868794,-1.332470581059448
16300,X122120_142_5,AMG,Positive,low,0.002308951103751616,0.22305986127690622
16300,X122120_142_5,AMG,Positive,mid,0.0020944083197067674,-0.22652552440237972
16300,X122120_142_5,AMG,Positive,high,0.0007166625566531093,0.19427733445289613
16302,X122120_153_1,pu,Negative,low,-0.004720454401534104,-0.6727299222508801
16302,X122120_153_1,pu,Negative,mid,-0.0004959638096806464,0.020156018180073784
16302,X122120_153_1,pu,Negative,high,-0.0025402516932605174,-0.15480479059890828
16304,X122120_157_3,24c,Negative,low,0.0005979900713429794,-0.22978716709351976
16304,X122120_157_3,24c,Negative,mid,0.0006137589103758404,-1.0272560920969223
16304,X122120_157_3,24c,Negative,high,-0.0009261487849419644,-0.16731226966834895
16305,X122220_004_3,12m,Positive,low,-0.0005360340747898091,0.9162898783776569
16305,X122220_004_3,12m,Positive,mid,0.0012037092620168035,0.6048085823709947
16305,X122220_004_3,12m,Positive,high,0.0012594122227692298,1.0404482245346076
16306,X122220_015_3,11ml,Positive,low,0.0007642009781845887,1.5854713238416218
16306,X122220_015_3,11ml,Positive,mid,0.0022254011638290863,0.5210438536126756
16306,X122220_015_3,11ml,Positive,high,0.0010014707292331777,-0.04601623737980905
16310,X122220_030_2,13l,Positive,low,0.00048822333883870685,0.7717457362177418
16310,X122220_030_2,13l,Positive,mid,0.004210240134766915,0.1360552808565836
16310,X122220_030_2,13l,Positive,high,0.002901507814049363,0.24048373550149502
16315,X122220_041_6,13l,Positive,low,-0.0015239200224469573,1.0677497224284092
16315,X122220_041_6,13l,Positive,mid,0.0022200198050330707,0.7221227378217184
16315,X122220_041_6,13l,Positive,high,0.0016522883286317462,1.261765144064948
16316,X122220_043_2,13m,Negative,low,0.0016600337666740773,-0.24339336047751733
16316,X122220_043_2,13m,Negative,mid,-0.0017873743303799007,-0.5916265840277993
16316,X122220_043_2,13m,Negative,high,-0.0020203678385208343,0.14111985962104964
16331,X122220_095_2,AI,Negative,low,-0.002587786009166632,-0.48490169670389416
16331,X122220_095_2,AI,Negative,mid,-0.002747495565129958,-1.390733805213886
16331,X122220_095_2,AI,Negative,high,-0.001124604689519471,-0.6953230705019241
16332,X122220_097_1,cd,Positive,low,0.0002275994854991754,-0.8618563933301091
16332,X122220_097_1,cd,Positive,mid,0.0007202717298828119,-0.5593902029332622
16332,X122220_097_1,cd,Positive,high,0.0003511622897673257,-0.8057671218069143
16334,X122220_097_3,cd,Positive,low,-0.00019185727005677602,-0.6512000199760652
16334,X122220_097_3,cd,Positive,mid,0.0015986072423388516,0.4991000544867411
16334,X122220_097_3,cd,Positive,high,0.0009300066614599912,-0.1639759372274768
16342,X122220_122_5,cd,Negative,low,-4.150329025358861e-05,-0.8039588576660006
16342,X122220_122_5,cd,Negative,mid,-0.0006481899710789002,-1.1738661320356283
16342,X122220_122_5,cd,Negative,high,-0.0008412467320568538,-0.9099123762570285
16347,X122220_153_2,pu,Negative,low,-0.0001736557185225237,-0.4933103050497328
16347,X122220_153_2,pu,Negative,mid,-0.00308315648726237,-0.1538366588590335
16347,X122220_153_2,pu,Negative,high,-0.0023045773445289244,-0.35032996176612236
16348,X122220_157_3,24c,Negative,low,-0.0013667572938061284,-0.87784242865005
16348,X122220_157_3,24c,Negative,mid,0.00018429798834848572,-1.3399342990754646
16348,X122220_157_3,24c,Negative,high,-0.001268195815207246,-1.4949374329825607
16353,X122319_018_2,12l,Positive,low,0.0051651916276128145,1.4961987207744414
16353,X122319_018_2,12l,Positive,mid,0.002071922849373732,0.6057048536540348
16353,X122319_018_2,12l,Positive,high,0.0006484329178149687,-0.667403134004447
16354,X122319_018_4,12l,Negative,low,0.0013994737237840226,-0.8224340946345393
16354,X122319_018_4,12l,Negative,mid,-0.0036718194523194616,-0.19209644802111495
16354,X122319_018_4,12l,Negative,high,-0.0024131969924381888,-0.45154686529342764
16357,X122319_031_2,8B,Positive,low,-0.0009720062616305618,1.2087279141705465
16357,X122319_031_2,8B,Positive,mid,0.00040719334369177456,0.6326287320897157
16357,X122319_031_2,8B,Positive,high,0.0008119549082079155,1.7096477322491155
16368,X122319_088_3,6DR,Negative,low,-0.0013220935042012089,-0.3535214900794002
16368,X122319_088_3,6DR,Negative,mid,-0.00040244643139249057,-0.7204885820977501
16368,X122319_088_3,6DR,Negative,high,-0.0003056578856932742,-0.8145425795715383
16369,X122319_090_2,8A,Negative,low,-0.0018325076705351427,0.7095273923857505
16369,X122319_090_2,8A,Negative,mid,-0.0026079348569975533,-0.4279220087975558
16369,X122319_090_2,8A,Negative,high,-0.0020738933799475355,-0.16352955743302622
16370,X122319_095_1,8A,Positive,low,0.005070444716413345,1.5445733421273722
16370,X122319_095_1,8A,Positive,mid,0.0033465787071331574,-0.03044771620098768
16370,X122319_095_1,8A,Positive,high,0.0009890460619156067,-0.8352392851413784
16372,X122319_107_2,6DR,Positive,low,0.0018995406982731714,0.7030354451508991
16372,X122319_107_2,6DR,Positive,mid,0.0016851488677321518,0.09145105677790871
16372,X122319_107_2,6DR,Positive,high,0.00146170470531519,1.4085802277193689
16373,X122319_109_1,6DR,Negative,low,-0.0002755133170835781,-0.7019555995532524
16373,X122319_109_1,6DR,Negative,mid,-0.0013460396408185304,-1.8723104656635228
16373,X122319_109_1,6DR,Negative,high,-0.0008561742375244546,-1.3981283214842024
16374,X122319_112_4,6DR,Positive,low,-0.00028179488787877114,1.2987859659206848
16374,X122319_112_4,6DR,Positive,mid,0.0029622274465547133,0.07007349603313537
16374,X122319_112_4,6DR,Positive,high,0.002976687421822883,-0.11654577385694231
16383,X122319_143_1,6DC,Positive,low,0.003042269132142207,-0.24933529011351205
16383,X122319_143_1,6DC,Positive,mid,0.003027611056458484,0.018489836722716205
16383,X122319_143_1,6DC,Positive,high,0.0008002360134798058,1.200960883681667
16384,X122320_004_3,12m,Positive,low,-0.0012785158971761591,0.8254365103207715
16384,X122320_004_3,12m,Positive,mid,-0.0007835104649760899,0.2156102645953578
16384,X122320_004_3,12m,Positive,high,0.0016721279498680087,1.0293488402334903
16385,X122320_006_3,11ml,Positive,low,0.0026311790786359055,2.212462969310272
16385,X122320_006_3,11ml,Positive,mid,0.0014955138368982282,0.8311877418774337
16385,X122320_006_3,11ml,Positive,high,0.002010678342824388,-0.08845038320106019
16387,X122320_021_3,11ml,Positive,low,0.002170990415527187,-0.5174296505411408
16387,X122320_021_3,11ml,Positive,mid,0.004032262115219112,1.1876200792874008
16387,X122320_021_3,11ml,Positive,high,0.002252425025772963,2.2567928402673783
16389,X122320_024_3,11ml,Negative,low,0.004578280914054994,-0.2665124132658995
16389,X122320_024_3,11ml,Negative,mid,-0.0017952583048720136,-0.32124825684235936
16389,X122320_024_3,11ml,Negative,high,-0.0019542212979094483,-0.2722389925683472
16400,X122320_056_6,12l,Positive,low,-0.0011563739522111773,1.1002138510916672
16400,X122320_056_6,12l,Positive,mid,0.00041026974215829115,-0.8005643414082424
16400,X122320_056_6,12l,Positive,high,0.0009202388175963129,-1.2306964571979795
16402,X122320_057_6,12o,Negative,low,0.006939701014522602,0.4251534180105904
16402,X122320_057_6,12o,Negative,mid,-0.00341726730766004,0.09424153786189793
16402,X122320_057_6,12o,Negative,high,-0.0030347783804647267,0.09072835122183982
16408,X122320_069_3,AI,Negative,low,0.0005809477306665807,-0.8080825328132674
16408,X122320_069_3,AI,Negative,mid,5.853114790725564e-05,-0.8009148810350161
16408,X122320_069_3,AI,Negative,high,0.00013767204214039022,-0.8821171262299955
16412,X122320_079_3,12o,Positive,low,0.0015181102194032929,-0.18564447610590706
16412,X122320_079_3,12o,Positive,mid,0.0016039975862395428,-0.7417748941359623
16412,X122320_079_3,12o,Positive,high,0.0008048068518041623,-0.923440097076524
16416,X122320_095_4,AI,Negative,low,-0.002111009013225298,-0.6110127529922792
16416,X122320_095_4,AI,Negative,mid,-0.002140704761579225,-0.18645853166030285
16416,X122320_095_4,AI,Negative,high,-0.0013156029894837904,-0.5262237500016594
16421,X122320_108_2,cd,Positive,low,0.0015650485799761809,-0.38887996567155975
16421,X122320_108_2,cd,Positive,mid,-0.0017608764653351788,0.1550665013819465
16421,X122320_108_2,cd,Positive,high,0.001155865552437887,2.452798734488781
16433,X122320_153_4,pu,Negative,low,-0.0030964022530574698,-0.20627878651618015
16433,X122320_153_4,pu,Negative,mid,-0.002136013753460666,-0.11774673983423711
16433,X122320_153_4,pu,Negative,high,-0.002476769843583852,-0.12576109247213188
16434,X122320_157_3,24c,Negative,low,-0.0017332680222054378,-0.5985870005163099
16434,X122320_157_3,24c,Negative,mid,-0.000921586765852541,-0.722765072380594
16434,X122320_157_3,24c,Negative,high,-0.000993519447978722,-0.43501113008974296
16435,X122320_157_4,24c,Negative,low,-0.0002810707541072254,-0.8215235857147345
16435,X122320_157_4,24c,Negative,mid,-0.0021455856419130793,-1.2778526764803142
16435,X122320_157_4,24c,Negative,high,-0.0014415368248080983,-1.4522400427479514
16440,X122719_018_2,12l,Negative,low,-0.003083924103078038,-0.9242969448035102
16440,X122719_018_2,12l,Negative,mid,-0.002304680692237395,-0.623143957793006
16440,X122719_018_2,12l,Negative,high,-0.0016914488643301321,-0.5988100529981533
16442,X122719_019_3,12l,Positive,low,0.0019085660539040702,-0.3738667624408864
16442,X122719_019_3,12l,Positive,mid,0.0007102451781986152,-1.0055883395394152
16442,X122719_019_3,12l,Positive,high,0.000396595463691212,-0.7251558936574495
16443,X122719_024_2,8B,Negative,low,0.0008612846438960658,-1.288889977368162
16443,X122719_024_2,8B,Negative,mid,-0.00045217894145021034,-0.591387137821427
16443,X122719_024_2,8B,Negative,high,-0.002382346083903936,0.2562760023939456
16448,X122719_029_1,46v,Positive,low,0.00127803752776702,-0.2605944277530578
16448,X122719_029_1,46v,Positive,mid,0.0026572694107477035,0.15530921618598273
16448,X122719_029_1,46v,Positive,high,0.0021352671886705928,0.578769842234011
16449,X122719_029_2,46v,Positive,low,0.003506211407364398,1.1847116207830242
16449,X122719_029_2,46v,Positive,mid,0.006086268320169061,-0.12313576019059141
16449,X122719_029_2,46v,Positive,high,0.001216146998117043,-0.3130125519750793
16452,X122719_047_3,46v,Positive,low,0.0036936450036010753,2.4172678487235912
16452,X122719_047_3,46v,Positive,mid,0.0016817168265185734,-0.27307268978695476
16452,X122719_047_3,46v,Positive,high,0.0006524566191405613,-0.4670146544171054
16453,X122719_069_5,46v,Negative,low,-0.0016914396701674759,-0.36709079576560144
16453,X122719_069_5,46v,Negative,mid,-0.0013745271599748083,-0.2323673491454536
16453,X122719_069_5,46v,Negative,high,-0.0010023696203749352,0.4425875329398573
16454,X122719_072_5,46d,Positive,low,-0.003227548990113724,0.38005641662882184
16454,X122719_072_5,46d,Positive,mid,-0.0005912431838230816,0.6013835907925172
16454,X122719_072_5,46d,Positive,high,0.003353267902485139,1.0958789406520952
16455,X122719_074_2,6DR,Positive,low,0.0020313879603938404,0.2627514177466899
16455,X122719_074_2,6DR,Positive,mid,0.0020033381500227324,0.10503584731772338
16455,X122719_074_2,6DR,Positive,high,0.0016928520491073498,1.0987275145117337
16458,X122719_112_3,6DR,Negative,low,0.00206512552676823,-0.6397504700384972
16458,X122719_112_3,6DR,Negative,mid,-0.0018426442786362944,-0.07509726316052494
16458,X122719_112_3,6DR,Negative,high,-0.002228878017003566,-0.4827357733648537
16459,X122719_131_12,6DC,Negative,low,-0.002376237061371965,0.512884820228018
16459,X122719_131_12,6DC,Negative,mid,-0.003994633289907236,0.6917688422983578
16459,X122719_131_12,6DC,Negative,high,-0.005186911436131986,0.6977824013241822
16460,X122719_132_3,6DC,Positive,low,0.003402168517069706,1.5203153960865468
16460,X122719_132_3,6DC,Positive,mid,0.00296340564047852,0.07329303425401232
16460,X122719_132_3,6DC,Positive,high,0.0031581193460901527,0.1792181487288752
16465,X123019_025_6,8B,Negative,low,0.0006985985485869826,-0.08816144367975931
16465,X123019_025_6,8B,Negative,mid,0.0008966442616077898,-0.6602641597646637
16465,X123019_025_6,8B,Negative,high,-0.002505947209971249,-0.24154455648013043
16467,X123019_027_5,12l,Positive,low,7.541884070599306e-05,-0.6685650235602939
16467,X123019_027_5,12l,Positive,mid,0.00010965582434169935,1.2700010826702721
16467,X123019_027_5,12l,Positive,high,0.002960234155212128,2.438453399202788
16469,X123019_027_7,12l,Positive,low,-0.00028870056835250403,-0.9631390010259314
16469,X123019_027_7,12l,Positive,mid,-0.00047336274628832444,0.6166163311958214
16469,X123019_027_7,12l,Positive,high,0.002714463433756972,1.641434385157663
16472,X123019_040_2,8A,Negative,low,-0.0020612179169435673,-0.2980337425331878
16472,X123019_040_2,8A,Negative,mid,-0.0020477895665366843,-1.5074882216739178
16472,X123019_040_2,8A,Negative,high,0.0002745782143447584,-1.8455630080672152
16473,X123019_040_6,8A,Positive,low,0.0008313370454092909,-0.5650597274979071
16473,X123019_040_6,8A,Positive,mid,-0.001154265698109879,0.23848580806624584
16473,X123019_040_6,8A,Positive,high,0.0021517030785387914,0.42138856456509655
16474,X123019_046_7,12l,Negative,low,-0.003944009772632821,-1.070218121574048
16474,X123019_046_7,12l,Negative,mid,-0.0010732355494665843,0.3621528163655334
16474,X123019_046_7,12l,Negative,high,-0.0028482832792152456,1.0793378888630345
16475,X123019_047_2,46v,Positive,low,-0.0020315812038094673,2.5910644965639924
16475,X123019_047_2,46v,Positive,mid,0.0017016264066466594,0.6680496245198039
16475,X123019_047_2,46v,Positive,high,0.0007145752279368474,-0.007256814468055019
16480,X123019_074_3,6DR,Negative,low,1.655007180958483e-05,-0.410300730745821
16480,X123019_074_3,6DR,Negative,mid,-0.0006039652522126601,-1.0353761288568304
16480,X123019_074_3,6DR,Negative,high,-0.00029540876431625703,-1.0471225434452445
16487,X123019_103_3,45,Positive,low,0.0033415262370330634,-0.4590257518130979
16487,X123019_103_3,45,Positive,mid,0.0024600437214663167,-0.7527582009096115
16487,X123019_103_3,45,Positive,high,0.0013474926387128266,0.4296836080943884
16492,X123019_117_3,6DC,Negative,low,-0.0028667428104115077,1.3604326248339405
16492,X123019_117_3,6DC,Negative,mid,-0.0019685868368148887,-0.5024563322175363
16492,X123019_117_3,6DC,Negative,high,7.143953632803218e-05,-0.8423852595235662
16494,X123019_146_2,24c,Negative,low,-0.0013689039204813674,-1.274691480926289
16494,X123019_146_2,24c,Negative,mid,-0.0008480060422316566,-1.4625808424541042
16494,X123019_146_2,24c,Negative,high,-0.002419956166127471,-0.6773632546110442
